run_name: v9_fullctrl_seed0_0724-1510
Using cpu device
Logging to /home/henjigcp/git/quant_real_RL/logs/v9_fullctrl/v9_fullctrl_seed0_0724-1510
------------------------------
| time/              |       |
|    fps             | 2289  |
|    iterations      | 1     |
|    time_elapsed    | 5     |
|    total_timesteps | 12288 |
------------------------------
----------------------------------------
| time/                   |            |
|    fps                  | 2924       |
|    iterations           | 2          |
|    time_elapsed         | 8          |
|    total_timesteps      | 24576      |
| train/                  |            |
|    approx_kl            | 0.01003377 |
|    clip_fraction        | 0.0408     |
|    clip_range           | 0.2        |
|    entropy_loss         | -1.09      |
|    explained_variance   | -1.34      |
|    learning_rate        | 0.0003     |
|    loss                 | -0.0127    |
|    n_updates            | 10         |
|    policy_gradient_loss | -0.00534   |
|    value_loss           | 0.00593    |
----------------------------------------
----------------------------------------
| time/                   |            |
|    fps                  | 3259       |
|    iterations           | 3          |
|    time_elapsed         | 11         |
|    total_timesteps      | 36864      |
| train/                  |            |
|    approx_kl            | 0.01026823 |
|    clip_fraction        | 0.0671     |
|    clip_range           | 0.2        |
|    entropy_loss         | -1.08      |
|    explained_variance   | 0.657      |
|    learning_rate        | 0.0003     |
|    loss                 | -0.0228    |
|    n_updates            | 20         |
|    policy_gradient_loss | -0.00355   |
|    value_loss           | 0.000982   |
----------------------------------------
-----------------------------------------
| time/                   |             |
|    fps                  | 3434        |
|    iterations           | 4           |
|    time_elapsed         | 14          |
|    total_timesteps      | 49152       |
| train/                  |             |
|    approx_kl            | 0.007773344 |
|    clip_fraction        | 0.0325      |
|    clip_range           | 0.2         |
|    entropy_loss         | -1.06       |
|    explained_variance   | 0.636       |
|    learning_rate        | 0.0003      |
|    loss                 | -0.0158     |
|    n_updates            | 30          |
|    policy_gradient_loss | -0.00281    |
|    value_loss           | 0.000737    |
-----------------------------------------
------------------------------------------
| time/                   |              |
|    fps                  | 3509         |
|    iterations           | 5            |
|    time_elapsed         | 17           |
|    total_timesteps      | 61440        |
| train/                  |              |
|    approx_kl            | 0.0069993977 |
|    clip_fraction        | 0.0203       |
|    clip_range           | 0.2          |
|    entropy_loss         | -1.05        |
|    explained_variance   | 0.452        |
|    learning_rate        | 0.0003       |
|    loss                 | -0.0249      |
|    n_updates            | 40           |
|    policy_gradient_loss | -0.00232     |
|    value_loss           | 0.0005       |
------------------------------------------
-----------------------------------------
| time/                   |             |
|    fps                  | 3560        |
|    iterations           | 6           |
|    time_elapsed         | 20          |
|    total_timesteps      | 73728       |
| train/                  |             |
|    approx_kl            | 0.007021809 |
|    clip_fraction        | 0.0264      |
|    clip_range           | 0.2         |
|    entropy_loss         | -1.04       |
|    explained_variance   | 0.434       |
|    learning_rate        | 0.0003      |
|    loss                 | -0.012      |
|    n_updates            | 50          |
|    policy_gradient_loss | -0.00182    |
|    value_loss           | 0.000201    |
-----------------------------------------
-----------------------------------------
| time/                   |             |
|    fps                  | 3590        |
|    iterations           | 7           |
|    time_elapsed         | 23          |
|    total_timesteps      | 86016       |
| train/                  |             |
|    approx_kl            | 0.006805464 |
|    clip_fraction        | 0.0465      |
|    clip_range           | 0.2         |
|    entropy_loss         | -1.06       |
|    explained_variance   | 0.436       |
|    learning_rate        | 0.0003      |
|    loss                 | -0.00674    |
|    n_updates            | 60          |
|    policy_gradient_loss | -0.00296    |
|    value_loss           | 0.000116    |
-----------------------------------------
-----------------------------------------
| time/                   |             |
|    fps                  | 3614        |
|    iterations           | 8           |
|    time_elapsed         | 27          |
|    total_timesteps      | 98304       |
| train/                  |             |
|    approx_kl            | 0.006067768 |
|    clip_fraction        | 0.00749     |
|    clip_range           | 0.2         |
|    entropy_loss         | -1.04       |
|    explained_variance   | 0.633       |
|    learning_rate        | 0.000299    |
|    loss                 | -0.00883    |
|    n_updates            | 70          |
|    policy_gradient_loss | -0.00189    |
|    value_loss           | 7.59e-05    |
-----------------------------------------
-----------------------------------------
| time/                   |             |
|    fps                  | 3652        |
|    iterations           | 9           |
|    time_elapsed         | 30          |
|    total_timesteps      | 110592      |
| train/                  |             |
|    approx_kl            | 0.006098937 |
|    clip_fraction        | 0.0201      |
|    clip_range           | 0.2         |
|    entropy_loss         | -1.02       |
|    explained_variance   | 0.616       |
|    learning_rate        | 0.000299    |
|    loss                 | -0.00504    |
|    n_updates            | 80          |
|    policy_gradient_loss | -0.00303    |
|    value_loss           | 6.83e-05    |
-----------------------------------------
-----------------------------------------
| time/                   |             |
|    fps                  | 3690        |
|    iterations           | 10          |
|    time_elapsed         | 33          |
|    total_timesteps      | 122880      |
| train/                  |             |
|    approx_kl            | 0.006926745 |
|    clip_fraction        | 0.0254      |
|    clip_range           | 0.2         |
|    entropy_loss         | -1          |
|    explained_variance   | 0.457       |
|    learning_rate        | 0.000299    |
|    loss                 | -0.0179     |
|    n_updates            | 90          |
|    policy_gradient_loss | -0.00201    |
|    value_loss           | 9.06e-05    |
-----------------------------------------
------------------------------------------
| time/                   |              |
|    fps                  | 3732         |
|    iterations           | 11           |
|    time_elapsed         | 36           |
|    total_timesteps      | 135168       |
| train/                  |              |
|    approx_kl            | 0.0062209256 |
|    clip_fraction        | 0.0121       |
|    clip_range           | 0.2          |
|    entropy_loss         | -1.02        |
|    explained_variance   | 0.597        |
|    learning_rate        | 0.000299     |
|    loss                 | -0.0145      |
|    n_updates            | 100          |
|    policy_gradient_loss | -0.00156     |
|    value_loss           | 7.31e-05     |
------------------------------------------
------------------------------------------
| time/                   |              |
|    fps                  | 3761         |
|    iterations           | 12           |
|    time_elapsed         | 39           |
|    total_timesteps      | 147456       |
| train/                  |              |
|    approx_kl            | 0.0054279505 |
|    clip_fraction        | 0.0283       |
|    clip_range           | 0.2          |
|    entropy_loss         | -1.02        |
|    explained_variance   | 0.305        |
|    learning_rate        | 0.000299     |
|    loss                 | -0.0076      |
|    n_updates            | 110          |
|    policy_gradient_loss | -0.00313     |
|    value_loss           | 0.000102     |
------------------------------------------
-----------------------------------------
| time/                   |             |
|    fps                  | 3787        |
|    iterations           | 13          |
|    time_elapsed         | 42          |
|    total_timesteps      | 159744      |
| train/                  |             |
|    approx_kl            | 0.006261816 |
|    clip_fraction        | 0.0194      |
|    clip_range           | 0.2         |
|    entropy_loss         | -1.01       |
|    explained_variance   | 0.259       |
|    learning_rate        | 0.000299    |
|    loss                 | -0.0123     |
|    n_updates            | 120         |
|    policy_gradient_loss | -0.00165    |
|    value_loss           | 7.44e-05    |
-----------------------------------------
-----------------------------------------
| time/                   |             |
|    fps                  | 3817        |
|    iterations           | 14          |
|    time_elapsed         | 45          |
|    total_timesteps      | 172032      |
| train/                  |             |
|    approx_kl            | 0.005125831 |
|    clip_fraction        | 0.0233      |
|    clip_range           | 0.2         |
|    entropy_loss         | -0.979      |
|    explained_variance   | 0.195       |
|    learning_rate        | 0.000299    |
|    loss                 | -0.0135     |
|    n_updates            | 130         |
|    policy_gradient_loss | -0.00268    |
|    value_loss           | 5.96e-05    |
-----------------------------------------
------------------------------------------
| time/                   |              |
|    fps                  | 3839         |
|    iterations           | 15           |
|    time_elapsed         | 48           |
|    total_timesteps      | 184320       |
| train/                  |              |
|    approx_kl            | 0.0036645625 |
|    clip_fraction        | 0.00818      |
|    clip_range           | 0.2          |
|    entropy_loss         | -0.993       |
|    explained_variance   | 0.049        |
|    learning_rate        | 0.000299     |
|    loss                 | -0.00633     |
|    n_updates            | 140          |
|    policy_gradient_loss | -0.00175     |
|    value_loss           | 6.55e-05     |
------------------------------------------
-----------------------------------------
| time/                   |             |
|    fps                  | 3860        |
|    iterations           | 16          |
|    time_elapsed         | 50          |
|    total_timesteps      | 196608      |
| train/                  |             |
|    approx_kl            | 0.006136975 |
|    clip_fraction        | 0.0146      |
|    clip_range           | 0.2         |
|    entropy_loss         | -0.967      |
|    explained_variance   | 0.126       |
|    learning_rate        | 0.000299    |
|    loss                 | -0.02       |
|    n_updates            | 150         |
|    policy_gradient_loss | -0.00219    |
|    value_loss           | 5.57e-05    |
-----------------------------------------
------------------------------------------
| time/                   |              |
|    fps                  | 3877         |
|    iterations           | 17           |
|    time_elapsed         | 53           |
|    total_timesteps      | 208896       |
| train/                  |              |
|    approx_kl            | 0.0046679135 |
|    clip_fraction        | 0.0108       |
|    clip_range           | 0.2          |
|    entropy_loss         | -0.954       |
|    explained_variance   | 0.361        |
|    learning_rate        | 0.000299     |
|    loss                 | -0.0117      |
|    n_updates            | 160          |
|    policy_gradient_loss | -0.00197     |
|    value_loss           | 5.43e-05     |
------------------------------------------
-----------------------------------------
| time/                   |             |
|    fps                  | 3895        |
|    iterations           | 18          |
|    time_elapsed         | 56          |
|    total_timesteps      | 221184      |
| train/                  |             |
|    approx_kl            | 0.005989021 |
|    clip_fraction        | 0.0382      |
|    clip_range           | 0.2         |
|    entropy_loss         | -0.977      |
|    explained_variance   | 0.491       |
|    learning_rate        | 0.000299    |
|    loss                 | -0.00597    |
|    n_updates            | 170         |
|    policy_gradient_loss | -0.00296    |
|    value_loss           | 3.76e-05    |
-----------------------------------------
-----------------------------------------
| time/                   |             |
|    fps                  | 3911        |
|    iterations           | 19          |
|    time_elapsed         | 59          |
|    total_timesteps      | 233472      |
| train/                  |             |
|    approx_kl            | 0.004820354 |
|    clip_fraction        | 0.0202      |
|    clip_range           | 0.2         |
|    entropy_loss         | -0.982      |
|    explained_variance   | 0.138       |
|    learning_rate        | 0.000299    |
|    loss                 | -0.0138     |
|    n_updates            | 180         |
|    policy_gradient_loss | -0.00175    |
|    value_loss           | 4.76e-05    |
-----------------------------------------
-----------------------------------------
| time/                   |             |
|    fps                  | 3926        |
|    iterations           | 20          |
|    time_elapsed         | 62          |
|    total_timesteps      | 245760      |
| train/                  |             |
|    approx_kl            | 0.005821138 |
|    clip_fraction        | 0.0163      |
|    clip_range           | 0.2         |
|    entropy_loss         | -0.962      |
|    explained_variance   | 0.00791     |
|    learning_rate        | 0.000299    |
|    loss                 | -0.00753    |
|    n_updates            | 190         |
|    policy_gradient_loss | -0.00243    |
|    value_loss           | 5.92e-05    |
-----------------------------------------
---------------------------------------
| time/                   |           |
|    fps                  | 3941      |
|    iterations           | 21        |
|    time_elapsed         | 65        |
|    total_timesteps      | 258048    |
| train/                  |           |
|    approx_kl            | 0.0075091 |
|    clip_fraction        | 0.0397    |
|    clip_range           | 0.2       |
|    entropy_loss         | -0.967    |
|    explained_variance   | 0.217     |
|    learning_rate        | 0.000299  |
|    loss                 | 0.00102   |
|    n_updates            | 200       |
|    policy_gradient_loss | -0.00304  |
|    value_loss           | 4.61e-05  |
---------------------------------------
------------------------------------------
| rollout/                |              |
|    ep_len_mean          | 4.32e+04     |
|    ep_rew_mean          | -0.377       |
| time/                   |              |
|    fps                  | 3954         |
|    iterations           | 22           |
|    time_elapsed         | 68           |
|    total_timesteps      | 270336       |
| train/                  |              |
|    approx_kl            | 0.0067800987 |
|    clip_fraction        | 0.0358       |
|    clip_range           | 0.2          |
|    entropy_loss         | -0.962       |
|    explained_variance   | 0.193        |
|    learning_rate        | 0.000298     |
|    loss                 | -0.00504     |
|    n_updates            | 210          |
|    policy_gradient_loss | -0.00245     |
|    value_loss           | 4.66e-05     |
------------------------------------------
------------------------------------------
| rollout/                |              |
|    ep_len_mean          | 4.32e+04     |
|    ep_rew_mean          | -0.377       |
| time/                   |              |
|    fps                  | 3965         |
|    iterations           | 23           |
|    time_elapsed         | 71           |
|    total_timesteps      | 282624       |
| train/                  |              |
|    approx_kl            | 0.0055323504 |
|    clip_fraction        | 0.0172       |
|    clip_range           | 0.2          |
|    entropy_loss         | -0.98        |
|    explained_variance   | 0.172        |
|    learning_rate        | 0.000298     |
|    loss                 | -0.0141      |
|    n_updates            | 220          |
|    policy_gradient_loss | -0.00145     |
|    value_loss           | 5.32e-05     |
------------------------------------------
------------------------------------------
| rollout/                |              |
|    ep_len_mean          | 4.32e+04     |
|    ep_rew_mean          | -0.377       |
| time/                   |              |
|    fps                  | 3970         |
|    iterations           | 24           |
|    time_elapsed         | 74           |
|    total_timesteps      | 294912       |
| train/                  |              |
|    approx_kl            | 0.0058861393 |
|    clip_fraction        | 0.0104       |
|    clip_range           | 0.2          |
|    entropy_loss         | -0.978       |
|    explained_variance   | 0.131        |
|    learning_rate        | 0.000298     |
|    loss                 | -0.0157      |
|    n_updates            | 230          |
|    policy_gradient_loss | -0.00184     |
|    value_loss           | 5.69e-05     |
------------------------------------------
------------------------------------------
| rollout/                |              |
|    ep_len_mean          | 4.32e+04     |
|    ep_rew_mean          | -0.377       |
| time/                   |              |
|    fps                  | 3973         |
|    iterations           | 25           |
|    time_elapsed         | 77           |
|    total_timesteps      | 307200       |
| train/                  |              |
|    approx_kl            | 0.0054829544 |
|    clip_fraction        | 0.0308       |
|    clip_range           | 0.2          |
|    entropy_loss         | -0.989       |
|    explained_variance   | 0.472        |
|    learning_rate        | 0.000298     |
|    loss                 | -0.0144      |
|    n_updates            | 240          |
|    policy_gradient_loss | -0.0025      |
|    value_loss           | 7.78e-05     |
------------------------------------------
-----------------------------------------
| rollout/                |             |
|    ep_len_mean          | 4.32e+04    |
|    ep_rew_mean          | -0.377      |
| time/                   |             |
|    fps                  | 3969        |
|    iterations           | 26          |
|    time_elapsed         | 80          |
|    total_timesteps      | 319488      |
| train/                  |             |
|    approx_kl            | 0.005813109 |
|    clip_fraction        | 0.0472      |
|    clip_range           | 0.2         |
|    entropy_loss         | -1.01       |
|    explained_variance   | 0.622       |
|    learning_rate        | 0.000298    |
|    loss                 | -0.0144     |
|    n_updates            | 250         |
|    policy_gradient_loss | -0.00337    |
|    value_loss           | 5.58e-05    |
-----------------------------------------
------------------------------------------
| rollout/                |              |
|    ep_len_mean          | 4.32e+04     |
|    ep_rew_mean          | -0.377       |
| time/                   |              |
|    fps                  | 3968         |
|    iterations           | 27           |
|    time_elapsed         | 83           |
|    total_timesteps      | 331776       |
| train/                  |              |
|    approx_kl            | 0.0059037157 |
|    clip_fraction        | 0.0219       |
|    clip_range           | 0.2          |
|    entropy_loss         | -1.02        |
|    explained_variance   | 0.557        |
|    learning_rate        | 0.000298     |
|    loss                 | -0.011       |
|    n_updates            | 260          |
|    policy_gradient_loss | -0.00192     |
|    value_loss           | 7.33e-05     |
------------------------------------------
-----------------------------------------
| rollout/                |             |
|    ep_len_mean          | 4.32e+04    |
|    ep_rew_mean          | -0.377      |
| time/                   |             |
|    fps                  | 3964        |
|    iterations           | 28          |
|    time_elapsed         | 86          |
|    total_timesteps      | 344064      |
| train/                  |             |
|    approx_kl            | 0.005540932 |
|    clip_fraction        | 0.0206      |
|    clip_range           | 0.2         |
|    entropy_loss         | -1.03       |
|    explained_variance   | 0.506       |
|    learning_rate        | 0.000298    |
|    loss                 | -0.0206     |
|    n_updates            | 270         |
|    policy_gradient_loss | -0.00235    |
|    value_loss           | 0.000104    |
-----------------------------------------
-----------------------------------------
| rollout/                |             |
|    ep_len_mean          | 4.32e+04    |
|    ep_rew_mean          | -0.377      |
| time/                   |             |
|    fps                  | 3966        |
|    iterations           | 29          |
|    time_elapsed         | 89          |
|    total_timesteps      | 356352      |
| train/                  |             |
|    approx_kl            | 0.006177546 |
|    clip_fraction        | 0.0215      |
|    clip_range           | 0.2         |
|    entropy_loss         | -1.03       |
|    explained_variance   | 0.594       |
|    learning_rate        | 0.000298    |
|    loss                 | -0.0136     |
|    n_updates            | 280         |
|    policy_gradient_loss | -0.00242    |
|    value_loss           | 8.86e-05    |
-----------------------------------------
------------------------------------------
| rollout/                |              |
|    ep_len_mean          | 4.32e+04     |
|    ep_rew_mean          | -0.377       |
| time/                   |              |
|    fps                  | 3977         |
|    iterations           | 30           |
|    time_elapsed         | 92           |
|    total_timesteps      | 368640       |
| train/                  |              |
|    approx_kl            | 0.0062926053 |
|    clip_fraction        | 0.0223       |
|    clip_range           | 0.2          |
|    entropy_loss         | -1.04        |
|    explained_variance   | 0.073        |
|    learning_rate        | 0.000298     |
|    loss                 | -0.0178      |
|    n_updates            | 290          |
|    policy_gradient_loss | -0.00223     |
|    value_loss           | 6.97e-05     |
------------------------------------------
-----------------------------------------
| rollout/                |             |
|    ep_len_mean          | 4.32e+04    |
|    ep_rew_mean          | -0.377      |
| time/                   |             |
|    fps                  | 3985        |
|    iterations           | 31          |
|    time_elapsed         | 95          |
|    total_timesteps      | 380928      |
| train/                  |             |
|    approx_kl            | 0.005059039 |
|    clip_fraction        | 0.0219      |
|    clip_range           | 0.2         |
|    entropy_loss         | -1.04       |
|    explained_variance   | 0.232       |
|    learning_rate        | 0.000298    |
|    loss                 | -0.0213     |
|    n_updates            | 300         |
|    policy_gradient_loss | -0.00293    |
|    value_loss           | 4.32e-05    |
-----------------------------------------
------------------------------------------
| rollout/                |              |
|    ep_len_mean          | 4.32e+04     |
|    ep_rew_mean          | -0.377       |
| time/                   |              |
|    fps                  | 3991         |
|    iterations           | 32           |
|    time_elapsed         | 98           |
|    total_timesteps      | 393216       |
| train/                  |              |
|    approx_kl            | 0.0076148636 |
|    clip_fraction        | 0.0392       |
|    clip_range           | 0.2          |
|    entropy_loss         | -1.05        |
|    explained_variance   | 0.0095       |
|    learning_rate        | 0.000298     |
|    loss                 | -0.0135      |
|    n_updates            | 310          |
|    policy_gradient_loss | -0.00387     |
|    value_loss           | 4.17e-05     |
------------------------------------------
-----------------------------------------
| rollout/                |             |
|    ep_len_mean          | 4.32e+04    |
|    ep_rew_mean          | -0.377      |
| time/                   |             |
|    fps                  | 4000        |
|    iterations           | 33          |
|    time_elapsed         | 101         |
|    total_timesteps      | 405504      |
| train/                  |             |
|    approx_kl            | 0.004880731 |
|    clip_fraction        | 0.0199      |
|    clip_range           | 0.2         |
|    entropy_loss         | -1.04       |
|    explained_variance   | 0.137       |
|    learning_rate        | 0.000298    |
|    loss                 | -0.0148     |
|    n_updates            | 320         |
|    policy_gradient_loss | -0.00218    |
|    value_loss           | 3.51e-05    |
-----------------------------------------
------------------------------------------
| rollout/                |              |
|    ep_len_mean          | 4.32e+04     |
|    ep_rew_mean          | -0.377       |
| time/                   |              |
|    fps                  | 4007         |
|    iterations           | 34           |
|    time_elapsed         | 104          |
|    total_timesteps      | 417792       |
| train/                  |              |
|    approx_kl            | 0.0058032307 |
|    clip_fraction        | 0.0247       |
|    clip_range           | 0.2          |
|    entropy_loss         | -1.03        |
|    explained_variance   | 0.172        |
|    learning_rate        | 0.000298     |
|    loss                 | -0.0182      |
|    n_updates            | 330          |
|    policy_gradient_loss | -0.00349     |
|    value_loss           | 4.02e-05     |
------------------------------------------
------------------------------------------
| rollout/                |              |
|    ep_len_mean          | 4.32e+04     |
|    ep_rew_mean          | -0.377       |
| time/                   |              |
|    fps                  | 4013         |
|    iterations           | 35           |
|    time_elapsed         | 107          |
|    total_timesteps      | 430080       |
| train/                  |              |
|    approx_kl            | 0.0069247372 |
|    clip_fraction        | 0.0186       |
|    clip_range           | 0.2          |
|    entropy_loss         | -1.02        |
|    explained_variance   | 0.3          |
|    learning_rate        | 0.000297     |
|    loss                 | -0.0162      |
|    n_updates            | 340          |
|    policy_gradient_loss | -0.00188     |
|    value_loss           | 2.94e-05     |
------------------------------------------
-----------------------------------------
| rollout/                |             |
|    ep_len_mean          | 4.32e+04    |
|    ep_rew_mean          | -0.377      |
| time/                   |             |
|    fps                  | 4019        |
|    iterations           | 36          |
|    time_elapsed         | 110         |
|    total_timesteps      | 442368      |
| train/                  |             |
|    approx_kl            | 0.006376876 |
|    clip_fraction        | 0.0306      |
|    clip_range           | 0.2         |
|    entropy_loss         | -1.02       |
|    explained_variance   | 0.37        |
|    learning_rate        | 0.000297    |
|    loss                 | -0.0181     |
|    n_updates            | 350         |
|    policy_gradient_loss | -0.0018     |
|    value_loss           | 4.1e-05     |
-----------------------------------------
-----------------------------------------
| rollout/                |             |
|    ep_len_mean          | 4.32e+04    |
|    ep_rew_mean          | -0.377      |
| time/                   |             |
|    fps                  | 4024        |
|    iterations           | 37          |
|    time_elapsed         | 112         |
|    total_timesteps      | 454656      |
| train/                  |             |
|    approx_kl            | 0.006894903 |
|    clip_fraction        | 0.0373      |
|    clip_range           | 0.2         |
|    entropy_loss         | -1          |
|    explained_variance   | 0.419       |
|    learning_rate        | 0.000297    |
|    loss                 | -0.0175     |
|    n_updates            | 360         |
|    policy_gradient_loss | -0.00332    |
|    value_loss           | 4.09e-05    |
-----------------------------------------
-----------------------------------------
| rollout/                |             |
|    ep_len_mean          | 4.32e+04    |
|    ep_rew_mean          | -0.377      |
| time/                   |             |
|    fps                  | 4027        |
|    iterations           | 38          |
|    time_elapsed         | 115         |
|    total_timesteps      | 466944      |
| train/                  |             |
|    approx_kl            | 0.008157034 |
|    clip_fraction        | 0.0266      |
|    clip_range           | 0.2         |
|    entropy_loss         | -1.01       |
|    explained_variance   | 0.138       |
|    learning_rate        | 0.000297    |
|    loss                 | -0.00913    |
|    n_updates            | 370         |
|    policy_gradient_loss | -0.00293    |
|    value_loss           | 3.46e-05    |
-----------------------------------------
-----------------------------------------
| rollout/                |             |
|    ep_len_mean          | 4.32e+04    |
|    ep_rew_mean          | -0.377      |
| time/                   |             |
|    fps                  | 4031        |
|    iterations           | 39          |
|    time_elapsed         | 118         |
|    total_timesteps      | 479232      |
| train/                  |             |
|    approx_kl            | 0.007460233 |
|    clip_fraction        | 0.0291      |
|    clip_range           | 0.2         |
|    entropy_loss         | -1.02       |
|    explained_variance   | 0.341       |
|    learning_rate        | 0.000297    |
|    loss                 | -0.0153     |
|    n_updates            | 380         |
|    policy_gradient_loss | -0.00294    |
|    value_loss           | 3.09e-05    |
-----------------------------------------
------------------------------------------
| rollout/                |              |
|    ep_len_mean          | 4.32e+04     |
|    ep_rew_mean          | -0.377       |
| time/                   |              |
|    fps                  | 4038         |
|    iterations           | 40           |
|    time_elapsed         | 121          |
|    total_timesteps      | 491520       |
| train/                  |              |
|    approx_kl            | 0.0036075062 |
|    clip_fraction        | 0.0103       |
|    clip_range           | 0.2          |
|    entropy_loss         | -1.01        |
|    explained_variance   | 0.00935      |
|    learning_rate        | 0.000297     |
|    loss                 | -0.0143      |
|    n_updates            | 390          |
|    policy_gradient_loss | -0.00142     |
|    value_loss           | 4.83e-05     |
------------------------------------------
-----------------------------------------------------
| rollout/                           |              |
|    ep_len_mean                     | 4.32e+04     |
|    ep_rew_mean                     | -0.377       |
| time/                              |              |
|    fps                             | 1082         |
|    iterations                      | 41           |
|    time_elapsed                    | 465          |
|    total_timesteps                 | 503808       |
| train/                             |              |
|    approx_kl                       | 0.0047809416 |
|    clip_fraction                   | 0.016        |
|    clip_range                      | 0.2          |
|    entropy_loss                    | -1.01        |
|    explained_variance              | 0.124        |
|    learning_rate                   | 0.000297     |
|    loss                            | -0.011       |
|    n_updates                       | 400          |
|    policy_gradient_loss            | -0.00168     |
|    value_loss                      | 5.64e-05     |
| valid/                             |              |
|    BTC-USDT-SWAP/compound_mdd_pct  | 100          |
|    BTC-USDT-SWAP/compound_multiple | 1.5e-05      |
|    BTC-USDT-SWAP/max_single_loss   | -14.8        |
|    BTC-USDT-SWAP/near_liq_n        | 0            |
|    BTC-USDT-SWAP/near_liq_pct      | 0            |
|    BTC-USDT-SWAP/pnl_std           | 1.45         |
|    BTC-USDT-SWAP/sel_monthly_log   | -1.27        |
|    BTC-USDT-SWAP/total_pnl         | -1.06e+03    |
|    BTC-USDT-SWAP/trades            | 4589         |
|    BTC-USDT-SWAP/trades_per_month  | 388          |
|    BTC-USDT-SWAP/v9_score          | -587         |
|    BTC-USDT-SWAP/win_rate          | 0.485        |
|    ETH-USDT-SWAP/compound_mdd_pct  | 95.7         |
|    ETH-USDT-SWAP/compound_multiple | 0.0617       |
|    ETH-USDT-SWAP/max_single_loss   | -32.6        |
|    ETH-USDT-SWAP/near_liq_n        | 0            |
|    ETH-USDT-SWAP/near_liq_pct      | 0            |
|    ETH-USDT-SWAP/pnl_std           | 2.22         |
|    ETH-USDT-SWAP/total_pnl         | -179         |
|    ETH-USDT-SWAP/trades            | 3901         |
|    ETH-USDT-SWAP/trades_per_month  | 330          |
|    ETH-USDT-SWAP/v9_score          | 337          |
|    ETH-USDT-SWAP/win_rate          | 0.549        |
|    min_v9_score                    | -587         |
-----------------------------------------------------
------------------------------------------
| rollout/                |              |
|    ep_len_mean          | 4.32e+04     |
|    ep_rew_mean          | -0.377       |
| time/                   |              |
|    fps                  | 1102         |
|    iterations           | 42           |
|    time_elapsed         | 468          |
|    total_timesteps      | 516096       |
| train/                  |              |
|    approx_kl            | 0.0056612655 |
|    clip_fraction        | 0.0369       |
|    clip_range           | 0.2          |
|    entropy_loss         | -0.97        |
|    explained_variance   | 0.0539       |
|    learning_rate        | 0.000297     |
|    loss                 | -0.00777     |
|    n_updates            | 410          |
|    policy_gradient_loss | -0.00355     |
|    value_loss           | 7.71e-05     |
------------------------------------------
------------------------------------------
| rollout/                |              |
|    ep_len_mean          | 4.32e+04     |
|    ep_rew_mean          | -0.366       |
| time/                   |              |
|    fps                  | 1121         |
|    iterations           | 43           |
|    time_elapsed         | 470          |
|    total_timesteps      | 528384       |
| train/                  |              |
|    approx_kl            | 0.0057085417 |
|    clip_fraction        | 0.0122       |
|    clip_range           | 0.2          |
|    entropy_loss         | -1.01        |
|    explained_variance   | -0.0551      |
|    learning_rate        | 0.000297     |
|    loss                 | -0.0184      |
|    n_updates            | 420          |
|    policy_gradient_loss | -0.00239     |
|    value_loss           | 8.36e-05     |
------------------------------------------
------------------------------------------
| rollout/                |              |
|    ep_len_mean          | 4.32e+04     |
|    ep_rew_mean          | -0.366       |
| time/                   |              |
|    fps                  | 1141         |
|    iterations           | 44           |
|    time_elapsed         | 473          |
|    total_timesteps      | 540672       |
| train/                  |              |
|    approx_kl            | 0.0048073907 |
|    clip_fraction        | 0.0219       |
|    clip_range           | 0.2          |
|    entropy_loss         | -0.995       |
|    explained_variance   | -0.058       |
|    learning_rate        | 0.000297     |
|    loss                 | -0.0124      |
|    n_updates            | 430          |
|    policy_gradient_loss | -0.00279     |
|    value_loss           | 2.83e-05     |
------------------------------------------
-----------------------------------------
| rollout/                |             |
|    ep_len_mean          | 4.32e+04    |
|    ep_rew_mean          | -0.366      |
| time/                   |             |
|    fps                  | 1160        |
|    iterations           | 45          |
|    time_elapsed         | 476         |
|    total_timesteps      | 552960      |
| train/                  |             |
|    approx_kl            | 0.004521251 |
|    clip_fraction        | 0.0247      |
|    clip_range           | 0.2         |
|    entropy_loss         | -0.973      |
|    explained_variance   | 0.122       |
|    learning_rate        | 0.000297    |
|    loss                 | -0.00967    |
|    n_updates            | 440         |
|    policy_gradient_loss | -0.00263    |
|    value_loss           | 2.07e-05    |
-----------------------------------------
------------------------------------------
| rollout/                |              |
|    ep_len_mean          | 4.32e+04     |
|    ep_rew_mean          | -0.366       |
| time/                   |              |
|    fps                  | 1178         |
|    iterations           | 46           |
|    time_elapsed         | 479          |
|    total_timesteps      | 565248       |
| train/                  |              |
|    approx_kl            | 0.0054292604 |
|    clip_fraction        | 0.0313       |
|    clip_range           | 0.2          |
|    entropy_loss         | -0.983       |
|    explained_variance   | 0.331        |
|    learning_rate        | 0.000297     |
|    loss                 | -0.00535     |
|    n_updates            | 450          |
|    policy_gradient_loss | -0.00277     |
|    value_loss           | 1.35e-05     |
------------------------------------------
-----------------------------------------
| rollout/                |             |
|    ep_len_mean          | 4.32e+04    |
|    ep_rew_mean          | -0.366      |
| time/                   |             |
|    fps                  | 1197        |
|    iterations           | 47          |
|    time_elapsed         | 482         |
|    total_timesteps      | 577536      |
| train/                  |             |
|    approx_kl            | 0.004825684 |
|    clip_fraction        | 0.0154      |
|    clip_range           | 0.2         |
|    entropy_loss         | -0.989      |
|    explained_variance   | 0.119       |
|    learning_rate        | 0.000297    |
|    loss                 | -0.00929    |
|    n_updates            | 460         |
|    policy_gradient_loss | -0.00199    |
|    value_loss           | 1.67e-05    |
-----------------------------------------
-----------------------------------------
| rollout/                |             |
|    ep_len_mean          | 4.32e+04    |
|    ep_rew_mean          | -0.366      |
| time/                   |             |
|    fps                  | 1215        |
|    iterations           | 48          |
|    time_elapsed         | 485         |
|    total_timesteps      | 589824      |
| train/                  |             |
|    approx_kl            | 0.006605495 |
|    clip_fraction        | 0.0434      |
|    clip_range           | 0.2         |
|    entropy_loss         | -0.965      |
|    explained_variance   | 0.235       |
|    learning_rate        | 0.000297    |
|    loss                 | -0.0135     |
|    n_updates            | 470         |
|    policy_gradient_loss | -0.00411    |
|    value_loss           | 2.39e-05    |
-----------------------------------------
------------------------------------------
| rollout/                |              |
|    ep_len_mean          | 4.32e+04     |
|    ep_rew_mean          | -0.366       |
| time/                   |              |
|    fps                  | 1233         |
|    iterations           | 49           |
|    time_elapsed         | 488          |
|    total_timesteps      | 602112       |
| train/                  |              |
|    approx_kl            | 0.0032781183 |
|    clip_fraction        | 0.0195       |
|    clip_range           | 0.2          |
|    entropy_loss         | -0.953       |
|    explained_variance   | 0.196        |
|    learning_rate        | 0.000296     |
|    loss                 | -0.00897     |
|    n_updates            | 480          |
|    policy_gradient_loss | -0.00233     |
|    value_loss           | 1.93e-05     |
------------------------------------------
-----------------------------------------
| rollout/                |             |
|    ep_len_mean          | 4.32e+04    |
|    ep_rew_mean          | -0.366      |
| time/                   |             |
|    fps                  | 1251        |
|    iterations           | 50          |
|    time_elapsed         | 490         |
|    total_timesteps      | 614400      |
| train/                  |             |
|    approx_kl            | 0.006198991 |
|    clip_fraction        | 0.0222      |
|    clip_range           | 0.2         |
|    entropy_loss         | -0.936      |
|    explained_variance   | 0.391       |
|    learning_rate        | 0.000296    |
|    loss                 | -0.0187     |
|    n_updates            | 490         |
|    policy_gradient_loss | -0.0021     |
|    value_loss           | 1.64e-05    |
-----------------------------------------
------------------------------------------
| rollout/                |              |
|    ep_len_mean          | 4.32e+04     |
|    ep_rew_mean          | -0.366       |
| time/                   |              |
|    fps                  | 1269         |
|    iterations           | 51           |
|    time_elapsed         | 493          |
|    total_timesteps      | 626688       |
| train/                  |              |
|    approx_kl            | 0.0050191656 |
|    clip_fraction        | 0.0331       |
|    clip_range           | 0.2          |
|    entropy_loss         | -0.922       |
|    explained_variance   | 0.521        |
|    learning_rate        | 0.000296     |
|    loss                 | -0.0136      |
|    n_updates            | 500          |
|    policy_gradient_loss | -0.00274     |
|    value_loss           | 2.31e-05     |
------------------------------------------
----------------------------------------
| rollout/                |            |
|    ep_len_mean          | 4.32e+04   |
|    ep_rew_mean          | -0.366     |
| time/                   |            |
|    fps                  | 1286       |
|    iterations           | 52         |
|    time_elapsed         | 496        |
|    total_timesteps      | 638976     |
| train/                  |            |
|    approx_kl            | 0.00749472 |
|    clip_fraction        | 0.038      |
|    clip_range           | 0.2        |
|    entropy_loss         | -0.935     |
|    explained_variance   | 0.229      |
|    learning_rate        | 0.000296   |
|    loss                 | -0.00676   |
|    n_updates            | 510        |
|    policy_gradient_loss | -0.00323   |
|    value_loss           | 2.53e-05   |
----------------------------------------
------------------------------------------
| rollout/                |              |
|    ep_len_mean          | 4.32e+04     |
|    ep_rew_mean          | -0.366       |
| time/                   |              |
|    fps                  | 1302         |
|    iterations           | 53           |
|    time_elapsed         | 499          |
|    total_timesteps      | 651264       |
| train/                  |              |
|    approx_kl            | 0.0050651263 |
|    clip_fraction        | 0.0261       |
|    clip_range           | 0.2          |
|    entropy_loss         | -0.921       |
|    explained_variance   | 0.146        |
|    learning_rate        | 0.000296     |
|    loss                 | -0.0131      |
|    n_updates            | 520          |
|    policy_gradient_loss | -0.00334     |
|    value_loss           | 2.51e-05     |
------------------------------------------
-----------------------------------------
| rollout/                |             |
|    ep_len_mean          | 4.32e+04    |
|    ep_rew_mean          | -0.366      |
| time/                   |             |
|    fps                  | 1319        |
|    iterations           | 54          |
|    time_elapsed         | 502         |
|    total_timesteps      | 663552      |
| train/                  |             |
|    approx_kl            | 0.005019596 |
|    clip_fraction        | 0.0264      |
|    clip_range           | 0.2         |
|    entropy_loss         | -0.922      |
|    explained_variance   | 0.409       |
|    learning_rate        | 0.000296    |
|    loss                 | -0.013      |
|    n_updates            | 530         |
|    policy_gradient_loss | -0.00276    |
|    value_loss           | 2.47e-05    |
-----------------------------------------
------------------------------------------
| rollout/                |              |
|    ep_len_mean          | 4.32e+04     |
|    ep_rew_mean          | -0.366       |
| time/                   |              |
|    fps                  | 1335         |
|    iterations           | 55           |
|    time_elapsed         | 505          |
|    total_timesteps      | 675840       |
| train/                  |              |
|    approx_kl            | 0.0038213748 |
|    clip_fraction        | 0.024        |
|    clip_range           | 0.2          |
|    entropy_loss         | -0.89        |
|    explained_variance   | 0.336        |
|    learning_rate        | 0.000296     |
|    loss                 | -0.0118      |
|    n_updates            | 540          |
|    policy_gradient_loss | -0.00261     |
|    value_loss           | 2.97e-05     |
------------------------------------------
-----------------------------------------
| rollout/                |             |
|    ep_len_mean          | 4.32e+04    |
|    ep_rew_mean          | -0.366      |
| time/                   |             |
|    fps                  | 1352        |
|    iterations           | 56          |
|    time_elapsed         | 508         |
|    total_timesteps      | 688128      |
| train/                  |             |
|    approx_kl            | 0.005080517 |
|    clip_fraction        | 0.0293      |
|    clip_range           | 0.2         |
|    entropy_loss         | -0.883      |
|    explained_variance   | 0.366       |
|    learning_rate        | 0.000296    |
|    loss                 | -0.0181     |
|    n_updates            | 550         |
|    policy_gradient_loss | -0.00284    |
|    value_loss           | 1.83e-05    |
-----------------------------------------
-----------------------------------------
| rollout/                |             |
|    ep_len_mean          | 4.32e+04    |
|    ep_rew_mean          | -0.366      |
| time/                   |             |
|    fps                  | 1368        |
|    iterations           | 57          |
|    time_elapsed         | 511         |
|    total_timesteps      | 700416      |
| train/                  |             |
|    approx_kl            | 0.004294081 |
|    clip_fraction        | 0.032       |
|    clip_range           | 0.2         |
|    entropy_loss         | -0.887      |
|    explained_variance   | 0.119       |
|    learning_rate        | 0.000296    |
|    loss                 | -0.00967    |
|    n_updates            | 560         |
|    policy_gradient_loss | -0.00292    |
|    value_loss           | 2.43e-05    |
-----------------------------------------
------------------------------------------
| rollout/                |              |
|    ep_len_mean          | 4.32e+04     |
|    ep_rew_mean          | -0.366       |
| time/                   |              |
|    fps                  | 1384         |
|    iterations           | 58           |
|    time_elapsed         | 514          |
|    total_timesteps      | 712704       |
| train/                  |              |
|    approx_kl            | 0.0073031806 |
|    clip_fraction        | 0.0456       |
|    clip_range           | 0.2          |
|    entropy_loss         | -0.905       |
|    explained_variance   | 0.203        |
|    learning_rate        | 0.000296     |
|    loss                 | -0.00969     |
|    n_updates            | 570          |
|    policy_gradient_loss | -0.00332     |
|    value_loss           | 2.52e-05     |
------------------------------------------
------------------------------------------
| rollout/                |              |
|    ep_len_mean          | 4.32e+04     |
|    ep_rew_mean          | -0.366       |
| time/                   |              |
|    fps                  | 1401         |
|    iterations           | 59           |
|    time_elapsed         | 517          |
|    total_timesteps      | 724992       |
| train/                  |              |
|    approx_kl            | 0.0032736447 |
|    clip_fraction        | 0.0187       |
|    clip_range           | 0.2          |
|    entropy_loss         | -0.847       |
|    explained_variance   | 0.468        |
|    learning_rate        | 0.000296     |
|    loss                 | -0.0117      |
|    n_updates            | 580          |
|    policy_gradient_loss | -0.00212     |
|    value_loss           | 1.62e-05     |
------------------------------------------
-----------------------------------------
| rollout/                |             |
|    ep_len_mean          | 4.32e+04    |
|    ep_rew_mean          | -0.366      |
| time/                   |             |
|    fps                  | 1416        |
|    iterations           | 60          |
|    time_elapsed         | 520         |
|    total_timesteps      | 737280      |
| train/                  |             |
|    approx_kl            | 0.004639135 |
|    clip_fraction        | 0.0302      |
|    clip_range           | 0.2         |
|    entropy_loss         | -0.828      |
|    explained_variance   | 0.337       |
|    learning_rate        | 0.000296    |
|    loss                 | -0.0123     |
|    n_updates            | 590         |
|    policy_gradient_loss | -0.00266    |
|    value_loss           | 2.93e-05    |
-----------------------------------------
------------------------------------------
| rollout/                |              |
|    ep_len_mean          | 4.32e+04     |
|    ep_rew_mean          | -0.366       |
| time/                   |              |
|    fps                  | 1432         |
|    iterations           | 61           |
|    time_elapsed         | 523          |
|    total_timesteps      | 749568       |
| train/                  |              |
|    approx_kl            | 0.0041542905 |
|    clip_fraction        | 0.0185       |
|    clip_range           | 0.2          |
|    entropy_loss         | -0.859       |
|    explained_variance   | 0.277        |
|    learning_rate        | 0.000296     |
|    loss                 | -0.00769     |
|    n_updates            | 600          |
|    policy_gradient_loss | -0.00273     |
|    value_loss           | 4.07e-05     |
------------------------------------------
------------------------------------------
| rollout/                |              |
|    ep_len_mean          | 4.32e+04     |
|    ep_rew_mean          | -0.366       |
| time/                   |              |
|    fps                  | 1448         |
|    iterations           | 62           |
|    time_elapsed         | 526          |
|    total_timesteps      | 761856       |
| train/                  |              |
|    approx_kl            | 0.0039768307 |
|    clip_fraction        | 0.0285       |
|    clip_range           | 0.2          |
|    entropy_loss         | -0.838       |
|    explained_variance   | 0.313        |
|    learning_rate        | 0.000296     |
|    loss                 | -0.00802     |
|    n_updates            | 610          |
|    policy_gradient_loss | -0.00262     |
|    value_loss           | 3.72e-05     |
------------------------------------------
------------------------------------------
| rollout/                |              |
|    ep_len_mean          | 4.32e+04     |
|    ep_rew_mean          | -0.366       |
| time/                   |              |
|    fps                  | 1463         |
|    iterations           | 63           |
|    time_elapsed         | 528          |
|    total_timesteps      | 774144       |
| train/                  |              |
|    approx_kl            | 0.0052161203 |
|    clip_fraction        | 0.0291       |
|    clip_range           | 0.2          |
|    entropy_loss         | -0.846       |
|    explained_variance   | 0.251        |
|    learning_rate        | 0.000295     |
|    loss                 | -0.0135      |
|    n_updates            | 620          |
|    policy_gradient_loss | -0.00226     |
|    value_loss           | 3.44e-05     |
------------------------------------------
------------------------------------------
| rollout/                |              |
|    ep_len_mean          | 4.32e+04     |
|    ep_rew_mean          | -0.26        |
| time/                   |              |
|    fps                  | 1478         |
|    iterations           | 64           |
|    time_elapsed         | 531          |
|    total_timesteps      | 786432       |
| train/                  |              |
|    approx_kl            | 0.0038603756 |
|    clip_fraction        | 0.0191       |
|    clip_range           | 0.2          |
|    entropy_loss         | -0.869       |
|    explained_variance   | 0.29         |
|    learning_rate        | 0.000295     |
|    loss                 | -0.0161      |
|    n_updates            | 630          |
|    policy_gradient_loss | -0.00254     |
|    value_loss           | 2.41e-05     |
------------------------------------------
-----------------------------------------
| rollout/                |             |
|    ep_len_mean          | 4.32e+04    |
|    ep_rew_mean          | -0.26       |
| time/                   |             |
|    fps                  | 1493        |
|    iterations           | 65          |
|    time_elapsed         | 534         |
|    total_timesteps      | 798720      |
| train/                  |             |
|    approx_kl            | 0.004676494 |
|    clip_fraction        | 0.0221      |
|    clip_range           | 0.2         |
|    entropy_loss         | -0.848      |
|    explained_variance   | 0.533       |
|    learning_rate        | 0.000295    |
|    loss                 | -0.00968    |
|    n_updates            | 640         |
|    policy_gradient_loss | -0.00161    |
|    value_loss           | 4.5e-05     |
-----------------------------------------
-----------------------------------------
| rollout/                |             |
|    ep_len_mean          | 4.32e+04    |
|    ep_rew_mean          | -0.26       |
| time/                   |             |
|    fps                  | 1508        |
|    iterations           | 66          |
|    time_elapsed         | 537         |
|    total_timesteps      | 811008      |
| train/                  |             |
|    approx_kl            | 0.005652013 |
|    clip_fraction        | 0.0243      |
|    clip_range           | 0.2         |
|    entropy_loss         | -0.839      |
|    explained_variance   | 0.712       |
|    learning_rate        | 0.000295    |
|    loss                 | -0.00981    |
|    n_updates            | 650         |
|    policy_gradient_loss | -0.00263    |
|    value_loss           | 3.26e-05    |
-----------------------------------------
-----------------------------------------
| rollout/                |             |
|    ep_len_mean          | 4.32e+04    |
|    ep_rew_mean          | -0.26       |
| time/                   |             |
|    fps                  | 1523        |
|    iterations           | 67          |
|    time_elapsed         | 540         |
|    total_timesteps      | 823296      |
| train/                  |             |
|    approx_kl            | 0.004278247 |
|    clip_fraction        | 0.0274      |
|    clip_range           | 0.2         |
|    entropy_loss         | -0.853      |
|    explained_variance   | 0.663       |
|    learning_rate        | 0.000295    |
|    loss                 | -0.0116     |
|    n_updates            | 660         |
|    policy_gradient_loss | -0.00227    |
|    value_loss           | 5.74e-05    |
-----------------------------------------
------------------------------------------
| rollout/                |              |
|    ep_len_mean          | 4.32e+04     |
|    ep_rew_mean          | -0.26        |
| time/                   |              |
|    fps                  | 1538         |
|    iterations           | 68           |
|    time_elapsed         | 543          |
|    total_timesteps      | 835584       |
| train/                  |              |
|    approx_kl            | 0.0056005497 |
|    clip_fraction        | 0.0407       |
|    clip_range           | 0.2          |
|    entropy_loss         | -0.819       |
|    explained_variance   | 0.676        |
|    learning_rate        | 0.000295     |
|    loss                 | -0.0183      |
|    n_updates            | 670          |
|    policy_gradient_loss | -0.00316     |
|    value_loss           | 6.37e-05     |
------------------------------------------
------------------------------------------
| rollout/                |              |
|    ep_len_mean          | 4.32e+04     |
|    ep_rew_mean          | -0.26        |
| time/                   |              |
|    fps                  | 1552         |
|    iterations           | 69           |
|    time_elapsed         | 546          |
|    total_timesteps      | 847872       |
| train/                  |              |
|    approx_kl            | 0.0035127904 |
|    clip_fraction        | 0.028        |
|    clip_range           | 0.2          |
|    entropy_loss         | -0.813       |
|    explained_variance   | 0.235        |
|    learning_rate        | 0.000295     |
|    loss                 | -0.00998     |
|    n_updates            | 680          |
|    policy_gradient_loss | -0.00279     |
|    value_loss           | 8.95e-05     |
------------------------------------------
------------------------------------------
| rollout/                |              |
|    ep_len_mean          | 4.32e+04     |
|    ep_rew_mean          | -0.26        |
| time/                   |              |
|    fps                  | 1566         |
|    iterations           | 70           |
|    time_elapsed         | 548          |
|    total_timesteps      | 860160       |
| train/                  |              |
|    approx_kl            | 0.0041443524 |
|    clip_fraction        | 0.0246       |
|    clip_range           | 0.2          |
|    entropy_loss         | -0.812       |
|    explained_variance   | 0.427        |
|    learning_rate        | 0.000295     |
|    loss                 | -0.0165      |
|    n_updates            | 690          |
|    policy_gradient_loss | -0.00295     |
|    value_loss           | 4.21e-05     |
------------------------------------------
------------------------------------------
| rollout/                |              |
|    ep_len_mean          | 4.32e+04     |
|    ep_rew_mean          | -0.26        |
| time/                   |              |
|    fps                  | 1581         |
|    iterations           | 71           |
|    time_elapsed         | 551          |
|    total_timesteps      | 872448       |
| train/                  |              |
|    approx_kl            | 0.0037938487 |
|    clip_fraction        | 0.0245       |
|    clip_range           | 0.2          |
|    entropy_loss         | -0.773       |
|    explained_variance   | 0.359        |
|    learning_rate        | 0.000295     |
|    loss                 | -0.0151      |
|    n_updates            | 700          |
|    policy_gradient_loss | -0.00209     |
|    value_loss           | 4.65e-05     |
------------------------------------------
------------------------------------------
| rollout/                |              |
|    ep_len_mean          | 4.32e+04     |
|    ep_rew_mean          | -0.26        |
| time/                   |              |
|    fps                  | 1594         |
|    iterations           | 72           |
|    time_elapsed         | 554          |
|    total_timesteps      | 884736       |
| train/                  |              |
|    approx_kl            | 0.0042525935 |
|    clip_fraction        | 0.0247       |
|    clip_range           | 0.2          |
|    entropy_loss         | -0.792       |
|    explained_variance   | 0.266        |
|    learning_rate        | 0.000295     |
|    loss                 | -0.00165     |
|    n_updates            | 710          |
|    policy_gradient_loss | -0.0019      |
|    value_loss           | 5.55e-05     |
------------------------------------------
------------------------------------------
| rollout/                |              |
|    ep_len_mean          | 4.32e+04     |
|    ep_rew_mean          | -0.26        |
| time/                   |              |
|    fps                  | 1608         |
|    iterations           | 73           |
|    time_elapsed         | 557          |
|    total_timesteps      | 897024       |
| train/                  |              |
|    approx_kl            | 0.0034723356 |
|    clip_fraction        | 0.0248       |
|    clip_range           | 0.2          |
|    entropy_loss         | -0.801       |
|    explained_variance   | 0.223        |
|    learning_rate        | 0.000295     |
|    loss                 | -0.012       |
|    n_updates            | 720          |
|    policy_gradient_loss | -0.00208     |
|    value_loss           | 7.47e-05     |
------------------------------------------
-----------------------------------------
| rollout/                |             |
|    ep_len_mean          | 4.32e+04    |
|    ep_rew_mean          | -0.26       |
| time/                   |             |
|    fps                  | 1621        |
|    iterations           | 74          |
|    time_elapsed         | 560         |
|    total_timesteps      | 909312      |
| train/                  |             |
|    approx_kl            | 0.004149118 |
|    clip_fraction        | 0.0243      |
|    clip_range           | 0.2         |
|    entropy_loss         | -0.746      |
|    explained_variance   | 0.226       |
|    learning_rate        | 0.000295    |
|    loss                 | -0.0132     |
|    n_updates            | 730         |
|    policy_gradient_loss | -0.00248    |
|    value_loss           | 4.77e-05    |
-----------------------------------------
-----------------------------------------
| rollout/                |             |
|    ep_len_mean          | 4.32e+04    |
|    ep_rew_mean          | -0.26       |
| time/                   |             |
|    fps                  | 1634        |
|    iterations           | 75          |
|    time_elapsed         | 563         |
|    total_timesteps      | 921600      |
| train/                  |             |
|    approx_kl            | 0.004238326 |
|    clip_fraction        | 0.0222      |
|    clip_range           | 0.2         |
|    entropy_loss         | -0.733      |
|    explained_variance   | 0.299       |
|    learning_rate        | 0.000295    |
|    loss                 | -0.0137     |
|    n_updates            | 740         |
|    policy_gradient_loss | -0.0026     |
|    value_loss           | 3.3e-05     |
-----------------------------------------
------------------------------------------
| rollout/                |              |
|    ep_len_mean          | 4.32e+04     |
|    ep_rew_mean          | -0.26        |
| time/                   |              |
|    fps                  | 1647         |
|    iterations           | 76           |
|    time_elapsed         | 566          |
|    total_timesteps      | 933888       |
| train/                  |              |
|    approx_kl            | 0.0036349634 |
|    clip_fraction        | 0.0191       |
|    clip_range           | 0.2          |
|    entropy_loss         | -0.748       |
|    explained_variance   | 0.422        |
|    learning_rate        | 0.000294     |
|    loss                 | -0.0199      |
|    n_updates            | 750          |
|    policy_gradient_loss | -0.0017      |
|    value_loss           | 3.33e-05     |
------------------------------------------
----------------------------------------
| rollout/                |            |
|    ep_len_mean          | 4.32e+04   |
|    ep_rew_mean          | -0.26      |
| time/                   |            |
|    fps                  | 1660       |
|    iterations           | 77         |
|    time_elapsed         | 569        |
|    total_timesteps      | 946176     |
| train/                  |            |
|    approx_kl            | 0.00519509 |
|    clip_fraction        | 0.0429     |
|    clip_range           | 0.2        |
|    entropy_loss         | -0.769     |
|    explained_variance   | 0.4        |
|    learning_rate        | 0.000294   |
|    loss                 | -0.00726   |
|    n_updates            | 760        |
|    policy_gradient_loss | -0.003     |
|    value_loss           | 3.92e-05   |
----------------------------------------
-----------------------------------------
| rollout/                |             |
|    ep_len_mean          | 4.32e+04    |
|    ep_rew_mean          | -0.26       |
| time/                   |             |
|    fps                  | 1673        |
|    iterations           | 78          |
|    time_elapsed         | 572         |
|    total_timesteps      | 958464      |
| train/                  |             |
|    approx_kl            | 0.004086983 |
|    clip_fraction        | 0.0229      |
|    clip_range           | 0.2         |
|    entropy_loss         | -0.719      |
|    explained_variance   | 0.298       |
|    learning_rate        | 0.000294    |
|    loss                 | -0.00841    |
|    n_updates            | 770         |
|    policy_gradient_loss | -0.00176    |
|    value_loss           | 5.11e-05    |
-----------------------------------------
----------------------------------------
| rollout/                |            |
|    ep_len_mean          | 4.32e+04   |
|    ep_rew_mean          | -0.26      |
| time/                   |            |
|    fps                  | 1686       |
|    iterations           | 79         |
|    time_elapsed         | 575        |
|    total_timesteps      | 970752     |
| train/                  |            |
|    approx_kl            | 0.00285554 |
|    clip_fraction        | 0.0187     |
|    clip_range           | 0.2        |
|    entropy_loss         | -0.738     |
|    explained_variance   | 0.349      |
|    learning_rate        | 0.000294   |
|    loss                 | -0.01      |
|    n_updates            | 780        |
|    policy_gradient_loss | -0.00254   |
|    value_loss           | 4.68e-05   |
----------------------------------------
----------------------------------------
| rollout/                |            |
|    ep_len_mean          | 4.32e+04   |
|    ep_rew_mean          | -0.26      |
| time/                   |            |
|    fps                  | 1699       |
|    iterations           | 80         |
|    time_elapsed         | 578        |
|    total_timesteps      | 983040     |
| train/                  |            |
|    approx_kl            | 0.00332578 |
|    clip_fraction        | 0.0162     |
|    clip_range           | 0.2        |
|    entropy_loss         | -0.775     |
|    explained_variance   | 0.462      |
|    learning_rate        | 0.000294   |
|    loss                 | -0.00899   |
|    n_updates            | 790        |
|    policy_gradient_loss | -0.00165   |
|    value_loss           | 2.78e-05   |
----------------------------------------
------------------------------------------
| rollout/                |              |
|    ep_len_mean          | 4.32e+04     |
|    ep_rew_mean          | -0.26        |
| time/                   |              |
|    fps                  | 1712         |
|    iterations           | 81           |
|    time_elapsed         | 581          |
|    total_timesteps      | 995328       |
| train/                  |              |
|    approx_kl            | 0.0020800226 |
|    clip_fraction        | 0.0133       |
|    clip_range           | 0.2          |
|    entropy_loss         | -0.688       |
|    explained_variance   | 0.534        |
|    learning_rate        | 0.000294     |
|    loss                 | -0.00853     |
|    n_updates            | 800          |
|    policy_gradient_loss | -0.00146     |
|    value_loss           | 3.82e-05     |
------------------------------------------
-----------------------------------------------------
| rollout/                           |              |
|    ep_len_mean                     | 4.32e+04     |
|    ep_rew_mean                     | -0.26        |
| time/                              |              |
|    fps                             | 1080         |
|    iterations                      | 82           |
|    time_elapsed                    | 932          |
|    total_timesteps                 | 1007616      |
| train/                             |              |
|    approx_kl                       | 0.0038802854 |
|    clip_fraction                   | 0.019        |
|    clip_range                      | 0.2          |
|    entropy_loss                    | -0.741       |
|    explained_variance              | 0.433        |
|    learning_rate                   | 0.000294     |
|    loss                            | -0.0166      |
|    n_updates                       | 810          |
|    policy_gradient_loss            | -0.00195     |
|    value_loss                      | 4.79e-05     |
| valid/                             |              |
|    BTC-USDT-SWAP/compound_mdd_pct  | 98.9         |
|    BTC-USDT-SWAP/compound_multiple | 0.0109       |
|    BTC-USDT-SWAP/max_single_loss   | -17.6        |
|    BTC-USDT-SWAP/near_liq_n        | 0            |
|    BTC-USDT-SWAP/near_liq_pct      | 0            |
|    BTC-USDT-SWAP/pnl_std           | 1.88         |
|    BTC-USDT-SWAP/sel_monthly_log   | -0.729       |
|    BTC-USDT-SWAP/total_pnl         | -409         |
|    BTC-USDT-SWAP/trades            | 2301         |
|    BTC-USDT-SWAP/trades_per_month  | 195          |
|    BTC-USDT-SWAP/v9_score          | 208          |
|    BTC-USDT-SWAP/win_rate          | 0.63         |
|    ETH-USDT-SWAP/compound_mdd_pct  | 2.14         |
|    ETH-USDT-SWAP/compound_multiple | 0            |
|    ETH-USDT-SWAP/max_single_loss   | -100         |
|    ETH-USDT-SWAP/near_liq_n        | 4            |
|    ETH-USDT-SWAP/near_liq_pct      | 0.00286      |
|    ETH-USDT-SWAP/pnl_std           | 6.03         |
|    ETH-USDT-SWAP/total_pnl         | -77.3        |
|    ETH-USDT-SWAP/trades            | 1399         |
|    ETH-USDT-SWAP/trades_per_month  | 118          |
|    ETH-USDT-SWAP/v9_score          | 554          |
|    ETH-USDT-SWAP/win_rate          | 0.66         |
|    min_v9_score                    | 208          |
-----------------------------------------------------
------------------------------------------
| rollout/                |              |
|    ep_len_mean          | 4.32e+04     |
|    ep_rew_mean          | -0.26        |
| time/                   |              |
|    fps                  | 1090         |
|    iterations           | 83           |
|    time_elapsed         | 935          |
|    total_timesteps      | 1019904      |
| train/                  |              |
|    approx_kl            | 0.0038877353 |
|    clip_fraction        | 0.03         |
|    clip_range           | 0.2          |
|    entropy_loss         | -0.719       |
|    explained_variance   | 0.447        |
|    learning_rate        | 0.000294     |
|    loss                 | -0.00788     |
|    n_updates            | 820          |
|    policy_gradient_loss | -0.00225     |
|    value_loss           | 3.77e-05     |
------------------------------------------
-----------------------------------------
| rollout/                |             |
|    ep_len_mean          | 4.32e+04    |
|    ep_rew_mean          | -0.26       |
| time/                   |             |
|    fps                  | 1099        |
|    iterations           | 84          |
|    time_elapsed         | 938         |
|    total_timesteps      | 1032192     |
| train/                  |             |
|    approx_kl            | 0.005957458 |
|    clip_fraction        | 0.0304      |
|    clip_range           | 0.2         |
|    entropy_loss         | -0.725      |
|    explained_variance   | 0.474       |
|    learning_rate        | 0.000294    |
|    loss                 | -0.00441    |
|    n_updates            | 830         |
|    policy_gradient_loss | -0.00172    |
|    value_loss           | 0.000155    |
-----------------------------------------
------------------------------------------
| rollout/                |              |
|    ep_len_mean          | 4.32e+04     |
|    ep_rew_mean          | -0.0302      |
| time/                   |              |
|    fps                  | 1109         |
|    iterations           | 85           |
|    time_elapsed         | 941          |
|    total_timesteps      | 1044480      |
| train/                  |              |
|    approx_kl            | 0.0043165875 |
|    clip_fraction        | 0.0328       |
|    clip_range           | 0.2          |
|    entropy_loss         | -0.716       |
|    explained_variance   | 0.428        |
|    learning_rate        | 0.000294     |
|    loss                 | -0.0105      |
|    n_updates            | 840          |
|    policy_gradient_loss | -0.00235     |
|    value_loss           | 7.84e-05     |
------------------------------------------
------------------------------------------
| rollout/                |              |
|    ep_len_mean          | 4.32e+04     |
|    ep_rew_mean          | -0.0302      |
| time/                   |              |
|    fps                  | 1119         |
|    iterations           | 86           |
|    time_elapsed         | 944          |
|    total_timesteps      | 1056768      |
| train/                  |              |
|    approx_kl            | 0.0047636437 |
|    clip_fraction        | 0.0372       |
|    clip_range           | 0.2          |
|    entropy_loss         | -0.735       |
|    explained_variance   | 0.531        |
|    learning_rate        | 0.000294     |
|    loss                 | -0.00766     |
|    n_updates            | 850          |
|    policy_gradient_loss | -0.00277     |
|    value_loss           | 5e-05        |
------------------------------------------
------------------------------------------
| rollout/                |              |
|    ep_len_mean          | 4.32e+04     |
|    ep_rew_mean          | -0.0302      |
| time/                   |              |
|    fps                  | 1128         |
|    iterations           | 87           |
|    time_elapsed         | 947          |
|    total_timesteps      | 1069056      |
| train/                  |              |
|    approx_kl            | 0.0031448724 |
|    clip_fraction        | 0.0185       |
|    clip_range           | 0.2          |
|    entropy_loss         | -0.711       |
|    explained_variance   | 0.262        |
|    learning_rate        | 0.000294     |
|    loss                 | -0.00591     |
|    n_updates            | 860          |
|    policy_gradient_loss | -0.00156     |
|    value_loss           | 3.75e-05     |
------------------------------------------
------------------------------------------
| rollout/                |              |
|    ep_len_mean          | 4.32e+04     |
|    ep_rew_mean          | -0.0302      |
| time/                   |              |
|    fps                  | 1138         |
|    iterations           | 88           |
|    time_elapsed         | 950          |
|    total_timesteps      | 1081344      |
| train/                  |              |
|    approx_kl            | 0.0033031816 |
|    clip_fraction        | 0.0243       |
|    clip_range           | 0.2          |
|    entropy_loss         | -0.714       |
|    explained_variance   | 0.456        |
|    learning_rate        | 0.000294     |
|    loss                 | -0.00677     |
|    n_updates            | 870          |
|    policy_gradient_loss | -0.00279     |
|    value_loss           | 4.49e-05     |
------------------------------------------
-----------------------------------------
| rollout/                |             |
|    ep_len_mean          | 4.32e+04    |
|    ep_rew_mean          | -0.0302     |
| time/                   |             |
|    fps                  | 1147        |
|    iterations           | 89          |
|    time_elapsed         | 953         |
|    total_timesteps      | 1093632     |
| train/                  |             |
|    approx_kl            | 0.002890621 |
|    clip_fraction        | 0.0209      |
|    clip_range           | 0.2         |
|    entropy_loss         | -0.695      |
|    explained_variance   | 0.392       |
|    learning_rate        | 0.000294    |
|    loss                 | -0.0092     |
|    n_updates            | 880         |
|    policy_gradient_loss | -0.00218    |
|    value_loss           | 4.35e-05    |
-----------------------------------------
-----------------------------------------
| rollout/                |             |
|    ep_len_mean          | 4.32e+04    |
|    ep_rew_mean          | -0.0302     |
| time/                   |             |
|    fps                  | 1156        |
|    iterations           | 90          |
|    time_elapsed         | 956         |
|    total_timesteps      | 1105920     |
| train/                  |             |
|    approx_kl            | 0.004114544 |
|    clip_fraction        | 0.0273      |
|    clip_range           | 0.2         |
|    entropy_loss         | -0.666      |
|    explained_variance   | 0.434       |
|    learning_rate        | 0.000293    |
|    loss                 | -0.0111     |
|    n_updates            | 890         |
|    policy_gradient_loss | -0.00193    |
|    value_loss           | 7.92e-05    |
-----------------------------------------
------------------------------------------
| rollout/                |              |
|    ep_len_mean          | 4.32e+04     |
|    ep_rew_mean          | -0.0302      |
| time/                   |              |
|    fps                  | 1166         |
|    iterations           | 91           |
|    time_elapsed         | 958          |
|    total_timesteps      | 1118208      |
| train/                  |              |
|    approx_kl            | 0.0041180295 |
|    clip_fraction        | 0.0253       |
|    clip_range           | 0.2          |
|    entropy_loss         | -0.653       |
|    explained_variance   | 0.394        |
|    learning_rate        | 0.000293     |
|    loss                 | -0.0108      |
|    n_updates            | 900          |
|    policy_gradient_loss | -0.00216     |
|    value_loss           | 4.72e-05     |
------------------------------------------
------------------------------------------
| rollout/                |              |
|    ep_len_mean          | 4.32e+04     |
|    ep_rew_mean          | -0.0302      |
| time/                   |              |
|    fps                  | 1175         |
|    iterations           | 92           |
|    time_elapsed         | 961          |
|    total_timesteps      | 1130496      |
| train/                  |              |
|    approx_kl            | 0.0036807582 |
|    clip_fraction        | 0.0224       |
|    clip_range           | 0.2          |
|    entropy_loss         | -0.67        |
|    explained_variance   | 0.394        |
|    learning_rate        | 0.000293     |
|    loss                 | -0.0113      |
|    n_updates            | 910          |
|    policy_gradient_loss | -0.0013      |
|    value_loss           | 5.9e-05      |
------------------------------------------
------------------------------------------
| rollout/                |              |
|    ep_len_mean          | 4.32e+04     |
|    ep_rew_mean          | -0.0302      |
| time/                   |              |
|    fps                  | 1184         |
|    iterations           | 93           |
|    time_elapsed         | 964          |
|    total_timesteps      | 1142784      |
| train/                  |              |
|    approx_kl            | 0.0040054414 |
|    clip_fraction        | 0.0344       |
|    clip_range           | 0.2          |
|    entropy_loss         | -0.697       |
|    explained_variance   | 0.35         |
|    learning_rate        | 0.000293     |
|    loss                 | -0.0133      |
|    n_updates            | 920          |
|    policy_gradient_loss | -0.00195     |
|    value_loss           | 4.55e-05     |
------------------------------------------
------------------------------------------
| rollout/                |              |
|    ep_len_mean          | 4.32e+04     |
|    ep_rew_mean          | -0.0302      |
| time/                   |              |
|    fps                  | 1193         |
|    iterations           | 94           |
|    time_elapsed         | 967          |
|    total_timesteps      | 1155072      |
| train/                  |              |
|    approx_kl            | 0.0043370086 |
|    clip_fraction        | 0.0291       |
|    clip_range           | 0.2          |
|    entropy_loss         | -0.681       |
|    explained_variance   | 0.529        |
|    learning_rate        | 0.000293     |
|    loss                 | -0.00876     |
|    n_updates            | 930          |
|    policy_gradient_loss | -0.00157     |
|    value_loss           | 0.000129     |
------------------------------------------
------------------------------------------
| rollout/                |              |
|    ep_len_mean          | 4.32e+04     |
|    ep_rew_mean          | -0.0302      |
| time/                   |              |
|    fps                  | 1202         |
|    iterations           | 95           |
|    time_elapsed         | 970          |
|    total_timesteps      | 1167360      |
| train/                  |              |
|    approx_kl            | 0.0034355028 |
|    clip_fraction        | 0.0204       |
|    clip_range           | 0.2          |
|    entropy_loss         | -0.694       |
|    explained_variance   | 0.385        |
|    learning_rate        | 0.000293     |
|    loss                 | -0.0062      |
|    n_updates            | 940          |
|    policy_gradient_loss | -0.00298     |
|    value_loss           | 5.8e-05      |
------------------------------------------
------------------------------------------
| rollout/                |              |
|    ep_len_mean          | 4.32e+04     |
|    ep_rew_mean          | -0.0302      |
| time/                   |              |
|    fps                  | 1211         |
|    iterations           | 96           |
|    time_elapsed         | 973          |
|    total_timesteps      | 1179648      |
| train/                  |              |
|    approx_kl            | 0.0034295265 |
|    clip_fraction        | 0.0228       |
|    clip_range           | 0.2          |
|    entropy_loss         | -0.719       |
|    explained_variance   | 0.539        |
|    learning_rate        | 0.000293     |
|    loss                 | -0.00906     |
|    n_updates            | 950          |
|    policy_gradient_loss | -0.00173     |
|    value_loss           | 4.43e-05     |
------------------------------------------
------------------------------------------
| rollout/                |              |
|    ep_len_mean          | 4.32e+04     |
|    ep_rew_mean          | -0.0302      |
| time/                   |              |
|    fps                  | 1220         |
|    iterations           | 97           |
|    time_elapsed         | 976          |
|    total_timesteps      | 1191936      |
| train/                  |              |
|    approx_kl            | 0.0044858144 |
|    clip_fraction        | 0.0241       |
|    clip_range           | 0.2          |
|    entropy_loss         | -0.693       |
|    explained_variance   | 0.604        |
|    learning_rate        | 0.000293     |
|    loss                 | -0.0108      |
|    n_updates            | 960          |
|    policy_gradient_loss | -0.00187     |
|    value_loss           | 5.07e-05     |
------------------------------------------
-----------------------------------------
| rollout/                |             |
|    ep_len_mean          | 4.32e+04    |
|    ep_rew_mean          | -0.0302     |
| time/                   |             |
|    fps                  | 1229        |
|    iterations           | 98          |
|    time_elapsed         | 979         |
|    total_timesteps      | 1204224     |
| train/                  |             |
|    approx_kl            | 0.003161452 |
|    clip_fraction        | 0.0224      |
|    clip_range           | 0.2         |
|    entropy_loss         | -0.672      |
|    explained_variance   | 0.59        |
|    learning_rate        | 0.000293    |
|    loss                 | -0.0101     |
|    n_updates            | 970         |
|    policy_gradient_loss | -0.00193    |
|    value_loss           | 6.78e-05    |
-----------------------------------------
-----------------------------------------
| rollout/                |             |
|    ep_len_mean          | 4.32e+04    |
|    ep_rew_mean          | -0.0302     |
| time/                   |             |
|    fps                  | 1238        |
|    iterations           | 99          |
|    time_elapsed         | 982         |
|    total_timesteps      | 1216512     |
| train/                  |             |
|    approx_kl            | 0.003666966 |
|    clip_fraction        | 0.0255      |
|    clip_range           | 0.2         |
|    entropy_loss         | -0.662      |
|    explained_variance   | 0.39        |
|    learning_rate        | 0.000293    |
|    loss                 | -0.00795    |
|    n_updates            | 980         |
|    policy_gradient_loss | -0.00202    |
|    value_loss           | 4.35e-05    |
-----------------------------------------
------------------------------------------
| rollout/                |              |
|    ep_len_mean          | 4.32e+04     |
|    ep_rew_mean          | -0.0302      |
| time/                   |              |
|    fps                  | 1246         |
|    iterations           | 100          |
|    time_elapsed         | 985          |
|    total_timesteps      | 1228800      |
| train/                  |              |
|    approx_kl            | 0.0034541704 |
|    clip_fraction        | 0.0276       |
|    clip_range           | 0.2          |
|    entropy_loss         | -0.593       |
|    explained_variance   | 0.818        |
|    learning_rate        | 0.000293     |
|    loss                 | -0.00541     |
|    n_updates            | 990          |
|    policy_gradient_loss | -0.00136     |
|    value_loss           | 0.000189     |
------------------------------------------
------------------------------------------
| rollout/                |              |
|    ep_len_mean          | 4.32e+04     |
|    ep_rew_mean          | -0.0302      |
| time/                   |              |
|    fps                  | 1255         |
|    iterations           | 101          |
|    time_elapsed         | 988          |
|    total_timesteps      | 1241088      |
| train/                  |              |
|    approx_kl            | 0.0033583213 |
|    clip_fraction        | 0.0212       |
|    clip_range           | 0.2          |
|    entropy_loss         | -0.625       |
|    explained_variance   | 0.685        |
|    learning_rate        | 0.000293     |
|    loss                 | -0.0103      |
|    n_updates            | 1000         |
|    policy_gradient_loss | -0.00147     |
|    value_loss           | 0.000492     |
------------------------------------------
------------------------------------------
| rollout/                |              |
|    ep_len_mean          | 4.32e+04     |
|    ep_rew_mean          | -0.0302      |
| time/                   |              |
|    fps                  | 1264         |
|    iterations           | 102          |
|    time_elapsed         | 991          |
|    total_timesteps      | 1253376      |
| train/                  |              |
|    approx_kl            | 0.0044724676 |
|    clip_fraction        | 0.0371       |
|    clip_range           | 0.2          |
|    entropy_loss         | -0.66        |
|    explained_variance   | 0.485        |
|    learning_rate        | 0.000293     |
|    loss                 | -0.00679     |
|    n_updates            | 1010         |
|    policy_gradient_loss | -0.00237     |
|    value_loss           | 6.89e-05     |
------------------------------------------
------------------------------------------
| rollout/                |              |
|    ep_len_mean          | 4.32e+04     |
|    ep_rew_mean          | -0.0302      |
| time/                   |              |
|    fps                  | 1272         |
|    iterations           | 103          |
|    time_elapsed         | 994          |
|    total_timesteps      | 1265664      |
| train/                  |              |
|    approx_kl            | 0.0029470313 |
|    clip_fraction        | 0.0159       |
|    clip_range           | 0.2          |
|    entropy_loss         | -0.634       |
|    explained_variance   | 0.765        |
|    learning_rate        | 0.000292     |
|    loss                 | -0.0103      |
|    n_updates            | 1020         |
|    policy_gradient_loss | -0.00171     |
|    value_loss           | 0.000104     |
------------------------------------------
------------------------------------------
| rollout/                |              |
|    ep_len_mean          | 4.32e+04     |
|    ep_rew_mean          | -0.0302      |
| time/                   |              |
|    fps                  | 1281         |
|    iterations           | 104          |
|    time_elapsed         | 997          |
|    total_timesteps      | 1277952      |
| train/                  |              |
|    approx_kl            | 0.0029312607 |
|    clip_fraction        | 0.0369       |
|    clip_range           | 0.2          |
|    entropy_loss         | -0.663       |
|    explained_variance   | 0.27         |
|    learning_rate        | 0.000292     |
|    loss                 | -0.00943     |
|    n_updates            | 1030         |
|    policy_gradient_loss | -0.00219     |
|    value_loss           | 4.58e-05     |
------------------------------------------
------------------------------------------
| rollout/                |              |
|    ep_len_mean          | 4.32e+04     |
|    ep_rew_mean          | -0.0302      |
| time/                   |              |
|    fps                  | 1290         |
|    iterations           | 105          |
|    time_elapsed         | 999          |
|    total_timesteps      | 1290240      |
| train/                  |              |
|    approx_kl            | 0.0030239609 |
|    clip_fraction        | 0.0228       |
|    clip_range           | 0.2          |
|    entropy_loss         | -0.655       |
|    explained_variance   | 0.374        |
|    learning_rate        | 0.000292     |
|    loss                 | -0.00844     |
|    n_updates            | 1040         |
|    policy_gradient_loss | -0.00158     |
|    value_loss           | 6.62e-05     |
------------------------------------------
------------------------------------------
| rollout/                |              |
|    ep_len_mean          | 4.32e+04     |
|    ep_rew_mean          | 0.000981     |
| time/                   |              |
|    fps                  | 1298         |
|    iterations           | 106          |
|    time_elapsed         | 1002         |
|    total_timesteps      | 1302528      |
| train/                  |              |
|    approx_kl            | 0.0033023374 |
|    clip_fraction        | 0.0203       |
|    clip_range           | 0.2          |
|    entropy_loss         | -0.645       |
|    explained_variance   | 0.445        |
|    learning_rate        | 0.000292     |
|    loss                 | -0.00835     |
|    n_updates            | 1050         |
|    policy_gradient_loss | -0.00191     |
|    value_loss           | 9.72e-05     |
------------------------------------------
------------------------------------------
| rollout/                |              |
|    ep_len_mean          | 4.32e+04     |
|    ep_rew_mean          | 0.000981     |
| time/                   |              |
|    fps                  | 1307         |
|    iterations           | 107          |
|    time_elapsed         | 1005         |
|    total_timesteps      | 1314816      |
| train/                  |              |
|    approx_kl            | 0.0029093213 |
|    clip_fraction        | 0.0214       |
|    clip_range           | 0.2          |
|    entropy_loss         | -0.658       |
|    explained_variance   | 0.477        |
|    learning_rate        | 0.000292     |
|    loss                 | -0.0117      |
|    n_updates            | 1060         |
|    policy_gradient_loss | -0.00231     |
|    value_loss           | 2.65e-05     |
------------------------------------------
------------------------------------------
| rollout/                |              |
|    ep_len_mean          | 4.32e+04     |
|    ep_rew_mean          | 0.000981     |
| time/                   |              |
|    fps                  | 1315         |
|    iterations           | 108          |
|    time_elapsed         | 1008         |
|    total_timesteps      | 1327104      |
| train/                  |              |
|    approx_kl            | 0.0020685191 |
|    clip_fraction        | 0.0208       |
|    clip_range           | 0.2          |
|    entropy_loss         | -0.608       |
|    explained_variance   | 0.61         |
|    learning_rate        | 0.000292     |
|    loss                 | -0.00733     |
|    n_updates            | 1070         |
|    policy_gradient_loss | -0.00187     |
|    value_loss           | 1.81e-05     |
------------------------------------------
------------------------------------------
| rollout/                |              |
|    ep_len_mean          | 4.32e+04     |
|    ep_rew_mean          | 0.000981     |
| time/                   |              |
|    fps                  | 1324         |
|    iterations           | 109          |
|    time_elapsed         | 1011         |
|    total_timesteps      | 1339392      |
| train/                  |              |
|    approx_kl            | 0.0024888648 |
|    clip_fraction        | 0.0124       |
|    clip_range           | 0.2          |
|    entropy_loss         | -0.613       |
|    explained_variance   | 0.658        |
|    learning_rate        | 0.000292     |
|    loss                 | -0.00555     |
|    n_updates            | 1080         |
|    policy_gradient_loss | -0.00155     |
|    value_loss           | 1.61e-05     |
------------------------------------------
------------------------------------------
| rollout/                |              |
|    ep_len_mean          | 4.32e+04     |
|    ep_rew_mean          | 0.000981     |
| time/                   |              |
|    fps                  | 1332         |
|    iterations           | 110          |
|    time_elapsed         | 1014         |
|    total_timesteps      | 1351680      |
| train/                  |              |
|    approx_kl            | 0.0025588537 |
|    clip_fraction        | 0.0154       |
|    clip_range           | 0.2          |
|    entropy_loss         | -0.524       |
|    explained_variance   | 0.549        |
|    learning_rate        | 0.000292     |
|    loss                 | -0.00571     |
|    n_updates            | 1090         |
|    policy_gradient_loss | -0.00147     |
|    value_loss           | 1.73e-05     |
------------------------------------------
-----------------------------------------
| rollout/                |             |
|    ep_len_mean          | 4.32e+04    |
|    ep_rew_mean          | 0.000981    |
| time/                   |             |
|    fps                  | 1340        |
|    iterations           | 111         |
|    time_elapsed         | 1017        |
|    total_timesteps      | 1363968     |
| train/                  |             |
|    approx_kl            | 0.003383493 |
|    clip_fraction        | 0.036       |
|    clip_range           | 0.2         |
|    entropy_loss         | -0.539      |
|    explained_variance   | 0.745       |
|    learning_rate        | 0.000292    |
|    loss                 | -0.00481    |
|    n_updates            | 1100        |
|    policy_gradient_loss | -0.00175    |
|    value_loss           | 1.78e-05    |
-----------------------------------------
------------------------------------------
| rollout/                |              |
|    ep_len_mean          | 4.32e+04     |
|    ep_rew_mean          | 0.000981     |
| time/                   |              |
|    fps                  | 1349         |
|    iterations           | 112          |
|    time_elapsed         | 1020         |
|    total_timesteps      | 1376256      |
| train/                  |              |
|    approx_kl            | 0.0021553335 |
|    clip_fraction        | 0.0174       |
|    clip_range           | 0.2          |
|    entropy_loss         | -0.61        |
|    explained_variance   | 0.633        |
|    learning_rate        | 0.000292     |
|    loss                 | -0.0124      |
|    n_updates            | 1110         |
|    policy_gradient_loss | -0.00187     |
|    value_loss           | 2.32e-05     |
------------------------------------------
-----------------------------------------
| rollout/                |             |
|    ep_len_mean          | 4.32e+04    |
|    ep_rew_mean          | 0.000981    |
| time/                   |             |
|    fps                  | 1357        |
|    iterations           | 113         |
|    time_elapsed         | 1022        |
|    total_timesteps      | 1388544     |
| train/                  |             |
|    approx_kl            | 0.002516628 |
|    clip_fraction        | 0.0197      |
|    clip_range           | 0.2         |
|    entropy_loss         | -0.655      |
|    explained_variance   | 0.603       |
|    learning_rate        | 0.000292    |
|    loss                 | -0.00891    |
|    n_updates            | 1120        |
|    policy_gradient_loss | -0.00132    |
|    value_loss           | 2.11e-05    |
-----------------------------------------
-----------------------------------------
| rollout/                |             |
|    ep_len_mean          | 4.32e+04    |
|    ep_rew_mean          | 0.000981    |
| time/                   |             |
|    fps                  | 1365        |
|    iterations           | 114         |
|    time_elapsed         | 1025        |
|    total_timesteps      | 1400832     |
| train/                  |             |
|    approx_kl            | 0.002701719 |
|    clip_fraction        | 0.0161      |
|    clip_range           | 0.2         |
|    entropy_loss         | -0.617      |
|    explained_variance   | 0.742       |
|    learning_rate        | 0.000292    |
|    loss                 | -0.00786    |
|    n_updates            | 1130        |
|    policy_gradient_loss | -0.00151    |
|    value_loss           | 2.72e-05    |
-----------------------------------------
------------------------------------------
| rollout/                |              |
|    ep_len_mean          | 4.32e+04     |
|    ep_rew_mean          | 0.000981     |
| time/                   |              |
|    fps                  | 1373         |
|    iterations           | 115          |
|    time_elapsed         | 1028         |
|    total_timesteps      | 1413120      |
| train/                  |              |
|    approx_kl            | 0.0040452895 |
|    clip_fraction        | 0.0301       |
|    clip_range           | 0.2          |
|    entropy_loss         | -0.59        |
|    explained_variance   | 0.899        |
|    learning_rate        | 0.000292     |
|    loss                 | -0.0109      |
|    n_updates            | 1140         |
|    policy_gradient_loss | -0.0027      |
|    value_loss           | 1.17e-05     |
------------------------------------------
------------------------------------------
| rollout/                |              |
|    ep_len_mean          | 4.32e+04     |
|    ep_rew_mean          | 0.000981     |
| time/                   |              |
|    fps                  | 1381         |
|    iterations           | 116          |
|    time_elapsed         | 1031         |
|    total_timesteps      | 1425408      |
| train/                  |              |
|    approx_kl            | 0.0030051575 |
|    clip_fraction        | 0.0232       |
|    clip_range           | 0.2          |
|    entropy_loss         | -0.615       |
|    explained_variance   | 0.879        |
|    learning_rate        | 0.000292     |
|    loss                 | -0.00943     |
|    n_updates            | 1150         |
|    policy_gradient_loss | -0.00173     |
|    value_loss           | 1.4e-05      |
------------------------------------------
-----------------------------------------
| rollout/                |             |
|    ep_len_mean          | 4.32e+04    |
|    ep_rew_mean          | 0.000981    |
| time/                   |             |
|    fps                  | 1389        |
|    iterations           | 117         |
|    time_elapsed         | 1034        |
|    total_timesteps      | 1437696     |
| train/                  |             |
|    approx_kl            | 0.002732318 |
|    clip_fraction        | 0.0202      |
|    clip_range           | 0.2         |
|    entropy_loss         | -0.59       |
|    explained_variance   | 0.916       |
|    learning_rate        | 0.000291    |
|    loss                 | -0.0104     |
|    n_updates            | 1160        |
|    policy_gradient_loss | -0.00196    |
|    value_loss           | 3.46e-05    |
-----------------------------------------
-----------------------------------------
| rollout/                |             |
|    ep_len_mean          | 4.32e+04    |
|    ep_rew_mean          | 0.000981    |
| time/                   |             |
|    fps                  | 1397        |
|    iterations           | 118         |
|    time_elapsed         | 1037        |
|    total_timesteps      | 1449984     |
| train/                  |             |
|    approx_kl            | 0.003105108 |
|    clip_fraction        | 0.0234      |
|    clip_range           | 0.2         |
|    entropy_loss         | -0.563      |
|    explained_variance   | 0.718       |
|    learning_rate        | 0.000291    |
|    loss                 | -0.0118     |
|    n_updates            | 1170        |
|    policy_gradient_loss | -0.00194    |
|    value_loss           | 4.63e-05    |
-----------------------------------------
------------------------------------------
| rollout/                |              |
|    ep_len_mean          | 4.32e+04     |
|    ep_rew_mean          | 0.000981     |
| time/                   |              |
|    fps                  | 1405         |
|    iterations           | 119          |
|    time_elapsed         | 1040         |
|    total_timesteps      | 1462272      |
| train/                  |              |
|    approx_kl            | 0.0022807422 |
|    clip_fraction        | 0.0117       |
|    clip_range           | 0.2          |
|    entropy_loss         | -0.594       |
|    explained_variance   | 0.468        |
|    learning_rate        | 0.000291     |
|    loss                 | -0.00278     |
|    n_updates            | 1180         |
|    policy_gradient_loss | -0.00142     |
|    value_loss           | 6.58e-05     |
------------------------------------------
------------------------------------------
| rollout/                |              |
|    ep_len_mean          | 4.32e+04     |
|    ep_rew_mean          | 0.000981     |
| time/                   |              |
|    fps                  | 1412         |
|    iterations           | 120          |
|    time_elapsed         | 1043         |
|    total_timesteps      | 1474560      |
| train/                  |              |
|    approx_kl            | 0.0027774572 |
|    clip_fraction        | 0.0284       |
|    clip_range           | 0.2          |
|    entropy_loss         | -0.61        |
|    explained_variance   | 0.815        |
|    learning_rate        | 0.000291     |
|    loss                 | -0.00732     |
|    n_updates            | 1190         |
|    policy_gradient_loss | -0.00171     |
|    value_loss           | 0.000177     |
------------------------------------------
------------------------------------------
| rollout/                |              |
|    ep_len_mean          | 4.32e+04     |
|    ep_rew_mean          | 0.000981     |
| time/                   |              |
|    fps                  | 1420         |
|    iterations           | 121          |
|    time_elapsed         | 1046         |
|    total_timesteps      | 1486848      |
| train/                  |              |
|    approx_kl            | 0.0033353101 |
|    clip_fraction        | 0.0299       |
|    clip_range           | 0.2          |
|    entropy_loss         | -0.559       |
|    explained_variance   | 0.618        |
|    learning_rate        | 0.000291     |
|    loss                 | -0.0072      |
|    n_updates            | 1200         |
|    policy_gradient_loss | -0.00078     |
|    value_loss           | 0.000615     |
------------------------------------------
------------------------------------------
| rollout/                |              |
|    ep_len_mean          | 4.32e+04     |
|    ep_rew_mean          | 0.000981     |
| time/                   |              |
|    fps                  | 1428         |
|    iterations           | 122          |
|    time_elapsed         | 1049         |
|    total_timesteps      | 1499136      |
| train/                  |              |
|    approx_kl            | 0.0028929475 |
|    clip_fraction        | 0.0272       |
|    clip_range           | 0.2          |
|    entropy_loss         | -0.607       |
|    explained_variance   | 0.531        |
|    learning_rate        | 0.000291     |
|    loss                 | -0.0132      |
|    n_updates            | 1210         |
|    policy_gradient_loss | -0.00239     |
|    value_loss           | 6.5e-05      |
------------------------------------------
----------------------------------------------------
| rollout/                           |             |
|    ep_len_mean                     | 4.32e+04    |
|    ep_rew_mean                     | 0.000981    |
| time/                              |             |
|    fps                             | 1081        |
|    iterations                      | 123         |
|    time_elapsed                    | 1398        |
|    total_timesteps                 | 1511424     |
| train/                             |             |
|    approx_kl                       | 0.003922935 |
|    clip_fraction                   | 0.028       |
|    clip_range                      | 0.2         |
|    entropy_loss                    | -0.579      |
|    explained_variance              | 0.802       |
|    learning_rate                   | 0.000291    |
|    loss                            | 6.93e-05    |
|    n_updates                       | 1220        |
|    policy_gradient_loss            | -0.00199    |
|    value_loss                      | 0.000139    |
| valid/                             |             |
|    BTC-USDT-SWAP/compound_mdd_pct  | 24.7        |
|    BTC-USDT-SWAP/compound_multiple | 0           |
|    BTC-USDT-SWAP/max_single_loss   | -100        |
|    BTC-USDT-SWAP/near_liq_n        | 2           |
|    BTC-USDT-SWAP/near_liq_pct      | 0.00224     |
|    BTC-USDT-SWAP/pnl_std           | 5.11        |
|    BTC-USDT-SWAP/sel_monthly_log   | -1.57       |
|    BTC-USDT-SWAP/total_pnl         | -273        |
|    BTC-USDT-SWAP/trades            | 894         |
|    BTC-USDT-SWAP/trades_per_month  | 75.6        |
|    BTC-USDT-SWAP/v9_score          | 340         |
|    BTC-USDT-SWAP/win_rate          | 0.624       |
|    ETH-USDT-SWAP/compound_mdd_pct  | 1.73        |
|    ETH-USDT-SWAP/compound_multiple | 0           |
|    ETH-USDT-SWAP/max_single_loss   | -100        |
|    ETH-USDT-SWAP/near_liq_n        | 6           |
|    ETH-USDT-SWAP/near_liq_pct      | 0.0115      |
|    ETH-USDT-SWAP/pnl_std           | 11          |
|    ETH-USDT-SWAP/total_pnl         | -147        |
|    ETH-USDT-SWAP/trades            | 521         |
|    ETH-USDT-SWAP/trades_per_month  | 44.1        |
|    ETH-USDT-SWAP/v9_score          | 602         |
|    ETH-USDT-SWAP/win_rate          | 0.77        |
|    min_v9_score                    | 340         |
----------------------------------------------------
------------------------------------------
| rollout/                |              |
|    ep_len_mean          | 4.32e+04     |
|    ep_rew_mean          | 0.000981     |
| time/                   |              |
|    fps                  | 1087         |
|    iterations           | 124          |
|    time_elapsed         | 1401         |
|    total_timesteps      | 1523712      |
| train/                  |              |
|    approx_kl            | 0.0020205488 |
|    clip_fraction        | 0.0121       |
|    clip_range           | 0.2          |
|    entropy_loss         | -0.577       |
|    explained_variance   | 0.62         |
|    learning_rate        | 0.000291     |
|    loss                 | -0.00589     |
|    n_updates            | 1230         |
|    policy_gradient_loss | -0.00132     |
|    value_loss           | 3.92e-05     |
------------------------------------------
------------------------------------------
| rollout/                |              |
|    ep_len_mean          | 4.32e+04     |
|    ep_rew_mean          | 0.000981     |
| time/                   |              |
|    fps                  | 1093         |
|    iterations           | 125          |
|    time_elapsed         | 1404         |
|    total_timesteps      | 1536000      |
| train/                  |              |
|    approx_kl            | 0.0028574665 |
|    clip_fraction        | 0.0197       |
|    clip_range           | 0.2          |
|    entropy_loss         | -0.598       |
|    explained_variance   | 0.795        |
|    learning_rate        | 0.000291     |
|    loss                 | -0.0134      |
|    n_updates            | 1240         |
|    policy_gradient_loss | -0.00195     |
|    value_loss           | 3.13e-05     |
------------------------------------------
-----------------------------------------
| rollout/                |             |
|    ep_len_mean          | 4.32e+04    |
|    ep_rew_mean          | 0.000981    |
| time/                   |             |
|    fps                  | 1099        |
|    iterations           | 126         |
|    time_elapsed         | 1407        |
|    total_timesteps      | 1548288     |
| train/                  |             |
|    approx_kl            | 0.003009868 |
|    clip_fraction        | 0.0216      |
|    clip_range           | 0.2         |
|    entropy_loss         | -0.562      |
|    explained_variance   | 0.79        |
|    learning_rate        | 0.000291    |
|    loss                 | -0.00392    |
|    n_updates            | 1250        |
|    policy_gradient_loss | -0.0018     |
|    value_loss           | 3.42e-05    |
-----------------------------------------
------------------------------------------
| rollout/                |              |
|    ep_len_mean          | 4.32e+04     |
|    ep_rew_mean          | 0.0586       |
| time/                   |              |
|    fps                  | 1106         |
|    iterations           | 127          |
|    time_elapsed         | 1410         |
|    total_timesteps      | 1560576      |
| train/                  |              |
|    approx_kl            | 0.0035017915 |
|    clip_fraction        | 0.0294       |
|    clip_range           | 0.2          |
|    entropy_loss         | -0.587       |
|    explained_variance   | 0.574        |
|    learning_rate        | 0.000291     |
|    loss                 | -0.0114      |
|    n_updates            | 1260         |
|    policy_gradient_loss | -0.00261     |
|    value_loss           | 3.91e-05     |
------------------------------------------
-----------------------------------------
| rollout/                |             |
|    ep_len_mean          | 4.33e+04    |
|    ep_rew_mean          | 0.0703      |
| time/                   |             |
|    fps                  | 1112        |
|    iterations           | 128         |
|    time_elapsed         | 1413        |
|    total_timesteps      | 1572864     |
| train/                  |             |
|    approx_kl            | 0.003875221 |
|    clip_fraction        | 0.0389      |
|    clip_range           | 0.2         |
|    entropy_loss         | -0.555      |
|    explained_variance   | 0.871       |
|    learning_rate        | 0.000291    |
|    loss                 | -0.00893    |
|    n_updates            | 1270        |
|    policy_gradient_loss | -0.00256    |
|    value_loss           | 4.03e-05    |
-----------------------------------------
------------------------------------------
| rollout/                |              |
|    ep_len_mean          | 4.33e+04     |
|    ep_rew_mean          | 0.0703       |
| time/                   |              |
|    fps                  | 1119         |
|    iterations           | 129          |
|    time_elapsed         | 1416         |
|    total_timesteps      | 1585152      |
| train/                  |              |
|    approx_kl            | 0.0023607044 |
|    clip_fraction        | 0.0156       |
|    clip_range           | 0.2          |
|    entropy_loss         | -0.573       |
|    explained_variance   | 0.868        |
|    learning_rate        | 0.000291     |
|    loss                 | -0.00929     |
|    n_updates            | 1280         |
|    policy_gradient_loss | -0.00187     |
|    value_loss           | 2.8e-05      |
------------------------------------------
------------------------------------------
| rollout/                |              |
|    ep_len_mean          | 4.33e+04     |
|    ep_rew_mean          | 0.0703       |
| time/                   |              |
|    fps                  | 1125         |
|    iterations           | 130          |
|    time_elapsed         | 1419         |
|    total_timesteps      | 1597440      |
| train/                  |              |
|    approx_kl            | 0.0033777386 |
|    clip_fraction        | 0.0292       |
|    clip_range           | 0.2          |
|    entropy_loss         | -0.582       |
|    explained_variance   | 0.636        |
|    learning_rate        | 0.00029      |
|    loss                 | -0.00227     |
|    n_updates            | 1290         |
|    policy_gradient_loss | -0.00194     |
|    value_loss           | 1.67e-05     |
------------------------------------------
------------------------------------------
| rollout/                |              |
|    ep_len_mean          | 4.33e+04     |
|    ep_rew_mean          | 0.0703       |
| time/                   |              |
|    fps                  | 1132         |
|    iterations           | 131          |
|    time_elapsed         | 1421         |
|    total_timesteps      | 1609728      |
| train/                  |              |
|    approx_kl            | 0.0021382954 |
|    clip_fraction        | 0.0211       |
|    clip_range           | 0.2          |
|    entropy_loss         | -0.568       |
|    explained_variance   | 0.839        |
|    learning_rate        | 0.00029      |
|    loss                 | -0.0103      |
|    n_updates            | 1300         |
|    policy_gradient_loss | -0.00143     |
|    value_loss           | 1.29e-05     |
------------------------------------------
------------------------------------------
| rollout/                |              |
|    ep_len_mean          | 4.33e+04     |
|    ep_rew_mean          | 0.0703       |
| time/                   |              |
|    fps                  | 1138         |
|    iterations           | 132          |
|    time_elapsed         | 1424         |
|    total_timesteps      | 1622016      |
| train/                  |              |
|    approx_kl            | 0.0034230498 |
|    clip_fraction        | 0.0207       |
|    clip_range           | 0.2          |
|    entropy_loss         | -0.569       |
|    explained_variance   | 0.837        |
|    learning_rate        | 0.00029      |
|    loss                 | -0.004       |
|    n_updates            | 1310         |
|    policy_gradient_loss | -0.00159     |
|    value_loss           | 1.97e-05     |
------------------------------------------
------------------------------------------
| rollout/                |              |
|    ep_len_mean          | 4.33e+04     |
|    ep_rew_mean          | 0.0703       |
| time/                   |              |
|    fps                  | 1144         |
|    iterations           | 133          |
|    time_elapsed         | 1427         |
|    total_timesteps      | 1634304      |
| train/                  |              |
|    approx_kl            | 0.0029927932 |
|    clip_fraction        | 0.0268       |
|    clip_range           | 0.2          |
|    entropy_loss         | -0.549       |
|    explained_variance   | 0.709        |
|    learning_rate        | 0.00029      |
|    loss                 | -0.007       |
|    n_updates            | 1320         |
|    policy_gradient_loss | -0.00187     |
|    value_loss           | 2.29e-05     |
------------------------------------------
------------------------------------------
| rollout/                |              |
|    ep_len_mean          | 4.33e+04     |
|    ep_rew_mean          | 0.0703       |
| time/                   |              |
|    fps                  | 1151         |
|    iterations           | 134          |
|    time_elapsed         | 1430         |
|    total_timesteps      | 1646592      |
| train/                  |              |
|    approx_kl            | 0.0029017988 |
|    clip_fraction        | 0.0262       |
|    clip_range           | 0.2          |
|    entropy_loss         | -0.589       |
|    explained_variance   | 0.601        |
|    learning_rate        | 0.00029      |
|    loss                 | -0.0115      |
|    n_updates            | 1330         |
|    policy_gradient_loss | -0.00164     |
|    value_loss           | 1.72e-05     |
------------------------------------------
------------------------------------------
| rollout/                |              |
|    ep_len_mean          | 4.33e+04     |
|    ep_rew_mean          | 0.0703       |
| time/                   |              |
|    fps                  | 1157         |
|    iterations           | 135          |
|    time_elapsed         | 1433         |
|    total_timesteps      | 1658880      |
| train/                  |              |
|    approx_kl            | 0.0028968267 |
|    clip_fraction        | 0.0228       |
|    clip_range           | 0.2          |
|    entropy_loss         | -0.553       |
|    explained_variance   | 0.619        |
|    learning_rate        | 0.00029      |
|    loss                 | -0.00949     |
|    n_updates            | 1340         |
|    policy_gradient_loss | -0.00154     |
|    value_loss           | 1.5e-05      |
------------------------------------------
----------------------------------------
| rollout/                |            |
|    ep_len_mean          | 4.33e+04   |
|    ep_rew_mean          | 0.0703     |
| time/                   |            |
|    fps                  | 1163       |
|    iterations           | 136        |
|    time_elapsed         | 1436       |
|    total_timesteps      | 1671168    |
| train/                  |            |
|    approx_kl            | 0.00301477 |
|    clip_fraction        | 0.0261     |
|    clip_range           | 0.2        |
|    entropy_loss         | -0.477     |
|    explained_variance   | 0.569      |
|    learning_rate        | 0.00029    |
|    loss                 | -0.00181   |
|    n_updates            | 1350       |
|    policy_gradient_loss | -0.00249   |
|    value_loss           | 3.45e-05   |
----------------------------------------
------------------------------------------
| rollout/                |              |
|    ep_len_mean          | 4.33e+04     |
|    ep_rew_mean          | 0.0703       |
| time/                   |              |
|    fps                  | 1169         |
|    iterations           | 137          |
|    time_elapsed         | 1439         |
|    total_timesteps      | 1683456      |
| train/                  |              |
|    approx_kl            | 0.0027409333 |
|    clip_fraction        | 0.0183       |
|    clip_range           | 0.2          |
|    entropy_loss         | -0.582       |
|    explained_variance   | 0.694        |
|    learning_rate        | 0.00029      |
|    loss                 | -0.0112      |
|    n_updates            | 1360         |
|    policy_gradient_loss | -0.0016      |
|    value_loss           | 2.83e-05     |
------------------------------------------
------------------------------------------
| rollout/                |              |
|    ep_len_mean          | 4.33e+04     |
|    ep_rew_mean          | 0.0703       |
| time/                   |              |
|    fps                  | 1176         |
|    iterations           | 138          |
|    time_elapsed         | 1441         |
|    total_timesteps      | 1695744      |
| train/                  |              |
|    approx_kl            | 0.0034717128 |
|    clip_fraction        | 0.035        |
|    clip_range           | 0.2          |
|    entropy_loss         | -0.567       |
|    explained_variance   | 0.455        |
|    learning_rate        | 0.00029      |
|    loss                 | -0.011       |
|    n_updates            | 1370         |
|    policy_gradient_loss | -0.00245     |
|    value_loss           | 1.8e-05      |
------------------------------------------
------------------------------------------
| rollout/                |              |
|    ep_len_mean          | 4.33e+04     |
|    ep_rew_mean          | 0.0703       |
| time/                   |              |
|    fps                  | 1182         |
|    iterations           | 139          |
|    time_elapsed         | 1444         |
|    total_timesteps      | 1708032      |
| train/                  |              |
|    approx_kl            | 0.0038040858 |
|    clip_fraction        | 0.0265       |
|    clip_range           | 0.2          |
|    entropy_loss         | -0.548       |
|    explained_variance   | 0.984        |
|    learning_rate        | 0.00029      |
|    loss                 | -0.0114      |
|    n_updates            | 1380         |
|    policy_gradient_loss | -0.00159     |
|    value_loss           | 4.49e-05     |
------------------------------------------
------------------------------------------
| rollout/                |              |
|    ep_len_mean          | 4.33e+04     |
|    ep_rew_mean          | 0.0703       |
| time/                   |              |
|    fps                  | 1188         |
|    iterations           | 140          |
|    time_elapsed         | 1447         |
|    total_timesteps      | 1720320      |
| train/                  |              |
|    approx_kl            | 0.0025223426 |
|    clip_fraction        | 0.024        |
|    clip_range           | 0.2          |
|    entropy_loss         | -0.535       |
|    explained_variance   | 0.989        |
|    learning_rate        | 0.00029      |
|    loss                 | -0.00693     |
|    n_updates            | 1390         |
|    policy_gradient_loss | -0.00188     |
|    value_loss           | 4.34e-05     |
------------------------------------------
------------------------------------------
| rollout/                |              |
|    ep_len_mean          | 4.33e+04     |
|    ep_rew_mean          | 0.0703       |
| time/                   |              |
|    fps                  | 1194         |
|    iterations           | 141          |
|    time_elapsed         | 1450         |
|    total_timesteps      | 1732608      |
| train/                  |              |
|    approx_kl            | 0.0020750044 |
|    clip_fraction        | 0.0164       |
|    clip_range           | 0.2          |
|    entropy_loss         | -0.538       |
|    explained_variance   | 0.99         |
|    learning_rate        | 0.00029      |
|    loss                 | -0.00492     |
|    n_updates            | 1400         |
|    policy_gradient_loss | -0.00171     |
|    value_loss           | 1.8e-05      |
------------------------------------------
------------------------------------------
| rollout/                |              |
|    ep_len_mean          | 4.33e+04     |
|    ep_rew_mean          | 0.0703       |
| time/                   |              |
|    fps                  | 1200         |
|    iterations           | 142          |
|    time_elapsed         | 1453         |
|    total_timesteps      | 1744896      |
| train/                  |              |
|    approx_kl            | 0.0017725187 |
|    clip_fraction        | 0.0118       |
|    clip_range           | 0.2          |
|    entropy_loss         | -0.479       |
|    explained_variance   | 0.98         |
|    learning_rate        | 0.00029      |
|    loss                 | -0.00585     |
|    n_updates            | 1410         |
|    policy_gradient_loss | -0.00122     |
|    value_loss           | 3.91e-05     |
------------------------------------------
----------------------------------------
| rollout/                |            |
|    ep_len_mean          | 4.33e+04   |
|    ep_rew_mean          | 0.0703     |
| time/                   |            |
|    fps                  | 1206       |
|    iterations           | 143        |
|    time_elapsed         | 1456       |
|    total_timesteps      | 1757184    |
| train/                  |            |
|    approx_kl            | 0.00216914 |
|    clip_fraction        | 0.0152     |
|    clip_range           | 0.2        |
|    entropy_loss         | -0.512     |
|    explained_variance   | 0.975      |
|    learning_rate        | 0.00029    |
|    loss                 | -0.00667   |
|    n_updates            | 1420       |
|    policy_gradient_loss | -0.000959  |
|    value_loss           | 5.47e-05   |
----------------------------------------
------------------------------------------
| rollout/                |              |
|    ep_len_mean          | 4.33e+04     |
|    ep_rew_mean          | 0.0703       |
| time/                   |              |
|    fps                  | 1212         |
|    iterations           | 144          |
|    time_elapsed         | 1459         |
|    total_timesteps      | 1769472      |
| train/                  |              |
|    approx_kl            | 0.0020715666 |
|    clip_fraction        | 0.0233       |
|    clip_range           | 0.2          |
|    entropy_loss         | -0.394       |
|    explained_variance   | 0.984        |
|    learning_rate        | 0.000289     |
|    loss                 | -0.00771     |
|    n_updates            | 1430         |
|    policy_gradient_loss | -0.00133     |
|    value_loss           | 3.66e-05     |
------------------------------------------
-----------------------------------------
| rollout/                |             |
|    ep_len_mean          | 4.33e+04    |
|    ep_rew_mean          | 0.0703      |
| time/                   |             |
|    fps                  | 1218        |
|    iterations           | 145         |
|    time_elapsed         | 1462        |
|    total_timesteps      | 1781760     |
| train/                  |             |
|    approx_kl            | 0.002647512 |
|    clip_fraction        | 0.0302      |
|    clip_range           | 0.2         |
|    entropy_loss         | -0.464      |
|    explained_variance   | 0.99        |
|    learning_rate        | 0.000289    |
|    loss                 | -0.0127     |
|    n_updates            | 1440        |
|    policy_gradient_loss | -0.002      |
|    value_loss           | 3.33e-05    |
-----------------------------------------
------------------------------------------
| rollout/                |              |
|    ep_len_mean          | 4.33e+04     |
|    ep_rew_mean          | 0.0703       |
| time/                   |              |
|    fps                  | 1224         |
|    iterations           | 146          |
|    time_elapsed         | 1465         |
|    total_timesteps      | 1794048      |
| train/                  |              |
|    approx_kl            | 0.0028470233 |
|    clip_fraction        | 0.0204       |
|    clip_range           | 0.2          |
|    entropy_loss         | -0.475       |
|    explained_variance   | 0.993        |
|    learning_rate        | 0.000289     |
|    loss                 | -0.00793     |
|    n_updates            | 1450         |
|    policy_gradient_loss | -0.00163     |
|    value_loss           | 1.99e-05     |
------------------------------------------
------------------------------------------
| rollout/                |              |
|    ep_len_mean          | 4.33e+04     |
|    ep_rew_mean          | 0.0703       |
| time/                   |              |
|    fps                  | 1230         |
|    iterations           | 147          |
|    time_elapsed         | 1468         |
|    total_timesteps      | 1806336      |
| train/                  |              |
|    approx_kl            | 0.0023520717 |
|    clip_fraction        | 0.0232       |
|    clip_range           | 0.2          |
|    entropy_loss         | -0.477       |
|    explained_variance   | 0.99         |
|    learning_rate        | 0.000289     |
|    loss                 | -0.00543     |
|    n_updates            | 1460         |
|    policy_gradient_loss | -0.0015      |
|    value_loss           | 3.21e-05     |
------------------------------------------
------------------------------------------
| rollout/                |              |
|    ep_len_mean          | 4.33e+04     |
|    ep_rew_mean          | 0.0927       |
| time/                   |              |
|    fps                  | 1236         |
|    iterations           | 148          |
|    time_elapsed         | 1471         |
|    total_timesteps      | 1818624      |
| train/                  |              |
|    approx_kl            | 0.0030096283 |
|    clip_fraction        | 0.024        |
|    clip_range           | 0.2          |
|    entropy_loss         | -0.462       |
|    explained_variance   | 0.995        |
|    learning_rate        | 0.000289     |
|    loss                 | -0.00714     |
|    n_updates            | 1470         |
|    policy_gradient_loss | -0.00175     |
|    value_loss           | 2.27e-05     |
------------------------------------------
------------------------------------------
| rollout/                |              |
|    ep_len_mean          | 4.33e+04     |
|    ep_rew_mean          | 0.1          |
| time/                   |              |
|    fps                  | 1242         |
|    iterations           | 149          |
|    time_elapsed         | 1474         |
|    total_timesteps      | 1830912      |
| train/                  |              |
|    approx_kl            | 0.0013343729 |
|    clip_fraction        | 0.011        |
|    clip_range           | 0.2          |
|    entropy_loss         | -0.43        |
|    explained_variance   | 0.993        |
|    learning_rate        | 0.000289     |
|    loss                 | -0.0102      |
|    n_updates            | 1480         |
|    policy_gradient_loss | -0.000765    |
|    value_loss           | 2.26e-05     |
------------------------------------------
------------------------------------------
| rollout/                |              |
|    ep_len_mean          | 4.33e+04     |
|    ep_rew_mean          | 0.1          |
| time/                   |              |
|    fps                  | 1247         |
|    iterations           | 150          |
|    time_elapsed         | 1476         |
|    total_timesteps      | 1843200      |
| train/                  |              |
|    approx_kl            | 0.0020849498 |
|    clip_fraction        | 0.0199       |
|    clip_range           | 0.2          |
|    entropy_loss         | -0.394       |
|    explained_variance   | 0.986        |
|    learning_rate        | 0.000289     |
|    loss                 | -0.00301     |
|    n_updates            | 1490         |
|    policy_gradient_loss | -0.00233     |
|    value_loss           | 2.91e-05     |
------------------------------------------
------------------------------------------
| rollout/                |              |
|    ep_len_mean          | 4.33e+04     |
|    ep_rew_mean          | 0.1          |
| time/                   |              |
|    fps                  | 1253         |
|    iterations           | 151          |
|    time_elapsed         | 1479         |
|    total_timesteps      | 1855488      |
| train/                  |              |
|    approx_kl            | 0.0026879536 |
|    clip_fraction        | 0.0328       |
|    clip_range           | 0.2          |
|    entropy_loss         | -0.483       |
|    explained_variance   | 0.981        |
|    learning_rate        | 0.000289     |
|    loss                 | -0.0115      |
|    n_updates            | 1500         |
|    policy_gradient_loss | -0.00266     |
|    value_loss           | 3.57e-05     |
------------------------------------------
-----------------------------------------
| rollout/                |             |
|    ep_len_mean          | 4.33e+04    |
|    ep_rew_mean          | 0.1         |
| time/                   |             |
|    fps                  | 1259        |
|    iterations           | 152         |
|    time_elapsed         | 1482        |
|    total_timesteps      | 1867776     |
| train/                  |             |
|    approx_kl            | 0.003665148 |
|    clip_fraction        | 0.0387      |
|    clip_range           | 0.2         |
|    entropy_loss         | -0.488      |
|    explained_variance   | 0.977       |
|    learning_rate        | 0.000289    |
|    loss                 | 0.0018      |
|    n_updates            | 1510        |
|    policy_gradient_loss | -0.00275    |
|    value_loss           | 3.94e-05    |
-----------------------------------------
-----------------------------------------
| rollout/                |             |
|    ep_len_mean          | 4.35e+04    |
|    ep_rew_mean          | 0.118       |
| time/                   |             |
|    fps                  | 1265        |
|    iterations           | 153         |
|    time_elapsed         | 1485        |
|    total_timesteps      | 1880064     |
| train/                  |             |
|    approx_kl            | 0.003430537 |
|    clip_fraction        | 0.0233      |
|    clip_range           | 0.2         |
|    entropy_loss         | -0.517      |
|    explained_variance   | 0.984       |
|    learning_rate        | 0.000289    |
|    loss                 | -0.0157     |
|    n_updates            | 1520        |
|    policy_gradient_loss | -0.00141    |
|    value_loss           | 2.87e-05    |
-----------------------------------------
------------------------------------------
| rollout/                |              |
|    ep_len_mean          | 4.35e+04     |
|    ep_rew_mean          | 0.118        |
| time/                   |              |
|    fps                  | 1271         |
|    iterations           | 154          |
|    time_elapsed         | 1488         |
|    total_timesteps      | 1892352      |
| train/                  |              |
|    approx_kl            | 0.0026308142 |
|    clip_fraction        | 0.0173       |
|    clip_range           | 0.2          |
|    entropy_loss         | -0.512       |
|    explained_variance   | 0.984        |
|    learning_rate        | 0.000289     |
|    loss                 | -0.00929     |
|    n_updates            | 1530         |
|    policy_gradient_loss | -0.0013      |
|    value_loss           | 5.12e-05     |
------------------------------------------
------------------------------------------
| rollout/                |              |
|    ep_len_mean          | 4.35e+04     |
|    ep_rew_mean          | 0.118        |
| time/                   |              |
|    fps                  | 1277         |
|    iterations           | 155          |
|    time_elapsed         | 1491         |
|    total_timesteps      | 1904640      |
| train/                  |              |
|    approx_kl            | 0.0035630509 |
|    clip_fraction        | 0.0271       |
|    clip_range           | 0.2          |
|    entropy_loss         | -0.527       |
|    explained_variance   | 0.987        |
|    learning_rate        | 0.000289     |
|    loss                 | -0.00674     |
|    n_updates            | 1540         |
|    policy_gradient_loss | -0.00145     |
|    value_loss           | 3.17e-05     |
------------------------------------------
------------------------------------------
| rollout/                |              |
|    ep_len_mean          | 4.35e+04     |
|    ep_rew_mean          | 0.118        |
| time/                   |              |
|    fps                  | 1282         |
|    iterations           | 156          |
|    time_elapsed         | 1494         |
|    total_timesteps      | 1916928      |
| train/                  |              |
|    approx_kl            | 0.0024643636 |
|    clip_fraction        | 0.0221       |
|    clip_range           | 0.2          |
|    entropy_loss         | -0.533       |
|    explained_variance   | 0.975        |
|    learning_rate        | 0.000289     |
|    loss                 | -0.0088      |
|    n_updates            | 1550         |
|    policy_gradient_loss | -0.00148     |
|    value_loss           | 2.4e-05      |
------------------------------------------
------------------------------------------
| rollout/                |              |
|    ep_len_mean          | 4.35e+04     |
|    ep_rew_mean          | 0.118        |
| time/                   |              |
|    fps                  | 1288         |
|    iterations           | 157          |
|    time_elapsed         | 1497         |
|    total_timesteps      | 1929216      |
| train/                  |              |
|    approx_kl            | 0.0032110375 |
|    clip_fraction        | 0.0311       |
|    clip_range           | 0.2          |
|    entropy_loss         | -0.555       |
|    explained_variance   | 0.942        |
|    learning_rate        | 0.000288     |
|    loss                 | -0.00629     |
|    n_updates            | 1560         |
|    policy_gradient_loss | -0.00227     |
|    value_loss           | 5.41e-05     |
------------------------------------------
------------------------------------------
| rollout/                |              |
|    ep_len_mean          | 4.35e+04     |
|    ep_rew_mean          | 0.118        |
| time/                   |              |
|    fps                  | 1294         |
|    iterations           | 158          |
|    time_elapsed         | 1499         |
|    total_timesteps      | 1941504      |
| train/                  |              |
|    approx_kl            | 0.0020836217 |
|    clip_fraction        | 0.0126       |
|    clip_range           | 0.2          |
|    entropy_loss         | -0.508       |
|    explained_variance   | 0.954        |
|    learning_rate        | 0.000288     |
|    loss                 | -0.00597     |
|    n_updates            | 1570         |
|    policy_gradient_loss | -0.00123     |
|    value_loss           | 4.14e-05     |
------------------------------------------
----------------------------------------
| rollout/                |            |
|    ep_len_mean          | 4.35e+04   |
|    ep_rew_mean          | 0.118      |
| time/                   |            |
|    fps                  | 1300       |
|    iterations           | 159        |
|    time_elapsed         | 1502       |
|    total_timesteps      | 1953792    |
| train/                  |            |
|    approx_kl            | 0.00222542 |
|    clip_fraction        | 0.0232     |
|    clip_range           | 0.2        |
|    entropy_loss         | -0.525     |
|    explained_variance   | 0.969      |
|    learning_rate        | 0.000288   |
|    loss                 | -0.00867   |
|    n_updates            | 1580       |
|    policy_gradient_loss | -0.00158   |
|    value_loss           | 3.04e-05   |
----------------------------------------
------------------------------------------
| rollout/                |              |
|    ep_len_mean          | 4.35e+04     |
|    ep_rew_mean          | 0.118        |
| time/                   |              |
|    fps                  | 1305         |
|    iterations           | 160          |
|    time_elapsed         | 1505         |
|    total_timesteps      | 1966080      |
| train/                  |              |
|    approx_kl            | 0.0018626135 |
|    clip_fraction        | 0.0132       |
|    clip_range           | 0.2          |
|    entropy_loss         | -0.48        |
|    explained_variance   | 0.95         |
|    learning_rate        | 0.000288     |
|    loss                 | -0.00589     |
|    n_updates            | 1590         |
|    policy_gradient_loss | -0.00126     |
|    value_loss           | 4.29e-05     |
------------------------------------------
------------------------------------------
| rollout/                |              |
|    ep_len_mean          | 4.35e+04     |
|    ep_rew_mean          | 0.118        |
| time/                   |              |
|    fps                  | 1311         |
|    iterations           | 161          |
|    time_elapsed         | 1508         |
|    total_timesteps      | 1978368      |
| train/                  |              |
|    approx_kl            | 0.0021407495 |
|    clip_fraction        | 0.0218       |
|    clip_range           | 0.2          |
|    entropy_loss         | -0.516       |
|    explained_variance   | 0.943        |
|    learning_rate        | 0.000288     |
|    loss                 | -0.00578     |
|    n_updates            | 1600         |
|    policy_gradient_loss | -0.00125     |
|    value_loss           | 4.39e-05     |
------------------------------------------
------------------------------------------
| rollout/                |              |
|    ep_len_mean          | 4.35e+04     |
|    ep_rew_mean          | 0.118        |
| time/                   |              |
|    fps                  | 1317         |
|    iterations           | 162          |
|    time_elapsed         | 1511         |
|    total_timesteps      | 1990656      |
| train/                  |              |
|    approx_kl            | 0.0036903427 |
|    clip_fraction        | 0.033        |
|    clip_range           | 0.2          |
|    entropy_loss         | -0.539       |
|    explained_variance   | 0.976        |
|    learning_rate        | 0.000288     |
|    loss                 | -0.00734     |
|    n_updates            | 1610         |
|    policy_gradient_loss | -0.00164     |
|    value_loss           | 1.93e-05     |
------------------------------------------
-----------------------------------------------------
| rollout/                           |              |
|    ep_len_mean                     | 4.35e+04     |
|    ep_rew_mean                     | 0.118        |
| time/                              |              |
|    fps                             | 1076         |
|    iterations                      | 163          |
|    time_elapsed                    | 1860         |
|    total_timesteps                 | 2002944      |
| train/                             |              |
|    approx_kl                       | 0.0016051261 |
|    clip_fraction                   | 0.0168       |
|    clip_range                      | 0.2          |
|    entropy_loss                    | -0.507       |
|    explained_variance              | 0.956        |
|    learning_rate                   | 0.000288     |
|    loss                            | -0.00959     |
|    n_updates                       | 1620         |
|    policy_gradient_loss            | -0.000905    |
|    value_loss                      | 3.36e-05     |
| valid/                             |              |
|    BTC-USDT-SWAP/compound_mdd_pct  | 11.5         |
|    BTC-USDT-SWAP/compound_multiple | 0            |
|    BTC-USDT-SWAP/max_single_loss   | -100         |
|    BTC-USDT-SWAP/near_liq_n        | 1            |
|    BTC-USDT-SWAP/near_liq_pct      | 0.00224      |
|    BTC-USDT-SWAP/pnl_std           | 4.95         |
|    BTC-USDT-SWAP/sel_monthly_log   | -1.02        |
|    BTC-USDT-SWAP/total_pnl         | -63.4        |
|    BTC-USDT-SWAP/trades            | 446          |
|    BTC-USDT-SWAP/trades_per_month  | 37.7         |
|    BTC-USDT-SWAP/v9_score          | 577          |
|    BTC-USDT-SWAP/win_rate          | 0.65         |
|    ETH-USDT-SWAP/compound_mdd_pct  | 1.16         |
|    ETH-USDT-SWAP/compound_multiple | 0            |
|    ETH-USDT-SWAP/max_single_loss   | -100         |
|    ETH-USDT-SWAP/near_liq_n        | 3            |
|    ETH-USDT-SWAP/near_liq_pct      | 0.00461      |
|    ETH-USDT-SWAP/pnl_std           | 7.3          |
|    ETH-USDT-SWAP/total_pnl         | 13.3         |
|    ETH-USDT-SWAP/trades            | 651          |
|    ETH-USDT-SWAP/trades_per_month  | 55.1         |
|    ETH-USDT-SWAP/v9_score          | 735          |
|    ETH-USDT-SWAP/win_rate          | 0.734        |
|    min_v9_score                    | 577          |
-----------------------------------------------------
------------------------------------------
| rollout/                |              |
|    ep_len_mean          | 4.35e+04     |
|    ep_rew_mean          | 0.118        |
| time/                   |              |
|    fps                  | 1081         |
|    iterations           | 164          |
|    time_elapsed         | 1863         |
|    total_timesteps      | 2015232      |
| train/                  |              |
|    approx_kl            | 0.0027066811 |
|    clip_fraction        | 0.0289       |
|    clip_range           | 0.2          |
|    entropy_loss         | -0.521       |
|    explained_variance   | 0.961        |
|    learning_rate        | 0.000288     |
|    loss                 | -0.0138      |
|    n_updates            | 1630         |
|    policy_gradient_loss | -0.00181     |
|    value_loss           | 2.31e-05     |
------------------------------------------
-----------------------------------------
| rollout/                |             |
|    ep_len_mean          | 4.35e+04    |
|    ep_rew_mean          | 0.118       |
| time/                   |             |
|    fps                  | 1086        |
|    iterations           | 165         |
|    time_elapsed         | 1866        |
|    total_timesteps      | 2027520     |
| train/                  |             |
|    approx_kl            | 0.002589996 |
|    clip_fraction        | 0.0161      |
|    clip_range           | 0.2         |
|    entropy_loss         | -0.536      |
|    explained_variance   | 0.98        |
|    learning_rate        | 0.000288    |
|    loss                 | -0.00556    |
|    n_updates            | 1640        |
|    policy_gradient_loss | -0.00146    |
|    value_loss           | 1.94e-05    |
-----------------------------------------
------------------------------------------
| rollout/                |              |
|    ep_len_mean          | 4.35e+04     |
|    ep_rew_mean          | 0.118        |
| time/                   |              |
|    fps                  | 1091         |
|    iterations           | 166          |
|    time_elapsed         | 1868         |
|    total_timesteps      | 2039808      |
| train/                  |              |
|    approx_kl            | 0.0015327042 |
|    clip_fraction        | 0.0123       |
|    clip_range           | 0.2          |
|    entropy_loss         | -0.494       |
|    explained_variance   | 0.977        |
|    learning_rate        | 0.000288     |
|    loss                 | -0.00894     |
|    n_updates            | 1650         |
|    policy_gradient_loss | -0.00108     |
|    value_loss           | 3.99e-05     |
------------------------------------------
------------------------------------------
| rollout/                |              |
|    ep_len_mean          | 4.35e+04     |
|    ep_rew_mean          | 0.118        |
| time/                   |              |
|    fps                  | 1096         |
|    iterations           | 167          |
|    time_elapsed         | 1871         |
|    total_timesteps      | 2052096      |
| train/                  |              |
|    approx_kl            | 0.0024229088 |
|    clip_fraction        | 0.0165       |
|    clip_range           | 0.2          |
|    entropy_loss         | -0.499       |
|    explained_variance   | 0.985        |
|    learning_rate        | 0.000288     |
|    loss                 | -0.00895     |
|    n_updates            | 1660         |
|    policy_gradient_loss | -0.00121     |
|    value_loss           | 2.03e-05     |
------------------------------------------
------------------------------------------
| rollout/                |              |
|    ep_len_mean          | 4.35e+04     |
|    ep_rew_mean          | 0.118        |
| time/                   |              |
|    fps                  | 1101         |
|    iterations           | 168          |
|    time_elapsed         | 1874         |
|    total_timesteps      | 2064384      |
| train/                  |              |
|    approx_kl            | 0.0017772181 |
|    clip_fraction        | 0.0157       |
|    clip_range           | 0.2          |
|    entropy_loss         | -0.514       |
|    explained_variance   | 0.982        |
|    learning_rate        | 0.000288     |
|    loss                 | -0.00658     |
|    n_updates            | 1670         |
|    policy_gradient_loss | -0.00132     |
|    value_loss           | 2.33e-05     |
------------------------------------------
-----------------------------------------
| rollout/                |             |
|    ep_len_mean          | 4.35e+04    |
|    ep_rew_mean          | 0.126       |
| time/                   |             |
|    fps                  | 1105        |
|    iterations           | 169         |
|    time_elapsed         | 1877        |
|    total_timesteps      | 2076672     |
| train/                  |             |
|    approx_kl            | 0.002848354 |
|    clip_fraction        | 0.029       |
|    clip_range           | 0.2         |
|    entropy_loss         | -0.515      |
|    explained_variance   | 0.989       |
|    learning_rate        | 0.000288    |
|    loss                 | -0.00916    |
|    n_updates            | 1680        |
|    policy_gradient_loss | -0.00301    |
|    value_loss           | 1.03e-05    |
-----------------------------------------
------------------------------------------
| rollout/                |              |
|    ep_len_mean          | 4.35e+04     |
|    ep_rew_mean          | 0.129        |
| time/                   |              |
|    fps                  | 1110         |
|    iterations           | 170          |
|    time_elapsed         | 1881         |
|    total_timesteps      | 2088960      |
| train/                  |              |
|    approx_kl            | 0.0029422033 |
|    clip_fraction        | 0.0237       |
|    clip_range           | 0.2          |
|    entropy_loss         | -0.487       |
|    explained_variance   | 0.977        |
|    learning_rate        | 0.000288     |
|    loss                 | -0.00358     |
|    n_updates            | 1690         |
|    policy_gradient_loss | -0.0023      |
|    value_loss           | 2.34e-05     |
------------------------------------------
------------------------------------------
| rollout/                |              |
|    ep_len_mean          | 4.35e+04     |
|    ep_rew_mean          | 0.129        |
| time/                   |              |
|    fps                  | 1114         |
|    iterations           | 171          |
|    time_elapsed         | 1884         |
|    total_timesteps      | 2101248      |
| train/                  |              |
|    approx_kl            | 0.0037310373 |
|    clip_fraction        | 0.0209       |
|    clip_range           | 0.2          |
|    entropy_loss         | -0.523       |
|    explained_variance   | 0.97         |
|    learning_rate        | 0.000287     |
|    loss                 | -0.00767     |
|    n_updates            | 1700         |
|    policy_gradient_loss | -0.0011      |
|    value_loss           | 2.38e-05     |
------------------------------------------
------------------------------------------
| rollout/                |              |
|    ep_len_mean          | 4.35e+04     |
|    ep_rew_mean          | 0.129        |
| time/                   |              |
|    fps                  | 1119         |
|    iterations           | 172          |
|    time_elapsed         | 1887         |
|    total_timesteps      | 2113536      |
| train/                  |              |
|    approx_kl            | 0.0023129769 |
|    clip_fraction        | 0.0146       |
|    clip_range           | 0.2          |
|    entropy_loss         | -0.505       |
|    explained_variance   | 0.965        |
|    learning_rate        | 0.000287     |
|    loss                 | -0.00549     |
|    n_updates            | 1710         |
|    policy_gradient_loss | -0.00155     |
|    value_loss           | 3.38e-05     |
------------------------------------------
------------------------------------------
| rollout/                |              |
|    ep_len_mean          | 4.35e+04     |
|    ep_rew_mean          | 0.129        |
| time/                   |              |
|    fps                  | 1124         |
|    iterations           | 173          |
|    time_elapsed         | 1890         |
|    total_timesteps      | 2125824      |
| train/                  |              |
|    approx_kl            | 0.0024445427 |
|    clip_fraction        | 0.0248       |
|    clip_range           | 0.2          |
|    entropy_loss         | -0.492       |
|    explained_variance   | 0.979        |
|    learning_rate        | 0.000287     |
|    loss                 | -0.0059      |
|    n_updates            | 1720         |
|    policy_gradient_loss | -0.00141     |
|    value_loss           | 2.5e-05      |
------------------------------------------
------------------------------------------
| rollout/                |              |
|    ep_len_mean          | 4.35e+04     |
|    ep_rew_mean          | 0.13         |
| time/                   |              |
|    fps                  | 1129         |
|    iterations           | 174          |
|    time_elapsed         | 1893         |
|    total_timesteps      | 2138112      |
| train/                  |              |
|    approx_kl            | 0.0013829317 |
|    clip_fraction        | 0.0117       |
|    clip_range           | 0.2          |
|    entropy_loss         | -0.498       |
|    explained_variance   | 0.985        |
|    learning_rate        | 0.000287     |
|    loss                 | -0.00954     |
|    n_updates            | 1730         |
|    policy_gradient_loss | -0.00103     |
|    value_loss           | 1.53e-05     |
------------------------------------------
------------------------------------------
| rollout/                |              |
|    ep_len_mean          | 4.35e+04     |
|    ep_rew_mean          | 0.13         |
| time/                   |              |
|    fps                  | 1133         |
|    iterations           | 175          |
|    time_elapsed         | 1896         |
|    total_timesteps      | 2150400      |
| train/                  |              |
|    approx_kl            | 0.0041553774 |
|    clip_fraction        | 0.041        |
|    clip_range           | 0.2          |
|    entropy_loss         | -0.511       |
|    explained_variance   | 0.971        |
|    learning_rate        | 0.000287     |
|    loss                 | -0.00311     |
|    n_updates            | 1740         |
|    policy_gradient_loss | -0.00188     |
|    value_loss           | 2.35e-05     |
------------------------------------------
-----------------------------------------
| rollout/                |             |
|    ep_len_mean          | 4.35e+04    |
|    ep_rew_mean          | 0.13        |
| time/                   |             |
|    fps                  | 1138        |
|    iterations           | 176         |
|    time_elapsed         | 1899        |
|    total_timesteps      | 2162688     |
| train/                  |             |
|    approx_kl            | 0.001869653 |
|    clip_fraction        | 0.0111      |
|    clip_range           | 0.2         |
|    entropy_loss         | -0.493      |
|    explained_variance   | 0.94        |
|    learning_rate        | 0.000287    |
|    loss                 | -0.00467    |
|    n_updates            | 1750        |
|    policy_gradient_loss | -0.00131    |
|    value_loss           | 4.7e-05     |
-----------------------------------------
------------------------------------------
| rollout/                |              |
|    ep_len_mean          | 4.38e+04     |
|    ep_rew_mean          | 0.121        |
| time/                   |              |
|    fps                  | 1143         |
|    iterations           | 177          |
|    time_elapsed         | 1902         |
|    total_timesteps      | 2174976      |
| train/                  |              |
|    approx_kl            | 0.0019085025 |
|    clip_fraction        | 0.017        |
|    clip_range           | 0.2          |
|    entropy_loss         | -0.515       |
|    explained_variance   | 0.966        |
|    learning_rate        | 0.000287     |
|    loss                 | -0.00596     |
|    n_updates            | 1760         |
|    policy_gradient_loss | -0.00123     |
|    value_loss           | 3.02e-05     |
------------------------------------------
------------------------------------------
| rollout/                |              |
|    ep_len_mean          | 4.38e+04     |
|    ep_rew_mean          | 0.121        |
| time/                   |              |
|    fps                  | 1148         |
|    iterations           | 178          |
|    time_elapsed         | 1905         |
|    total_timesteps      | 2187264      |
| train/                  |              |
|    approx_kl            | 0.0027862072 |
|    clip_fraction        | 0.0277       |
|    clip_range           | 0.2          |
|    entropy_loss         | -0.504       |
|    explained_variance   | 0.957        |
|    learning_rate        | 0.000287     |
|    loss                 | -0.0116      |
|    n_updates            | 1770         |
|    policy_gradient_loss | -0.00231     |
|    value_loss           | 4.29e-05     |
------------------------------------------
------------------------------------------
| rollout/                |              |
|    ep_len_mean          | 4.38e+04     |
|    ep_rew_mean          | 0.121        |
| time/                   |              |
|    fps                  | 1152         |
|    iterations           | 179          |
|    time_elapsed         | 1908         |
|    total_timesteps      | 2199552      |
| train/                  |              |
|    approx_kl            | 0.0016316101 |
|    clip_fraction        | 0.0107       |
|    clip_range           | 0.2          |
|    entropy_loss         | -0.482       |
|    explained_variance   | 0.963        |
|    learning_rate        | 0.000287     |
|    loss                 | -0.00393     |
|    n_updates            | 1780         |
|    policy_gradient_loss | -0.000547    |
|    value_loss           | 5.45e-05     |
------------------------------------------
------------------------------------------
| rollout/                |              |
|    ep_len_mean          | 4.38e+04     |
|    ep_rew_mean          | 0.121        |
| time/                   |              |
|    fps                  | 1157         |
|    iterations           | 180          |
|    time_elapsed         | 1911         |
|    total_timesteps      | 2211840      |
| train/                  |              |
|    approx_kl            | 0.0011381769 |
|    clip_fraction        | 0.012        |
|    clip_range           | 0.2          |
|    entropy_loss         | -0.461       |
|    explained_variance   | 0.456        |
|    learning_rate        | 0.000287     |
|    loss                 | -0.00951     |
|    n_updates            | 1790         |
|    policy_gradient_loss | -0.0013      |
|    value_loss           | 0.000284     |
------------------------------------------
------------------------------------------
| rollout/                |              |
|    ep_len_mean          | 4.38e+04     |
|    ep_rew_mean          | 0.121        |
| time/                   |              |
|    fps                  | 1162         |
|    iterations           | 181          |
|    time_elapsed         | 1913         |
|    total_timesteps      | 2224128      |
| train/                  |              |
|    approx_kl            | 0.0026216472 |
|    clip_fraction        | 0.0151       |
|    clip_range           | 0.2          |
|    entropy_loss         | -0.513       |
|    explained_variance   | 0.869        |
|    learning_rate        | 0.000287     |
|    loss                 | -0.007       |
|    n_updates            | 1800         |
|    policy_gradient_loss | -0.000917    |
|    value_loss           | 3.45e-05     |
------------------------------------------
------------------------------------------
| rollout/                |              |
|    ep_len_mean          | 4.38e+04     |
|    ep_rew_mean          | 0.121        |
| time/                   |              |
|    fps                  | 1166         |
|    iterations           | 182          |
|    time_elapsed         | 1916         |
|    total_timesteps      | 2236416      |
| train/                  |              |
|    approx_kl            | 0.0039950088 |
|    clip_fraction        | 0.0332       |
|    clip_range           | 0.2          |
|    entropy_loss         | -0.528       |
|    explained_variance   | 0.845        |
|    learning_rate        | 0.000287     |
|    loss                 | -0.00367     |
|    n_updates            | 1810         |
|    policy_gradient_loss | -0.00174     |
|    value_loss           | 8.4e-05      |
------------------------------------------
-----------------------------------------
| rollout/                |             |
|    ep_len_mean          | 4.38e+04    |
|    ep_rew_mean          | 0.121       |
| time/                   |             |
|    fps                  | 1171        |
|    iterations           | 183         |
|    time_elapsed         | 1919        |
|    total_timesteps      | 2248704     |
| train/                  |             |
|    approx_kl            | 0.002739762 |
|    clip_fraction        | 0.0123      |
|    clip_range           | 0.2         |
|    entropy_loss         | -0.547      |
|    explained_variance   | 0.859       |
|    learning_rate        | 0.000287    |
|    loss                 | -0.00441    |
|    n_updates            | 1820        |
|    policy_gradient_loss | -0.00128    |
|    value_loss           | 5.31e-05    |
-----------------------------------------
------------------------------------------
| rollout/                |              |
|    ep_len_mean          | 4.54e+04     |
|    ep_rew_mean          | 0.12         |
| time/                   |              |
|    fps                  | 1175         |
|    iterations           | 184          |
|    time_elapsed         | 1922         |
|    total_timesteps      | 2260992      |
| train/                  |              |
|    approx_kl            | 0.0032871552 |
|    clip_fraction        | 0.0286       |
|    clip_range           | 0.2          |
|    entropy_loss         | -0.521       |
|    explained_variance   | 0.903        |
|    learning_rate        | 0.000287     |
|    loss                 | -0.0133      |
|    n_updates            | 1830         |
|    policy_gradient_loss | -0.0022      |
|    value_loss           | 8.07e-05     |
------------------------------------------
------------------------------------------
| rollout/                |              |
|    ep_len_mean          | 4.54e+04     |
|    ep_rew_mean          | 0.12         |
| time/                   |              |
|    fps                  | 1180         |
|    iterations           | 185          |
|    time_elapsed         | 1925         |
|    total_timesteps      | 2273280      |
| train/                  |              |
|    approx_kl            | 0.0025840753 |
|    clip_fraction        | 0.0173       |
|    clip_range           | 0.2          |
|    entropy_loss         | -0.553       |
|    explained_variance   | 0.953        |
|    learning_rate        | 0.000286     |
|    loss                 | -0.0069      |
|    n_updates            | 1840         |
|    policy_gradient_loss | -0.00185     |
|    value_loss           | 0.000125     |
------------------------------------------
------------------------------------------
| rollout/                |              |
|    ep_len_mean          | 4.54e+04     |
|    ep_rew_mean          | 0.12         |
| time/                   |              |
|    fps                  | 1185         |
|    iterations           | 186          |
|    time_elapsed         | 1928         |
|    total_timesteps      | 2285568      |
| train/                  |              |
|    approx_kl            | 0.0022857527 |
|    clip_fraction        | 0.0164       |
|    clip_range           | 0.2          |
|    entropy_loss         | -0.518       |
|    explained_variance   | 0.936        |
|    learning_rate        | 0.000286     |
|    loss                 | -0.00684     |
|    n_updates            | 1850         |
|    policy_gradient_loss | -0.000999    |
|    value_loss           | 5.09e-05     |
------------------------------------------
------------------------------------------
| rollout/                |              |
|    ep_len_mean          | 4.54e+04     |
|    ep_rew_mean          | 0.12         |
| time/                   |              |
|    fps                  | 1189         |
|    iterations           | 187          |
|    time_elapsed         | 1931         |
|    total_timesteps      | 2297856      |
| train/                  |              |
|    approx_kl            | 0.0020631787 |
|    clip_fraction        | 0.023        |
|    clip_range           | 0.2          |
|    entropy_loss         | -0.534       |
|    explained_variance   | 0.931        |
|    learning_rate        | 0.000286     |
|    loss                 | -0.00532     |
|    n_updates            | 1860         |
|    policy_gradient_loss | -0.00175     |
|    value_loss           | 5.1e-05      |
------------------------------------------
------------------------------------------
| rollout/                |              |
|    ep_len_mean          | 4.54e+04     |
|    ep_rew_mean          | 0.12         |
| time/                   |              |
|    fps                  | 1194         |
|    iterations           | 188          |
|    time_elapsed         | 1934         |
|    total_timesteps      | 2310144      |
| train/                  |              |
|    approx_kl            | 0.0033811287 |
|    clip_fraction        | 0.0206       |
|    clip_range           | 0.2          |
|    entropy_loss         | -0.545       |
|    explained_variance   | 0.944        |
|    learning_rate        | 0.000286     |
|    loss                 | -0.00529     |
|    n_updates            | 1870         |
|    policy_gradient_loss | -0.00168     |
|    value_loss           | 5.22e-05     |
------------------------------------------
-----------------------------------------
| rollout/                |             |
|    ep_len_mean          | 4.54e+04    |
|    ep_rew_mean          | 0.12        |
| time/                   |             |
|    fps                  | 1198        |
|    iterations           | 189         |
|    time_elapsed         | 1937        |
|    total_timesteps      | 2322432     |
| train/                  |             |
|    approx_kl            | 0.003606911 |
|    clip_fraction        | 0.0435      |
|    clip_range           | 0.2         |
|    entropy_loss         | -0.525      |
|    explained_variance   | 0.813       |
|    learning_rate        | 0.000286    |
|    loss                 | -0.00838    |
|    n_updates            | 1880        |
|    policy_gradient_loss | -0.00268    |
|    value_loss           | 6.08e-05    |
-----------------------------------------
------------------------------------------
| rollout/                |              |
|    ep_len_mean          | 4.54e+04     |
|    ep_rew_mean          | 0.12         |
| time/                   |              |
|    fps                  | 1203         |
|    iterations           | 190          |
|    time_elapsed         | 1940         |
|    total_timesteps      | 2334720      |
| train/                  |              |
|    approx_kl            | 0.0027988208 |
|    clip_fraction        | 0.0235       |
|    clip_range           | 0.2          |
|    entropy_loss         | -0.487       |
|    explained_variance   | 0.831        |
|    learning_rate        | 0.000286     |
|    loss                 | -0.00824     |
|    n_updates            | 1890         |
|    policy_gradient_loss | -0.002       |
|    value_loss           | 5.59e-05     |
------------------------------------------
------------------------------------------
| rollout/                |              |
|    ep_len_mean          | 4.53e+04     |
|    ep_rew_mean          | 0.101        |
| time/                   |              |
|    fps                  | 1207         |
|    iterations           | 191          |
|    time_elapsed         | 1943         |
|    total_timesteps      | 2347008      |
| train/                  |              |
|    approx_kl            | 0.0026667966 |
|    clip_fraction        | 0.0217       |
|    clip_range           | 0.2          |
|    entropy_loss         | -0.543       |
|    explained_variance   | 0.794        |
|    learning_rate        | 0.000286     |
|    loss                 | -0.0107      |
|    n_updates            | 1900         |
|    policy_gradient_loss | -0.00192     |
|    value_loss           | 4.32e-05     |
------------------------------------------
-----------------------------------------
| rollout/                |             |
|    ep_len_mean          | 4.53e+04    |
|    ep_rew_mean          | 0.101       |
| time/                   |             |
|    fps                  | 1212        |
|    iterations           | 192         |
|    time_elapsed         | 1946        |
|    total_timesteps      | 2359296     |
| train/                  |             |
|    approx_kl            | 0.002654655 |
|    clip_fraction        | 0.0231      |
|    clip_range           | 0.2         |
|    entropy_loss         | -0.584      |
|    explained_variance   | 0.842       |
|    learning_rate        | 0.000286    |
|    loss                 | -0.00673    |
|    n_updates            | 1910        |
|    policy_gradient_loss | -0.00159    |
|    value_loss           | 4.96e-05    |
-----------------------------------------
------------------------------------------
| rollout/                |              |
|    ep_len_mean          | 4.53e+04     |
|    ep_rew_mean          | 0.101        |
| time/                   |              |
|    fps                  | 1216         |
|    iterations           | 193          |
|    time_elapsed         | 1949         |
|    total_timesteps      | 2371584      |
| train/                  |              |
|    approx_kl            | 0.0033884868 |
|    clip_fraction        | 0.0194       |
|    clip_range           | 0.2          |
|    entropy_loss         | -0.551       |
|    explained_variance   | 0.848        |
|    learning_rate        | 0.000286     |
|    loss                 | -0.00363     |
|    n_updates            | 1920         |
|    policy_gradient_loss | -0.00134     |
|    value_loss           | 6.36e-05     |
------------------------------------------
------------------------------------------
| rollout/                |              |
|    ep_len_mean          | 4.53e+04     |
|    ep_rew_mean          | 0.101        |
| time/                   |              |
|    fps                  | 1221         |
|    iterations           | 194          |
|    time_elapsed         | 1952         |
|    total_timesteps      | 2383872      |
| train/                  |              |
|    approx_kl            | 0.0038447855 |
|    clip_fraction        | 0.0302       |
|    clip_range           | 0.2          |
|    entropy_loss         | -0.581       |
|    explained_variance   | 0.948        |
|    learning_rate        | 0.000286     |
|    loss                 | -0.0119      |
|    n_updates            | 1930         |
|    policy_gradient_loss | -0.0021      |
|    value_loss           | 4.52e-05     |
------------------------------------------
------------------------------------------
| rollout/                |              |
|    ep_len_mean          | 4.54e+04     |
|    ep_rew_mean          | 0.0984       |
| time/                   |              |
|    fps                  | 1225         |
|    iterations           | 195          |
|    time_elapsed         | 1955         |
|    total_timesteps      | 2396160      |
| train/                  |              |
|    approx_kl            | 0.0029249697 |
|    clip_fraction        | 0.0276       |
|    clip_range           | 0.2          |
|    entropy_loss         | -0.566       |
|    explained_variance   | 0.968        |
|    learning_rate        | 0.000286     |
|    loss                 | -0.011       |
|    n_updates            | 1940         |
|    policy_gradient_loss | -0.00255     |
|    value_loss           | 5.51e-05     |
------------------------------------------
-----------------------------------------
| rollout/                |             |
|    ep_len_mean          | 4.54e+04    |
|    ep_rew_mean          | 0.0984      |
| time/                   |             |
|    fps                  | 1230        |
|    iterations           | 196         |
|    time_elapsed         | 1958        |
|    total_timesteps      | 2408448     |
| train/                  |             |
|    approx_kl            | 0.004126812 |
|    clip_fraction        | 0.0291      |
|    clip_range           | 0.2         |
|    entropy_loss         | -0.535      |
|    explained_variance   | 0.952       |
|    learning_rate        | 0.000286    |
|    loss                 | -0.00845    |
|    n_updates            | 1950        |
|    policy_gradient_loss | -0.00202    |
|    value_loss           | 0.000109    |
-----------------------------------------
------------------------------------------
| rollout/                |              |
|    ep_len_mean          | 4.54e+04     |
|    ep_rew_mean          | 0.0984       |
| time/                   |              |
|    fps                  | 1234         |
|    iterations           | 197          |
|    time_elapsed         | 1960         |
|    total_timesteps      | 2420736      |
| train/                  |              |
|    approx_kl            | 0.0022866908 |
|    clip_fraction        | 0.0236       |
|    clip_range           | 0.2          |
|    entropy_loss         | -0.569       |
|    explained_variance   | 0.958        |
|    learning_rate        | 0.000286     |
|    loss                 | -0.00564     |
|    n_updates            | 1960         |
|    policy_gradient_loss | -0.00197     |
|    value_loss           | 3.41e-05     |
------------------------------------------
-----------------------------------------
| rollout/                |             |
|    ep_len_mean          | 4.54e+04    |
|    ep_rew_mean          | 0.106       |
| time/                   |             |
|    fps                  | 1238        |
|    iterations           | 198         |
|    time_elapsed         | 1963        |
|    total_timesteps      | 2433024     |
| train/                  |             |
|    approx_kl            | 0.002297292 |
|    clip_fraction        | 0.0153      |
|    clip_range           | 0.2         |
|    entropy_loss         | -0.595      |
|    explained_variance   | 0.99        |
|    learning_rate        | 0.000285    |
|    loss                 | -0.000413   |
|    n_updates            | 1970        |
|    policy_gradient_loss | -0.00194    |
|    value_loss           | 3.33e-05    |
-----------------------------------------
------------------------------------------
| rollout/                |              |
|    ep_len_mean          | 4.55e+04     |
|    ep_rew_mean          | 0.097        |
| time/                   |              |
|    fps                  | 1243         |
|    iterations           | 199          |
|    time_elapsed         | 1966         |
|    total_timesteps      | 2445312      |
| train/                  |              |
|    approx_kl            | 0.0043809875 |
|    clip_fraction        | 0.0232       |
|    clip_range           | 0.2          |
|    entropy_loss         | -0.579       |
|    explained_variance   | 0.977        |
|    learning_rate        | 0.000285     |
|    loss                 | -0.0155      |
|    n_updates            | 1980         |
|    policy_gradient_loss | -0.00154     |
|    value_loss           | 9.67e-05     |
------------------------------------------
------------------------------------------
| rollout/                |              |
|    ep_len_mean          | 4.55e+04     |
|    ep_rew_mean          | 0.097        |
| time/                   |              |
|    fps                  | 1247         |
|    iterations           | 200          |
|    time_elapsed         | 1969         |
|    total_timesteps      | 2457600      |
| train/                  |              |
|    approx_kl            | 0.0024822382 |
|    clip_fraction        | 0.00999      |
|    clip_range           | 0.2          |
|    entropy_loss         | -0.553       |
|    explained_variance   | 0.889        |
|    learning_rate        | 0.000285     |
|    loss                 | -0.00407     |
|    n_updates            | 1990         |
|    policy_gradient_loss | -0.000793    |
|    value_loss           | 0.000246     |
------------------------------------------
------------------------------------------
| rollout/                |              |
|    ep_len_mean          | 4.55e+04     |
|    ep_rew_mean          | 0.097        |
| time/                   |              |
|    fps                  | 1252         |
|    iterations           | 201          |
|    time_elapsed         | 1972         |
|    total_timesteps      | 2469888      |
| train/                  |              |
|    approx_kl            | 0.0039710714 |
|    clip_fraction        | 0.0363       |
|    clip_range           | 0.2          |
|    entropy_loss         | -0.554       |
|    explained_variance   | 0.98         |
|    learning_rate        | 0.000285     |
|    loss                 | -0.00784     |
|    n_updates            | 2000         |
|    policy_gradient_loss | -0.00235     |
|    value_loss           | 5.05e-05     |
------------------------------------------
------------------------------------------
| rollout/                |              |
|    ep_len_mean          | 4.55e+04     |
|    ep_rew_mean          | 0.097        |
| time/                   |              |
|    fps                  | 1256         |
|    iterations           | 202          |
|    time_elapsed         | 1975         |
|    total_timesteps      | 2482176      |
| train/                  |              |
|    approx_kl            | 0.0030062052 |
|    clip_fraction        | 0.0202       |
|    clip_range           | 0.2          |
|    entropy_loss         | -0.553       |
|    explained_variance   | 0.973        |
|    learning_rate        | 0.000285     |
|    loss                 | -0.0028      |
|    n_updates            | 2010         |
|    policy_gradient_loss | -0.00221     |
|    value_loss           | 9.84e-05     |
------------------------------------------
------------------------------------------
| rollout/                |              |
|    ep_len_mean          | 4.55e+04     |
|    ep_rew_mean          | 0.097        |
| time/                   |              |
|    fps                  | 1260         |
|    iterations           | 203          |
|    time_elapsed         | 1978         |
|    total_timesteps      | 2494464      |
| train/                  |              |
|    approx_kl            | 0.0030840898 |
|    clip_fraction        | 0.0265       |
|    clip_range           | 0.2          |
|    entropy_loss         | -0.522       |
|    explained_variance   | 0.974        |
|    learning_rate        | 0.000285     |
|    loss                 | -0.00721     |
|    n_updates            | 2020         |
|    policy_gradient_loss | -0.00177     |
|    value_loss           | 7.99e-05     |
------------------------------------------
----------------------------------------------------
| rollout/                           |             |
|    ep_len_mean                     | 4.55e+04    |
|    ep_rew_mean                     | 0.097       |
| time/                              |             |
|    fps                             | 1078        |
|    iterations                      | 204         |
|    time_elapsed                    | 2323        |
|    total_timesteps                 | 2506752     |
| train/                             |             |
|    approx_kl                       | 0.003047904 |
|    clip_fraction                   | 0.0275      |
|    clip_range                      | 0.2         |
|    entropy_loss                    | -0.511      |
|    explained_variance              | 0.547       |
|    learning_rate                   | 0.000285    |
|    loss                            | -0.00408    |
|    n_updates                       | 2030        |
|    policy_gradient_loss            | -0.00152    |
|    value_loss                      | 4.63e-05    |
| valid/                             |             |
|    BTC-USDT-SWAP/compound_mdd_pct  | 97.1        |
|    BTC-USDT-SWAP/compound_multiple | 0           |
|    BTC-USDT-SWAP/max_single_loss   | -100        |
|    BTC-USDT-SWAP/near_liq_n        | 1           |
|    BTC-USDT-SWAP/near_liq_pct      | 0.000223    |
|    BTC-USDT-SWAP/pnl_std           | 1.79        |
|    BTC-USDT-SWAP/sel_monthly_log   | -1.6        |
|    BTC-USDT-SWAP/total_pnl         | -910        |
|    BTC-USDT-SWAP/trades            | 4488        |
|    BTC-USDT-SWAP/trades_per_month  | 380         |
|    BTC-USDT-SWAP/v9_score          | -529        |
|    BTC-USDT-SWAP/win_rate          | 0.391       |
|    ETH-USDT-SWAP/compound_mdd_pct  | 12.4        |
|    ETH-USDT-SWAP/compound_multiple | 0           |
|    ETH-USDT-SWAP/max_single_loss   | -100        |
|    ETH-USDT-SWAP/near_liq_n        | 3           |
|    ETH-USDT-SWAP/near_liq_pct      | 0.000967    |
|    ETH-USDT-SWAP/pnl_std           | 3.36        |
|    ETH-USDT-SWAP/total_pnl         | -295        |
|    ETH-USDT-SWAP/trades            | 3101        |
|    ETH-USDT-SWAP/trades_per_month  | 262         |
|    ETH-USDT-SWAP/v9_score          | 195         |
|    ETH-USDT-SWAP/win_rate          | 0.502       |
|    min_v9_score                    | -529        |
----------------------------------------------------
------------------------------------------
| rollout/                |              |
|    ep_len_mean          | 4.55e+04     |
|    ep_rew_mean          | 0.0995       |
| time/                   |              |
|    fps                  | 1082         |
|    iterations           | 205          |
|    time_elapsed         | 2326         |
|    total_timesteps      | 2519040      |
| train/                  |              |
|    approx_kl            | 0.0030836333 |
|    clip_fraction        | 0.0261       |
|    clip_range           | 0.2          |
|    entropy_loss         | -0.508       |
|    explained_variance   | 0.647        |
|    learning_rate        | 0.000285     |
|    loss                 | -0.00902     |
|    n_updates            | 2040         |
|    policy_gradient_loss | -0.00209     |
|    value_loss           | 5.74e-05     |
------------------------------------------
----------------------------------------
| rollout/                |            |
|    ep_len_mean          | 4.55e+04   |
|    ep_rew_mean          | 0.0995     |
| time/                   |            |
|    fps                  | 1086       |
|    iterations           | 206        |
|    time_elapsed         | 2329       |
|    total_timesteps      | 2531328    |
| train/                  |            |
|    approx_kl            | 0.00443517 |
|    clip_fraction        | 0.0349     |
|    clip_range           | 0.2        |
|    entropy_loss         | -0.555     |
|    explained_variance   | 0.809      |
|    learning_rate        | 0.000285   |
|    loss                 | -0.00709   |
|    n_updates            | 2050       |
|    policy_gradient_loss | -0.00234   |
|    value_loss           | 5.37e-05   |
----------------------------------------
------------------------------------------
| rollout/                |              |
|    ep_len_mean          | 4.55e+04     |
|    ep_rew_mean          | 0.0995       |
| time/                   |              |
|    fps                  | 1090         |
|    iterations           | 207          |
|    time_elapsed         | 2332         |
|    total_timesteps      | 2543616      |
| train/                  |              |
|    approx_kl            | 0.0039814785 |
|    clip_fraction        | 0.0403       |
|    clip_range           | 0.2          |
|    entropy_loss         | -0.581       |
|    explained_variance   | 0.93         |
|    learning_rate        | 0.000285     |
|    loss                 | -0.00657     |
|    n_updates            | 2060         |
|    policy_gradient_loss | -0.0035      |
|    value_loss           | 4.63e-05     |
------------------------------------------
------------------------------------------
| rollout/                |              |
|    ep_len_mean          | 4.55e+04     |
|    ep_rew_mean          | 0.0995       |
| time/                   |              |
|    fps                  | 1094         |
|    iterations           | 208          |
|    time_elapsed         | 2335         |
|    total_timesteps      | 2555904      |
| train/                  |              |
|    approx_kl            | 0.0050690626 |
|    clip_fraction        | 0.032        |
|    clip_range           | 0.2          |
|    entropy_loss         | -0.598       |
|    explained_variance   | 0.952        |
|    learning_rate        | 0.000285     |
|    loss                 | -0.0077      |
|    n_updates            | 2070         |
|    policy_gradient_loss | -0.0017      |
|    value_loss           | 6.01e-05     |
------------------------------------------
------------------------------------------
| rollout/                |              |
|    ep_len_mean          | 4.55e+04     |
|    ep_rew_mean          | 0.0995       |
| time/                   |              |
|    fps                  | 1098         |
|    iterations           | 209          |
|    time_elapsed         | 2337         |
|    total_timesteps      | 2568192      |
| train/                  |              |
|    approx_kl            | 0.0052970205 |
|    clip_fraction        | 0.04         |
|    clip_range           | 0.2          |
|    entropy_loss         | -0.597       |
|    explained_variance   | 0.98         |
|    learning_rate        | 0.000285     |
|    loss                 | -0.00655     |
|    n_updates            | 2080         |
|    policy_gradient_loss | -0.00301     |
|    value_loss           | 5.29e-05     |
------------------------------------------
------------------------------------------
| rollout/                |              |
|    ep_len_mean          | 4.55e+04     |
|    ep_rew_mean          | 0.0995       |
| time/                   |              |
|    fps                  | 1102         |
|    iterations           | 210          |
|    time_elapsed         | 2340         |
|    total_timesteps      | 2580480      |
| train/                  |              |
|    approx_kl            | 0.0044692853 |
|    clip_fraction        | 0.0245       |
|    clip_range           | 0.2          |
|    entropy_loss         | -0.604       |
|    explained_variance   | 0.972        |
|    learning_rate        | 0.000285     |
|    loss                 | -0.00857     |
|    n_updates            | 2090         |
|    policy_gradient_loss | -0.00176     |
|    value_loss           | 3.89e-05     |
------------------------------------------
------------------------------------------
| rollout/                |              |
|    ep_len_mean          | 4.55e+04     |
|    ep_rew_mean          | 0.0995       |
| time/                   |              |
|    fps                  | 1106         |
|    iterations           | 211          |
|    time_elapsed         | 2343         |
|    total_timesteps      | 2592768      |
| train/                  |              |
|    approx_kl            | 0.0031421205 |
|    clip_fraction        | 0.0278       |
|    clip_range           | 0.2          |
|    entropy_loss         | -0.57        |
|    explained_variance   | 0.974        |
|    learning_rate        | 0.000285     |
|    loss                 | -0.00364     |
|    n_updates            | 2100         |
|    policy_gradient_loss | -0.00222     |
|    value_loss           | 2.81e-05     |
------------------------------------------
------------------------------------------
| rollout/                |              |
|    ep_len_mean          | 4.54e+04     |
|    ep_rew_mean          | 0.104        |
| time/                   |              |
|    fps                  | 1110         |
|    iterations           | 212          |
|    time_elapsed         | 2346         |
|    total_timesteps      | 2605056      |
| train/                  |              |
|    approx_kl            | 0.0036280185 |
|    clip_fraction        | 0.0265       |
|    clip_range           | 0.2          |
|    entropy_loss         | -0.597       |
|    explained_variance   | 0.983        |
|    learning_rate        | 0.000284     |
|    loss                 | -0.00779     |
|    n_updates            | 2110         |
|    policy_gradient_loss | -0.00206     |
|    value_loss           | 4.35e-05     |
------------------------------------------
------------------------------------------
| rollout/                |              |
|    ep_len_mean          | 4.54e+04     |
|    ep_rew_mean          | 0.104        |
| time/                   |              |
|    fps                  | 1114         |
|    iterations           | 213          |
|    time_elapsed         | 2349         |
|    total_timesteps      | 2617344      |
| train/                  |              |
|    approx_kl            | 0.0038488805 |
|    clip_fraction        | 0.034        |
|    clip_range           | 0.2          |
|    entropy_loss         | -0.549       |
|    explained_variance   | 0.954        |
|    learning_rate        | 0.000284     |
|    loss                 | -0.0025      |
|    n_updates            | 2120         |
|    policy_gradient_loss | -0.00168     |
|    value_loss           | 5.11e-05     |
------------------------------------------
------------------------------------------
| rollout/                |              |
|    ep_len_mean          | 4.54e+04     |
|    ep_rew_mean          | 0.104        |
| time/                   |              |
|    fps                  | 1117         |
|    iterations           | 214          |
|    time_elapsed         | 2352         |
|    total_timesteps      | 2629632      |
| train/                  |              |
|    approx_kl            | 0.0033755824 |
|    clip_fraction        | 0.0355       |
|    clip_range           | 0.2          |
|    entropy_loss         | -0.544       |
|    explained_variance   | 0.913        |
|    learning_rate        | 0.000284     |
|    loss                 | -0.00411     |
|    n_updates            | 2130         |
|    policy_gradient_loss | -0.00229     |
|    value_loss           | 4.94e-05     |
------------------------------------------
------------------------------------------
| rollout/                |              |
|    ep_len_mean          | 4.54e+04     |
|    ep_rew_mean          | 0.104        |
| time/                   |              |
|    fps                  | 1121         |
|    iterations           | 215          |
|    time_elapsed         | 2355         |
|    total_timesteps      | 2641920      |
| train/                  |              |
|    approx_kl            | 0.0037792698 |
|    clip_fraction        | 0.0277       |
|    clip_range           | 0.2          |
|    entropy_loss         | -0.553       |
|    explained_variance   | 0.925        |
|    learning_rate        | 0.000284     |
|    loss                 | -0.00499     |
|    n_updates            | 2140         |
|    policy_gradient_loss | -0.00138     |
|    value_loss           | 3.57e-05     |
------------------------------------------
-----------------------------------------
| rollout/                |             |
|    ep_len_mean          | 4.53e+04    |
|    ep_rew_mean          | 0.117       |
| time/                   |             |
|    fps                  | 1125        |
|    iterations           | 216         |
|    time_elapsed         | 2358        |
|    total_timesteps      | 2654208     |
| train/                  |             |
|    approx_kl            | 0.003307931 |
|    clip_fraction        | 0.0273      |
|    clip_range           | 0.2         |
|    entropy_loss         | -0.53       |
|    explained_variance   | 0.931       |
|    learning_rate        | 0.000284    |
|    loss                 | -0.00982    |
|    n_updates            | 2150        |
|    policy_gradient_loss | -0.00224    |
|    value_loss           | 3.5e-05     |
-----------------------------------------
------------------------------------------
| rollout/                |              |
|    ep_len_mean          | 4.53e+04     |
|    ep_rew_mean          | 0.117        |
| time/                   |              |
|    fps                  | 1129         |
|    iterations           | 217          |
|    time_elapsed         | 2361         |
|    total_timesteps      | 2666496      |
| train/                  |              |
|    approx_kl            | 0.0036922425 |
|    clip_fraction        | 0.0323       |
|    clip_range           | 0.2          |
|    entropy_loss         | -0.552       |
|    explained_variance   | 0.904        |
|    learning_rate        | 0.000284     |
|    loss                 | -0.00625     |
|    n_updates            | 2160         |
|    policy_gradient_loss | -0.00244     |
|    value_loss           | 4.77e-05     |
------------------------------------------
------------------------------------------
| rollout/                |              |
|    ep_len_mean          | 4.53e+04     |
|    ep_rew_mean          | 0.117        |
| time/                   |              |
|    fps                  | 1132         |
|    iterations           | 218          |
|    time_elapsed         | 2364         |
|    total_timesteps      | 2678784      |
| train/                  |              |
|    approx_kl            | 0.0032486168 |
|    clip_fraction        | 0.0334       |
|    clip_range           | 0.2          |
|    entropy_loss         | -0.551       |
|    explained_variance   | 0.976        |
|    learning_rate        | 0.000284     |
|    loss                 | -0.0146      |
|    n_updates            | 2170         |
|    policy_gradient_loss | -0.00235     |
|    value_loss           | 4.97e-05     |
------------------------------------------
------------------------------------------
| rollout/                |              |
|    ep_len_mean          | 4.53e+04     |
|    ep_rew_mean          | 0.134        |
| time/                   |              |
|    fps                  | 1136         |
|    iterations           | 219          |
|    time_elapsed         | 2367         |
|    total_timesteps      | 2691072      |
| train/                  |              |
|    approx_kl            | 0.0019833518 |
|    clip_fraction        | 0.0254       |
|    clip_range           | 0.2          |
|    entropy_loss         | -0.545       |
|    explained_variance   | 0.976        |
|    learning_rate        | 0.000284     |
|    loss                 | -0.00636     |
|    n_updates            | 2180         |
|    policy_gradient_loss | -0.00147     |
|    value_loss           | 6.28e-05     |
------------------------------------------
------------------------------------------
| rollout/                |              |
|    ep_len_mean          | 4.53e+04     |
|    ep_rew_mean          | 0.142        |
| time/                   |              |
|    fps                  | 1140         |
|    iterations           | 220          |
|    time_elapsed         | 2370         |
|    total_timesteps      | 2703360      |
| train/                  |              |
|    approx_kl            | 0.0032808536 |
|    clip_fraction        | 0.0244       |
|    clip_range           | 0.2          |
|    entropy_loss         | -0.561       |
|    explained_variance   | 0.938        |
|    learning_rate        | 0.000284     |
|    loss                 | -0.00768     |
|    n_updates            | 2190         |
|    policy_gradient_loss | -0.00145     |
|    value_loss           | 4.63e-05     |
------------------------------------------
-----------------------------------------
| rollout/                |             |
|    ep_len_mean          | 4.53e+04    |
|    ep_rew_mean          | 0.142       |
| time/                   |             |
|    fps                  | 1144        |
|    iterations           | 221         |
|    time_elapsed         | 2373        |
|    total_timesteps      | 2715648     |
| train/                  |             |
|    approx_kl            | 0.005028965 |
|    clip_fraction        | 0.0352      |
|    clip_range           | 0.2         |
|    entropy_loss         | -0.579      |
|    explained_variance   | 0.991       |
|    learning_rate        | 0.000284    |
|    loss                 | -0.00915    |
|    n_updates            | 2200        |
|    policy_gradient_loss | -0.0019     |
|    value_loss           | 2.23e-05    |
-----------------------------------------
------------------------------------------
| rollout/                |              |
|    ep_len_mean          | 4.53e+04     |
|    ep_rew_mean          | 0.142        |
| time/                   |              |
|    fps                  | 1147         |
|    iterations           | 222          |
|    time_elapsed         | 2376         |
|    total_timesteps      | 2727936      |
| train/                  |              |
|    approx_kl            | 0.0036884479 |
|    clip_fraction        | 0.0255       |
|    clip_range           | 0.2          |
|    entropy_loss         | -0.515       |
|    explained_variance   | 0.993        |
|    learning_rate        | 0.000284     |
|    loss                 | -0.00936     |
|    n_updates            | 2210         |
|    policy_gradient_loss | -0.00292     |
|    value_loss           | 3.47e-05     |
------------------------------------------
------------------------------------------
| rollout/                |              |
|    ep_len_mean          | 4.53e+04     |
|    ep_rew_mean          | 0.142        |
| time/                   |              |
|    fps                  | 1151         |
|    iterations           | 223          |
|    time_elapsed         | 2379         |
|    total_timesteps      | 2740224      |
| train/                  |              |
|    approx_kl            | 0.0035721522 |
|    clip_fraction        | 0.0255       |
|    clip_range           | 0.2          |
|    entropy_loss         | -0.542       |
|    explained_variance   | 0.992        |
|    learning_rate        | 0.000284     |
|    loss                 | -0.00158     |
|    n_updates            | 2220         |
|    policy_gradient_loss | -0.00233     |
|    value_loss           | 3.29e-05     |
------------------------------------------
----------------------------------------
| rollout/                |            |
|    ep_len_mean          | 4.53e+04   |
|    ep_rew_mean          | 0.142      |
| time/                   |            |
|    fps                  | 1155       |
|    iterations           | 224        |
|    time_elapsed         | 2382       |
|    total_timesteps      | 2752512    |
| train/                  |            |
|    approx_kl            | 0.00434271 |
|    clip_fraction        | 0.03       |
|    clip_range           | 0.2        |
|    entropy_loss         | -0.515     |
|    explained_variance   | 0.995      |
|    learning_rate        | 0.000284   |
|    loss                 | 0.00539    |
|    n_updates            | 2230       |
|    policy_gradient_loss | -0.00299   |
|    value_loss           | 2.3e-05    |
----------------------------------------
------------------------------------------
| rollout/                |              |
|    ep_len_mean          | 4.53e+04     |
|    ep_rew_mean          | 0.142        |
| time/                   |              |
|    fps                  | 1159         |
|    iterations           | 225          |
|    time_elapsed         | 2385         |
|    total_timesteps      | 2764800      |
| train/                  |              |
|    approx_kl            | 0.0037666687 |
|    clip_fraction        | 0.025        |
|    clip_range           | 0.2          |
|    entropy_loss         | -0.513       |
|    explained_variance   | 0.968        |
|    learning_rate        | 0.000283     |
|    loss                 | -0.00759     |
|    n_updates            | 2240         |
|    policy_gradient_loss | -0.00187     |
|    value_loss           | 2.5e-05      |
------------------------------------------
------------------------------------------
| rollout/                |              |
|    ep_len_mean          | 4.52e+04     |
|    ep_rew_mean          | 0.138        |
| time/                   |              |
|    fps                  | 1162         |
|    iterations           | 226          |
|    time_elapsed         | 2388         |
|    total_timesteps      | 2777088      |
| train/                  |              |
|    approx_kl            | 0.0038415026 |
|    clip_fraction        | 0.0241       |
|    clip_range           | 0.2          |
|    entropy_loss         | -0.545       |
|    explained_variance   | 0.963        |
|    learning_rate        | 0.000283     |
|    loss                 | -0.0172      |
|    n_updates            | 2250         |
|    policy_gradient_loss | -0.00224     |
|    value_loss           | 1.73e-05     |
------------------------------------------
------------------------------------------
| rollout/                |              |
|    ep_len_mean          | 4.52e+04     |
|    ep_rew_mean          | 0.138        |
| time/                   |              |
|    fps                  | 1166         |
|    iterations           | 227          |
|    time_elapsed         | 2391         |
|    total_timesteps      | 2789376      |
| train/                  |              |
|    approx_kl            | 0.0029811207 |
|    clip_fraction        | 0.0204       |
|    clip_range           | 0.2          |
|    entropy_loss         | -0.513       |
|    explained_variance   | 0.958        |
|    learning_rate        | 0.000283     |
|    loss                 | -0.00944     |
|    n_updates            | 2260         |
|    policy_gradient_loss | -0.00139     |
|    value_loss           | 2.39e-05     |
------------------------------------------
------------------------------------------
| rollout/                |              |
|    ep_len_mean          | 4.52e+04     |
|    ep_rew_mean          | 0.138        |
| time/                   |              |
|    fps                  | 1170         |
|    iterations           | 228          |
|    time_elapsed         | 2394         |
|    total_timesteps      | 2801664      |
| train/                  |              |
|    approx_kl            | 0.0030244768 |
|    clip_fraction        | 0.0251       |
|    clip_range           | 0.2          |
|    entropy_loss         | -0.509       |
|    explained_variance   | 0.409        |
|    learning_rate        | 0.000283     |
|    loss                 | -0.00626     |
|    n_updates            | 2270         |
|    policy_gradient_loss | -0.00194     |
|    value_loss           | 4.93e-05     |
------------------------------------------
------------------------------------------
| rollout/                |              |
|    ep_len_mean          | 4.52e+04     |
|    ep_rew_mean          | 0.138        |
| time/                   |              |
|    fps                  | 1173         |
|    iterations           | 229          |
|    time_elapsed         | 2397         |
|    total_timesteps      | 2813952      |
| train/                  |              |
|    approx_kl            | 0.0034627833 |
|    clip_fraction        | 0.0337       |
|    clip_range           | 0.2          |
|    entropy_loss         | -0.492       |
|    explained_variance   | 0.193        |
|    learning_rate        | 0.000283     |
|    loss                 | -0.00979     |
|    n_updates            | 2280         |
|    policy_gradient_loss | -0.00232     |
|    value_loss           | 4.57e-05     |
------------------------------------------
------------------------------------------
| rollout/                |              |
|    ep_len_mean          | 4.52e+04     |
|    ep_rew_mean          | 0.138        |
| time/                   |              |
|    fps                  | 1177         |
|    iterations           | 230          |
|    time_elapsed         | 2399         |
|    total_timesteps      | 2826240      |
| train/                  |              |
|    approx_kl            | 0.0034639293 |
|    clip_fraction        | 0.034        |
|    clip_range           | 0.2          |
|    entropy_loss         | -0.513       |
|    explained_variance   | 0.265        |
|    learning_rate        | 0.000283     |
|    loss                 | -0.0109      |
|    n_updates            | 2290         |
|    policy_gradient_loss | -0.00236     |
|    value_loss           | 2.18e-05     |
------------------------------------------
-----------------------------------------
| rollout/                |             |
|    ep_len_mean          | 4.52e+04    |
|    ep_rew_mean          | 0.138       |
| time/                   |             |
|    fps                  | 1181        |
|    iterations           | 231         |
|    time_elapsed         | 2402        |
|    total_timesteps      | 2838528     |
| train/                  |             |
|    approx_kl            | 0.002237114 |
|    clip_fraction        | 0.0219      |
|    clip_range           | 0.2         |
|    entropy_loss         | -0.475      |
|    explained_variance   | 0.505       |
|    learning_rate        | 0.000283    |
|    loss                 | -0.00841    |
|    n_updates            | 2300        |
|    policy_gradient_loss | -0.002      |
|    value_loss           | 3.12e-05    |
-----------------------------------------
----------------------------------------
| rollout/                |            |
|    ep_len_mean          | 4.52e+04   |
|    ep_rew_mean          | 0.138      |
| time/                   |            |
|    fps                  | 1184       |
|    iterations           | 232        |
|    time_elapsed         | 2405       |
|    total_timesteps      | 2850816    |
| train/                  |            |
|    approx_kl            | 0.00236562 |
|    clip_fraction        | 0.0209     |
|    clip_range           | 0.2        |
|    entropy_loss         | -0.514     |
|    explained_variance   | 0.661      |
|    learning_rate        | 0.000283   |
|    loss                 | -0.00273   |
|    n_updates            | 2310       |
|    policy_gradient_loss | -0.00147   |
|    value_loss           | 4.38e-05   |
----------------------------------------
------------------------------------------
| rollout/                |              |
|    ep_len_mean          | 4.52e+04     |
|    ep_rew_mean          | 0.138        |
| time/                   |              |
|    fps                  | 1188         |
|    iterations           | 233          |
|    time_elapsed         | 2408         |
|    total_timesteps      | 2863104      |
| train/                  |              |
|    approx_kl            | 0.0026545748 |
|    clip_fraction        | 0.0265       |
|    clip_range           | 0.2          |
|    entropy_loss         | -0.48        |
|    explained_variance   | 0.499        |
|    learning_rate        | 0.000283     |
|    loss                 | -0.0032      |
|    n_updates            | 2320         |
|    policy_gradient_loss | -0.00236     |
|    value_loss           | 4.07e-05     |
------------------------------------------
------------------------------------------
| rollout/                |              |
|    ep_len_mean          | 4.52e+04     |
|    ep_rew_mean          | 0.138        |
| time/                   |              |
|    fps                  | 1192         |
|    iterations           | 234          |
|    time_elapsed         | 2411         |
|    total_timesteps      | 2875392      |
| train/                  |              |
|    approx_kl            | 0.0024124102 |
|    clip_fraction        | 0.0209       |
|    clip_range           | 0.2          |
|    entropy_loss         | -0.458       |
|    explained_variance   | 0.803        |
|    learning_rate        | 0.000283     |
|    loss                 | -0.00873     |
|    n_updates            | 2330         |
|    policy_gradient_loss | -0.00152     |
|    value_loss           | 2.89e-05     |
------------------------------------------
------------------------------------------
| rollout/                |              |
|    ep_len_mean          | 4.52e+04     |
|    ep_rew_mean          | 0.138        |
| time/                   |              |
|    fps                  | 1195         |
|    iterations           | 235          |
|    time_elapsed         | 2414         |
|    total_timesteps      | 2887680      |
| train/                  |              |
|    approx_kl            | 0.0018891903 |
|    clip_fraction        | 0.0214       |
|    clip_range           | 0.2          |
|    entropy_loss         | -0.505       |
|    explained_variance   | 0.882        |
|    learning_rate        | 0.000283     |
|    loss                 | -0.00288     |
|    n_updates            | 2340         |
|    policy_gradient_loss | -0.00139     |
|    value_loss           | 7.99e-05     |
------------------------------------------
------------------------------------------
| rollout/                |              |
|    ep_len_mean          | 4.53e+04     |
|    ep_rew_mean          | 0.121        |
| time/                   |              |
|    fps                  | 1199         |
|    iterations           | 236          |
|    time_elapsed         | 2417         |
|    total_timesteps      | 2899968      |
| train/                  |              |
|    approx_kl            | 0.0024696307 |
|    clip_fraction        | 0.017        |
|    clip_range           | 0.2          |
|    entropy_loss         | -0.57        |
|    explained_variance   | 0.985        |
|    learning_rate        | 0.000283     |
|    loss                 | -0.00824     |
|    n_updates            | 2350         |
|    policy_gradient_loss | -0.00144     |
|    value_loss           | 2.99e-05     |
------------------------------------------
------------------------------------------
| rollout/                |              |
|    ep_len_mean          | 4.52e+04     |
|    ep_rew_mean          | 0.126        |
| time/                   |              |
|    fps                  | 1203         |
|    iterations           | 237          |
|    time_elapsed         | 2420         |
|    total_timesteps      | 2912256      |
| train/                  |              |
|    approx_kl            | 0.0035568364 |
|    clip_fraction        | 0.0185       |
|    clip_range           | 0.2          |
|    entropy_loss         | -0.54        |
|    explained_variance   | 0.975        |
|    learning_rate        | 0.000283     |
|    loss                 | -0.0076      |
|    n_updates            | 2360         |
|    policy_gradient_loss | -0.000758    |
|    value_loss           | 0.000109     |
------------------------------------------
------------------------------------------
| rollout/                |              |
|    ep_len_mean          | 4.52e+04     |
|    ep_rew_mean          | 0.126        |
| time/                   |              |
|    fps                  | 1206         |
|    iterations           | 238          |
|    time_elapsed         | 2423         |
|    total_timesteps      | 2924544      |
| train/                  |              |
|    approx_kl            | 0.0032702351 |
|    clip_fraction        | 0.0249       |
|    clip_range           | 0.2          |
|    entropy_loss         | -0.5         |
|    explained_variance   | 0.932        |
|    learning_rate        | 0.000283     |
|    loss                 | -0.011       |
|    n_updates            | 2370         |
|    policy_gradient_loss | -0.000878    |
|    value_loss           | 8.23e-05     |
------------------------------------------
------------------------------------------
| rollout/                |              |
|    ep_len_mean          | 4.52e+04     |
|    ep_rew_mean          | 0.126        |
| time/                   |              |
|    fps                  | 1210         |
|    iterations           | 239          |
|    time_elapsed         | 2427         |
|    total_timesteps      | 2936832      |
| train/                  |              |
|    approx_kl            | 0.0033620398 |
|    clip_fraction        | 0.0316       |
|    clip_range           | 0.2          |
|    entropy_loss         | -0.497       |
|    explained_variance   | 0.439        |
|    learning_rate        | 0.000282     |
|    loss                 | -0.00783     |
|    n_updates            | 2380         |
|    policy_gradient_loss | -0.00174     |
|    value_loss           | 2.62e-05     |
------------------------------------------
------------------------------------------
| rollout/                |              |
|    ep_len_mean          | 4.52e+04     |
|    ep_rew_mean          | 0.133        |
| time/                   |              |
|    fps                  | 1213         |
|    iterations           | 240          |
|    time_elapsed         | 2430         |
|    total_timesteps      | 2949120      |
| train/                  |              |
|    approx_kl            | 0.0019347306 |
|    clip_fraction        | 0.0157       |
|    clip_range           | 0.2          |
|    entropy_loss         | -0.468       |
|    explained_variance   | 0.495        |
|    learning_rate        | 0.000282     |
|    loss                 | -0.00539     |
|    n_updates            | 2390         |
|    policy_gradient_loss | -0.00127     |
|    value_loss           | 3.59e-05     |
------------------------------------------
-----------------------------------------
| rollout/                |             |
|    ep_len_mean          | 4.52e+04    |
|    ep_rew_mean          | 0.132       |
| time/                   |             |
|    fps                  | 1217        |
|    iterations           | 241         |
|    time_elapsed         | 2432        |
|    total_timesteps      | 2961408     |
| train/                  |             |
|    approx_kl            | 0.002267558 |
|    clip_fraction        | 0.0232      |
|    clip_range           | 0.2         |
|    entropy_loss         | -0.489      |
|    explained_variance   | 0.603       |
|    learning_rate        | 0.000282    |
|    loss                 | -0.00441    |
|    n_updates            | 2400        |
|    policy_gradient_loss | -0.00175    |
|    value_loss           | 3.39e-05    |
-----------------------------------------
-----------------------------------------
| rollout/                |             |
|    ep_len_mean          | 4.52e+04    |
|    ep_rew_mean          | 0.132       |
| time/                   |             |
|    fps                  | 1220        |
|    iterations           | 242         |
|    time_elapsed         | 2435        |
|    total_timesteps      | 2973696     |
| train/                  |             |
|    approx_kl            | 0.004030263 |
|    clip_fraction        | 0.032       |
|    clip_range           | 0.2         |
|    entropy_loss         | -0.488      |
|    explained_variance   | 0.721       |
|    learning_rate        | 0.000282    |
|    loss                 | -0.00513    |
|    n_updates            | 2410        |
|    policy_gradient_loss | -0.00199    |
|    value_loss           | 2.55e-05    |
-----------------------------------------
------------------------------------------
| rollout/                |              |
|    ep_len_mean          | 4.52e+04     |
|    ep_rew_mean          | 0.132        |
| time/                   |              |
|    fps                  | 1224         |
|    iterations           | 243          |
|    time_elapsed         | 2438         |
|    total_timesteps      | 2985984      |
| train/                  |              |
|    approx_kl            | 0.0024913426 |
|    clip_fraction        | 0.0202       |
|    clip_range           | 0.2          |
|    entropy_loss         | -0.504       |
|    explained_variance   | 0.822        |
|    learning_rate        | 0.000282     |
|    loss                 | -0.00716     |
|    n_updates            | 2420         |
|    policy_gradient_loss | -0.00178     |
|    value_loss           | 3.55e-05     |
------------------------------------------
-----------------------------------------
| rollout/                |             |
|    ep_len_mean          | 4.52e+04    |
|    ep_rew_mean          | 0.132       |
| time/                   |             |
|    fps                  | 1228        |
|    iterations           | 244         |
|    time_elapsed         | 2441        |
|    total_timesteps      | 2998272     |
| train/                  |             |
|    approx_kl            | 0.002981292 |
|    clip_fraction        | 0.0263      |
|    clip_range           | 0.2         |
|    entropy_loss         | -0.543      |
|    explained_variance   | 0.915       |
|    learning_rate        | 0.000282    |
|    loss                 | -0.0094     |
|    n_updates            | 2430        |
|    policy_gradient_loss | -0.00233    |
|    value_loss           | 4.16e-05    |
-----------------------------------------
----------------------------------------------------
| rollout/                           |             |
|    ep_len_mean                     | 4.52e+04    |
|    ep_rew_mean                     | 0.132       |
| time/                              |             |
|    fps                             | 1080        |
|    iterations                      | 245         |
|    time_elapsed                    | 2787        |
|    total_timesteps                 | 3010560     |
| train/                             |             |
|    approx_kl                       | 0.003158877 |
|    clip_fraction                   | 0.0253      |
|    clip_range                      | 0.2         |
|    entropy_loss                    | -0.55       |
|    explained_variance              | 0.972       |
|    learning_rate                   | 0.000282    |
|    loss                            | -0.00609    |
|    n_updates                       | 2440        |
|    policy_gradient_loss            | -0.00168    |
|    value_loss                      | 4.34e-05    |
| valid/                             |             |
|    BTC-USDT-SWAP/compound_mdd_pct  | 19.7        |
|    BTC-USDT-SWAP/compound_multiple | 0           |
|    BTC-USDT-SWAP/max_single_loss   | -100        |
|    BTC-USDT-SWAP/near_liq_n        | 2           |
|    BTC-USDT-SWAP/near_liq_pct      | 0.00222     |
|    BTC-USDT-SWAP/pnl_std           | 5.04        |
|    BTC-USDT-SWAP/sel_monthly_log   | -1.53       |
|    BTC-USDT-SWAP/total_pnl         | -126        |
|    BTC-USDT-SWAP/trades            | 899         |
|    BTC-USDT-SWAP/trades_per_month  | 76          |
|    BTC-USDT-SWAP/v9_score          | 449         |
|    BTC-USDT-SWAP/win_rate          | 0.585       |
|    ETH-USDT-SWAP/compound_mdd_pct  | 5           |
|    ETH-USDT-SWAP/compound_multiple | 0           |
|    ETH-USDT-SWAP/max_single_loss   | -100        |
|    ETH-USDT-SWAP/near_liq_n        | 4           |
|    ETH-USDT-SWAP/near_liq_pct      | 0.00334     |
|    ETH-USDT-SWAP/pnl_std           | 5.98        |
|    ETH-USDT-SWAP/total_pnl         | 137         |
|    ETH-USDT-SWAP/trades            | 1196        |
|    ETH-USDT-SWAP/trades_per_month  | 101         |
|    ETH-USDT-SWAP/v9_score          | 802         |
|    ETH-USDT-SWAP/win_rate          | 0.677       |
|    min_v9_score                    | 449         |
----------------------------------------------------
-----------------------------------------
| rollout/                |             |
|    ep_len_mean          | 4.52e+04    |
|    ep_rew_mean          | 0.132       |
| time/                   |             |
|    fps                  | 1083        |
|    iterations           | 246         |
|    time_elapsed         | 2790        |
|    total_timesteps      | 3022848     |
| train/                  |             |
|    approx_kl            | 0.002360853 |
|    clip_fraction        | 0.0143      |
|    clip_range           | 0.2         |
|    entropy_loss         | -0.533      |
|    explained_variance   | 0.981       |
|    learning_rate        | 0.000282    |
|    loss                 | -0.00983    |
|    n_updates            | 2450        |
|    policy_gradient_loss | -0.00157    |
|    value_loss           | 4.02e-05    |
-----------------------------------------
------------------------------------------
| rollout/                |              |
|    ep_len_mean          | 4.52e+04     |
|    ep_rew_mean          | 0.132        |
| time/                   |              |
|    fps                  | 1086         |
|    iterations           | 247          |
|    time_elapsed         | 2793         |
|    total_timesteps      | 3035136      |
| train/                  |              |
|    approx_kl            | 0.0030792698 |
|    clip_fraction        | 0.0129       |
|    clip_range           | 0.2          |
|    entropy_loss         | -0.582       |
|    explained_variance   | 0.978        |
|    learning_rate        | 0.000282     |
|    loss                 | -0.00561     |
|    n_updates            | 2460         |
|    policy_gradient_loss | -0.00106     |
|    value_loss           | 3.23e-05     |
------------------------------------------
------------------------------------------
| rollout/                |              |
|    ep_len_mean          | 4.52e+04     |
|    ep_rew_mean          | 0.132        |
| time/                   |              |
|    fps                  | 1089         |
|    iterations           | 248          |
|    time_elapsed         | 2796         |
|    total_timesteps      | 3047424      |
| train/                  |              |
|    approx_kl            | 0.0016384224 |
|    clip_fraction        | 0.00791      |
|    clip_range           | 0.2          |
|    entropy_loss         | -0.557       |
|    explained_variance   | 0.969        |
|    learning_rate        | 0.000282     |
|    loss                 | -0.00674     |
|    n_updates            | 2470         |
|    policy_gradient_loss | -0.000932    |
|    value_loss           | 4.94e-05     |
------------------------------------------
------------------------------------------
| rollout/                |              |
|    ep_len_mean          | 4.52e+04     |
|    ep_rew_mean          | 0.132        |
| time/                   |              |
|    fps                  | 1093         |
|    iterations           | 249          |
|    time_elapsed         | 2798         |
|    total_timesteps      | 3059712      |
| train/                  |              |
|    approx_kl            | 0.0055551156 |
|    clip_fraction        | 0.0196       |
|    clip_range           | 0.2          |
|    entropy_loss         | -0.615       |
|    explained_variance   | 0.981        |
|    learning_rate        | 0.000282     |
|    loss                 | -0.0068      |
|    n_updates            | 2480         |
|    policy_gradient_loss | -0.00227     |
|    value_loss           | 2.95e-05     |
------------------------------------------
------------------------------------------
| rollout/                |              |
|    ep_len_mean          | 4.52e+04     |
|    ep_rew_mean          | 0.132        |
| time/                   |              |
|    fps                  | 1096         |
|    iterations           | 250          |
|    time_elapsed         | 2801         |
|    total_timesteps      | 3072000      |
| train/                  |              |
|    approx_kl            | 0.0024274013 |
|    clip_fraction        | 0.0126       |
|    clip_range           | 0.2          |
|    entropy_loss         | -0.623       |
|    explained_variance   | 0.983        |
|    learning_rate        | 0.000282     |
|    loss                 | -0.00536     |
|    n_updates            | 2490         |
|    policy_gradient_loss | -0.00155     |
|    value_loss           | 2.78e-05     |
------------------------------------------
-----------------------------------------
| rollout/                |             |
|    ep_len_mean          | 4.52e+04    |
|    ep_rew_mean          | 0.132       |
| time/                   |             |
|    fps                  | 1099        |
|    iterations           | 251         |
|    time_elapsed         | 2804        |
|    total_timesteps      | 3084288     |
| train/                  |             |
|    approx_kl            | 0.009310275 |
|    clip_fraction        | 0.0508      |
|    clip_range           | 0.2         |
|    entropy_loss         | -0.62       |
|    explained_variance   | 0.991       |
|    learning_rate        | 0.000282    |
|    loss                 | -0.00352    |
|    n_updates            | 2500        |
|    policy_gradient_loss | -0.00316    |
|    value_loss           | 2.34e-05    |
-----------------------------------------
-----------------------------------------
| rollout/                |             |
|    ep_len_mean          | 4.52e+04    |
|    ep_rew_mean          | 0.132       |
| time/                   |             |
|    fps                  | 1102        |
|    iterations           | 252         |
|    time_elapsed         | 2807        |
|    total_timesteps      | 3096576     |
| train/                  |             |
|    approx_kl            | 0.004032941 |
|    clip_fraction        | 0.0137      |
|    clip_range           | 0.2         |
|    entropy_loss         | -0.557      |
|    explained_variance   | 0.985       |
|    learning_rate        | 0.000281    |
|    loss                 | 0.000772    |
|    n_updates            | 2510        |
|    policy_gradient_loss | -0.00189    |
|    value_loss           | 4.42e-05    |
-----------------------------------------
-----------------------------------------
| rollout/                |             |
|    ep_len_mean          | 4.53e+04    |
|    ep_rew_mean          | 0.117       |
| time/                   |             |
|    fps                  | 1106        |
|    iterations           | 253         |
|    time_elapsed         | 2810        |
|    total_timesteps      | 3108864     |
| train/                  |             |
|    approx_kl            | 0.004840073 |
|    clip_fraction        | 0.0154      |
|    clip_range           | 0.2         |
|    entropy_loss         | -0.547      |
|    explained_variance   | 0.993       |
|    learning_rate        | 0.000281    |
|    loss                 | -0.0135     |
|    n_updates            | 2520        |
|    policy_gradient_loss | -0.00184    |
|    value_loss           | 2.1e-05     |
-----------------------------------------
------------------------------------------
| rollout/                |              |
|    ep_len_mean          | 4.53e+04     |
|    ep_rew_mean          | 0.102        |
| time/                   |              |
|    fps                  | 1109         |
|    iterations           | 254          |
|    time_elapsed         | 2813         |
|    total_timesteps      | 3121152      |
| train/                  |              |
|    approx_kl            | 0.0060370076 |
|    clip_fraction        | 0.0271       |
|    clip_range           | 0.2          |
|    entropy_loss         | -0.573       |
|    explained_variance   | 0.981        |
|    learning_rate        | 0.000281     |
|    loss                 | -0.00715     |
|    n_updates            | 2530         |
|    policy_gradient_loss | -0.000923    |
|    value_loss           | 8.72e-05     |
------------------------------------------
-----------------------------------------
| rollout/                |             |
|    ep_len_mean          | 4.53e+04    |
|    ep_rew_mean          | 0.102       |
| time/                   |             |
|    fps                  | 1112        |
|    iterations           | 255         |
|    time_elapsed         | 2816        |
|    total_timesteps      | 3133440     |
| train/                  |             |
|    approx_kl            | 0.003424154 |
|    clip_fraction        | 0.0165      |
|    clip_range           | 0.2         |
|    entropy_loss         | -0.532      |
|    explained_variance   | 0.957       |
|    learning_rate        | 0.000281    |
|    loss                 | -0.00328    |
|    n_updates            | 2540        |
|    policy_gradient_loss | -0.00171    |
|    value_loss           | 5.89e-05    |
-----------------------------------------
------------------------------------------
| rollout/                |              |
|    ep_len_mean          | 4.53e+04     |
|    ep_rew_mean          | 0.102        |
| time/                   |              |
|    fps                  | 1115         |
|    iterations           | 256          |
|    time_elapsed         | 2819         |
|    total_timesteps      | 3145728      |
| train/                  |              |
|    approx_kl            | 0.0034851439 |
|    clip_fraction        | 0.0267       |
|    clip_range           | 0.2          |
|    entropy_loss         | -0.522       |
|    explained_variance   | 0.968        |
|    learning_rate        | 0.000281     |
|    loss                 | -0.00708     |
|    n_updates            | 2550         |
|    policy_gradient_loss | -0.00208     |
|    value_loss           | 2.81e-05     |
------------------------------------------
------------------------------------------
| rollout/                |              |
|    ep_len_mean          | 4.53e+04     |
|    ep_rew_mean          | 0.102        |
| time/                   |              |
|    fps                  | 1119         |
|    iterations           | 257          |
|    time_elapsed         | 2822         |
|    total_timesteps      | 3158016      |
| train/                  |              |
|    approx_kl            | 0.0053563924 |
|    clip_fraction        | 0.0234       |
|    clip_range           | 0.2          |
|    entropy_loss         | -0.532       |
|    explained_variance   | 0.978        |
|    learning_rate        | 0.000281     |
|    loss                 | -0.00463     |
|    n_updates            | 2560         |
|    policy_gradient_loss | -0.00131     |
|    value_loss           | 3.36e-05     |
------------------------------------------
------------------------------------------
| rollout/                |              |
|    ep_len_mean          | 4.53e+04     |
|    ep_rew_mean          | 0.102        |
| time/                   |              |
|    fps                  | 1122         |
|    iterations           | 258          |
|    time_elapsed         | 2825         |
|    total_timesteps      | 3170304      |
| train/                  |              |
|    approx_kl            | 0.0032544204 |
|    clip_fraction        | 0.0203       |
|    clip_range           | 0.2          |
|    entropy_loss         | -0.552       |
|    explained_variance   | 0.977        |
|    learning_rate        | 0.000281     |
|    loss                 | -0.00488     |
|    n_updates            | 2570         |
|    policy_gradient_loss | -0.00165     |
|    value_loss           | 2.95e-05     |
------------------------------------------
------------------------------------------
| rollout/                |              |
|    ep_len_mean          | 4.53e+04     |
|    ep_rew_mean          | 0.102        |
| time/                   |              |
|    fps                  | 1125         |
|    iterations           | 259          |
|    time_elapsed         | 2827         |
|    total_timesteps      | 3182592      |
| train/                  |              |
|    approx_kl            | 0.0038833872 |
|    clip_fraction        | 0.0148       |
|    clip_range           | 0.2          |
|    entropy_loss         | -0.551       |
|    explained_variance   | 0.962        |
|    learning_rate        | 0.000281     |
|    loss                 | -0.0125      |
|    n_updates            | 2580         |
|    policy_gradient_loss | -0.00215     |
|    value_loss           | 4.22e-05     |
------------------------------------------
------------------------------------------
| rollout/                |              |
|    ep_len_mean          | 4.53e+04     |
|    ep_rew_mean          | 0.102        |
| time/                   |              |
|    fps                  | 1128         |
|    iterations           | 260          |
|    time_elapsed         | 2830         |
|    total_timesteps      | 3194880      |
| train/                  |              |
|    approx_kl            | 0.0039187274 |
|    clip_fraction        | 0.00874      |
|    clip_range           | 0.2          |
|    entropy_loss         | -0.573       |
|    explained_variance   | 0.966        |
|    learning_rate        | 0.000281     |
|    loss                 | -0.00811     |
|    n_updates            | 2590         |
|    policy_gradient_loss | -0.00108     |
|    value_loss           | 6.73e-05     |
------------------------------------------
------------------------------------------
| rollout/                |              |
|    ep_len_mean          | 4.53e+04     |
|    ep_rew_mean          | 0.102        |
| time/                   |              |
|    fps                  | 1131         |
|    iterations           | 261          |
|    time_elapsed         | 2833         |
|    total_timesteps      | 3207168      |
| train/                  |              |
|    approx_kl            | 0.0052435133 |
|    clip_fraction        | 0.0201       |
|    clip_range           | 0.2          |
|    entropy_loss         | -0.573       |
|    explained_variance   | 0.983        |
|    learning_rate        | 0.000281     |
|    loss                 | -0.01        |
|    n_updates            | 2600         |
|    policy_gradient_loss | -0.00195     |
|    value_loss           | 3.67e-05     |
------------------------------------------
------------------------------------------
| rollout/                |              |
|    ep_len_mean          | 4.52e+04     |
|    ep_rew_mean          | 0.103        |
| time/                   |              |
|    fps                  | 1134         |
|    iterations           | 262          |
|    time_elapsed         | 2836         |
|    total_timesteps      | 3219456      |
| train/                  |              |
|    approx_kl            | 0.0030453363 |
|    clip_fraction        | 0.0131       |
|    clip_range           | 0.2          |
|    entropy_loss         | -0.581       |
|    explained_variance   | 0.983        |
|    learning_rate        | 0.000281     |
|    loss                 | -0.0102      |
|    n_updates            | 2610         |
|    policy_gradient_loss | -0.00168     |
|    value_loss           | 4.6e-05      |
------------------------------------------
------------------------------------------
| rollout/                |              |
|    ep_len_mean          | 4.52e+04     |
|    ep_rew_mean          | 0.112        |
| time/                   |              |
|    fps                  | 1137         |
|    iterations           | 263          |
|    time_elapsed         | 2839         |
|    total_timesteps      | 3231744      |
| train/                  |              |
|    approx_kl            | 0.0053157196 |
|    clip_fraction        | 0.0349       |
|    clip_range           | 0.2          |
|    entropy_loss         | -0.542       |
|    explained_variance   | 0.984        |
|    learning_rate        | 0.000281     |
|    loss                 | -0.00941     |
|    n_updates            | 2620         |
|    policy_gradient_loss | -0.00278     |
|    value_loss           | 4.4e-05      |
------------------------------------------
-----------------------------------------
| rollout/                |             |
|    ep_len_mean          | 4.54e+04    |
|    ep_rew_mean          | 0.111       |
| time/                   |             |
|    fps                  | 1141        |
|    iterations           | 264         |
|    time_elapsed         | 2843        |
|    total_timesteps      | 3244032     |
| train/                  |             |
|    approx_kl            | 0.005286101 |
|    clip_fraction        | 0.0214      |
|    clip_range           | 0.2         |
|    entropy_loss         | -0.545      |
|    explained_variance   | 0.98        |
|    learning_rate        | 0.000281    |
|    loss                 | -0.0113     |
|    n_updates            | 2630        |
|    policy_gradient_loss | -0.00203    |
|    value_loss           | 3.33e-05    |
-----------------------------------------
------------------------------------------
| rollout/                |              |
|    ep_len_mean          | 4.54e+04     |
|    ep_rew_mean          | 0.111        |
| time/                   |              |
|    fps                  | 1144         |
|    iterations           | 265          |
|    time_elapsed         | 2846         |
|    total_timesteps      | 3256320      |
| train/                  |              |
|    approx_kl            | 0.0028627496 |
|    clip_fraction        | 0.0125       |
|    clip_range           | 0.2          |
|    entropy_loss         | -0.535       |
|    explained_variance   | 0.987        |
|    learning_rate        | 0.000281     |
|    loss                 | -0.0098      |
|    n_updates            | 2640         |
|    policy_gradient_loss | -0.00167     |
|    value_loss           | 2.4e-05      |
------------------------------------------
------------------------------------------
| rollout/                |              |
|    ep_len_mean          | 4.54e+04     |
|    ep_rew_mean          | 0.111        |
| time/                   |              |
|    fps                  | 1147         |
|    iterations           | 266          |
|    time_elapsed         | 2849         |
|    total_timesteps      | 3268608      |
| train/                  |              |
|    approx_kl            | 0.0030229092 |
|    clip_fraction        | 0.0228       |
|    clip_range           | 0.2          |
|    entropy_loss         | -0.539       |
|    explained_variance   | 0.988        |
|    learning_rate        | 0.00028      |
|    loss                 | -0.00708     |
|    n_updates            | 2650         |
|    policy_gradient_loss | -0.00117     |
|    value_loss           | 2.22e-05     |
------------------------------------------
-----------------------------------------
| rollout/                |             |
|    ep_len_mean          | 4.54e+04    |
|    ep_rew_mean          | 0.111       |
| time/                   |             |
|    fps                  | 1150        |
|    iterations           | 267         |
|    time_elapsed         | 2852        |
|    total_timesteps      | 3280896     |
| train/                  |             |
|    approx_kl            | 0.004830619 |
|    clip_fraction        | 0.0413      |
|    clip_range           | 0.2         |
|    entropy_loss         | -0.529      |
|    explained_variance   | 0.976       |
|    learning_rate        | 0.00028     |
|    loss                 | -0.00914    |
|    n_updates            | 2660        |
|    policy_gradient_loss | -0.00169    |
|    value_loss           | 6.06e-05    |
-----------------------------------------
------------------------------------------
| rollout/                |              |
|    ep_len_mean          | 4.54e+04     |
|    ep_rew_mean          | 0.111        |
| time/                   |              |
|    fps                  | 1153         |
|    iterations           | 268          |
|    time_elapsed         | 2855         |
|    total_timesteps      | 3293184      |
| train/                  |              |
|    approx_kl            | 0.0048063393 |
|    clip_fraction        | 0.0347       |
|    clip_range           | 0.2          |
|    entropy_loss         | -0.494       |
|    explained_variance   | 0.975        |
|    learning_rate        | 0.00028      |
|    loss                 | -0.00435     |
|    n_updates            | 2670         |
|    policy_gradient_loss | -0.00207     |
|    value_loss           | 3.62e-05     |
------------------------------------------
---------------------------------------
| rollout/                |           |
|    ep_len_mean          | 4.54e+04  |
|    ep_rew_mean          | 0.111     |
| time/                   |           |
|    fps                  | 1156      |
|    iterations           | 269       |
|    time_elapsed         | 2858      |
|    total_timesteps      | 3305472   |
| train/                  |           |
|    approx_kl            | 0.0045936 |
|    clip_fraction        | 0.0397    |
|    clip_range           | 0.2       |
|    entropy_loss         | -0.496    |
|    explained_variance   | 0.98      |
|    learning_rate        | 0.00028   |
|    loss                 | -0.0124   |
|    n_updates            | 2680      |
|    policy_gradient_loss | -0.0022   |
|    value_loss           | 3.83e-05  |
---------------------------------------
------------------------------------------
| rollout/                |              |
|    ep_len_mean          | 4.57e+04     |
|    ep_rew_mean          | 0.102        |
| time/                   |              |
|    fps                  | 1159         |
|    iterations           | 270          |
|    time_elapsed         | 2861         |
|    total_timesteps      | 3317760      |
| train/                  |              |
|    approx_kl            | 0.0022260284 |
|    clip_fraction        | 0.017        |
|    clip_range           | 0.2          |
|    entropy_loss         | -0.496       |
|    explained_variance   | 0.982        |
|    learning_rate        | 0.00028      |
|    loss                 | -0.00287     |
|    n_updates            | 2690         |
|    policy_gradient_loss | -0.000937    |
|    value_loss           | 3.77e-05     |
------------------------------------------
------------------------------------------
| rollout/                |              |
|    ep_len_mean          | 4.57e+04     |
|    ep_rew_mean          | 0.102        |
| time/                   |              |
|    fps                  | 1162         |
|    iterations           | 271          |
|    time_elapsed         | 2863         |
|    total_timesteps      | 3330048      |
| train/                  |              |
|    approx_kl            | 0.0020184955 |
|    clip_fraction        | 0.0188       |
|    clip_range           | 0.2          |
|    entropy_loss         | -0.442       |
|    explained_variance   | 0.942        |
|    learning_rate        | 0.00028      |
|    loss                 | -0.00219     |
|    n_updates            | 2700         |
|    policy_gradient_loss | -0.00212     |
|    value_loss           | 5.04e-05     |
------------------------------------------
------------------------------------------
| rollout/                |              |
|    ep_len_mean          | 4.57e+04     |
|    ep_rew_mean          | 0.102        |
| time/                   |              |
|    fps                  | 1165         |
|    iterations           | 272          |
|    time_elapsed         | 2866         |
|    total_timesteps      | 3342336      |
| train/                  |              |
|    approx_kl            | 0.0026997905 |
|    clip_fraction        | 0.0235       |
|    clip_range           | 0.2          |
|    entropy_loss         | -0.483       |
|    explained_variance   | 0.582        |
|    learning_rate        | 0.00028      |
|    loss                 | -0.00353     |
|    n_updates            | 2710         |
|    policy_gradient_loss | -0.00209     |
|    value_loss           | 5e-05        |
------------------------------------------
------------------------------------------
| rollout/                |              |
|    ep_len_mean          | 4.57e+04     |
|    ep_rew_mean          | 0.102        |
| time/                   |              |
|    fps                  | 1168         |
|    iterations           | 273          |
|    time_elapsed         | 2869         |
|    total_timesteps      | 3354624      |
| train/                  |              |
|    approx_kl            | 0.0026193603 |
|    clip_fraction        | 0.016        |
|    clip_range           | 0.2          |
|    entropy_loss         | -0.548       |
|    explained_variance   | 0.933        |
|    learning_rate        | 0.00028      |
|    loss                 | -0.00853     |
|    n_updates            | 2720         |
|    policy_gradient_loss | -0.00169     |
|    value_loss           | 6.4e-05      |
------------------------------------------
-----------------------------------------
| rollout/                |             |
|    ep_len_mean          | 4.57e+04    |
|    ep_rew_mean          | 0.1         |
| time/                   |             |
|    fps                  | 1172        |
|    iterations           | 274         |
|    time_elapsed         | 2872        |
|    total_timesteps      | 3366912     |
| train/                  |             |
|    approx_kl            | 0.003576597 |
|    clip_fraction        | 0.0209      |
|    clip_range           | 0.2         |
|    entropy_loss         | -0.553      |
|    explained_variance   | 0.906       |
|    learning_rate        | 0.00028     |
|    loss                 | -0.0142     |
|    n_updates            | 2730        |
|    policy_gradient_loss | -0.00267    |
|    value_loss           | 7.69e-05    |
-----------------------------------------
-----------------------------------------
| rollout/                |             |
|    ep_len_mean          | 4.56e+04    |
|    ep_rew_mean          | 0.111       |
| time/                   |             |
|    fps                  | 1175        |
|    iterations           | 275         |
|    time_elapsed         | 2875        |
|    total_timesteps      | 3379200     |
| train/                  |             |
|    approx_kl            | 0.004215676 |
|    clip_fraction        | 0.0357      |
|    clip_range           | 0.2         |
|    entropy_loss         | -0.525      |
|    explained_variance   | 0.987       |
|    learning_rate        | 0.00028     |
|    loss                 | -0.00867    |
|    n_updates            | 2740        |
|    policy_gradient_loss | -0.00288    |
|    value_loss           | 2.78e-05    |
-----------------------------------------
------------------------------------------
| rollout/                |              |
|    ep_len_mean          | 4.56e+04     |
|    ep_rew_mean          | 0.111        |
| time/                   |              |
|    fps                  | 1178         |
|    iterations           | 276          |
|    time_elapsed         | 2878         |
|    total_timesteps      | 3391488      |
| train/                  |              |
|    approx_kl            | 0.0041885143 |
|    clip_fraction        | 0.0247       |
|    clip_range           | 0.2          |
|    entropy_loss         | -0.563       |
|    explained_variance   | 0.979        |
|    learning_rate        | 0.00028      |
|    loss                 | -0.00945     |
|    n_updates            | 2750         |
|    policy_gradient_loss | -0.0022      |
|    value_loss           | 3.42e-05     |
------------------------------------------
------------------------------------------
| rollout/                |              |
|    ep_len_mean          | 4.56e+04     |
|    ep_rew_mean          | 0.111        |
| time/                   |              |
|    fps                  | 1181         |
|    iterations           | 277          |
|    time_elapsed         | 2881         |
|    total_timesteps      | 3403776      |
| train/                  |              |
|    approx_kl            | 0.0023154113 |
|    clip_fraction        | 0.0166       |
|    clip_range           | 0.2          |
|    entropy_loss         | -0.534       |
|    explained_variance   | 0.983        |
|    learning_rate        | 0.00028      |
|    loss                 | -0.0112      |
|    n_updates            | 2760         |
|    policy_gradient_loss | -0.00202     |
|    value_loss           | 3.5e-05      |
------------------------------------------
------------------------------------------
| rollout/                |              |
|    ep_len_mean          | 4.56e+04     |
|    ep_rew_mean          | 0.111        |
| time/                   |              |
|    fps                  | 1184         |
|    iterations           | 278          |
|    time_elapsed         | 2884         |
|    total_timesteps      | 3416064      |
| train/                  |              |
|    approx_kl            | 0.0012037082 |
|    clip_fraction        | 0.00968      |
|    clip_range           | 0.2          |
|    entropy_loss         | -0.55        |
|    explained_variance   | 0.978        |
|    learning_rate        | 0.00028      |
|    loss                 | -0.00831     |
|    n_updates            | 2770         |
|    policy_gradient_loss | -0.000607    |
|    value_loss           | 3.26e-05     |
------------------------------------------
------------------------------------------
| rollout/                |              |
|    ep_len_mean          | 4.56e+04     |
|    ep_rew_mean          | 0.111        |
| time/                   |              |
|    fps                  | 1187         |
|    iterations           | 279          |
|    time_elapsed         | 2887         |
|    total_timesteps      | 3428352      |
| train/                  |              |
|    approx_kl            | 0.0025628528 |
|    clip_fraction        | 0.0116       |
|    clip_range           | 0.2          |
|    entropy_loss         | -0.562       |
|    explained_variance   | 0.968        |
|    learning_rate        | 0.00028      |
|    loss                 | -0.00747     |
|    n_updates            | 2780         |
|    policy_gradient_loss | -0.00155     |
|    value_loss           | 3.66e-05     |
------------------------------------------
------------------------------------------
| rollout/                |              |
|    ep_len_mean          | 4.56e+04     |
|    ep_rew_mean          | 0.111        |
| time/                   |              |
|    fps                  | 1190         |
|    iterations           | 280          |
|    time_elapsed         | 2889         |
|    total_timesteps      | 3440640      |
| train/                  |              |
|    approx_kl            | 0.0059425053 |
|    clip_fraction        | 0.0336       |
|    clip_range           | 0.2          |
|    entropy_loss         | -0.537       |
|    explained_variance   | 0.976        |
|    learning_rate        | 0.000279     |
|    loss                 | -0.00607     |
|    n_updates            | 2790         |
|    policy_gradient_loss | -0.00285     |
|    value_loss           | 4.46e-05     |
------------------------------------------
------------------------------------------
| rollout/                |              |
|    ep_len_mean          | 4.56e+04     |
|    ep_rew_mean          | 0.111        |
| time/                   |              |
|    fps                  | 1193         |
|    iterations           | 281          |
|    time_elapsed         | 2892         |
|    total_timesteps      | 3452928      |
| train/                  |              |
|    approx_kl            | 0.0027674695 |
|    clip_fraction        | 0.0127       |
|    clip_range           | 0.2          |
|    entropy_loss         | -0.564       |
|    explained_variance   | 0.978        |
|    learning_rate        | 0.000279     |
|    loss                 | -0.0104      |
|    n_updates            | 2800         |
|    policy_gradient_loss | -0.00158     |
|    value_loss           | 4.48e-05     |
------------------------------------------
------------------------------------------
| rollout/                |              |
|    ep_len_mean          | 4.56e+04     |
|    ep_rew_mean          | 0.111        |
| time/                   |              |
|    fps                  | 1196         |
|    iterations           | 282          |
|    time_elapsed         | 2895         |
|    total_timesteps      | 3465216      |
| train/                  |              |
|    approx_kl            | 0.0045049847 |
|    clip_fraction        | 0.0351       |
|    clip_range           | 0.2          |
|    entropy_loss         | -0.545       |
|    explained_variance   | 0.934        |
|    learning_rate        | 0.000279     |
|    loss                 | -0.00671     |
|    n_updates            | 2810         |
|    policy_gradient_loss | -0.00182     |
|    value_loss           | 0.000128     |
------------------------------------------
-----------------------------------------
| rollout/                |             |
|    ep_len_mean          | 4.56e+04    |
|    ep_rew_mean          | 0.113       |
| time/                   |             |
|    fps                  | 1199        |
|    iterations           | 283         |
|    time_elapsed         | 2898        |
|    total_timesteps      | 3477504     |
| train/                  |             |
|    approx_kl            | 0.004580969 |
|    clip_fraction        | 0.0323      |
|    clip_range           | 0.2         |
|    entropy_loss         | -0.516      |
|    explained_variance   | 0.949       |
|    learning_rate        | 0.000279    |
|    loss                 | -0.00993    |
|    n_updates            | 2820        |
|    policy_gradient_loss | -0.00221    |
|    value_loss           | 0.000108    |
-----------------------------------------
------------------------------------------
| rollout/                |              |
|    ep_len_mean          | 4.56e+04     |
|    ep_rew_mean          | 0.11         |
| time/                   |              |
|    fps                  | 1202         |
|    iterations           | 284          |
|    time_elapsed         | 2901         |
|    total_timesteps      | 3489792      |
| train/                  |              |
|    approx_kl            | 0.0032241466 |
|    clip_fraction        | 0.0152       |
|    clip_range           | 0.2          |
|    entropy_loss         | -0.537       |
|    explained_variance   | 0.933        |
|    learning_rate        | 0.000279     |
|    loss                 | -0.00948     |
|    n_updates            | 2830         |
|    policy_gradient_loss | -0.00141     |
|    value_loss           | 8.75e-05     |
------------------------------------------
----------------------------------------------------
| rollout/                           |             |
|    ep_len_mean                     | 4.55e+04    |
|    ep_rew_mean                     | 0.115       |
| time/                              |             |
|    fps                             | 1078        |
|    iterations                      | 285         |
|    time_elapsed                    | 3248        |
|    total_timesteps                 | 3502080     |
| train/                             |             |
|    approx_kl                       | 0.004158257 |
|    clip_fraction                   | 0.0439      |
|    clip_range                      | 0.2         |
|    entropy_loss                    | -0.527      |
|    explained_variance              | 0.818       |
|    learning_rate                   | 0.000279    |
|    loss                            | -0.00874    |
|    n_updates                       | 2840        |
|    policy_gradient_loss            | -0.00178    |
|    value_loss                      | 2.6e-05     |
| valid/                             |             |
|    BTC-USDT-SWAP/compound_mdd_pct  | 26.3        |
|    BTC-USDT-SWAP/compound_multiple | 0           |
|    BTC-USDT-SWAP/max_single_loss   | -100        |
|    BTC-USDT-SWAP/near_liq_n        | 2           |
|    BTC-USDT-SWAP/near_liq_pct      | 0.00198     |
|    BTC-USDT-SWAP/pnl_std           | 4.63        |
|    BTC-USDT-SWAP/sel_monthly_log   | -1.53       |
|    BTC-USDT-SWAP/total_pnl         | -146        |
|    BTC-USDT-SWAP/trades            | 1009        |
|    BTC-USDT-SWAP/trades_per_month  | 85.4        |
|    BTC-USDT-SWAP/v9_score          | 410         |
|    BTC-USDT-SWAP/win_rate          | 0.567       |
|    ETH-USDT-SWAP/compound_mdd_pct  | 4.45        |
|    ETH-USDT-SWAP/compound_multiple | 0           |
|    ETH-USDT-SWAP/max_single_loss   | -100        |
|    ETH-USDT-SWAP/near_liq_n        | 4           |
|    ETH-USDT-SWAP/near_liq_pct      | 0.00304     |
|    ETH-USDT-SWAP/pnl_std           | 5.9         |
|    ETH-USDT-SWAP/total_pnl         | 91.5        |
|    ETH-USDT-SWAP/trades            | 1314        |
|    ETH-USDT-SWAP/trades_per_month  | 111         |
|    ETH-USDT-SWAP/v9_score          | 764         |
|    ETH-USDT-SWAP/win_rate          | 0.685       |
|    min_v9_score                    | 410         |
----------------------------------------------------
------------------------------------------
| rollout/                |              |
|    ep_len_mean          | 4.55e+04     |
|    ep_rew_mean          | 0.115        |
| time/                   |              |
|    fps                  | 1080         |
|    iterations           | 286          |
|    time_elapsed         | 3251         |
|    total_timesteps      | 3514368      |
| train/                  |              |
|    approx_kl            | 0.0030433747 |
|    clip_fraction        | 0.0251       |
|    clip_range           | 0.2          |
|    entropy_loss         | -0.501       |
|    explained_variance   | 0.83         |
|    learning_rate        | 0.000279     |
|    loss                 | -0.00914     |
|    n_updates            | 2850         |
|    policy_gradient_loss | -0.0021      |
|    value_loss           | 4.17e-05     |
------------------------------------------
------------------------------------------
| rollout/                |              |
|    ep_len_mean          | 4.55e+04     |
|    ep_rew_mean          | 0.115        |
| time/                   |              |
|    fps                  | 1083         |
|    iterations           | 287          |
|    time_elapsed         | 3254         |
|    total_timesteps      | 3526656      |
| train/                  |              |
|    approx_kl            | 0.0028364547 |
|    clip_fraction        | 0.0252       |
|    clip_range           | 0.2          |
|    entropy_loss         | -0.522       |
|    explained_variance   | 0.833        |
|    learning_rate        | 0.000279     |
|    loss                 | -0.00819     |
|    n_updates            | 2860         |
|    policy_gradient_loss | -0.00243     |
|    value_loss           | 3.24e-05     |
------------------------------------------
------------------------------------------
| rollout/                |              |
|    ep_len_mean          | 4.55e+04     |
|    ep_rew_mean          | 0.115        |
| time/                   |              |
|    fps                  | 1086         |
|    iterations           | 288          |
|    time_elapsed         | 3257         |
|    total_timesteps      | 3538944      |
| train/                  |              |
|    approx_kl            | 0.0050616027 |
|    clip_fraction        | 0.0348       |
|    clip_range           | 0.2          |
|    entropy_loss         | -0.546       |
|    explained_variance   | 0.834        |
|    learning_rate        | 0.000279     |
|    loss                 | -0.00579     |
|    n_updates            | 2870         |
|    policy_gradient_loss | -0.00224     |
|    value_loss           | 3.18e-05     |
------------------------------------------
-----------------------------------------
| rollout/                |             |
|    ep_len_mean          | 4.55e+04    |
|    ep_rew_mean          | 0.115       |
| time/                   |             |
|    fps                  | 1089        |
|    iterations           | 289         |
|    time_elapsed         | 3260        |
|    total_timesteps      | 3551232     |
| train/                  |             |
|    approx_kl            | 0.002165906 |
|    clip_fraction        | 0.0186      |
|    clip_range           | 0.2         |
|    entropy_loss         | -0.536      |
|    explained_variance   | 0.695       |
|    learning_rate        | 0.000279    |
|    loss                 | -0.00422    |
|    n_updates            | 2880        |
|    policy_gradient_loss | -0.00158    |
|    value_loss           | 3.61e-05    |
-----------------------------------------
------------------------------------------
| rollout/                |              |
|    ep_len_mean          | 4.55e+04     |
|    ep_rew_mean          | 0.115        |
| time/                   |              |
|    fps                  | 1091         |
|    iterations           | 290          |
|    time_elapsed         | 3263         |
|    total_timesteps      | 3563520      |
| train/                  |              |
|    approx_kl            | 0.0026999672 |
|    clip_fraction        | 0.0224       |
|    clip_range           | 0.2          |
|    entropy_loss         | -0.544       |
|    explained_variance   | 0.887        |
|    learning_rate        | 0.000279     |
|    loss                 | -0.0092      |
|    n_updates            | 2890         |
|    policy_gradient_loss | -0.00198     |
|    value_loss           | 2.47e-05     |
------------------------------------------
------------------------------------------
| rollout/                |              |
|    ep_len_mean          | 4.55e+04     |
|    ep_rew_mean          | 0.115        |
| time/                   |              |
|    fps                  | 1094         |
|    iterations           | 291          |
|    time_elapsed         | 3266         |
|    total_timesteps      | 3575808      |
| train/                  |              |
|    approx_kl            | 0.0031194668 |
|    clip_fraction        | 0.0248       |
|    clip_range           | 0.2          |
|    entropy_loss         | -0.529       |
|    explained_variance   | 0.919        |
|    learning_rate        | 0.000279     |
|    loss                 | -0.00742     |
|    n_updates            | 2900         |
|    policy_gradient_loss | -0.00186     |
|    value_loss           | 2.9e-05      |
------------------------------------------
------------------------------------------
| rollout/                |              |
|    ep_len_mean          | 4.55e+04     |
|    ep_rew_mean          | 0.115        |
| time/                   |              |
|    fps                  | 1097         |
|    iterations           | 292          |
|    time_elapsed         | 3269         |
|    total_timesteps      | 3588096      |
| train/                  |              |
|    approx_kl            | 0.0033317814 |
|    clip_fraction        | 0.0214       |
|    clip_range           | 0.2          |
|    entropy_loss         | -0.554       |
|    explained_variance   | 0.975        |
|    learning_rate        | 0.000279     |
|    loss                 | -0.0125      |
|    n_updates            | 2910         |
|    policy_gradient_loss | -0.00228     |
|    value_loss           | 5.46e-05     |
------------------------------------------
------------------------------------------
| rollout/                |              |
|    ep_len_mean          | 4.55e+04     |
|    ep_rew_mean          | 0.115        |
| time/                   |              |
|    fps                  | 1100         |
|    iterations           | 293          |
|    time_elapsed         | 3272         |
|    total_timesteps      | 3600384      |
| train/                  |              |
|    approx_kl            | 0.0059270426 |
|    clip_fraction        | 0.0235       |
|    clip_range           | 0.2          |
|    entropy_loss         | -0.52        |
|    explained_variance   | 0.986        |
|    learning_rate        | 0.000278     |
|    loss                 | -0.0101      |
|    n_updates            | 2920         |
|    policy_gradient_loss | -0.00225     |
|    value_loss           | 4.55e-05     |
------------------------------------------
------------------------------------------
| rollout/                |              |
|    ep_len_mean          | 4.55e+04     |
|    ep_rew_mean          | 0.115        |
| time/                   |              |
|    fps                  | 1103         |
|    iterations           | 294          |
|    time_elapsed         | 3275         |
|    total_timesteps      | 3612672      |
| train/                  |              |
|    approx_kl            | 0.0026017393 |
|    clip_fraction        | 0.0166       |
|    clip_range           | 0.2          |
|    entropy_loss         | -0.484       |
|    explained_variance   | 0.978        |
|    learning_rate        | 0.000278     |
|    loss                 | -0.00682     |
|    n_updates            | 2930         |
|    policy_gradient_loss | -0.00198     |
|    value_loss           | 2.66e-05     |
------------------------------------------
-----------------------------------------
| rollout/                |             |
|    ep_len_mean          | 4.55e+04    |
|    ep_rew_mean          | 0.115       |
| time/                   |             |
|    fps                  | 1105        |
|    iterations           | 295         |
|    time_elapsed         | 3278        |
|    total_timesteps      | 3624960     |
| train/                  |             |
|    approx_kl            | 0.006900791 |
|    clip_fraction        | 0.0273      |
|    clip_range           | 0.2         |
|    entropy_loss         | -0.539      |
|    explained_variance   | 0.976       |
|    learning_rate        | 0.000278    |
|    loss                 | -0.00688    |
|    n_updates            | 2940        |
|    policy_gradient_loss | -0.00278    |
|    value_loss           | 3.42e-05    |
-----------------------------------------
------------------------------------------
| rollout/                |              |
|    ep_len_mean          | 4.55e+04     |
|    ep_rew_mean          | 0.115        |
| time/                   |              |
|    fps                  | 1108         |
|    iterations           | 296          |
|    time_elapsed         | 3280         |
|    total_timesteps      | 3637248      |
| train/                  |              |
|    approx_kl            | 0.0019627626 |
|    clip_fraction        | 0.0126       |
|    clip_range           | 0.2          |
|    entropy_loss         | -0.543       |
|    explained_variance   | 0.986        |
|    learning_rate        | 0.000278     |
|    loss                 | -0.00779     |
|    n_updates            | 2950         |
|    policy_gradient_loss | -0.000972    |
|    value_loss           | 3.15e-05     |
------------------------------------------
------------------------------------------
| rollout/                |              |
|    ep_len_mean          | 4.55e+04     |
|    ep_rew_mean          | 0.115        |
| time/                   |              |
|    fps                  | 1111         |
|    iterations           | 297          |
|    time_elapsed         | 3283         |
|    total_timesteps      | 3649536      |
| train/                  |              |
|    approx_kl            | 0.0030098667 |
|    clip_fraction        | 0.0186       |
|    clip_range           | 0.2          |
|    entropy_loss         | -0.582       |
|    explained_variance   | 0.992        |
|    learning_rate        | 0.000278     |
|    loss                 | -0.00773     |
|    n_updates            | 2960         |
|    policy_gradient_loss | -0.00227     |
|    value_loss           | 2.36e-05     |
------------------------------------------
-----------------------------------------
| rollout/                |             |
|    ep_len_mean          | 4.55e+04    |
|    ep_rew_mean          | 0.115       |
| time/                   |             |
|    fps                  | 1114        |
|    iterations           | 298         |
|    time_elapsed         | 3286        |
|    total_timesteps      | 3661824     |
| train/                  |             |
|    approx_kl            | 0.004017301 |
|    clip_fraction        | 0.0315      |
|    clip_range           | 0.2         |
|    entropy_loss         | -0.516      |
|    explained_variance   | 0.991       |
|    learning_rate        | 0.000278    |
|    loss                 | -0.0152     |
|    n_updates            | 2970        |
|    policy_gradient_loss | -0.00309    |
|    value_loss           | 2.45e-05    |
-----------------------------------------
------------------------------------------
| rollout/                |              |
|    ep_len_mean          | 4.56e+04     |
|    ep_rew_mean          | 0.113        |
| time/                   |              |
|    fps                  | 1116         |
|    iterations           | 299          |
|    time_elapsed         | 3289         |
|    total_timesteps      | 3674112      |
| train/                  |              |
|    approx_kl            | 0.0035454992 |
|    clip_fraction        | 0.0163       |
|    clip_range           | 0.2          |
|    entropy_loss         | -0.549       |
|    explained_variance   | 0.992        |
|    learning_rate        | 0.000278     |
|    loss                 | -0.00789     |
|    n_updates            | 2980         |
|    policy_gradient_loss | -0.00188     |
|    value_loss           | 1.79e-05     |
------------------------------------------
-----------------------------------------
| rollout/                |             |
|    ep_len_mean          | 4.56e+04    |
|    ep_rew_mean          | 0.113       |
| time/                   |             |
|    fps                  | 1119        |
|    iterations           | 300         |
|    time_elapsed         | 3292        |
|    total_timesteps      | 3686400     |
| train/                  |             |
|    approx_kl            | 0.003986394 |
|    clip_fraction        | 0.0274      |
|    clip_range           | 0.2         |
|    entropy_loss         | -0.518      |
|    explained_variance   | 0.979       |
|    learning_rate        | 0.000278    |
|    loss                 | -0.00955    |
|    n_updates            | 2990        |
|    policy_gradient_loss | -0.000562   |
|    value_loss           | 4.09e-05    |
-----------------------------------------
-----------------------------------------
| rollout/                |             |
|    ep_len_mean          | 4.56e+04    |
|    ep_rew_mean          | 0.113       |
| time/                   |             |
|    fps                  | 1122        |
|    iterations           | 301         |
|    time_elapsed         | 3295        |
|    total_timesteps      | 3698688     |
| train/                  |             |
|    approx_kl            | 0.005758299 |
|    clip_fraction        | 0.0281      |
|    clip_range           | 0.2         |
|    entropy_loss         | -0.483      |
|    explained_variance   | 0.99        |
|    learning_rate        | 0.000278    |
|    loss                 | -0.00509    |
|    n_updates            | 3000        |
|    policy_gradient_loss | -0.00233    |
|    value_loss           | 3.74e-05    |
-----------------------------------------
---------------------------------------
| rollout/                |           |
|    ep_len_mean          | 4.56e+04  |
|    ep_rew_mean          | 0.113     |
| time/                   |           |
|    fps                  | 1125      |
|    iterations           | 302       |
|    time_elapsed         | 3298      |
|    total_timesteps      | 3710976   |
| train/                  |           |
|    approx_kl            | 0.0025904 |
|    clip_fraction        | 0.0208    |
|    clip_range           | 0.2       |
|    entropy_loss         | -0.522    |
|    explained_variance   | 0.989     |
|    learning_rate        | 0.000278  |
|    loss                 | -0.00548  |
|    n_updates            | 3010      |
|    policy_gradient_loss | -0.0026   |
|    value_loss           | 2.47e-05  |
---------------------------------------
------------------------------------------
| rollout/                |              |
|    ep_len_mean          | 4.56e+04     |
|    ep_rew_mean          | 0.113        |
| time/                   |              |
|    fps                  | 1127         |
|    iterations           | 303          |
|    time_elapsed         | 3301         |
|    total_timesteps      | 3723264      |
| train/                  |              |
|    approx_kl            | 0.0020319007 |
|    clip_fraction        | 0.0156       |
|    clip_range           | 0.2          |
|    entropy_loss         | -0.476       |
|    explained_variance   | 0.98         |
|    learning_rate        | 0.000278     |
|    loss                 | -0.00777     |
|    n_updates            | 3020         |
|    policy_gradient_loss | -0.00178     |
|    value_loss           | 2.85e-05     |
------------------------------------------
-----------------------------------------
| rollout/                |             |
|    ep_len_mean          | 4.56e+04    |
|    ep_rew_mean          | 0.113       |
| time/                   |             |
|    fps                  | 1130        |
|    iterations           | 304         |
|    time_elapsed         | 3304        |
|    total_timesteps      | 3735552     |
| train/                  |             |
|    approx_kl            | 0.002922985 |
|    clip_fraction        | 0.0176      |
|    clip_range           | 0.2         |
|    entropy_loss         | -0.481      |
|    explained_variance   | 0.974       |
|    learning_rate        | 0.000278    |
|    loss                 | -0.01       |
|    n_updates            | 3030        |
|    policy_gradient_loss | -0.00234    |
|    value_loss           | 4.19e-05    |
-----------------------------------------
------------------------------------------
| rollout/                |              |
|    ep_len_mean          | 4.56e+04     |
|    ep_rew_mean          | 0.12         |
| time/                   |              |
|    fps                  | 1133         |
|    iterations           | 305          |
|    time_elapsed         | 3307         |
|    total_timesteps      | 3747840      |
| train/                  |              |
|    approx_kl            | 0.0029640086 |
|    clip_fraction        | 0.0167       |
|    clip_range           | 0.2          |
|    entropy_loss         | -0.471       |
|    explained_variance   | 0.989        |
|    learning_rate        | 0.000278     |
|    loss                 | -0.00643     |
|    n_updates            | 3040         |
|    policy_gradient_loss | -0.00187     |
|    value_loss           | 2.4e-05      |
------------------------------------------
------------------------------------------
| rollout/                |              |
|    ep_len_mean          | 4.56e+04     |
|    ep_rew_mean          | 0.12         |
| time/                   |              |
|    fps                  | 1136         |
|    iterations           | 306          |
|    time_elapsed         | 3309         |
|    total_timesteps      | 3760128      |
| train/                  |              |
|    approx_kl            | 0.0024494603 |
|    clip_fraction        | 0.0364       |
|    clip_range           | 0.2          |
|    entropy_loss         | -0.44        |
|    explained_variance   | 0.989        |
|    learning_rate        | 0.000278     |
|    loss                 | -0.00623     |
|    n_updates            | 3050         |
|    policy_gradient_loss | -0.00197     |
|    value_loss           | 3.25e-05     |
------------------------------------------
------------------------------------------
| rollout/                |              |
|    ep_len_mean          | 4.56e+04     |
|    ep_rew_mean          | 0.107        |
| time/                   |              |
|    fps                  | 1138         |
|    iterations           | 307          |
|    time_elapsed         | 3312         |
|    total_timesteps      | 3772416      |
| train/                  |              |
|    approx_kl            | 0.0019447352 |
|    clip_fraction        | 0.0165       |
|    clip_range           | 0.2          |
|    entropy_loss         | -0.497       |
|    explained_variance   | 0.979        |
|    learning_rate        | 0.000277     |
|    loss                 | -0.0095      |
|    n_updates            | 3060         |
|    policy_gradient_loss | -0.00187     |
|    value_loss           | 4.55e-05     |
------------------------------------------
-----------------------------------------
| rollout/                |             |
|    ep_len_mean          | 4.59e+04    |
|    ep_rew_mean          | 0.105       |
| time/                   |             |
|    fps                  | 1141        |
|    iterations           | 308         |
|    time_elapsed         | 3315        |
|    total_timesteps      | 3784704     |
| train/                  |             |
|    approx_kl            | 0.004262541 |
|    clip_fraction        | 0.0467      |
|    clip_range           | 0.2         |
|    entropy_loss         | -0.473      |
|    explained_variance   | 0.923       |
|    learning_rate        | 0.000277    |
|    loss                 | -0.0114     |
|    n_updates            | 3070        |
|    policy_gradient_loss | -0.00219    |
|    value_loss           | 5.93e-05    |
-----------------------------------------
------------------------------------------
| rollout/                |              |
|    ep_len_mean          | 4.59e+04     |
|    ep_rew_mean          | 0.105        |
| time/                   |              |
|    fps                  | 1144         |
|    iterations           | 309          |
|    time_elapsed         | 3318         |
|    total_timesteps      | 3796992      |
| train/                  |              |
|    approx_kl            | 0.0035024667 |
|    clip_fraction        | 0.0218       |
|    clip_range           | 0.2          |
|    entropy_loss         | -0.447       |
|    explained_variance   | 0.926        |
|    learning_rate        | 0.000277     |
|    loss                 | -0.00526     |
|    n_updates            | 3080         |
|    policy_gradient_loss | -0.00159     |
|    value_loss           | 2.72e-05     |
------------------------------------------
----------------------------------------
| rollout/                |            |
|    ep_len_mean          | 4.59e+04   |
|    ep_rew_mean          | 0.105      |
| time/                   |            |
|    fps                  | 1146       |
|    iterations           | 310        |
|    time_elapsed         | 3321       |
|    total_timesteps      | 3809280    |
| train/                  |            |
|    approx_kl            | 0.00322839 |
|    clip_fraction        | 0.0234     |
|    clip_range           | 0.2        |
|    entropy_loss         | -0.466     |
|    explained_variance   | 0.91       |
|    learning_rate        | 0.000277   |
|    loss                 | -0.00512   |
|    n_updates            | 3090       |
|    policy_gradient_loss | -0.00151   |
|    value_loss           | 3.13e-05   |
----------------------------------------
------------------------------------------
| rollout/                |              |
|    ep_len_mean          | 4.59e+04     |
|    ep_rew_mean          | 0.105        |
| time/                   |              |
|    fps                  | 1149         |
|    iterations           | 311          |
|    time_elapsed         | 3324         |
|    total_timesteps      | 3821568      |
| train/                  |              |
|    approx_kl            | 0.0028778615 |
|    clip_fraction        | 0.026        |
|    clip_range           | 0.2          |
|    entropy_loss         | -0.473       |
|    explained_variance   | 0.916        |
|    learning_rate        | 0.000277     |
|    loss                 | -0.00933     |
|    n_updates            | 3100         |
|    policy_gradient_loss | -0.0016      |
|    value_loss           | 3.1e-05      |
------------------------------------------
------------------------------------------
| rollout/                |              |
|    ep_len_mean          | 4.59e+04     |
|    ep_rew_mean          | 0.105        |
| time/                   |              |
|    fps                  | 1152         |
|    iterations           | 312          |
|    time_elapsed         | 3327         |
|    total_timesteps      | 3833856      |
| train/                  |              |
|    approx_kl            | 0.0033013523 |
|    clip_fraction        | 0.0347       |
|    clip_range           | 0.2          |
|    entropy_loss         | -0.478       |
|    explained_variance   | 0.913        |
|    learning_rate        | 0.000277     |
|    loss                 | -0.0102      |
|    n_updates            | 3110         |
|    policy_gradient_loss | -0.00213     |
|    value_loss           | 4.5e-05      |
------------------------------------------
-----------------------------------------
| rollout/                |             |
|    ep_len_mean          | 4.59e+04    |
|    ep_rew_mean          | 0.105       |
| time/                   |             |
|    fps                  | 1154        |
|    iterations           | 313         |
|    time_elapsed         | 3331        |
|    total_timesteps      | 3846144     |
| train/                  |             |
|    approx_kl            | 0.003272364 |
|    clip_fraction        | 0.0171      |
|    clip_range           | 0.2         |
|    entropy_loss         | -0.454      |
|    explained_variance   | 0.89        |
|    learning_rate        | 0.000277    |
|    loss                 | 0.00282     |
|    n_updates            | 3120        |
|    policy_gradient_loss | -0.00159    |
|    value_loss           | 2.75e-05    |
-----------------------------------------
------------------------------------------
| rollout/                |              |
|    ep_len_mean          | 4.59e+04     |
|    ep_rew_mean          | 0.105        |
| time/                   |              |
|    fps                  | 1157         |
|    iterations           | 314          |
|    time_elapsed         | 3334         |
|    total_timesteps      | 3858432      |
| train/                  |              |
|    approx_kl            | 0.0023033565 |
|    clip_fraction        | 0.0248       |
|    clip_range           | 0.2          |
|    entropy_loss         | -0.51        |
|    explained_variance   | 0.924        |
|    learning_rate        | 0.000277     |
|    loss                 | -0.00939     |
|    n_updates            | 3130         |
|    policy_gradient_loss | -0.0018      |
|    value_loss           | 2.87e-05     |
------------------------------------------
------------------------------------------
| rollout/                |              |
|    ep_len_mean          | 4.59e+04     |
|    ep_rew_mean          | 0.105        |
| time/                   |              |
|    fps                  | 1159         |
|    iterations           | 315          |
|    time_elapsed         | 3337         |
|    total_timesteps      | 3870720      |
| train/                  |              |
|    approx_kl            | 0.0032897396 |
|    clip_fraction        | 0.0268       |
|    clip_range           | 0.2          |
|    entropy_loss         | -0.488       |
|    explained_variance   | 0.891        |
|    learning_rate        | 0.000277     |
|    loss                 | -0.00857     |
|    n_updates            | 3140         |
|    policy_gradient_loss | -0.00122     |
|    value_loss           | 3.49e-05     |
------------------------------------------
------------------------------------------
| rollout/                |              |
|    ep_len_mean          | 4.59e+04     |
|    ep_rew_mean          | 0.105        |
| time/                   |              |
|    fps                  | 1162         |
|    iterations           | 316          |
|    time_elapsed         | 3339         |
|    total_timesteps      | 3883008      |
| train/                  |              |
|    approx_kl            | 0.0024343368 |
|    clip_fraction        | 0.0222       |
|    clip_range           | 0.2          |
|    entropy_loss         | -0.525       |
|    explained_variance   | 0.856        |
|    learning_rate        | 0.000277     |
|    loss                 | -0.0119      |
|    n_updates            | 3150         |
|    policy_gradient_loss | -0.00213     |
|    value_loss           | 3.27e-05     |
------------------------------------------
-----------------------------------------
| rollout/                |             |
|    ep_len_mean          | 4.59e+04    |
|    ep_rew_mean          | 0.105       |
| time/                   |             |
|    fps                  | 1165        |
|    iterations           | 317         |
|    time_elapsed         | 3342        |
|    total_timesteps      | 3895296     |
| train/                  |             |
|    approx_kl            | 0.003568855 |
|    clip_fraction        | 0.0313      |
|    clip_range           | 0.2         |
|    entropy_loss         | -0.473      |
|    explained_variance   | 0.77        |
|    learning_rate        | 0.000277    |
|    loss                 | -0.00688    |
|    n_updates            | 3160        |
|    policy_gradient_loss | -0.00252    |
|    value_loss           | 3.15e-05    |
-----------------------------------------
----------------------------------------
| rollout/                |            |
|    ep_len_mean          | 4.59e+04   |
|    ep_rew_mean          | 0.105      |
| time/                   |            |
|    fps                  | 1167       |
|    iterations           | 318        |
|    time_elapsed         | 3345       |
|    total_timesteps      | 3907584    |
| train/                  |            |
|    approx_kl            | 0.00222945 |
|    clip_fraction        | 0.0141     |
|    clip_range           | 0.2        |
|    entropy_loss         | -0.488     |
|    explained_variance   | 0.932      |
|    learning_rate        | 0.000277   |
|    loss                 | -0.00937   |
|    n_updates            | 3170       |
|    policy_gradient_loss | -0.00147   |
|    value_loss           | 3.23e-05   |
----------------------------------------
------------------------------------------
| rollout/                |              |
|    ep_len_mean          | 4.59e+04     |
|    ep_rew_mean          | 0.105        |
| time/                   |              |
|    fps                  | 1170         |
|    iterations           | 319          |
|    time_elapsed         | 3348         |
|    total_timesteps      | 3919872      |
| train/                  |              |
|    approx_kl            | 0.0036509002 |
|    clip_fraction        | 0.0226       |
|    clip_range           | 0.2          |
|    entropy_loss         | -0.452       |
|    explained_variance   | 0.962        |
|    learning_rate        | 0.000277     |
|    loss                 | -0.00571     |
|    n_updates            | 3180         |
|    policy_gradient_loss | -0.00197     |
|    value_loss           | 2.44e-05     |
------------------------------------------
-----------------------------------------
| rollout/                |             |
|    ep_len_mean          | 4.59e+04    |
|    ep_rew_mean          | 0.114       |
| time/                   |             |
|    fps                  | 1173        |
|    iterations           | 320         |
|    time_elapsed         | 3351        |
|    total_timesteps      | 3932160     |
| train/                  |             |
|    approx_kl            | 0.003509622 |
|    clip_fraction        | 0.0377      |
|    clip_range           | 0.2         |
|    entropy_loss         | -0.462      |
|    explained_variance   | 0.95        |
|    learning_rate        | 0.000276    |
|    loss                 | -0.0129     |
|    n_updates            | 3190        |
|    policy_gradient_loss | -0.00234    |
|    value_loss           | 2.63e-05    |
-----------------------------------------
------------------------------------------
| rollout/                |              |
|    ep_len_mean          | 4.59e+04     |
|    ep_rew_mean          | 0.114        |
| time/                   |              |
|    fps                  | 1175         |
|    iterations           | 321          |
|    time_elapsed         | 3354         |
|    total_timesteps      | 3944448      |
| train/                  |              |
|    approx_kl            | 0.0034244854 |
|    clip_fraction        | 0.0286       |
|    clip_range           | 0.2          |
|    entropy_loss         | -0.534       |
|    explained_variance   | 0.929        |
|    learning_rate        | 0.000276     |
|    loss                 | -0.00776     |
|    n_updates            | 3200         |
|    policy_gradient_loss | -0.00133     |
|    value_loss           | 3.85e-05     |
------------------------------------------
------------------------------------------
| rollout/                |              |
|    ep_len_mean          | 4.59e+04     |
|    ep_rew_mean          | 0.114        |
| time/                   |              |
|    fps                  | 1178         |
|    iterations           | 322          |
|    time_elapsed         | 3357         |
|    total_timesteps      | 3956736      |
| train/                  |              |
|    approx_kl            | 0.0020914497 |
|    clip_fraction        | 0.0168       |
|    clip_range           | 0.2          |
|    entropy_loss         | -0.503       |
|    explained_variance   | 0.887        |
|    learning_rate        | 0.000276     |
|    loss                 | -0.00687     |
|    n_updates            | 3210         |
|    policy_gradient_loss | -0.00167     |
|    value_loss           | 4.01e-05     |
------------------------------------------
------------------------------------------
| rollout/                |              |
|    ep_len_mean          | 4.59e+04     |
|    ep_rew_mean          | 0.114        |
| time/                   |              |
|    fps                  | 1181         |
|    iterations           | 323          |
|    time_elapsed         | 3360         |
|    total_timesteps      | 3969024      |
| train/                  |              |
|    approx_kl            | 0.0018261853 |
|    clip_fraction        | 0.0114       |
|    clip_range           | 0.2          |
|    entropy_loss         | -0.468       |
|    explained_variance   | 0.889        |
|    learning_rate        | 0.000276     |
|    loss                 | -0.00555     |
|    n_updates            | 3220         |
|    policy_gradient_loss | -0.00141     |
|    value_loss           | 3.82e-05     |
------------------------------------------
------------------------------------------
| rollout/                |              |
|    ep_len_mean          | 4.59e+04     |
|    ep_rew_mean          | 0.114        |
| time/                   |              |
|    fps                  | 1183         |
|    iterations           | 324          |
|    time_elapsed         | 3362         |
|    total_timesteps      | 3981312      |
| train/                  |              |
|    approx_kl            | 0.0034381703 |
|    clip_fraction        | 0.0326       |
|    clip_range           | 0.2          |
|    entropy_loss         | -0.531       |
|    explained_variance   | 0.936        |
|    learning_rate        | 0.000276     |
|    loss                 | -0.0101      |
|    n_updates            | 3230         |
|    policy_gradient_loss | -0.00276     |
|    value_loss           | 1.42e-05     |
------------------------------------------
------------------------------------------
| rollout/                |              |
|    ep_len_mean          | 4.59e+04     |
|    ep_rew_mean          | 0.114        |
| time/                   |              |
|    fps                  | 1186         |
|    iterations           | 325          |
|    time_elapsed         | 3365         |
|    total_timesteps      | 3993600      |
| train/                  |              |
|    approx_kl            | 0.0033297238 |
|    clip_fraction        | 0.0242       |
|    clip_range           | 0.2          |
|    entropy_loss         | -0.495       |
|    explained_variance   | 0.925        |
|    learning_rate        | 0.000276     |
|    loss                 | -0.00388     |
|    n_updates            | 3240         |
|    policy_gradient_loss | -0.0014      |
|    value_loss           | 2.03e-05     |
------------------------------------------
-----------------------------------------------------
| rollout/                           |              |
|    ep_len_mean                     | 4.58e+04     |
|    ep_rew_mean                     | 0.121        |
| time/                              |              |
|    fps                             | 1077         |
|    iterations                      | 326          |
|    time_elapsed                    | 3716         |
|    total_timesteps                 | 4005888      |
| train/                             |              |
|    approx_kl                       | 0.0042726174 |
|    clip_fraction                   | 0.0374       |
|    clip_range                      | 0.2          |
|    entropy_loss                    | -0.523       |
|    explained_variance              | 0.906        |
|    learning_rate                   | 0.000276     |
|    loss                            | -0.0104      |
|    n_updates                       | 3250         |
|    policy_gradient_loss            | -0.00195     |
|    value_loss                      | 2.47e-05     |
| valid/                             |              |
|    BTC-USDT-SWAP/compound_mdd_pct  | 100          |
|    BTC-USDT-SWAP/compound_multiple | 2.31e-16     |
|    BTC-USDT-SWAP/max_single_loss   | -100         |
|    BTC-USDT-SWAP/near_liq_n        | 1            |
|    BTC-USDT-SWAP/near_liq_pct      | 0.00103      |
|    BTC-USDT-SWAP/pnl_std           | 3.45         |
|    BTC-USDT-SWAP/sel_monthly_log   | -1.06        |
|    BTC-USDT-SWAP/total_pnl         | -128         |
|    BTC-USDT-SWAP/trades            | 973          |
|    BTC-USDT-SWAP/trades_per_month  | 82.3         |
|    BTC-USDT-SWAP/v9_score          | 417          |
|    BTC-USDT-SWAP/win_rate          | 0.55         |
|    ETH-USDT-SWAP/compound_mdd_pct  | 5.86         |
|    ETH-USDT-SWAP/compound_multiple | 0            |
|    ETH-USDT-SWAP/max_single_loss   | -100         |
|    ETH-USDT-SWAP/near_liq_n        | 3            |
|    ETH-USDT-SWAP/near_liq_pct      | 0.00153      |
|    ETH-USDT-SWAP/pnl_std           | 4.47         |
|    ETH-USDT-SWAP/total_pnl         | 28.7         |
|    ETH-USDT-SWAP/trades            | 1957         |
|    ETH-USDT-SWAP/trades_per_month  | 166          |
|    ETH-USDT-SWAP/v9_score          | 659          |
|    ETH-USDT-SWAP/win_rate          | 0.643        |
|    min_v9_score                    | 417          |
-----------------------------------------------------
------------------------------------------
| rollout/                |              |
|    ep_len_mean          | 4.58e+04     |
|    ep_rew_mean          | 0.121        |
| time/                   |              |
|    fps                  | 1080         |
|    iterations           | 327          |
|    time_elapsed         | 3719         |
|    total_timesteps      | 4018176      |
| train/                  |              |
|    approx_kl            | 0.0024973124 |
|    clip_fraction        | 0.0169       |
|    clip_range           | 0.2          |
|    entropy_loss         | -0.499       |
|    explained_variance   | 0.835        |
|    learning_rate        | 0.000276     |
|    loss                 | -0.00755     |
|    n_updates            | 3260         |
|    policy_gradient_loss | -0.00209     |
|    value_loss           | 6.12e-05     |
------------------------------------------
------------------------------------------
| rollout/                |              |
|    ep_len_mean          | 4.58e+04     |
|    ep_rew_mean          | 0.126        |
| time/                   |              |
|    fps                  | 1082         |
|    iterations           | 328          |
|    time_elapsed         | 3722         |
|    total_timesteps      | 4030464      |
| train/                  |              |
|    approx_kl            | 0.0045859697 |
|    clip_fraction        | 0.0204       |
|    clip_range           | 0.2          |
|    entropy_loss         | -0.544       |
|    explained_variance   | 0.942        |
|    learning_rate        | 0.000276     |
|    loss                 | -0.00887     |
|    n_updates            | 3270         |
|    policy_gradient_loss | -0.00199     |
|    value_loss           | 2.29e-05     |
------------------------------------------
------------------------------------------
| rollout/                |              |
|    ep_len_mean          | 4.58e+04     |
|    ep_rew_mean          | 0.133        |
| time/                   |              |
|    fps                  | 1085         |
|    iterations           | 329          |
|    time_elapsed         | 3725         |
|    total_timesteps      | 4042752      |
| train/                  |              |
|    approx_kl            | 0.0020657487 |
|    clip_fraction        | 0.0195       |
|    clip_range           | 0.2          |
|    entropy_loss         | -0.515       |
|    explained_variance   | 0.95         |
|    learning_rate        | 0.000276     |
|    loss                 | -0.00957     |
|    n_updates            | 3280         |
|    policy_gradient_loss | -0.0014      |
|    value_loss           | 1.55e-05     |
------------------------------------------
-----------------------------------------
| rollout/                |             |
|    ep_len_mean          | 4.58e+04    |
|    ep_rew_mean          | 0.133       |
| time/                   |             |
|    fps                  | 1087        |
|    iterations           | 330         |
|    time_elapsed         | 3728        |
|    total_timesteps      | 4055040     |
| train/                  |             |
|    approx_kl            | 0.006222505 |
|    clip_fraction        | 0.0481      |
|    clip_range           | 0.2         |
|    entropy_loss         | -0.478      |
|    explained_variance   | 0.888       |
|    learning_rate        | 0.000276    |
|    loss                 | -0.0102     |
|    n_updates            | 3290        |
|    policy_gradient_loss | -0.00305    |
|    value_loss           | 3.42e-05    |
-----------------------------------------
-----------------------------------------
| rollout/                |             |
|    ep_len_mean          | 4.58e+04    |
|    ep_rew_mean          | 0.133       |
| time/                   |             |
|    fps                  | 1090        |
|    iterations           | 331         |
|    time_elapsed         | 3730        |
|    total_timesteps      | 4067328     |
| train/                  |             |
|    approx_kl            | 0.004033813 |
|    clip_fraction        | 0.0194      |
|    clip_range           | 0.2         |
|    entropy_loss         | -0.511      |
|    explained_variance   | 0.757       |
|    learning_rate        | 0.000276    |
|    loss                 | -0.0101     |
|    n_updates            | 3300        |
|    policy_gradient_loss | -0.00179    |
|    value_loss           | 5.84e-05    |
-----------------------------------------
----------------------------------------
| rollout/                |            |
|    ep_len_mean          | 4.58e+04   |
|    ep_rew_mean          | 0.133      |
| time/                   |            |
|    fps                  | 1092       |
|    iterations           | 332        |
|    time_elapsed         | 3733       |
|    total_timesteps      | 4079616    |
| train/                  |            |
|    approx_kl            | 0.00463173 |
|    clip_fraction        | 0.0366     |
|    clip_range           | 0.2        |
|    entropy_loss         | -0.473     |
|    explained_variance   | 0.619      |
|    learning_rate        | 0.000276   |
|    loss                 | -0.00808   |
|    n_updates            | 3310       |
|    policy_gradient_loss | -0.00272   |
|    value_loss           | 6.63e-05   |
----------------------------------------
------------------------------------------
| rollout/                |              |
|    ep_len_mean          | 4.58e+04     |
|    ep_rew_mean          | 0.133        |
| time/                   |              |
|    fps                  | 1094         |
|    iterations           | 333          |
|    time_elapsed         | 3736         |
|    total_timesteps      | 4091904      |
| train/                  |              |
|    approx_kl            | 0.0022810034 |
|    clip_fraction        | 0.0175       |
|    clip_range           | 0.2          |
|    entropy_loss         | -0.531       |
|    explained_variance   | 0.778        |
|    learning_rate        | 0.000276     |
|    loss                 | -0.00682     |
|    n_updates            | 3320         |
|    policy_gradient_loss | -0.00166     |
|    value_loss           | 2.33e-05     |
------------------------------------------
------------------------------------------
| rollout/                |              |
|    ep_len_mean          | 4.68e+04     |
|    ep_rew_mean          | 0.12         |
| time/                   |              |
|    fps                  | 1097         |
|    iterations           | 334          |
|    time_elapsed         | 3740         |
|    total_timesteps      | 4104192      |
| train/                  |              |
|    approx_kl            | 0.0041092793 |
|    clip_fraction        | 0.0168       |
|    clip_range           | 0.2          |
|    entropy_loss         | -0.521       |
|    explained_variance   | 0.869        |
|    learning_rate        | 0.000275     |
|    loss                 | -0.00287     |
|    n_updates            | 3330         |
|    policy_gradient_loss | -0.00175     |
|    value_loss           | 2.62e-05     |
------------------------------------------
-----------------------------------------
| rollout/                |             |
|    ep_len_mean          | 4.68e+04    |
|    ep_rew_mean          | 0.12        |
| time/                   |             |
|    fps                  | 1099        |
|    iterations           | 335         |
|    time_elapsed         | 3743        |
|    total_timesteps      | 4116480     |
| train/                  |             |
|    approx_kl            | 0.002387383 |
|    clip_fraction        | 0.0257      |
|    clip_range           | 0.2         |
|    entropy_loss         | -0.443      |
|    explained_variance   | 0.722       |
|    learning_rate        | 0.000275    |
|    loss                 | -0.00314    |
|    n_updates            | 3340        |
|    policy_gradient_loss | -0.00253    |
|    value_loss           | 2.78e-05    |
-----------------------------------------
-----------------------------------------
| rollout/                |             |
|    ep_len_mean          | 4.68e+04    |
|    ep_rew_mean          | 0.12        |
| time/                   |             |
|    fps                  | 1102        |
|    iterations           | 336         |
|    time_elapsed         | 3746        |
|    total_timesteps      | 4128768     |
| train/                  |             |
|    approx_kl            | 0.003540498 |
|    clip_fraction        | 0.0298      |
|    clip_range           | 0.2         |
|    entropy_loss         | -0.468      |
|    explained_variance   | 0.425       |
|    learning_rate        | 0.000275    |
|    loss                 | -0.00376    |
|    n_updates            | 3350        |
|    policy_gradient_loss | -0.00275    |
|    value_loss           | 3.27e-05    |
-----------------------------------------
------------------------------------------
| rollout/                |              |
|    ep_len_mean          | 4.69e+04     |
|    ep_rew_mean          | 0.118        |
| time/                   |              |
|    fps                  | 1104         |
|    iterations           | 337          |
|    time_elapsed         | 3749         |
|    total_timesteps      | 4141056      |
| train/                  |              |
|    approx_kl            | 0.0028486047 |
|    clip_fraction        | 0.0195       |
|    clip_range           | 0.2          |
|    entropy_loss         | -0.482       |
|    explained_variance   | 0.476        |
|    learning_rate        | 0.000275     |
|    loss                 | -0.00587     |
|    n_updates            | 3360         |
|    policy_gradient_loss | -0.00172     |
|    value_loss           | 6.51e-05     |
------------------------------------------
-----------------------------------------
| rollout/                |             |
|    ep_len_mean          | 4.69e+04    |
|    ep_rew_mean          | 0.118       |
| time/                   |             |
|    fps                  | 1106        |
|    iterations           | 338         |
|    time_elapsed         | 3752        |
|    total_timesteps      | 4153344     |
| train/                  |             |
|    approx_kl            | 0.002352073 |
|    clip_fraction        | 0.0144      |
|    clip_range           | 0.2         |
|    entropy_loss         | -0.516      |
|    explained_variance   | 0.783       |
|    learning_rate        | 0.000275    |
|    loss                 | -0.00299    |
|    n_updates            | 3370        |
|    policy_gradient_loss | -0.00098    |
|    value_loss           | 3.4e-05     |
-----------------------------------------
------------------------------------------
| rollout/                |              |
|    ep_len_mean          | 4.69e+04     |
|    ep_rew_mean          | 0.118        |
| time/                   |              |
|    fps                  | 1109         |
|    iterations           | 339          |
|    time_elapsed         | 3755         |
|    total_timesteps      | 4165632      |
| train/                  |              |
|    approx_kl            | 0.0031530068 |
|    clip_fraction        | 0.0262       |
|    clip_range           | 0.2          |
|    entropy_loss         | -0.485       |
|    explained_variance   | 0.452        |
|    learning_rate        | 0.000275     |
|    loss                 | -0.00878     |
|    n_updates            | 3380         |
|    policy_gradient_loss | -0.00197     |
|    value_loss           | 4.81e-05     |
------------------------------------------
-----------------------------------------
| rollout/                |             |
|    ep_len_mean          | 4.69e+04    |
|    ep_rew_mean          | 0.118       |
| time/                   |             |
|    fps                  | 1111        |
|    iterations           | 340         |
|    time_elapsed         | 3758        |
|    total_timesteps      | 4177920     |
| train/                  |             |
|    approx_kl            | 0.003139178 |
|    clip_fraction        | 0.024       |
|    clip_range           | 0.2         |
|    entropy_loss         | -0.481      |
|    explained_variance   | 0.472       |
|    learning_rate        | 0.000275    |
|    loss                 | -0.00952    |
|    n_updates            | 3390        |
|    policy_gradient_loss | -0.00207    |
|    value_loss           | 2.95e-05    |
-----------------------------------------
------------------------------------------
| rollout/                |              |
|    ep_len_mean          | 4.69e+04     |
|    ep_rew_mean          | 0.118        |
| time/                   |              |
|    fps                  | 1114         |
|    iterations           | 341          |
|    time_elapsed         | 3761         |
|    total_timesteps      | 4190208      |
| train/                  |              |
|    approx_kl            | 0.0028240506 |
|    clip_fraction        | 0.0199       |
|    clip_range           | 0.2          |
|    entropy_loss         | -0.484       |
|    explained_variance   | 0.63         |
|    learning_rate        | 0.000275     |
|    loss                 | -0.00467     |
|    n_updates            | 3400         |
|    policy_gradient_loss | -0.00181     |
|    value_loss           | 3.82e-05     |
------------------------------------------
----------------------------------------
| rollout/                |            |
|    ep_len_mean          | 4.69e+04   |
|    ep_rew_mean          | 0.121      |
| time/                   |            |
|    fps                  | 1116       |
|    iterations           | 342        |
|    time_elapsed         | 3764       |
|    total_timesteps      | 4202496    |
| train/                  |            |
|    approx_kl            | 0.00379685 |
|    clip_fraction        | 0.0276     |
|    clip_range           | 0.2        |
|    entropy_loss         | -0.533     |
|    explained_variance   | 0.563      |
|    learning_rate        | 0.000275   |
|    loss                 | -0.00706   |
|    n_updates            | 3410       |
|    policy_gradient_loss | -0.00305   |
|    value_loss           | 6.15e-05   |
----------------------------------------
----------------------------------------
| rollout/                |            |
|    ep_len_mean          | 4.69e+04   |
|    ep_rew_mean          | 0.121      |
| time/                   |            |
|    fps                  | 1118       |
|    iterations           | 343        |
|    time_elapsed         | 3767       |
|    total_timesteps      | 4214784    |
| train/                  |            |
|    approx_kl            | 0.00297965 |
|    clip_fraction        | 0.0209     |
|    clip_range           | 0.2        |
|    entropy_loss         | -0.547     |
|    explained_variance   | 0.825      |
|    learning_rate        | 0.000275   |
|    loss                 | -0.0121    |
|    n_updates            | 3420       |
|    policy_gradient_loss | -0.00233   |
|    value_loss           | 3.71e-05   |
----------------------------------------
------------------------------------------
| rollout/                |              |
|    ep_len_mean          | 4.69e+04     |
|    ep_rew_mean          | 0.121        |
| time/                   |              |
|    fps                  | 1121         |
|    iterations           | 344          |
|    time_elapsed         | 3770         |
|    total_timesteps      | 4227072      |
| train/                  |              |
|    approx_kl            | 0.0035365848 |
|    clip_fraction        | 0.0201       |
|    clip_range           | 0.2          |
|    entropy_loss         | -0.539       |
|    explained_variance   | 0.526        |
|    learning_rate        | 0.000275     |
|    loss                 | -0.0137      |
|    n_updates            | 3430         |
|    policy_gradient_loss | -0.00171     |
|    value_loss           | 3.65e-05     |
------------------------------------------
------------------------------------------
| rollout/                |              |
|    ep_len_mean          | 4.69e+04     |
|    ep_rew_mean          | 0.121        |
| time/                   |              |
|    fps                  | 1123         |
|    iterations           | 345          |
|    time_elapsed         | 3773         |
|    total_timesteps      | 4239360      |
| train/                  |              |
|    approx_kl            | 0.0037860759 |
|    clip_fraction        | 0.028        |
|    clip_range           | 0.2          |
|    entropy_loss         | -0.538       |
|    explained_variance   | 0.484        |
|    learning_rate        | 0.000275     |
|    loss                 | -0.0061      |
|    n_updates            | 3440         |
|    policy_gradient_loss | -0.00266     |
|    value_loss           | 3.03e-05     |
------------------------------------------
-----------------------------------------
| rollout/                |             |
|    ep_len_mean          | 4.69e+04    |
|    ep_rew_mean          | 0.121       |
| time/                   |             |
|    fps                  | 1125        |
|    iterations           | 346         |
|    time_elapsed         | 3776        |
|    total_timesteps      | 4251648     |
| train/                  |             |
|    approx_kl            | 0.003645298 |
|    clip_fraction        | 0.0368      |
|    clip_range           | 0.2         |
|    entropy_loss         | -0.507      |
|    explained_variance   | 0.651       |
|    learning_rate        | 0.000275    |
|    loss                 | -0.00935    |
|    n_updates            | 3450        |
|    policy_gradient_loss | -0.00289    |
|    value_loss           | 3.37e-05    |
-----------------------------------------
------------------------------------------
| rollout/                |              |
|    ep_len_mean          | 4.69e+04     |
|    ep_rew_mean          | 0.121        |
| time/                   |              |
|    fps                  | 1128         |
|    iterations           | 347          |
|    time_elapsed         | 3779         |
|    total_timesteps      | 4263936      |
| train/                  |              |
|    approx_kl            | 0.0026213014 |
|    clip_fraction        | 0.0162       |
|    clip_range           | 0.2          |
|    entropy_loss         | -0.496       |
|    explained_variance   | 0.182        |
|    learning_rate        | 0.000274     |
|    loss                 | -0.00272     |
|    n_updates            | 3460         |
|    policy_gradient_loss | -0.00101     |
|    value_loss           | 0.000563     |
------------------------------------------
------------------------------------------
| rollout/                |              |
|    ep_len_mean          | 4.69e+04     |
|    ep_rew_mean          | 0.121        |
| time/                   |              |
|    fps                  | 1130         |
|    iterations           | 348          |
|    time_elapsed         | 3782         |
|    total_timesteps      | 4276224      |
| train/                  |              |
|    approx_kl            | 0.0026428613 |
|    clip_fraction        | 0.0196       |
|    clip_range           | 0.2          |
|    entropy_loss         | -0.462       |
|    explained_variance   | 0.332        |
|    learning_rate        | 0.000274     |
|    loss                 | -0.00303     |
|    n_updates            | 3470         |
|    policy_gradient_loss | -0.00189     |
|    value_loss           | 5.22e-05     |
------------------------------------------
------------------------------------------
| rollout/                |              |
|    ep_len_mean          | 4.68e+04     |
|    ep_rew_mean          | 0.13         |
| time/                   |              |
|    fps                  | 1132         |
|    iterations           | 349          |
|    time_elapsed         | 3785         |
|    total_timesteps      | 4288512      |
| train/                  |              |
|    approx_kl            | 0.0029138848 |
|    clip_fraction        | 0.0261       |
|    clip_range           | 0.2          |
|    entropy_loss         | -0.474       |
|    explained_variance   | 0.352        |
|    learning_rate        | 0.000274     |
|    loss                 | -0.00421     |
|    n_updates            | 3480         |
|    policy_gradient_loss | -0.00245     |
|    value_loss           | 3.99e-05     |
------------------------------------------
-----------------------------------------
| rollout/                |             |
|    ep_len_mean          | 4.68e+04    |
|    ep_rew_mean          | 0.13        |
| time/                   |             |
|    fps                  | 1135        |
|    iterations           | 350         |
|    time_elapsed         | 3788        |
|    total_timesteps      | 4300800     |
| train/                  |             |
|    approx_kl            | 0.002791835 |
|    clip_fraction        | 0.0228      |
|    clip_range           | 0.2         |
|    entropy_loss         | -0.502      |
|    explained_variance   | 0.47        |
|    learning_rate        | 0.000274    |
|    loss                 | -0.00808    |
|    n_updates            | 3490        |
|    policy_gradient_loss | -0.00161    |
|    value_loss           | 2.52e-05    |
-----------------------------------------
-----------------------------------------
| rollout/                |             |
|    ep_len_mean          | 4.68e+04    |
|    ep_rew_mean          | 0.134       |
| time/                   |             |
|    fps                  | 1137        |
|    iterations           | 351         |
|    time_elapsed         | 3791        |
|    total_timesteps      | 4313088     |
| train/                  |             |
|    approx_kl            | 0.003972486 |
|    clip_fraction        | 0.0262      |
|    clip_range           | 0.2         |
|    entropy_loss         | -0.458      |
|    explained_variance   | 0.429       |
|    learning_rate        | 0.000274    |
|    loss                 | -0.00923    |
|    n_updates            | 3500        |
|    policy_gradient_loss | -0.00285    |
|    value_loss           | 2.84e-05    |
-----------------------------------------
------------------------------------------
| rollout/                |              |
|    ep_len_mean          | 4.68e+04     |
|    ep_rew_mean          | 0.134        |
| time/                   |              |
|    fps                  | 1139         |
|    iterations           | 352          |
|    time_elapsed         | 3794         |
|    total_timesteps      | 4325376      |
| train/                  |              |
|    approx_kl            | 0.0030685246 |
|    clip_fraction        | 0.0275       |
|    clip_range           | 0.2          |
|    entropy_loss         | -0.503       |
|    explained_variance   | 0.442        |
|    learning_rate        | 0.000274     |
|    loss                 | -0.00853     |
|    n_updates            | 3510         |
|    policy_gradient_loss | -0.00262     |
|    value_loss           | 2.79e-05     |
------------------------------------------
-----------------------------------------
| rollout/                |             |
|    ep_len_mean          | 4.68e+04    |
|    ep_rew_mean          | 0.134       |
| time/                   |             |
|    fps                  | 1142        |
|    iterations           | 353         |
|    time_elapsed         | 3797        |
|    total_timesteps      | 4337664     |
| train/                  |             |
|    approx_kl            | 0.003660885 |
|    clip_fraction        | 0.0297      |
|    clip_range           | 0.2         |
|    entropy_loss         | -0.493      |
|    explained_variance   | 0.73        |
|    learning_rate        | 0.000274    |
|    loss                 | -0.0109     |
|    n_updates            | 3520        |
|    policy_gradient_loss | -0.00193    |
|    value_loss           | 3.75e-05    |
-----------------------------------------
------------------------------------------
| rollout/                |              |
|    ep_len_mean          | 4.68e+04     |
|    ep_rew_mean          | 0.134        |
| time/                   |              |
|    fps                  | 1144         |
|    iterations           | 354          |
|    time_elapsed         | 3800         |
|    total_timesteps      | 4349952      |
| train/                  |              |
|    approx_kl            | 0.0026126418 |
|    clip_fraction        | 0.0164       |
|    clip_range           | 0.2          |
|    entropy_loss         | -0.506       |
|    explained_variance   | 0.948        |
|    learning_rate        | 0.000274     |
|    loss                 | -0.00855     |
|    n_updates            | 3530         |
|    policy_gradient_loss | -0.00148     |
|    value_loss           | 2.78e-05     |
------------------------------------------
-----------------------------------------
| rollout/                |             |
|    ep_len_mean          | 4.68e+04    |
|    ep_rew_mean          | 0.143       |
| time/                   |             |
|    fps                  | 1146        |
|    iterations           | 355         |
|    time_elapsed         | 3803        |
|    total_timesteps      | 4362240     |
| train/                  |             |
|    approx_kl            | 0.003524339 |
|    clip_fraction        | 0.0288      |
|    clip_range           | 0.2         |
|    entropy_loss         | -0.521      |
|    explained_variance   | 0.954       |
|    learning_rate        | 0.000274    |
|    loss                 | -0.00746    |
|    n_updates            | 3540        |
|    policy_gradient_loss | -0.00235    |
|    value_loss           | 2.77e-05    |
-----------------------------------------
-----------------------------------------
| rollout/                |             |
|    ep_len_mean          | 4.68e+04    |
|    ep_rew_mean          | 0.143       |
| time/                   |             |
|    fps                  | 1149        |
|    iterations           | 356         |
|    time_elapsed         | 3806        |
|    total_timesteps      | 4374528     |
| train/                  |             |
|    approx_kl            | 0.003126205 |
|    clip_fraction        | 0.0211      |
|    clip_range           | 0.2         |
|    entropy_loss         | -0.511      |
|    explained_variance   | 0.971       |
|    learning_rate        | 0.000274    |
|    loss                 | -0.00318    |
|    n_updates            | 3550        |
|    policy_gradient_loss | -0.00162    |
|    value_loss           | 2.16e-05    |
-----------------------------------------
------------------------------------------
| rollout/                |              |
|    ep_len_mean          | 4.68e+04     |
|    ep_rew_mean          | 0.143        |
| time/                   |              |
|    fps                  | 1151         |
|    iterations           | 357          |
|    time_elapsed         | 3809         |
|    total_timesteps      | 4386816      |
| train/                  |              |
|    approx_kl            | 0.0029944314 |
|    clip_fraction        | 0.0248       |
|    clip_range           | 0.2          |
|    entropy_loss         | -0.51        |
|    explained_variance   | 0.895        |
|    learning_rate        | 0.000274     |
|    loss                 | -0.00467     |
|    n_updates            | 3560         |
|    policy_gradient_loss | -0.00217     |
|    value_loss           | 3.85e-05     |
------------------------------------------
------------------------------------------
| rollout/                |              |
|    ep_len_mean          | 4.67e+04     |
|    ep_rew_mean          | 0.144        |
| time/                   |              |
|    fps                  | 1153         |
|    iterations           | 358          |
|    time_elapsed         | 3812         |
|    total_timesteps      | 4399104      |
| train/                  |              |
|    approx_kl            | 0.0046716677 |
|    clip_fraction        | 0.0529       |
|    clip_range           | 0.2          |
|    entropy_loss         | -0.517       |
|    explained_variance   | 0.988        |
|    learning_rate        | 0.000274     |
|    loss                 | -0.0109      |
|    n_updates            | 3570         |
|    policy_gradient_loss | -0.00372     |
|    value_loss           | 4.29e-05     |
------------------------------------------
-----------------------------------------
| rollout/                |             |
|    ep_len_mean          | 4.67e+04    |
|    ep_rew_mean          | 0.144       |
| time/                   |             |
|    fps                  | 1156        |
|    iterations           | 359         |
|    time_elapsed         | 3815        |
|    total_timesteps      | 4411392     |
| train/                  |             |
|    approx_kl            | 0.005620839 |
|    clip_fraction        | 0.0276      |
|    clip_range           | 0.2         |
|    entropy_loss         | -0.561      |
|    explained_variance   | 0.996       |
|    learning_rate        | 0.000274    |
|    loss                 | -0.0132     |
|    n_updates            | 3580        |
|    policy_gradient_loss | -0.00246    |
|    value_loss           | 2.78e-05    |
-----------------------------------------
-----------------------------------------
| rollout/                |             |
|    ep_len_mean          | 4.67e+04    |
|    ep_rew_mean          | 0.144       |
| time/                   |             |
|    fps                  | 1158        |
|    iterations           | 360         |
|    time_elapsed         | 3818        |
|    total_timesteps      | 4423680     |
| train/                  |             |
|    approx_kl            | 0.004575171 |
|    clip_fraction        | 0.0272      |
|    clip_range           | 0.2         |
|    entropy_loss         | -0.542      |
|    explained_variance   | 0.997       |
|    learning_rate        | 0.000274    |
|    loss                 | -0.0104     |
|    n_updates            | 3590        |
|    policy_gradient_loss | -0.00236    |
|    value_loss           | 3.61e-05    |
-----------------------------------------
-----------------------------------------
| rollout/                |             |
|    ep_len_mean          | 4.67e+04    |
|    ep_rew_mean          | 0.144       |
| time/                   |             |
|    fps                  | 1160        |
|    iterations           | 361         |
|    time_elapsed         | 3821        |
|    total_timesteps      | 4435968     |
| train/                  |             |
|    approx_kl            | 0.002274561 |
|    clip_fraction        | 0.0143      |
|    clip_range           | 0.2         |
|    entropy_loss         | -0.536      |
|    explained_variance   | 0.997       |
|    learning_rate        | 0.000273    |
|    loss                 | -0.00984    |
|    n_updates            | 3600        |
|    policy_gradient_loss | -0.00151    |
|    value_loss           | 3.11e-05    |
-----------------------------------------
------------------------------------------
| rollout/                |              |
|    ep_len_mean          | 4.67e+04     |
|    ep_rew_mean          | 0.144        |
| time/                   |              |
|    fps                  | 1163         |
|    iterations           | 362          |
|    time_elapsed         | 3824         |
|    total_timesteps      | 4448256      |
| train/                  |              |
|    approx_kl            | 0.0025173875 |
|    clip_fraction        | 0.0093       |
|    clip_range           | 0.2          |
|    entropy_loss         | -0.485       |
|    explained_variance   | 0.996        |
|    learning_rate        | 0.000273     |
|    loss                 | -0.00167     |
|    n_updates            | 3610         |
|    policy_gradient_loss | -0.000948    |
|    value_loss           | 4.01e-05     |
------------------------------------------
------------------------------------------
| rollout/                |              |
|    ep_len_mean          | 4.67e+04     |
|    ep_rew_mean          | 0.173        |
| time/                   |              |
|    fps                  | 1165         |
|    iterations           | 363          |
|    time_elapsed         | 3827         |
|    total_timesteps      | 4460544      |
| train/                  |              |
|    approx_kl            | 0.0038391761 |
|    clip_fraction        | 0.0218       |
|    clip_range           | 0.2          |
|    entropy_loss         | -0.511       |
|    explained_variance   | 0.995        |
|    learning_rate        | 0.000273     |
|    loss                 | -0.00772     |
|    n_updates            | 3620         |
|    policy_gradient_loss | -0.00263     |
|    value_loss           | 6.21e-05     |
------------------------------------------
------------------------------------------
| rollout/                |              |
|    ep_len_mean          | 4.67e+04     |
|    ep_rew_mean          | 0.173        |
| time/                   |              |
|    fps                  | 1167         |
|    iterations           | 364          |
|    time_elapsed         | 3830         |
|    total_timesteps      | 4472832      |
| train/                  |              |
|    approx_kl            | 0.0039364644 |
|    clip_fraction        | 0.0159       |
|    clip_range           | 0.2          |
|    entropy_loss         | -0.545       |
|    explained_variance   | 0.995        |
|    learning_rate        | 0.000273     |
|    loss                 | -0.00168     |
|    n_updates            | 3630         |
|    policy_gradient_loss | -0.00155     |
|    value_loss           | 5.99e-05     |
------------------------------------------
-----------------------------------------
| rollout/                |             |
|    ep_len_mean          | 4.67e+04    |
|    ep_rew_mean          | 0.173       |
| time/                   |             |
|    fps                  | 1170        |
|    iterations           | 365         |
|    time_elapsed         | 3833        |
|    total_timesteps      | 4485120     |
| train/                  |             |
|    approx_kl            | 0.004635092 |
|    clip_fraction        | 0.0232      |
|    clip_range           | 0.2         |
|    entropy_loss         | -0.533      |
|    explained_variance   | 0.994       |
|    learning_rate        | 0.000273    |
|    loss                 | -0.0104     |
|    n_updates            | 3640        |
|    policy_gradient_loss | -0.00209    |
|    value_loss           | 5.04e-05    |
-----------------------------------------
-----------------------------------------
| rollout/                |             |
|    ep_len_mean          | 4.67e+04    |
|    ep_rew_mean          | 0.173       |
| time/                   |             |
|    fps                  | 1172        |
|    iterations           | 366         |
|    time_elapsed         | 3836        |
|    total_timesteps      | 4497408     |
| train/                  |             |
|    approx_kl            | 0.002423268 |
|    clip_fraction        | 0.0124      |
|    clip_range           | 0.2         |
|    entropy_loss         | -0.517      |
|    explained_variance   | 0.993       |
|    learning_rate        | 0.000273    |
|    loss                 | -0.00705    |
|    n_updates            | 3650        |
|    policy_gradient_loss | -0.00177    |
|    value_loss           | 5.76e-05    |
-----------------------------------------
----------------------------------------------------
| rollout/                           |             |
|    ep_len_mean                     | 4.67e+04    |
|    ep_rew_mean                     | 0.173       |
| time/                              |             |
|    fps                             | 1077        |
|    iterations                      | 367         |
|    time_elapsed                    | 4186        |
|    total_timesteps                 | 4509696     |
| train/                             |             |
|    approx_kl                       | 0.005090617 |
|    clip_fraction                   | 0.0248      |
|    clip_range                      | 0.2         |
|    entropy_loss                    | -0.531      |
|    explained_variance              | 0.978       |
|    learning_rate                   | 0.000273    |
|    loss                            | -0.0124     |
|    n_updates                       | 3660        |
|    policy_gradient_loss            | -0.00361    |
|    value_loss                      | 0.000192    |
| valid/                             |             |
|    BTC-USDT-SWAP/compound_mdd_pct  | 26.1        |
|    BTC-USDT-SWAP/compound_multiple | 0           |
|    BTC-USDT-SWAP/max_single_loss   | -100        |
|    BTC-USDT-SWAP/near_liq_n        | 3           |
|    BTC-USDT-SWAP/near_liq_pct      | 0.00454     |
|    BTC-USDT-SWAP/pnl_std           | 7.28        |
|    BTC-USDT-SWAP/sel_monthly_log   | -1.96       |
|    BTC-USDT-SWAP/total_pnl         | -217        |
|    BTC-USDT-SWAP/trades            | 661         |
|    BTC-USDT-SWAP/trades_per_month  | 55.9        |
|    BTC-USDT-SWAP/v9_score          | 377         |
|    BTC-USDT-SWAP/win_rate          | 0.604       |
|    ETH-USDT-SWAP/compound_mdd_pct  | 100         |
|    ETH-USDT-SWAP/compound_multiple | 0           |
|    ETH-USDT-SWAP/max_single_loss   | -100        |
|    ETH-USDT-SWAP/near_liq_n        | 4           |
|    ETH-USDT-SWAP/near_liq_pct      | 0.00312     |
|    ETH-USDT-SWAP/pnl_std           | 5.98        |
|    ETH-USDT-SWAP/total_pnl         | 156         |
|    ETH-USDT-SWAP/trades            | 1283        |
|    ETH-USDT-SWAP/trades_per_month  | 109         |
|    ETH-USDT-SWAP/v9_score          | 795         |
|    ETH-USDT-SWAP/win_rate          | 0.651       |
|    min_v9_score                    | 377         |
----------------------------------------------------
-----------------------------------------
| rollout/                |             |
|    ep_len_mean          | 4.67e+04    |
|    ep_rew_mean          | 0.173       |
| time/                   |             |
|    fps                  | 1079        |
|    iterations           | 368         |
|    time_elapsed         | 4189        |
|    total_timesteps      | 4521984     |
| train/                  |             |
|    approx_kl            | 0.004875776 |
|    clip_fraction        | 0.0147      |
|    clip_range           | 0.2         |
|    entropy_loss         | -0.534      |
|    explained_variance   | 0.994       |
|    learning_rate        | 0.000273    |
|    loss                 | -0.0116     |
|    n_updates            | 3670        |
|    policy_gradient_loss | -0.00183    |
|    value_loss           | 5.58e-05    |
-----------------------------------------
------------------------------------------
| rollout/                |              |
|    ep_len_mean          | 4.67e+04     |
|    ep_rew_mean          | 0.173        |
| time/                   |              |
|    fps                  | 1081         |
|    iterations           | 369          |
|    time_elapsed         | 4191         |
|    total_timesteps      | 4534272      |
| train/                  |              |
|    approx_kl            | 0.0044552875 |
|    clip_fraction        | 0.0238       |
|    clip_range           | 0.2          |
|    entropy_loss         | -0.506       |
|    explained_variance   | 0.987        |
|    learning_rate        | 0.000273     |
|    loss                 | 0.000387     |
|    n_updates            | 3680         |
|    policy_gradient_loss | -0.00254     |
|    value_loss           | 8.2e-05      |
------------------------------------------
------------------------------------------
| rollout/                |              |
|    ep_len_mean          | 4.66e+04     |
|    ep_rew_mean          | 0.183        |
| time/                   |              |
|    fps                  | 1083         |
|    iterations           | 370          |
|    time_elapsed         | 4195         |
|    total_timesteps      | 4546560      |
| train/                  |              |
|    approx_kl            | 0.0020748645 |
|    clip_fraction        | 0.0188       |
|    clip_range           | 0.2          |
|    entropy_loss         | -0.545       |
|    explained_variance   | 0.977        |
|    learning_rate        | 0.000273     |
|    loss                 | -0.00834     |
|    n_updates            | 3690         |
|    policy_gradient_loss | -0.00181     |
|    value_loss           | 5.11e-05     |
------------------------------------------
------------------------------------------
| rollout/                |              |
|    ep_len_mean          | 4.66e+04     |
|    ep_rew_mean          | 0.183        |
| time/                   |              |
|    fps                  | 1085         |
|    iterations           | 371          |
|    time_elapsed         | 4198         |
|    total_timesteps      | 4558848      |
| train/                  |              |
|    approx_kl            | 0.0038710514 |
|    clip_fraction        | 0.0134       |
|    clip_range           | 0.2          |
|    entropy_loss         | -0.52        |
|    explained_variance   | 0.971        |
|    learning_rate        | 0.000273     |
|    loss                 | -0.0082      |
|    n_updates            | 3700         |
|    policy_gradient_loss | -0.00186     |
|    value_loss           | 5.93e-05     |
------------------------------------------
-----------------------------------------
| rollout/                |             |
|    ep_len_mean          | 4.66e+04    |
|    ep_rew_mean          | 0.183       |
| time/                   |             |
|    fps                  | 1088        |
|    iterations           | 372         |
|    time_elapsed         | 4200        |
|    total_timesteps      | 4571136     |
| train/                  |             |
|    approx_kl            | 0.002236531 |
|    clip_fraction        | 0.0143      |
|    clip_range           | 0.2         |
|    entropy_loss         | -0.539      |
|    explained_variance   | 0.974       |
|    learning_rate        | 0.000273    |
|    loss                 | -0.0176     |
|    n_updates            | 3710        |
|    policy_gradient_loss | -0.00183    |
|    value_loss           | 7.94e-05    |
-----------------------------------------
------------------------------------------
| rollout/                |              |
|    ep_len_mean          | 4.66e+04     |
|    ep_rew_mean          | 0.183        |
| time/                   |              |
|    fps                  | 1090         |
|    iterations           | 373          |
|    time_elapsed         | 4203         |
|    total_timesteps      | 4583424      |
| train/                  |              |
|    approx_kl            | 0.0023944422 |
|    clip_fraction        | 0.0225       |
|    clip_range           | 0.2          |
|    entropy_loss         | -0.55        |
|    explained_variance   | 0.984        |
|    learning_rate        | 0.000273     |
|    loss                 | -0.00696     |
|    n_updates            | 3720         |
|    policy_gradient_loss | -0.00251     |
|    value_loss           | 3.45e-05     |
------------------------------------------
------------------------------------------
| rollout/                |              |
|    ep_len_mean          | 4.66e+04     |
|    ep_rew_mean          | 0.183        |
| time/                   |              |
|    fps                  | 1092         |
|    iterations           | 374          |
|    time_elapsed         | 4206         |
|    total_timesteps      | 4595712      |
| train/                  |              |
|    approx_kl            | 0.0050889584 |
|    clip_fraction        | 0.023        |
|    clip_range           | 0.2          |
|    entropy_loss         | -0.559       |
|    explained_variance   | 0.988        |
|    learning_rate        | 0.000272     |
|    loss                 | -0.0098      |
|    n_updates            | 3730         |
|    policy_gradient_loss | -0.00212     |
|    value_loss           | 4.88e-05     |
------------------------------------------
------------------------------------------
| rollout/                |              |
|    ep_len_mean          | 4.66e+04     |
|    ep_rew_mean          | 0.183        |
| time/                   |              |
|    fps                  | 1094         |
|    iterations           | 375          |
|    time_elapsed         | 4209         |
|    total_timesteps      | 4608000      |
| train/                  |              |
|    approx_kl            | 0.0047771786 |
|    clip_fraction        | 0.0131       |
|    clip_range           | 0.2          |
|    entropy_loss         | -0.577       |
|    explained_variance   | 0.996        |
|    learning_rate        | 0.000272     |
|    loss                 | -0.00658     |
|    n_updates            | 3740         |
|    policy_gradient_loss | -0.00173     |
|    value_loss           | 2.62e-05     |
------------------------------------------
-----------------------------------------
| rollout/                |             |
|    ep_len_mean          | 4.66e+04    |
|    ep_rew_mean          | 0.183       |
| time/                   |             |
|    fps                  | 1096        |
|    iterations           | 376         |
|    time_elapsed         | 4212        |
|    total_timesteps      | 4620288     |
| train/                  |             |
|    approx_kl            | 0.004695389 |
|    clip_fraction        | 0.0264      |
|    clip_range           | 0.2         |
|    entropy_loss         | -0.537      |
|    explained_variance   | 0.981       |
|    learning_rate        | 0.000272    |
|    loss                 | -0.00647    |
|    n_updates            | 3750        |
|    policy_gradient_loss | -0.003      |
|    value_loss           | 0.00012     |
-----------------------------------------
-----------------------------------------
| rollout/                |             |
|    ep_len_mean          | 4.66e+04    |
|    ep_rew_mean          | 0.183       |
| time/                   |             |
|    fps                  | 1098        |
|    iterations           | 377         |
|    time_elapsed         | 4215        |
|    total_timesteps      | 4632576     |
| train/                  |             |
|    approx_kl            | 0.003827567 |
|    clip_fraction        | 0.0249      |
|    clip_range           | 0.2         |
|    entropy_loss         | -0.561      |
|    explained_variance   | 0.98        |
|    learning_rate        | 0.000272    |
|    loss                 | -0.0188     |
|    n_updates            | 3760        |
|    policy_gradient_loss | -0.00208    |
|    value_loss           | 2.78e-05    |
-----------------------------------------
-----------------------------------------
| rollout/                |             |
|    ep_len_mean          | 4.66e+04    |
|    ep_rew_mean          | 0.173       |
| time/                   |             |
|    fps                  | 1100        |
|    iterations           | 378         |
|    time_elapsed         | 4218        |
|    total_timesteps      | 4644864     |
| train/                  |             |
|    approx_kl            | 0.003625987 |
|    clip_fraction        | 0.0234      |
|    clip_range           | 0.2         |
|    entropy_loss         | -0.535      |
|    explained_variance   | 0.97        |
|    learning_rate        | 0.000272    |
|    loss                 | -0.00705    |
|    n_updates            | 3770        |
|    policy_gradient_loss | -0.00228    |
|    value_loss           | 4.97e-05    |
-----------------------------------------
------------------------------------------
| rollout/                |              |
|    ep_len_mean          | 4.66e+04     |
|    ep_rew_mean          | 0.173        |
| time/                   |              |
|    fps                  | 1103         |
|    iterations           | 379          |
|    time_elapsed         | 4221         |
|    total_timesteps      | 4657152      |
| train/                  |              |
|    approx_kl            | 0.0036632658 |
|    clip_fraction        | 0.0227       |
|    clip_range           | 0.2          |
|    entropy_loss         | -0.506       |
|    explained_variance   | 0.982        |
|    learning_rate        | 0.000272     |
|    loss                 | -0.00548     |
|    n_updates            | 3780         |
|    policy_gradient_loss | -0.00192     |
|    value_loss           | 4.38e-05     |
------------------------------------------
-----------------------------------------
| rollout/                |             |
|    ep_len_mean          | 4.66e+04    |
|    ep_rew_mean          | 0.173       |
| time/                   |             |
|    fps                  | 1105        |
|    iterations           | 380         |
|    time_elapsed         | 4224        |
|    total_timesteps      | 4669440     |
| train/                  |             |
|    approx_kl            | 0.003267739 |
|    clip_fraction        | 0.0163      |
|    clip_range           | 0.2         |
|    entropy_loss         | -0.514      |
|    explained_variance   | 0.982       |
|    learning_rate        | 0.000272    |
|    loss                 | -0.00429    |
|    n_updates            | 3790        |
|    policy_gradient_loss | -0.00221    |
|    value_loss           | 2.97e-05    |
-----------------------------------------
------------------------------------------
| rollout/                |              |
|    ep_len_mean          | 4.66e+04     |
|    ep_rew_mean          | 0.173        |
| time/                   |              |
|    fps                  | 1107         |
|    iterations           | 381          |
|    time_elapsed         | 4228         |
|    total_timesteps      | 4681728      |
| train/                  |              |
|    approx_kl            | 0.0016242404 |
|    clip_fraction        | 0.0113       |
|    clip_range           | 0.2          |
|    entropy_loss         | -0.517       |
|    explained_variance   | 0.977        |
|    learning_rate        | 0.000272     |
|    loss                 | -0.00913     |
|    n_updates            | 3800         |
|    policy_gradient_loss | -0.00217     |
|    value_loss           | 2.63e-05     |
------------------------------------------
------------------------------------------
| rollout/                |              |
|    ep_len_mean          | 4.66e+04     |
|    ep_rew_mean          | 0.173        |
| time/                   |              |
|    fps                  | 1109         |
|    iterations           | 382          |
|    time_elapsed         | 4230         |
|    total_timesteps      | 4694016      |
| train/                  |              |
|    approx_kl            | 0.0058609582 |
|    clip_fraction        | 0.0214       |
|    clip_range           | 0.2          |
|    entropy_loss         | -0.558       |
|    explained_variance   | 0.952        |
|    learning_rate        | 0.000272     |
|    loss                 | -0.0125      |
|    n_updates            | 3810         |
|    policy_gradient_loss | -0.00178     |
|    value_loss           | 3.33e-05     |
------------------------------------------
------------------------------------------
| rollout/                |              |
|    ep_len_mean          | 4.66e+04     |
|    ep_rew_mean          | 0.173        |
| time/                   |              |
|    fps                  | 1111         |
|    iterations           | 383          |
|    time_elapsed         | 4233         |
|    total_timesteps      | 4706304      |
| train/                  |              |
|    approx_kl            | 0.0038044844 |
|    clip_fraction        | 0.0241       |
|    clip_range           | 0.2          |
|    entropy_loss         | -0.578       |
|    explained_variance   | 0.98         |
|    learning_rate        | 0.000272     |
|    loss                 | -0.00923     |
|    n_updates            | 3820         |
|    policy_gradient_loss | -0.00266     |
|    value_loss           | 2.51e-05     |
------------------------------------------
------------------------------------------
| rollout/                |              |
|    ep_len_mean          | 4.66e+04     |
|    ep_rew_mean          | 0.173        |
| time/                   |              |
|    fps                  | 1113         |
|    iterations           | 384          |
|    time_elapsed         | 4236         |
|    total_timesteps      | 4718592      |
| train/                  |              |
|    approx_kl            | 0.0020763697 |
|    clip_fraction        | 0.0144       |
|    clip_range           | 0.2          |
|    entropy_loss         | -0.501       |
|    explained_variance   | 0.975        |
|    learning_rate        | 0.000272     |
|    loss                 | -0.00733     |
|    n_updates            | 3830         |
|    policy_gradient_loss | -0.0022      |
|    value_loss           | 2.23e-05     |
------------------------------------------
-----------------------------------------
| rollout/                |             |
|    ep_len_mean          | 4.66e+04    |
|    ep_rew_mean          | 0.173       |
| time/                   |             |
|    fps                  | 1115        |
|    iterations           | 385         |
|    time_elapsed         | 4239        |
|    total_timesteps      | 4730880     |
| train/                  |             |
|    approx_kl            | 0.004115054 |
|    clip_fraction        | 0.0263      |
|    clip_range           | 0.2         |
|    entropy_loss         | -0.559      |
|    explained_variance   | 0.988       |
|    learning_rate        | 0.000272    |
|    loss                 | -0.00836    |
|    n_updates            | 3840        |
|    policy_gradient_loss | -0.003      |
|    value_loss           | 2.92e-05    |
-----------------------------------------
-----------------------------------------
| rollout/                |             |
|    ep_len_mean          | 4.66e+04    |
|    ep_rew_mean          | 0.173       |
| time/                   |             |
|    fps                  | 1117        |
|    iterations           | 386         |
|    time_elapsed         | 4242        |
|    total_timesteps      | 4743168     |
| train/                  |             |
|    approx_kl            | 0.002281374 |
|    clip_fraction        | 0.00809     |
|    clip_range           | 0.2         |
|    entropy_loss         | -0.506      |
|    explained_variance   | 0.993       |
|    learning_rate        | 0.000272    |
|    loss                 | -0.00665    |
|    n_updates            | 3850        |
|    policy_gradient_loss | -0.00142    |
|    value_loss           | 2.03e-05    |
-----------------------------------------
------------------------------------------
| rollout/                |              |
|    ep_len_mean          | 4.66e+04     |
|    ep_rew_mean          | 0.173        |
| time/                   |              |
|    fps                  | 1120         |
|    iterations           | 387          |
|    time_elapsed         | 4245         |
|    total_timesteps      | 4755456      |
| train/                  |              |
|    approx_kl            | 0.0050393813 |
|    clip_fraction        | 0.028        |
|    clip_range           | 0.2          |
|    entropy_loss         | -0.526       |
|    explained_variance   | 0.99         |
|    learning_rate        | 0.000272     |
|    loss                 | -0.0124      |
|    n_updates            | 3860         |
|    policy_gradient_loss | -0.00273     |
|    value_loss           | 3.44e-05     |
------------------------------------------
------------------------------------------
| rollout/                |              |
|    ep_len_mean          | 4.7e+04      |
|    ep_rew_mean          | 0.165        |
| time/                   |              |
|    fps                  | 1122         |
|    iterations           | 388          |
|    time_elapsed         | 4248         |
|    total_timesteps      | 4767744      |
| train/                  |              |
|    approx_kl            | 0.0035424645 |
|    clip_fraction        | 0.0198       |
|    clip_range           | 0.2          |
|    entropy_loss         | -0.535       |
|    explained_variance   | 0.993        |
|    learning_rate        | 0.000271     |
|    loss                 | -0.0168      |
|    n_updates            | 3870         |
|    policy_gradient_loss | -0.00231     |
|    value_loss           | 3.26e-05     |
------------------------------------------
----------------------------------------
| rollout/                |            |
|    ep_len_mean          | 4.7e+04    |
|    ep_rew_mean          | 0.165      |
| time/                   |            |
|    fps                  | 1124       |
|    iterations           | 389        |
|    time_elapsed         | 4251       |
|    total_timesteps      | 4780032    |
| train/                  |            |
|    approx_kl            | 0.00544521 |
|    clip_fraction        | 0.0237     |
|    clip_range           | 0.2        |
|    entropy_loss         | -0.51      |
|    explained_variance   | 0.985      |
|    learning_rate        | 0.000271   |
|    loss                 | -0.00926   |
|    n_updates            | 3880       |
|    policy_gradient_loss | -0.00159   |
|    value_loss           | 0.000103   |
----------------------------------------
------------------------------------------
| rollout/                |              |
|    ep_len_mean          | 4.7e+04      |
|    ep_rew_mean          | 0.165        |
| time/                   |              |
|    fps                  | 1126         |
|    iterations           | 390          |
|    time_elapsed         | 4254         |
|    total_timesteps      | 4792320      |
| train/                  |              |
|    approx_kl            | 0.0014772601 |
|    clip_fraction        | 0.0123       |
|    clip_range           | 0.2          |
|    entropy_loss         | -0.45        |
|    explained_variance   | 0.97         |
|    learning_rate        | 0.000271     |
|    loss                 | -0.00646     |
|    n_updates            | 3890         |
|    policy_gradient_loss | -0.00174     |
|    value_loss           | 0.00011      |
------------------------------------------
------------------------------------------
| rollout/                |              |
|    ep_len_mean          | 4.7e+04      |
|    ep_rew_mean          | 0.165        |
| time/                   |              |
|    fps                  | 1128         |
|    iterations           | 391          |
|    time_elapsed         | 4257         |
|    total_timesteps      | 4804608      |
| train/                  |              |
|    approx_kl            | 0.0035864962 |
|    clip_fraction        | 0.0233       |
|    clip_range           | 0.2          |
|    entropy_loss         | -0.478       |
|    explained_variance   | 0.989        |
|    learning_rate        | 0.000271     |
|    loss                 | -0.0126      |
|    n_updates            | 3900         |
|    policy_gradient_loss | -0.00246     |
|    value_loss           | 4.22e-05     |
------------------------------------------
------------------------------------------
| rollout/                |              |
|    ep_len_mean          | 4.7e+04      |
|    ep_rew_mean          | 0.168        |
| time/                   |              |
|    fps                  | 1130         |
|    iterations           | 392          |
|    time_elapsed         | 4260         |
|    total_timesteps      | 4816896      |
| train/                  |              |
|    approx_kl            | 0.0046130423 |
|    clip_fraction        | 0.0247       |
|    clip_range           | 0.2          |
|    entropy_loss         | -0.483       |
|    explained_variance   | 0.991        |
|    learning_rate        | 0.000271     |
|    loss                 | -0.00986     |
|    n_updates            | 3910         |
|    policy_gradient_loss | -0.00245     |
|    value_loss           | 4.13e-05     |
------------------------------------------
-----------------------------------------
| rollout/                |             |
|    ep_len_mean          | 4.7e+04     |
|    ep_rew_mean          | 0.168       |
| time/                   |             |
|    fps                  | 1132        |
|    iterations           | 393         |
|    time_elapsed         | 4263        |
|    total_timesteps      | 4829184     |
| train/                  |             |
|    approx_kl            | 0.003198243 |
|    clip_fraction        | 0.0143      |
|    clip_range           | 0.2         |
|    entropy_loss         | -0.517      |
|    explained_variance   | 0.985       |
|    learning_rate        | 0.000271    |
|    loss                 | -0.00607    |
|    n_updates            | 3920        |
|    policy_gradient_loss | -0.00151    |
|    value_loss           | 8.73e-05    |
-----------------------------------------
------------------------------------------
| rollout/                |              |
|    ep_len_mean          | 4.7e+04      |
|    ep_rew_mean          | 0.168        |
| time/                   |              |
|    fps                  | 1134         |
|    iterations           | 394          |
|    time_elapsed         | 4265         |
|    total_timesteps      | 4841472      |
| train/                  |              |
|    approx_kl            | 0.0027382972 |
|    clip_fraction        | 0.0144       |
|    clip_range           | 0.2          |
|    entropy_loss         | -0.519       |
|    explained_variance   | 0.99         |
|    learning_rate        | 0.000271     |
|    loss                 | -0.00738     |
|    n_updates            | 3930         |
|    policy_gradient_loss | -0.00188     |
|    value_loss           | 4.8e-05      |
------------------------------------------
------------------------------------------
| rollout/                |              |
|    ep_len_mean          | 4.72e+04     |
|    ep_rew_mean          | 0.177        |
| time/                   |              |
|    fps                  | 1137         |
|    iterations           | 395          |
|    time_elapsed         | 4268         |
|    total_timesteps      | 4853760      |
| train/                  |              |
|    approx_kl            | 0.0069202776 |
|    clip_fraction        | 0.0604       |
|    clip_range           | 0.2          |
|    entropy_loss         | -0.489       |
|    explained_variance   | 0.983        |
|    learning_rate        | 0.000271     |
|    loss                 | -0.00691     |
|    n_updates            | 3940         |
|    policy_gradient_loss | -0.00276     |
|    value_loss           | 3.17e-05     |
------------------------------------------
------------------------------------------
| rollout/                |              |
|    ep_len_mean          | 4.77e+04     |
|    ep_rew_mean          | 0.181        |
| time/                   |              |
|    fps                  | 1139         |
|    iterations           | 396          |
|    time_elapsed         | 4271         |
|    total_timesteps      | 4866048      |
| train/                  |              |
|    approx_kl            | 0.0028996663 |
|    clip_fraction        | 0.0147       |
|    clip_range           | 0.2          |
|    entropy_loss         | -0.442       |
|    explained_variance   | 0.964        |
|    learning_rate        | 0.000271     |
|    loss                 | -0.00253     |
|    n_updates            | 3950         |
|    policy_gradient_loss | -0.00181     |
|    value_loss           | 0.000125     |
------------------------------------------
------------------------------------------
| rollout/                |              |
|    ep_len_mean          | 4.77e+04     |
|    ep_rew_mean          | 0.181        |
| time/                   |              |
|    fps                  | 1141         |
|    iterations           | 397          |
|    time_elapsed         | 4274         |
|    total_timesteps      | 4878336      |
| train/                  |              |
|    approx_kl            | 0.0039055974 |
|    clip_fraction        | 0.0269       |
|    clip_range           | 0.2          |
|    entropy_loss         | -0.478       |
|    explained_variance   | 0.954        |
|    learning_rate        | 0.000271     |
|    loss                 | -0.0056      |
|    n_updates            | 3960         |
|    policy_gradient_loss | -0.00258     |
|    value_loss           | 4.31e-05     |
------------------------------------------
------------------------------------------
| rollout/                |              |
|    ep_len_mean          | 4.77e+04     |
|    ep_rew_mean          | 0.181        |
| time/                   |              |
|    fps                  | 1143         |
|    iterations           | 398          |
|    time_elapsed         | 4277         |
|    total_timesteps      | 4890624      |
| train/                  |              |
|    approx_kl            | 0.0027661815 |
|    clip_fraction        | 0.0166       |
|    clip_range           | 0.2          |
|    entropy_loss         | -0.433       |
|    explained_variance   | 0.968        |
|    learning_rate        | 0.000271     |
|    loss                 | -0.011       |
|    n_updates            | 3970         |
|    policy_gradient_loss | -0.00225     |
|    value_loss           | 3.45e-05     |
------------------------------------------
-----------------------------------------
| rollout/                |             |
|    ep_len_mean          | 4.76e+04    |
|    ep_rew_mean          | 0.186       |
| time/                   |             |
|    fps                  | 1145        |
|    iterations           | 399         |
|    time_elapsed         | 4280        |
|    total_timesteps      | 4902912     |
| train/                  |             |
|    approx_kl            | 0.003381093 |
|    clip_fraction        | 0.0268      |
|    clip_range           | 0.2         |
|    entropy_loss         | -0.423      |
|    explained_variance   | 0.917       |
|    learning_rate        | 0.000271    |
|    loss                 | -0.0142     |
|    n_updates            | 3980        |
|    policy_gradient_loss | -0.00305    |
|    value_loss           | 3.87e-05    |
-----------------------------------------
------------------------------------------
| rollout/                |              |
|    ep_len_mean          | 4.76e+04     |
|    ep_rew_mean          | 0.186        |
| time/                   |              |
|    fps                  | 1147         |
|    iterations           | 400          |
|    time_elapsed         | 4284         |
|    total_timesteps      | 4915200      |
| train/                  |              |
|    approx_kl            | 0.0017492948 |
|    clip_fraction        | 0.0162       |
|    clip_range           | 0.2          |
|    entropy_loss         | -0.408       |
|    explained_variance   | 0.656        |
|    learning_rate        | 0.000271     |
|    loss                 | -0.0051      |
|    n_updates            | 3990         |
|    policy_gradient_loss | -0.00151     |
|    value_loss           | 3.97e-05     |
------------------------------------------
------------------------------------------
| rollout/                |              |
|    ep_len_mean          | 4.76e+04     |
|    ep_rew_mean          | 0.186        |
| time/                   |              |
|    fps                  | 1149         |
|    iterations           | 401          |
|    time_elapsed         | 4287         |
|    total_timesteps      | 4927488      |
| train/                  |              |
|    approx_kl            | 0.0033353448 |
|    clip_fraction        | 0.0308       |
|    clip_range           | 0.2          |
|    entropy_loss         | -0.409       |
|    explained_variance   | 0.717        |
|    learning_rate        | 0.000271     |
|    loss                 | -0.00728     |
|    n_updates            | 4000         |
|    policy_gradient_loss | -0.00248     |
|    value_loss           | 4.01e-05     |
------------------------------------------
-----------------------------------------
| rollout/                |             |
|    ep_len_mean          | 4.76e+04    |
|    ep_rew_mean          | 0.186       |
| time/                   |             |
|    fps                  | 1151        |
|    iterations           | 402         |
|    time_elapsed         | 4290        |
|    total_timesteps      | 4939776     |
| train/                  |             |
|    approx_kl            | 0.002220419 |
|    clip_fraction        | 0.0235      |
|    clip_range           | 0.2         |
|    entropy_loss         | -0.411      |
|    explained_variance   | 0.713       |
|    learning_rate        | 0.00027     |
|    loss                 | -0.0123     |
|    n_updates            | 4010        |
|    policy_gradient_loss | -0.00178    |
|    value_loss           | 3.53e-05    |
-----------------------------------------
------------------------------------------
| rollout/                |              |
|    ep_len_mean          | 4.81e+04     |
|    ep_rew_mean          | 0.184        |
| time/                   |              |
|    fps                  | 1153         |
|    iterations           | 403          |
|    time_elapsed         | 4293         |
|    total_timesteps      | 4952064      |
| train/                  |              |
|    approx_kl            | 0.0036230395 |
|    clip_fraction        | 0.0326       |
|    clip_range           | 0.2          |
|    entropy_loss         | -0.413       |
|    explained_variance   | 0.442        |
|    learning_rate        | 0.00027      |
|    loss                 | -0.0089      |
|    n_updates            | 4020         |
|    policy_gradient_loss | -0.00199     |
|    value_loss           | 4.53e-05     |
------------------------------------------
------------------------------------------
| rollout/                |              |
|    ep_len_mean          | 4.81e+04     |
|    ep_rew_mean          | 0.184        |
| time/                   |              |
|    fps                  | 1155         |
|    iterations           | 404          |
|    time_elapsed         | 4296         |
|    total_timesteps      | 4964352      |
| train/                  |              |
|    approx_kl            | 0.0034683042 |
|    clip_fraction        | 0.0275       |
|    clip_range           | 0.2          |
|    entropy_loss         | -0.418       |
|    explained_variance   | 0.597        |
|    learning_rate        | 0.00027      |
|    loss                 | -0.00392     |
|    n_updates            | 4030         |
|    policy_gradient_loss | -0.00199     |
|    value_loss           | 4.05e-05     |
------------------------------------------
------------------------------------------
| rollout/                |              |
|    ep_len_mean          | 4.81e+04     |
|    ep_rew_mean          | 0.184        |
| time/                   |              |
|    fps                  | 1157         |
|    iterations           | 405          |
|    time_elapsed         | 4298         |
|    total_timesteps      | 4976640      |
| train/                  |              |
|    approx_kl            | 0.0025346123 |
|    clip_fraction        | 0.0241       |
|    clip_range           | 0.2          |
|    entropy_loss         | -0.38        |
|    explained_variance   | 0.424        |
|    learning_rate        | 0.00027      |
|    loss                 | -0.0121      |
|    n_updates            | 4040         |
|    policy_gradient_loss | -0.0019      |
|    value_loss           | 3.88e-05     |
------------------------------------------
-----------------------------------------
| rollout/                |             |
|    ep_len_mean          | 4.81e+04    |
|    ep_rew_mean          | 0.184       |
| time/                   |             |
|    fps                  | 1159        |
|    iterations           | 406         |
|    time_elapsed         | 4301        |
|    total_timesteps      | 4988928     |
| train/                  |             |
|    approx_kl            | 0.002677359 |
|    clip_fraction        | 0.023       |
|    clip_range           | 0.2         |
|    entropy_loss         | -0.361      |
|    explained_variance   | 0.736       |
|    learning_rate        | 0.00027     |
|    loss                 | 0.00167     |
|    n_updates            | 4050        |
|    policy_gradient_loss | -0.00184    |
|    value_loss           | 7.06e-05    |
-----------------------------------------
----------------------------------------------------
| rollout/                           |             |
|    ep_len_mean                     | 4.81e+04    |
|    ep_rew_mean                     | 0.184       |
| time/                              |             |
|    fps                             | 1075        |
|    iterations                      | 407         |
|    time_elapsed                    | 4648        |
|    total_timesteps                 | 5001216     |
| train/                             |             |
|    approx_kl                       | 0.002469411 |
|    clip_fraction                   | 0.0182      |
|    clip_range                      | 0.2         |
|    entropy_loss                    | -0.385      |
|    explained_variance              | 0.989       |
|    learning_rate                   | 0.00027     |
|    loss                            | -0.00698    |
|    n_updates                       | 4060        |
|    policy_gradient_loss            | -0.00169    |
|    value_loss                      | 3.94e-05    |
| valid/                             |             |
|    BTC-USDT-SWAP/compound_mdd_pct  | 100         |
|    BTC-USDT-SWAP/compound_multiple | 9.63e-16    |
|    BTC-USDT-SWAP/max_single_loss   | -100        |
|    BTC-USDT-SWAP/near_liq_n        | 1           |
|    BTC-USDT-SWAP/near_liq_pct      | 0.000569    |
|    BTC-USDT-SWAP/pnl_std           | 2.82        |
|    BTC-USDT-SWAP/sel_monthly_log   | -1.01       |
|    BTC-USDT-SWAP/total_pnl         | -2.17       |
|    BTC-USDT-SWAP/trades            | 1759        |
|    BTC-USDT-SWAP/trades_per_month  | 149         |
|    BTC-USDT-SWAP/v9_score          | 591         |
|    BTC-USDT-SWAP/win_rate          | 0.605       |
|    ETH-USDT-SWAP/compound_mdd_pct  | 6.51        |
|    ETH-USDT-SWAP/compound_multiple | 0           |
|    ETH-USDT-SWAP/max_single_loss   | -100        |
|    ETH-USDT-SWAP/near_liq_n        | 5           |
|    ETH-USDT-SWAP/near_liq_pct      | 0.00237     |
|    ETH-USDT-SWAP/pnl_std           | 5.34        |
|    ETH-USDT-SWAP/total_pnl         | 171         |
|    ETH-USDT-SWAP/trades            | 2108        |
|    ETH-USDT-SWAP/trades_per_month  | 178         |
|    ETH-USDT-SWAP/v9_score          | 808         |
|    ETH-USDT-SWAP/win_rate          | 0.658       |
|    min_v9_score                    | 591         |
----------------------------------------------------
------------------------------------------
| rollout/                |              |
|    ep_len_mean          | 4.81e+04     |
|    ep_rew_mean          | 0.184        |
| time/                   |              |
|    fps                  | 1077         |
|    iterations           | 408          |
|    time_elapsed         | 4651         |
|    total_timesteps      | 5013504      |
| train/                  |              |
|    approx_kl            | 0.0024774142 |
|    clip_fraction        | 0.0159       |
|    clip_range           | 0.2          |
|    entropy_loss         | -0.371       |
|    explained_variance   | 0.992        |
|    learning_rate        | 0.00027      |
|    loss                 | -0.00435     |
|    n_updates            | 4070         |
|    policy_gradient_loss | -0.00125     |
|    value_loss           | 3.76e-05     |
------------------------------------------
------------------------------------------
| rollout/                |              |
|    ep_len_mean          | 4.81e+04     |
|    ep_rew_mean          | 0.184        |
| time/                   |              |
|    fps                  | 1079         |
|    iterations           | 409          |
|    time_elapsed         | 4654         |
|    total_timesteps      | 5025792      |
| train/                  |              |
|    approx_kl            | 0.0021648149 |
|    clip_fraction        | 0.0173       |
|    clip_range           | 0.2          |
|    entropy_loss         | -0.405       |
|    explained_variance   | 0.991        |
|    learning_rate        | 0.00027      |
|    loss                 | -0.00773     |
|    n_updates            | 4080         |
|    policy_gradient_loss | -0.00164     |
|    value_loss           | 4.38e-05     |
------------------------------------------
------------------------------------------
| rollout/                |              |
|    ep_len_mean          | 4.81e+04     |
|    ep_rew_mean          | 0.216        |
| time/                   |              |
|    fps                  | 1081         |
|    iterations           | 410          |
|    time_elapsed         | 4657         |
|    total_timesteps      | 5038080      |
| train/                  |              |
|    approx_kl            | 0.0027977172 |
|    clip_fraction        | 0.0265       |
|    clip_range           | 0.2          |
|    entropy_loss         | -0.409       |
|    explained_variance   | 0.952        |
|    learning_rate        | 0.00027      |
|    loss                 | -0.0138      |
|    n_updates            | 4090         |
|    policy_gradient_loss | -0.00169     |
|    value_loss           | 8.83e-05     |
------------------------------------------
------------------------------------------
| rollout/                |              |
|    ep_len_mean          | 4.81e+04     |
|    ep_rew_mean          | 0.216        |
| time/                   |              |
|    fps                  | 1083         |
|    iterations           | 411          |
|    time_elapsed         | 4660         |
|    total_timesteps      | 5050368      |
| train/                  |              |
|    approx_kl            | 0.0017138682 |
|    clip_fraction        | 0.0118       |
|    clip_range           | 0.2          |
|    entropy_loss         | -0.401       |
|    explained_variance   | 0.877        |
|    learning_rate        | 0.00027      |
|    loss                 | -0.00882     |
|    n_updates            | 4100         |
|    policy_gradient_loss | -0.00132     |
|    value_loss           | 3.99e-05     |
------------------------------------------
------------------------------------------
| rollout/                |              |
|    ep_len_mean          | 4.81e+04     |
|    ep_rew_mean          | 0.216        |
| time/                   |              |
|    fps                  | 1085         |
|    iterations           | 412          |
|    time_elapsed         | 4663         |
|    total_timesteps      | 5062656      |
| train/                  |              |
|    approx_kl            | 0.0022662308 |
|    clip_fraction        | 0.0156       |
|    clip_range           | 0.2          |
|    entropy_loss         | -0.397       |
|    explained_variance   | 0.941        |
|    learning_rate        | 0.00027      |
|    loss                 | -0.0097      |
|    n_updates            | 4110         |
|    policy_gradient_loss | -0.00137     |
|    value_loss           | 4.94e-05     |
------------------------------------------
------------------------------------------
| rollout/                |              |
|    ep_len_mean          | 4.81e+04     |
|    ep_rew_mean          | 0.216        |
| time/                   |              |
|    fps                  | 1087         |
|    iterations           | 413          |
|    time_elapsed         | 4666         |
|    total_timesteps      | 5074944      |
| train/                  |              |
|    approx_kl            | 0.0021995322 |
|    clip_fraction        | 0.0148       |
|    clip_range           | 0.2          |
|    entropy_loss         | -0.403       |
|    explained_variance   | 0.616        |
|    learning_rate        | 0.00027      |
|    loss                 | -0.00775     |
|    n_updates            | 4120         |
|    policy_gradient_loss | -0.00144     |
|    value_loss           | 3.2e-05      |
------------------------------------------
------------------------------------------
| rollout/                |              |
|    ep_len_mean          | 4.81e+04     |
|    ep_rew_mean          | 0.229        |
| time/                   |              |
|    fps                  | 1089         |
|    iterations           | 414          |
|    time_elapsed         | 4669         |
|    total_timesteps      | 5087232      |
| train/                  |              |
|    approx_kl            | 0.0027763974 |
|    clip_fraction        | 0.0226       |
|    clip_range           | 0.2          |
|    entropy_loss         | -0.393       |
|    explained_variance   | 0.849        |
|    learning_rate        | 0.00027      |
|    loss                 | -0.00477     |
|    n_updates            | 4130         |
|    policy_gradient_loss | -0.00207     |
|    value_loss           | 2.35e-05     |
------------------------------------------
------------------------------------------
| rollout/                |              |
|    ep_len_mean          | 4.81e+04     |
|    ep_rew_mean          | 0.229        |
| time/                   |              |
|    fps                  | 1091         |
|    iterations           | 415          |
|    time_elapsed         | 4671         |
|    total_timesteps      | 5099520      |
| train/                  |              |
|    approx_kl            | 0.0023750125 |
|    clip_fraction        | 0.0192       |
|    clip_range           | 0.2          |
|    entropy_loss         | -0.385       |
|    explained_variance   | 0.791        |
|    learning_rate        | 0.000269     |
|    loss                 | -0.0138      |
|    n_updates            | 4140         |
|    policy_gradient_loss | -0.00186     |
|    value_loss           | 2.05e-05     |
------------------------------------------
-----------------------------------------
| rollout/                |             |
|    ep_len_mean          | 4.81e+04    |
|    ep_rew_mean          | 0.242       |
| time/                   |             |
|    fps                  | 1093        |
|    iterations           | 416         |
|    time_elapsed         | 4674        |
|    total_timesteps      | 5111808     |
| train/                  |             |
|    approx_kl            | 0.002949109 |
|    clip_fraction        | 0.0347      |
|    clip_range           | 0.2         |
|    entropy_loss         | -0.394      |
|    explained_variance   | 0.654       |
|    learning_rate        | 0.000269    |
|    loss                 | -0.00602    |
|    n_updates            | 4150        |
|    policy_gradient_loss | -0.00235    |
|    value_loss           | 2.8e-05     |
-----------------------------------------
------------------------------------------
| rollout/                |              |
|    ep_len_mean          | 4.81e+04     |
|    ep_rew_mean          | 0.242        |
| time/                   |              |
|    fps                  | 1095         |
|    iterations           | 417          |
|    time_elapsed         | 4677         |
|    total_timesteps      | 5124096      |
| train/                  |              |
|    approx_kl            | 0.0016864091 |
|    clip_fraction        | 0.0172       |
|    clip_range           | 0.2          |
|    entropy_loss         | -0.344       |
|    explained_variance   | 0.448        |
|    learning_rate        | 0.000269     |
|    loss                 | -0.00706     |
|    n_updates            | 4160         |
|    policy_gradient_loss | -0.00168     |
|    value_loss           | 1.83e-05     |
------------------------------------------
------------------------------------------
| rollout/                |              |
|    ep_len_mean          | 4.81e+04     |
|    ep_rew_mean          | 0.232        |
| time/                   |              |
|    fps                  | 1097         |
|    iterations           | 418          |
|    time_elapsed         | 4680         |
|    total_timesteps      | 5136384      |
| train/                  |              |
|    approx_kl            | 0.0015619925 |
|    clip_fraction        | 0.0157       |
|    clip_range           | 0.2          |
|    entropy_loss         | -0.358       |
|    explained_variance   | 0.729        |
|    learning_rate        | 0.000269     |
|    loss                 | -0.00588     |
|    n_updates            | 4170         |
|    policy_gradient_loss | -0.00167     |
|    value_loss           | 5.5e-05      |
------------------------------------------
------------------------------------------
| rollout/                |              |
|    ep_len_mean          | 4.81e+04     |
|    ep_rew_mean          | 0.232        |
| time/                   |              |
|    fps                  | 1099         |
|    iterations           | 419          |
|    time_elapsed         | 4683         |
|    total_timesteps      | 5148672      |
| train/                  |              |
|    approx_kl            | 0.0018666517 |
|    clip_fraction        | 0.0146       |
|    clip_range           | 0.2          |
|    entropy_loss         | -0.401       |
|    explained_variance   | 0.95         |
|    learning_rate        | 0.000269     |
|    loss                 | -0.00664     |
|    n_updates            | 4180         |
|    policy_gradient_loss | -0.0014      |
|    value_loss           | 4.99e-05     |
------------------------------------------
------------------------------------------
| rollout/                |              |
|    ep_len_mean          | 4.81e+04     |
|    ep_rew_mean          | 0.244        |
| time/                   |              |
|    fps                  | 1101         |
|    iterations           | 420          |
|    time_elapsed         | 4686         |
|    total_timesteps      | 5160960      |
| train/                  |              |
|    approx_kl            | 0.0017275229 |
|    clip_fraction        | 0.0134       |
|    clip_range           | 0.2          |
|    entropy_loss         | -0.329       |
|    explained_variance   | 0.537        |
|    learning_rate        | 0.000269     |
|    loss                 | -0.00866     |
|    n_updates            | 4190         |
|    policy_gradient_loss | -0.00143     |
|    value_loss           | 4.12e-05     |
------------------------------------------
-----------------------------------------
| rollout/                |             |
|    ep_len_mean          | 4.81e+04    |
|    ep_rew_mean          | 0.244       |
| time/                   |             |
|    fps                  | 1103        |
|    iterations           | 421         |
|    time_elapsed         | 4689        |
|    total_timesteps      | 5173248     |
| train/                  |             |
|    approx_kl            | 0.002774303 |
|    clip_fraction        | 0.0231      |
|    clip_range           | 0.2         |
|    entropy_loss         | -0.369      |
|    explained_variance   | 0.956       |
|    learning_rate        | 0.000269    |
|    loss                 | -0.00497    |
|    n_updates            | 4200        |
|    policy_gradient_loss | -0.00253    |
|    value_loss           | 5.82e-05    |
-----------------------------------------
------------------------------------------
| rollout/                |              |
|    ep_len_mean          | 4.81e+04     |
|    ep_rew_mean          | 0.244        |
| time/                   |              |
|    fps                  | 1105         |
|    iterations           | 422          |
|    time_elapsed         | 4692         |
|    total_timesteps      | 5185536      |
| train/                  |              |
|    approx_kl            | 0.0028163735 |
|    clip_fraction        | 0.0193       |
|    clip_range           | 0.2          |
|    entropy_loss         | -0.376       |
|    explained_variance   | 0.855        |
|    learning_rate        | 0.000269     |
|    loss                 | -0.00699     |
|    n_updates            | 4210         |
|    policy_gradient_loss | -0.0021      |
|    value_loss           | 4.5e-05      |
------------------------------------------
------------------------------------------
| rollout/                |              |
|    ep_len_mean          | 4.81e+04     |
|    ep_rew_mean          | 0.244        |
| time/                   |              |
|    fps                  | 1106         |
|    iterations           | 423          |
|    time_elapsed         | 4695         |
|    total_timesteps      | 5197824      |
| train/                  |              |
|    approx_kl            | 0.0020401918 |
|    clip_fraction        | 0.0174       |
|    clip_range           | 0.2          |
|    entropy_loss         | -0.369       |
|    explained_variance   | 0.67         |
|    learning_rate        | 0.000269     |
|    loss                 | -0.00724     |
|    n_updates            | 4220         |
|    policy_gradient_loss | -0.00192     |
|    value_loss           | 3.58e-05     |
------------------------------------------
------------------------------------------
| rollout/                |              |
|    ep_len_mean          | 4.81e+04     |
|    ep_rew_mean          | 0.246        |
| time/                   |              |
|    fps                  | 1108         |
|    iterations           | 424          |
|    time_elapsed         | 4698         |
|    total_timesteps      | 5210112      |
| train/                  |              |
|    approx_kl            | 0.0020822391 |
|    clip_fraction        | 0.0177       |
|    clip_range           | 0.2          |
|    entropy_loss         | -0.372       |
|    explained_variance   | 0.687        |
|    learning_rate        | 0.000269     |
|    loss                 | -0.00628     |
|    n_updates            | 4230         |
|    policy_gradient_loss | -0.00137     |
|    value_loss           | 6.62e-05     |
------------------------------------------
------------------------------------------
| rollout/                |              |
|    ep_len_mean          | 4.81e+04     |
|    ep_rew_mean          | 0.246        |
| time/                   |              |
|    fps                  | 1110         |
|    iterations           | 425          |
|    time_elapsed         | 4701         |
|    total_timesteps      | 5222400      |
| train/                  |              |
|    approx_kl            | 0.0027504985 |
|    clip_fraction        | 0.0304       |
|    clip_range           | 0.2          |
|    entropy_loss         | -0.318       |
|    explained_variance   | 0.606        |
|    learning_rate        | 0.000269     |
|    loss                 | -0.00816     |
|    n_updates            | 4240         |
|    policy_gradient_loss | -0.00236     |
|    value_loss           | 4.33e-05     |
------------------------------------------
------------------------------------------
| rollout/                |              |
|    ep_len_mean          | 4.81e+04     |
|    ep_rew_mean          | 0.246        |
| time/                   |              |
|    fps                  | 1112         |
|    iterations           | 426          |
|    time_elapsed         | 4704         |
|    total_timesteps      | 5234688      |
| train/                  |              |
|    approx_kl            | 0.0024639114 |
|    clip_fraction        | 0.0205       |
|    clip_range           | 0.2          |
|    entropy_loss         | -0.339       |
|    explained_variance   | 0.666        |
|    learning_rate        | 0.000269     |
|    loss                 | -0.00898     |
|    n_updates            | 4250         |
|    policy_gradient_loss | -0.00218     |
|    value_loss           | 2.58e-05     |
------------------------------------------
------------------------------------------
| rollout/                |              |
|    ep_len_mean          | 4.81e+04     |
|    ep_rew_mean          | 0.246        |
| time/                   |              |
|    fps                  | 1114         |
|    iterations           | 427          |
|    time_elapsed         | 4707         |
|    total_timesteps      | 5246976      |
| train/                  |              |
|    approx_kl            | 0.0021904435 |
|    clip_fraction        | 0.021        |
|    clip_range           | 0.2          |
|    entropy_loss         | -0.34        |
|    explained_variance   | 0.898        |
|    learning_rate        | 0.000269     |
|    loss                 | -0.00686     |
|    n_updates            | 4260         |
|    policy_gradient_loss | -0.00185     |
|    value_loss           | 3e-05        |
------------------------------------------
------------------------------------------
| rollout/                |              |
|    ep_len_mean          | 4.81e+04     |
|    ep_rew_mean          | 0.246        |
| time/                   |              |
|    fps                  | 1116         |
|    iterations           | 428          |
|    time_elapsed         | 4710         |
|    total_timesteps      | 5259264      |
| train/                  |              |
|    approx_kl            | 0.0039645187 |
|    clip_fraction        | 0.0418       |
|    clip_range           | 0.2          |
|    entropy_loss         | -0.335       |
|    explained_variance   | 0.993        |
|    learning_rate        | 0.000269     |
|    loss                 | -0.01        |
|    n_updates            | 4270         |
|    policy_gradient_loss | -0.00269     |
|    value_loss           | 2.61e-05     |
------------------------------------------
------------------------------------------
| rollout/                |              |
|    ep_len_mean          | 4.81e+04     |
|    ep_rew_mean          | 0.246        |
| time/                   |              |
|    fps                  | 1118         |
|    iterations           | 429          |
|    time_elapsed         | 4713         |
|    total_timesteps      | 5271552      |
| train/                  |              |
|    approx_kl            | 0.0020547765 |
|    clip_fraction        | 0.0272       |
|    clip_range           | 0.2          |
|    entropy_loss         | -0.345       |
|    explained_variance   | 0.994        |
|    learning_rate        | 0.000268     |
|    loss                 | -0.00601     |
|    n_updates            | 4280         |
|    policy_gradient_loss | -0.00253     |
|    value_loss           | 2.66e-05     |
------------------------------------------
-----------------------------------------
| rollout/                |             |
|    ep_len_mean          | 4.81e+04    |
|    ep_rew_mean          | 0.246       |
| time/                   |             |
|    fps                  | 1120        |
|    iterations           | 430         |
|    time_elapsed         | 4716        |
|    total_timesteps      | 5283840     |
| train/                  |             |
|    approx_kl            | 0.002509343 |
|    clip_fraction        | 0.0194      |
|    clip_range           | 0.2         |
|    entropy_loss         | -0.37       |
|    explained_variance   | 0.991       |
|    learning_rate        | 0.000268    |
|    loss                 | -0.00117    |
|    n_updates            | 4290        |
|    policy_gradient_loss | -0.00212    |
|    value_loss           | 4.92e-05    |
-----------------------------------------
------------------------------------------
| rollout/                |              |
|    ep_len_mean          | 4.81e+04     |
|    ep_rew_mean          | 0.268        |
| time/                   |              |
|    fps                  | 1122         |
|    iterations           | 431          |
|    time_elapsed         | 4719         |
|    total_timesteps      | 5296128      |
| train/                  |              |
|    approx_kl            | 0.0029079418 |
|    clip_fraction        | 0.0231       |
|    clip_range           | 0.2          |
|    entropy_loss         | -0.413       |
|    explained_variance   | 0.99         |
|    learning_rate        | 0.000268     |
|    loss                 | -0.00534     |
|    n_updates            | 4300         |
|    policy_gradient_loss | -0.00194     |
|    value_loss           | 3.18e-05     |
------------------------------------------
------------------------------------------
| rollout/                |              |
|    ep_len_mean          | 4.81e+04     |
|    ep_rew_mean          | 0.268        |
| time/                   |              |
|    fps                  | 1124         |
|    iterations           | 432          |
|    time_elapsed         | 4722         |
|    total_timesteps      | 5308416      |
| train/                  |              |
|    approx_kl            | 0.0023254522 |
|    clip_fraction        | 0.0176       |
|    clip_range           | 0.2          |
|    entropy_loss         | -0.404       |
|    explained_variance   | 0.994        |
|    learning_rate        | 0.000268     |
|    loss                 | 0.00123      |
|    n_updates            | 4310         |
|    policy_gradient_loss | -0.00157     |
|    value_loss           | 2.66e-05     |
------------------------------------------
-----------------------------------------
| rollout/                |             |
|    ep_len_mean          | 4.81e+04    |
|    ep_rew_mean          | 0.268       |
| time/                   |             |
|    fps                  | 1126        |
|    iterations           | 433         |
|    time_elapsed         | 4725        |
|    total_timesteps      | 5320704     |
| train/                  |             |
|    approx_kl            | 0.004172034 |
|    clip_fraction        | 0.0433      |
|    clip_range           | 0.2         |
|    entropy_loss         | -0.368      |
|    explained_variance   | 0.994       |
|    learning_rate        | 0.000268    |
|    loss                 | -0.00102    |
|    n_updates            | 4320        |
|    policy_gradient_loss | -0.00207    |
|    value_loss           | 2.97e-05    |
-----------------------------------------
-----------------------------------------
| rollout/                |             |
|    ep_len_mean          | 4.81e+04    |
|    ep_rew_mean          | 0.268       |
| time/                   |             |
|    fps                  | 1127        |
|    iterations           | 434         |
|    time_elapsed         | 4728        |
|    total_timesteps      | 5332992     |
| train/                  |             |
|    approx_kl            | 0.003700792 |
|    clip_fraction        | 0.0215      |
|    clip_range           | 0.2         |
|    entropy_loss         | -0.46       |
|    explained_variance   | 0.975       |
|    learning_rate        | 0.000268    |
|    loss                 | -0.00875    |
|    n_updates            | 4330        |
|    policy_gradient_loss | -0.00203    |
|    value_loss           | 0.000178    |
-----------------------------------------
-----------------------------------------
| rollout/                |             |
|    ep_len_mean          | 4.81e+04    |
|    ep_rew_mean          | 0.279       |
| time/                   |             |
|    fps                  | 1129        |
|    iterations           | 435         |
|    time_elapsed         | 4731        |
|    total_timesteps      | 5345280     |
| train/                  |             |
|    approx_kl            | 0.002280284 |
|    clip_fraction        | 0.0274      |
|    clip_range           | 0.2         |
|    entropy_loss         | -0.382      |
|    explained_variance   | 0.989       |
|    learning_rate        | 0.000268    |
|    loss                 | -0.0082     |
|    n_updates            | 4340        |
|    policy_gradient_loss | -0.00172    |
|    value_loss           | 5.79e-05    |
-----------------------------------------
------------------------------------------
| rollout/                |              |
|    ep_len_mean          | 4.81e+04     |
|    ep_rew_mean          | 0.279        |
| time/                   |              |
|    fps                  | 1131         |
|    iterations           | 436          |
|    time_elapsed         | 4734         |
|    total_timesteps      | 5357568      |
| train/                  |              |
|    approx_kl            | 0.0017450737 |
|    clip_fraction        | 0.0197       |
|    clip_range           | 0.2          |
|    entropy_loss         | -0.422       |
|    explained_variance   | 0.993        |
|    learning_rate        | 0.000268     |
|    loss                 | -0.00802     |
|    n_updates            | 4350         |
|    policy_gradient_loss | -0.00153     |
|    value_loss           | 5.5e-05      |
------------------------------------------
------------------------------------------
| rollout/                |              |
|    ep_len_mean          | 4.81e+04     |
|    ep_rew_mean          | 0.279        |
| time/                   |              |
|    fps                  | 1133         |
|    iterations           | 437          |
|    time_elapsed         | 4737         |
|    total_timesteps      | 5369856      |
| train/                  |              |
|    approx_kl            | 0.0019716448 |
|    clip_fraction        | 0.0163       |
|    clip_range           | 0.2          |
|    entropy_loss         | -0.415       |
|    explained_variance   | 0.985        |
|    learning_rate        | 0.000268     |
|    loss                 | -0.00618     |
|    n_updates            | 4360         |
|    policy_gradient_loss | -0.00161     |
|    value_loss           | 4.58e-05     |
------------------------------------------
------------------------------------------
| rollout/                |              |
|    ep_len_mean          | 4.81e+04     |
|    ep_rew_mean          | 0.293        |
| time/                   |              |
|    fps                  | 1135         |
|    iterations           | 438          |
|    time_elapsed         | 4739         |
|    total_timesteps      | 5382144      |
| train/                  |              |
|    approx_kl            | 0.0021217251 |
|    clip_fraction        | 0.022        |
|    clip_range           | 0.2          |
|    entropy_loss         | -0.42        |
|    explained_variance   | 0.982        |
|    learning_rate        | 0.000268     |
|    loss                 | 0.00111      |
|    n_updates            | 4370         |
|    policy_gradient_loss | -0.0023      |
|    value_loss           | 4.99e-05     |
------------------------------------------
------------------------------------------
| rollout/                |              |
|    ep_len_mean          | 4.81e+04     |
|    ep_rew_mean          | 0.296        |
| time/                   |              |
|    fps                  | 1137         |
|    iterations           | 439          |
|    time_elapsed         | 4742         |
|    total_timesteps      | 5394432      |
| train/                  |              |
|    approx_kl            | 0.0021788592 |
|    clip_fraction        | 0.0101       |
|    clip_range           | 0.2          |
|    entropy_loss         | -0.43        |
|    explained_variance   | 0.991        |
|    learning_rate        | 0.000268     |
|    loss                 | -0.00605     |
|    n_updates            | 4380         |
|    policy_gradient_loss | -0.00129     |
|    value_loss           | 6.71e-05     |
------------------------------------------
------------------------------------------
| rollout/                |              |
|    ep_len_mean          | 4.81e+04     |
|    ep_rew_mean          | 0.296        |
| time/                   |              |
|    fps                  | 1139         |
|    iterations           | 440          |
|    time_elapsed         | 4745         |
|    total_timesteps      | 5406720      |
| train/                  |              |
|    approx_kl            | 0.0023321386 |
|    clip_fraction        | 0.0122       |
|    clip_range           | 0.2          |
|    entropy_loss         | -0.434       |
|    explained_variance   | 0.989        |
|    learning_rate        | 0.000268     |
|    loss                 | -0.00805     |
|    n_updates            | 4390         |
|    policy_gradient_loss | -0.00107     |
|    value_loss           | 8.27e-05     |
------------------------------------------
------------------------------------------
| rollout/                |              |
|    ep_len_mean          | 4.81e+04     |
|    ep_rew_mean          | 0.306        |
| time/                   |              |
|    fps                  | 1141         |
|    iterations           | 441          |
|    time_elapsed         | 4748         |
|    total_timesteps      | 5419008      |
| train/                  |              |
|    approx_kl            | 0.0025875636 |
|    clip_fraction        | 0.028        |
|    clip_range           | 0.2          |
|    entropy_loss         | -0.432       |
|    explained_variance   | 0.99         |
|    learning_rate        | 0.000268     |
|    loss                 | -0.0125      |
|    n_updates            | 4400         |
|    policy_gradient_loss | -0.00203     |
|    value_loss           | 5.11e-05     |
------------------------------------------
------------------------------------------
| rollout/                |              |
|    ep_len_mean          | 4.81e+04     |
|    ep_rew_mean          | 0.306        |
| time/                   |              |
|    fps                  | 1143         |
|    iterations           | 442          |
|    time_elapsed         | 4751         |
|    total_timesteps      | 5431296      |
| train/                  |              |
|    approx_kl            | 0.0020966784 |
|    clip_fraction        | 0.0261       |
|    clip_range           | 0.2          |
|    entropy_loss         | -0.377       |
|    explained_variance   | 0.965        |
|    learning_rate        | 0.000267     |
|    loss                 | -0.000364    |
|    n_updates            | 4410         |
|    policy_gradient_loss | -0.00158     |
|    value_loss           | 0.000108     |
------------------------------------------
------------------------------------------
| rollout/                |              |
|    ep_len_mean          | 4.81e+04     |
|    ep_rew_mean          | 0.306        |
| time/                   |              |
|    fps                  | 1144         |
|    iterations           | 443          |
|    time_elapsed         | 4754         |
|    total_timesteps      | 5443584      |
| train/                  |              |
|    approx_kl            | 0.0030157885 |
|    clip_fraction        | 0.0231       |
|    clip_range           | 0.2          |
|    entropy_loss         | -0.441       |
|    explained_variance   | 0.961        |
|    learning_rate        | 0.000267     |
|    loss                 | -0.00488     |
|    n_updates            | 4420         |
|    policy_gradient_loss | -0.00198     |
|    value_loss           | 9.09e-05     |
------------------------------------------
------------------------------------------
| rollout/                |              |
|    ep_len_mean          | 4.81e+04     |
|    ep_rew_mean          | 0.306        |
| time/                   |              |
|    fps                  | 1146         |
|    iterations           | 444          |
|    time_elapsed         | 4757         |
|    total_timesteps      | 5455872      |
| train/                  |              |
|    approx_kl            | 0.0028292648 |
|    clip_fraction        | 0.0206       |
|    clip_range           | 0.2          |
|    entropy_loss         | -0.411       |
|    explained_variance   | 0.921        |
|    learning_rate        | 0.000267     |
|    loss                 | -0.00606     |
|    n_updates            | 4430         |
|    policy_gradient_loss | -0.00185     |
|    value_loss           | 7.92e-05     |
------------------------------------------
----------------------------------------
| rollout/                |            |
|    ep_len_mean          | 4.81e+04   |
|    ep_rew_mean          | 0.293      |
| time/                   |            |
|    fps                  | 1148       |
|    iterations           | 445        |
|    time_elapsed         | 4760       |
|    total_timesteps      | 5468160    |
| train/                  |            |
|    approx_kl            | 0.00220834 |
|    clip_fraction        | 0.0189     |
|    clip_range           | 0.2        |
|    entropy_loss         | -0.398     |
|    explained_variance   | 0.951      |
|    learning_rate        | 0.000267   |
|    loss                 | -0.00432   |
|    n_updates            | 4440       |
|    policy_gradient_loss | -0.0017    |
|    value_loss           | 0.000143   |
----------------------------------------
------------------------------------------
| rollout/                |              |
|    ep_len_mean          | 4.81e+04     |
|    ep_rew_mean          | 0.293        |
| time/                   |              |
|    fps                  | 1150         |
|    iterations           | 446          |
|    time_elapsed         | 4763         |
|    total_timesteps      | 5480448      |
| train/                  |              |
|    approx_kl            | 0.0015246673 |
|    clip_fraction        | 0.0157       |
|    clip_range           | 0.2          |
|    entropy_loss         | -0.366       |
|    explained_variance   | 0.987        |
|    learning_rate        | 0.000267     |
|    loss                 | -0.00391     |
|    n_updates            | 4450         |
|    policy_gradient_loss | -0.00107     |
|    value_loss           | 5.7e-05      |
------------------------------------------
------------------------------------------
| rollout/                |              |
|    ep_len_mean          | 4.81e+04     |
|    ep_rew_mean          | 0.293        |
| time/                   |              |
|    fps                  | 1152         |
|    iterations           | 447          |
|    time_elapsed         | 4766         |
|    total_timesteps      | 5492736      |
| train/                  |              |
|    approx_kl            | 0.0024804028 |
|    clip_fraction        | 0.0334       |
|    clip_range           | 0.2          |
|    entropy_loss         | -0.334       |
|    explained_variance   | 0.945        |
|    learning_rate        | 0.000267     |
|    loss                 | -0.000194    |
|    n_updates            | 4460         |
|    policy_gradient_loss | -0.00295     |
|    value_loss           | 0.000123     |
------------------------------------------
-----------------------------------------------------
| rollout/                           |              |
|    ep_len_mean                     | 4.81e+04     |
|    ep_rew_mean                     | 0.293        |
| time/                              |              |
|    fps                             | 1075         |
|    iterations                      | 448          |
|    time_elapsed                    | 5118         |
|    total_timesteps                 | 5505024      |
| train/                             |              |
|    approx_kl                       | 0.0018258677 |
|    clip_fraction                   | 0.0203       |
|    clip_range                      | 0.2          |
|    entropy_loss                    | -0.306       |
|    explained_variance              | 0.43         |
|    learning_rate                   | 0.000267     |
|    loss                            | 0.000983     |
|    n_updates                       | 4470         |
|    policy_gradient_loss            | -0.00195     |
|    value_loss                      | 8.35e-05     |
| valid/                             |              |
|    BTC-USDT-SWAP/compound_mdd_pct  | 10.6         |
|    BTC-USDT-SWAP/compound_multiple | 0            |
|    BTC-USDT-SWAP/max_single_loss   | -100         |
|    BTC-USDT-SWAP/near_liq_n        | 1            |
|    BTC-USDT-SWAP/near_liq_pct      | 0.00196      |
|    BTC-USDT-SWAP/pnl_std           | 4.72         |
|    BTC-USDT-SWAP/sel_monthly_log   | -1           |
|    BTC-USDT-SWAP/total_pnl         | -3.33        |
|    BTC-USDT-SWAP/trades            | 510          |
|    BTC-USDT-SWAP/trades_per_month  | 43.1         |
|    BTC-USDT-SWAP/v9_score          | 581          |
|    BTC-USDT-SWAP/win_rate          | 0.594        |
|    ETH-USDT-SWAP/compound_mdd_pct  | 7.11         |
|    ETH-USDT-SWAP/compound_multiple | 0            |
|    ETH-USDT-SWAP/max_single_loss   | -100         |
|    ETH-USDT-SWAP/near_liq_n        | 5            |
|    ETH-USDT-SWAP/near_liq_pct      | 0.00423      |
|    ETH-USDT-SWAP/pnl_std           | 6.98         |
|    ETH-USDT-SWAP/total_pnl         | 234          |
|    ETH-USDT-SWAP/trades            | 1183         |
|    ETH-USDT-SWAP/trades_per_month  | 100          |
|    ETH-USDT-SWAP/v9_score          | 945          |
|    ETH-USDT-SWAP/win_rate          | 0.724        |
|    min_v9_score                    | 581          |
-----------------------------------------------------
------------------------------------------
| rollout/                |              |
|    ep_len_mean          | 4.81e+04     |
|    ep_rew_mean          | 0.293        |
| time/                   |              |
|    fps                  | 1077         |
|    iterations           | 449          |
|    time_elapsed         | 5121         |
|    total_timesteps      | 5517312      |
| train/                  |              |
|    approx_kl            | 0.0016216143 |
|    clip_fraction        | 0.0209       |
|    clip_range           | 0.2          |
|    entropy_loss         | -0.366       |
|    explained_variance   | 0.963        |
|    learning_rate        | 0.000267     |
|    loss                 | -0.00624     |
|    n_updates            | 4480         |
|    policy_gradient_loss | -0.00166     |
|    value_loss           | 5.36e-05     |
------------------------------------------
-----------------------------------------
| rollout/                |             |
|    ep_len_mean          | 4.81e+04    |
|    ep_rew_mean          | 0.293       |
| time/                   |             |
|    fps                  | 1079        |
|    iterations           | 450         |
|    time_elapsed         | 5124        |
|    total_timesteps      | 5529600     |
| train/                  |             |
|    approx_kl            | 0.001958785 |
|    clip_fraction        | 0.0182      |
|    clip_range           | 0.2         |
|    entropy_loss         | -0.338      |
|    explained_variance   | 0.935       |
|    learning_rate        | 0.000267    |
|    loss                 | -0.00189    |
|    n_updates            | 4490        |
|    policy_gradient_loss | -0.00136    |
|    value_loss           | 7.64e-05    |
-----------------------------------------
-----------------------------------------
| rollout/                |             |
|    ep_len_mean          | 4.81e+04    |
|    ep_rew_mean          | 0.293       |
| time/                   |             |
|    fps                  | 1080        |
|    iterations           | 451         |
|    time_elapsed         | 5127        |
|    total_timesteps      | 5541888     |
| train/                  |             |
|    approx_kl            | 0.002298293 |
|    clip_fraction        | 0.0136      |
|    clip_range           | 0.2         |
|    entropy_loss         | -0.394      |
|    explained_variance   | 0.938       |
|    learning_rate        | 0.000267    |
|    loss                 | -0.00396    |
|    n_updates            | 4500        |
|    policy_gradient_loss | -0.00146    |
|    value_loss           | 6.67e-05    |
-----------------------------------------
------------------------------------------
| rollout/                |              |
|    ep_len_mean          | 4.81e+04     |
|    ep_rew_mean          | 0.306        |
| time/                   |              |
|    fps                  | 1082         |
|    iterations           | 452          |
|    time_elapsed         | 5130         |
|    total_timesteps      | 5554176      |
| train/                  |              |
|    approx_kl            | 0.0031108242 |
|    clip_fraction        | 0.021        |
|    clip_range           | 0.2          |
|    entropy_loss         | -0.377       |
|    explained_variance   | 0.94         |
|    learning_rate        | 0.000267     |
|    loss                 | -0.0052      |
|    n_updates            | 4510         |
|    policy_gradient_loss | -0.00186     |
|    value_loss           | 7.98e-05     |
------------------------------------------
------------------------------------------
| rollout/                |              |
|    ep_len_mean          | 4.81e+04     |
|    ep_rew_mean          | 0.306        |
| time/                   |              |
|    fps                  | 1084         |
|    iterations           | 453          |
|    time_elapsed         | 5133         |
|    total_timesteps      | 5566464      |
| train/                  |              |
|    approx_kl            | 0.0032794785 |
|    clip_fraction        | 0.0149       |
|    clip_range           | 0.2          |
|    entropy_loss         | -0.381       |
|    explained_variance   | 0.944        |
|    learning_rate        | 0.000267     |
|    loss                 | -0.00401     |
|    n_updates            | 4520         |
|    policy_gradient_loss | -0.00157     |
|    value_loss           | 5.93e-05     |
------------------------------------------
------------------------------------------
| rollout/                |              |
|    ep_len_mean          | 4.81e+04     |
|    ep_rew_mean          | 0.306        |
| time/                   |              |
|    fps                  | 1086         |
|    iterations           | 454          |
|    time_elapsed         | 5136         |
|    total_timesteps      | 5578752      |
| train/                  |              |
|    approx_kl            | 0.0020769187 |
|    clip_fraction        | 0.014        |
|    clip_range           | 0.2          |
|    entropy_loss         | -0.404       |
|    explained_variance   | 0.932        |
|    learning_rate        | 0.000267     |
|    loss                 | -0.00394     |
|    n_updates            | 4530         |
|    policy_gradient_loss | -0.00218     |
|    value_loss           | 5.91e-05     |
------------------------------------------
------------------------------------------
| rollout/                |              |
|    ep_len_mean          | 4.81e+04     |
|    ep_rew_mean          | 0.306        |
| time/                   |              |
|    fps                  | 1087         |
|    iterations           | 455          |
|    time_elapsed         | 5138         |
|    total_timesteps      | 5591040      |
| train/                  |              |
|    approx_kl            | 0.0034400837 |
|    clip_fraction        | 0.0223       |
|    clip_range           | 0.2          |
|    entropy_loss         | -0.49        |
|    explained_variance   | 0.983        |
|    learning_rate        | 0.000267     |
|    loss                 | -0.00556     |
|    n_updates            | 4540         |
|    policy_gradient_loss | -0.00192     |
|    value_loss           | 3.99e-05     |
------------------------------------------
------------------------------------------
| rollout/                |              |
|    ep_len_mean          | 4.81e+04     |
|    ep_rew_mean          | 0.306        |
| time/                   |              |
|    fps                  | 1089         |
|    iterations           | 456          |
|    time_elapsed         | 5141         |
|    total_timesteps      | 5603328      |
| train/                  |              |
|    approx_kl            | 0.0024729765 |
|    clip_fraction        | 0.0167       |
|    clip_range           | 0.2          |
|    entropy_loss         | -0.436       |
|    explained_variance   | 0.989        |
|    learning_rate        | 0.000266     |
|    loss                 | -0.00229     |
|    n_updates            | 4550         |
|    policy_gradient_loss | -0.00173     |
|    value_loss           | 3.92e-05     |
------------------------------------------
-----------------------------------------
| rollout/                |             |
|    ep_len_mean          | 4.81e+04    |
|    ep_rew_mean          | 0.306       |
| time/                   |             |
|    fps                  | 1091        |
|    iterations           | 457         |
|    time_elapsed         | 5144        |
|    total_timesteps      | 5615616     |
| train/                  |             |
|    approx_kl            | 0.002772157 |
|    clip_fraction        | 0.0198      |
|    clip_range           | 0.2         |
|    entropy_loss         | -0.471      |
|    explained_variance   | 0.994       |
|    learning_rate        | 0.000266    |
|    loss                 | -0.0112     |
|    n_updates            | 4560        |
|    policy_gradient_loss | -0.00206    |
|    value_loss           | 3.57e-05    |
-----------------------------------------
------------------------------------------
| rollout/                |              |
|    ep_len_mean          | 4.82e+04     |
|    ep_rew_mean          | 0.31         |
| time/                   |              |
|    fps                  | 1093         |
|    iterations           | 458          |
|    time_elapsed         | 5147         |
|    total_timesteps      | 5627904      |
| train/                  |              |
|    approx_kl            | 0.0034689128 |
|    clip_fraction        | 0.0182       |
|    clip_range           | 0.2          |
|    entropy_loss         | -0.466       |
|    explained_variance   | 0.985        |
|    learning_rate        | 0.000266     |
|    loss                 | -0.00502     |
|    n_updates            | 4570         |
|    policy_gradient_loss | -0.00128     |
|    value_loss           | 8.53e-05     |
------------------------------------------
------------------------------------------
| rollout/                |              |
|    ep_len_mean          | 4.82e+04     |
|    ep_rew_mean          | 0.324        |
| time/                   |              |
|    fps                  | 1095         |
|    iterations           | 459          |
|    time_elapsed         | 5150         |
|    total_timesteps      | 5640192      |
| train/                  |              |
|    approx_kl            | 0.0022294945 |
|    clip_fraction        | 0.0194       |
|    clip_range           | 0.2          |
|    entropy_loss         | -0.41        |
|    explained_variance   | 0.966        |
|    learning_rate        | 0.000266     |
|    loss                 | -0.00675     |
|    n_updates            | 4580         |
|    policy_gradient_loss | -0.00165     |
|    value_loss           | 0.000192     |
------------------------------------------
------------------------------------------
| rollout/                |              |
|    ep_len_mean          | 4.82e+04     |
|    ep_rew_mean          | 0.324        |
| time/                   |              |
|    fps                  | 1096         |
|    iterations           | 460          |
|    time_elapsed         | 5153         |
|    total_timesteps      | 5652480      |
| train/                  |              |
|    approx_kl            | 0.0018451363 |
|    clip_fraction        | 0.0107       |
|    clip_range           | 0.2          |
|    entropy_loss         | -0.373       |
|    explained_variance   | 0.832        |
|    learning_rate        | 0.000266     |
|    loss                 | -0.00518     |
|    n_updates            | 4590         |
|    policy_gradient_loss | -0.00171     |
|    value_loss           | 0.000275     |
------------------------------------------
------------------------------------------
| rollout/                |              |
|    ep_len_mean          | 4.82e+04     |
|    ep_rew_mean          | 0.324        |
| time/                   |              |
|    fps                  | 1098         |
|    iterations           | 461          |
|    time_elapsed         | 5156         |
|    total_timesteps      | 5664768      |
| train/                  |              |
|    approx_kl            | 0.0026635367 |
|    clip_fraction        | 0.0171       |
|    clip_range           | 0.2          |
|    entropy_loss         | -0.395       |
|    explained_variance   | 0.859        |
|    learning_rate        | 0.000266     |
|    loss                 | -0.00247     |
|    n_updates            | 4600         |
|    policy_gradient_loss | -0.00207     |
|    value_loss           | 5.28e-05     |
------------------------------------------
------------------------------------------
| rollout/                |              |
|    ep_len_mean          | 4.82e+04     |
|    ep_rew_mean          | 0.309        |
| time/                   |              |
|    fps                  | 1100         |
|    iterations           | 462          |
|    time_elapsed         | 5159         |
|    total_timesteps      | 5677056      |
| train/                  |              |
|    approx_kl            | 0.0025834348 |
|    clip_fraction        | 0.0166       |
|    clip_range           | 0.2          |
|    entropy_loss         | -0.373       |
|    explained_variance   | 0.944        |
|    learning_rate        | 0.000266     |
|    loss                 | -0.00782     |
|    n_updates            | 4610         |
|    policy_gradient_loss | -0.00207     |
|    value_loss           | 8.92e-05     |
------------------------------------------
------------------------------------------
| rollout/                |              |
|    ep_len_mean          | 4.82e+04     |
|    ep_rew_mean          | 0.309        |
| time/                   |              |
|    fps                  | 1102         |
|    iterations           | 463          |
|    time_elapsed         | 5162         |
|    total_timesteps      | 5689344      |
| train/                  |              |
|    approx_kl            | 0.0020724607 |
|    clip_fraction        | 0.0166       |
|    clip_range           | 0.2          |
|    entropy_loss         | -0.37        |
|    explained_variance   | 0.974        |
|    learning_rate        | 0.000266     |
|    loss                 | -0.00444     |
|    n_updates            | 4620         |
|    policy_gradient_loss | -0.00181     |
|    value_loss           | 4.61e-05     |
------------------------------------------
------------------------------------------
| rollout/                |              |
|    ep_len_mean          | 4.82e+04     |
|    ep_rew_mean          | 0.309        |
| time/                   |              |
|    fps                  | 1103         |
|    iterations           | 464          |
|    time_elapsed         | 5165         |
|    total_timesteps      | 5701632      |
| train/                  |              |
|    approx_kl            | 0.0039815023 |
|    clip_fraction        | 0.0299       |
|    clip_range           | 0.2          |
|    entropy_loss         | -0.434       |
|    explained_variance   | 0.982        |
|    learning_rate        | 0.000266     |
|    loss                 | -0.00601     |
|    n_updates            | 4630         |
|    policy_gradient_loss | -0.00177     |
|    value_loss           | 2.46e-05     |
------------------------------------------
------------------------------------------
| rollout/                |              |
|    ep_len_mean          | 4.83e+04     |
|    ep_rew_mean          | 0.318        |
| time/                   |              |
|    fps                  | 1105         |
|    iterations           | 465          |
|    time_elapsed         | 5167         |
|    total_timesteps      | 5713920      |
| train/                  |              |
|    approx_kl            | 0.0028473139 |
|    clip_fraction        | 0.0216       |
|    clip_range           | 0.2          |
|    entropy_loss         | -0.417       |
|    explained_variance   | 0.974        |
|    learning_rate        | 0.000266     |
|    loss                 | -0.00125     |
|    n_updates            | 4640         |
|    policy_gradient_loss | -0.002       |
|    value_loss           | 1.78e-05     |
------------------------------------------
------------------------------------------
| rollout/                |              |
|    ep_len_mean          | 4.83e+04     |
|    ep_rew_mean          | 0.318        |
| time/                   |              |
|    fps                  | 1107         |
|    iterations           | 466          |
|    time_elapsed         | 5170         |
|    total_timesteps      | 5726208      |
| train/                  |              |
|    approx_kl            | 0.0021701797 |
|    clip_fraction        | 0.0101       |
|    clip_range           | 0.2          |
|    entropy_loss         | -0.31        |
|    explained_variance   | 0.554        |
|    learning_rate        | 0.000266     |
|    loss                 | -0.00674     |
|    n_updates            | 4650         |
|    policy_gradient_loss | -0.00135     |
|    value_loss           | 6.32e-05     |
------------------------------------------
-----------------------------------------
| rollout/                |             |
|    ep_len_mean          | 4.83e+04    |
|    ep_rew_mean          | 0.299       |
| time/                   |             |
|    fps                  | 1109        |
|    iterations           | 467         |
|    time_elapsed         | 5173        |
|    total_timesteps      | 5738496     |
| train/                  |             |
|    approx_kl            | 0.001293983 |
|    clip_fraction        | 0.00824     |
|    clip_range           | 0.2         |
|    entropy_loss         | -0.315      |
|    explained_variance   | 0.679       |
|    learning_rate        | 0.000266    |
|    loss                 | -0.00647    |
|    n_updates            | 4660        |
|    policy_gradient_loss | -0.00088    |
|    value_loss           | 4.51e-05    |
-----------------------------------------
------------------------------------------
| rollout/                |              |
|    ep_len_mean          | 4.83e+04     |
|    ep_rew_mean          | 0.299        |
| time/                   |              |
|    fps                  | 1110         |
|    iterations           | 468          |
|    time_elapsed         | 5176         |
|    total_timesteps      | 5750784      |
| train/                  |              |
|    approx_kl            | 0.0036993215 |
|    clip_fraction        | 0.0351       |
|    clip_range           | 0.2          |
|    entropy_loss         | -0.317       |
|    explained_variance   | 0.735        |
|    learning_rate        | 0.000266     |
|    loss                 | -0.00434     |
|    n_updates            | 4670         |
|    policy_gradient_loss | -0.00208     |
|    value_loss           | 5.63e-05     |
------------------------------------------
------------------------------------------
| rollout/                |              |
|    ep_len_mean          | 4.83e+04     |
|    ep_rew_mean          | 0.299        |
| time/                   |              |
|    fps                  | 1112         |
|    iterations           | 469          |
|    time_elapsed         | 5179         |
|    total_timesteps      | 5763072      |
| train/                  |              |
|    approx_kl            | 0.0015655207 |
|    clip_fraction        | 0.0131       |
|    clip_range           | 0.2          |
|    entropy_loss         | -0.312       |
|    explained_variance   | 0.957        |
|    learning_rate        | 0.000265     |
|    loss                 | -0.00517     |
|    n_updates            | 4680         |
|    policy_gradient_loss | -0.00225     |
|    value_loss           | 3.03e-05     |
------------------------------------------
------------------------------------------
| rollout/                |              |
|    ep_len_mean          | 4.83e+04     |
|    ep_rew_mean          | 0.299        |
| time/                   |              |
|    fps                  | 1114         |
|    iterations           | 470          |
|    time_elapsed         | 5182         |
|    total_timesteps      | 5775360      |
| train/                  |              |
|    approx_kl            | 0.0025766196 |
|    clip_fraction        | 0.0164       |
|    clip_range           | 0.2          |
|    entropy_loss         | -0.39        |
|    explained_variance   | 0.974        |
|    learning_rate        | 0.000265     |
|    loss                 | -0.00593     |
|    n_updates            | 4690         |
|    policy_gradient_loss | -0.00168     |
|    value_loss           | 4.48e-05     |
------------------------------------------
------------------------------------------
| rollout/                |              |
|    ep_len_mean          | 4.83e+04     |
|    ep_rew_mean          | 0.299        |
| time/                   |              |
|    fps                  | 1116         |
|    iterations           | 471          |
|    time_elapsed         | 5185         |
|    total_timesteps      | 5787648      |
| train/                  |              |
|    approx_kl            | 0.0033202867 |
|    clip_fraction        | 0.0238       |
|    clip_range           | 0.2          |
|    entropy_loss         | -0.404       |
|    explained_variance   | 0.933        |
|    learning_rate        | 0.000265     |
|    loss                 | -0.00484     |
|    n_updates            | 4700         |
|    policy_gradient_loss | -0.00182     |
|    value_loss           | 5.12e-05     |
------------------------------------------
------------------------------------------
| rollout/                |              |
|    ep_len_mean          | 4.83e+04     |
|    ep_rew_mean          | 0.299        |
| time/                   |              |
|    fps                  | 1117         |
|    iterations           | 472          |
|    time_elapsed         | 5188         |
|    total_timesteps      | 5799936      |
| train/                  |              |
|    approx_kl            | 0.0040829577 |
|    clip_fraction        | 0.0328       |
|    clip_range           | 0.2          |
|    entropy_loss         | -0.389       |
|    explained_variance   | 0.992        |
|    learning_rate        | 0.000265     |
|    loss                 | -0.00916     |
|    n_updates            | 4710         |
|    policy_gradient_loss | -0.0029      |
|    value_loss           | 2.81e-05     |
------------------------------------------
-----------------------------------------
| rollout/                |             |
|    ep_len_mean          | 4.83e+04    |
|    ep_rew_mean          | 0.299       |
| time/                   |             |
|    fps                  | 1119        |
|    iterations           | 473         |
|    time_elapsed         | 5191        |
|    total_timesteps      | 5812224     |
| train/                  |             |
|    approx_kl            | 0.005015001 |
|    clip_fraction        | 0.0462      |
|    clip_range           | 0.2         |
|    entropy_loss         | -0.443      |
|    explained_variance   | 0.991       |
|    learning_rate        | 0.000265    |
|    loss                 | -0.0107     |
|    n_updates            | 4720        |
|    policy_gradient_loss | -0.00357    |
|    value_loss           | 3.52e-05    |
-----------------------------------------
------------------------------------------
| rollout/                |              |
|    ep_len_mean          | 4.83e+04     |
|    ep_rew_mean          | 0.303        |
| time/                   |              |
|    fps                  | 1121         |
|    iterations           | 474          |
|    time_elapsed         | 5194         |
|    total_timesteps      | 5824512      |
| train/                  |              |
|    approx_kl            | 0.0019293046 |
|    clip_fraction        | 0.0057       |
|    clip_range           | 0.2          |
|    entropy_loss         | -0.479       |
|    explained_variance   | 0.991        |
|    learning_rate        | 0.000265     |
|    loss                 | -0.00749     |
|    n_updates            | 4730         |
|    policy_gradient_loss | -0.00141     |
|    value_loss           | 2.44e-05     |
------------------------------------------
------------------------------------------
| rollout/                |              |
|    ep_len_mean          | 4.83e+04     |
|    ep_rew_mean          | 0.303        |
| time/                   |              |
|    fps                  | 1123         |
|    iterations           | 475          |
|    time_elapsed         | 5197         |
|    total_timesteps      | 5836800      |
| train/                  |              |
|    approx_kl            | 0.0022826653 |
|    clip_fraction        | 0.012        |
|    clip_range           | 0.2          |
|    entropy_loss         | -0.472       |
|    explained_variance   | 0.986        |
|    learning_rate        | 0.000265     |
|    loss                 | -0.0116      |
|    n_updates            | 4740         |
|    policy_gradient_loss | -0.00151     |
|    value_loss           | 1.79e-05     |
------------------------------------------
------------------------------------------
| rollout/                |              |
|    ep_len_mean          | 4.83e+04     |
|    ep_rew_mean          | 0.303        |
| time/                   |              |
|    fps                  | 1124         |
|    iterations           | 476          |
|    time_elapsed         | 5200         |
|    total_timesteps      | 5849088      |
| train/                  |              |
|    approx_kl            | 0.0038985375 |
|    clip_fraction        | 0.0264       |
|    clip_range           | 0.2          |
|    entropy_loss         | -0.495       |
|    explained_variance   | 0.979        |
|    learning_rate        | 0.000265     |
|    loss                 | -0.0057      |
|    n_updates            | 4750         |
|    policy_gradient_loss | -0.00165     |
|    value_loss           | 2.01e-05     |
------------------------------------------
------------------------------------------
| rollout/                |              |
|    ep_len_mean          | 4.83e+04     |
|    ep_rew_mean          | 0.303        |
| time/                   |              |
|    fps                  | 1126         |
|    iterations           | 477          |
|    time_elapsed         | 5203         |
|    total_timesteps      | 5861376      |
| train/                  |              |
|    approx_kl            | 0.0016080044 |
|    clip_fraction        | 0.0138       |
|    clip_range           | 0.2          |
|    entropy_loss         | -0.407       |
|    explained_variance   | 0.992        |
|    learning_rate        | 0.000265     |
|    loss                 | -0.00494     |
|    n_updates            | 4760         |
|    policy_gradient_loss | -0.00123     |
|    value_loss           | 1.37e-05     |
------------------------------------------
------------------------------------------
| rollout/                |              |
|    ep_len_mean          | 4.83e+04     |
|    ep_rew_mean          | 0.303        |
| time/                   |              |
|    fps                  | 1128         |
|    iterations           | 478          |
|    time_elapsed         | 5206         |
|    total_timesteps      | 5873664      |
| train/                  |              |
|    approx_kl            | 0.0034218098 |
|    clip_fraction        | 0.0148       |
|    clip_range           | 0.2          |
|    entropy_loss         | -0.531       |
|    explained_variance   | 0.99         |
|    learning_rate        | 0.000265     |
|    loss                 | -0.00549     |
|    n_updates            | 4770         |
|    policy_gradient_loss | -0.000817    |
|    value_loss           | 6.08e-05     |
------------------------------------------
-----------------------------------------
| rollout/                |             |
|    ep_len_mean          | 4.83e+04    |
|    ep_rew_mean          | 0.303       |
| time/                   |             |
|    fps                  | 1129        |
|    iterations           | 479         |
|    time_elapsed         | 5208        |
|    total_timesteps      | 5885952     |
| train/                  |             |
|    approx_kl            | 0.002582298 |
|    clip_fraction        | 0.0172      |
|    clip_range           | 0.2         |
|    entropy_loss         | -0.458      |
|    explained_variance   | 0.996       |
|    learning_rate        | 0.000265    |
|    loss                 | -0.00494    |
|    n_updates            | 4780        |
|    policy_gradient_loss | -0.00203    |
|    value_loss           | 1.9e-05     |
-----------------------------------------
------------------------------------------
| rollout/                |              |
|    ep_len_mean          | 4.83e+04     |
|    ep_rew_mean          | 0.304        |
| time/                   |              |
|    fps                  | 1131         |
|    iterations           | 480          |
|    time_elapsed         | 5211         |
|    total_timesteps      | 5898240      |
| train/                  |              |
|    approx_kl            | 0.0028365056 |
|    clip_fraction        | 0.0214       |
|    clip_range           | 0.2          |
|    entropy_loss         | -0.396       |
|    explained_variance   | 0.993        |
|    learning_rate        | 0.000265     |
|    loss                 | -0.0147      |
|    n_updates            | 4790         |
|    policy_gradient_loss | -0.00236     |
|    value_loss           | 3.77e-05     |
------------------------------------------
------------------------------------------
| rollout/                |              |
|    ep_len_mean          | 4.83e+04     |
|    ep_rew_mean          | 0.304        |
| time/                   |              |
|    fps                  | 1133         |
|    iterations           | 481          |
|    time_elapsed         | 5214         |
|    total_timesteps      | 5910528      |
| train/                  |              |
|    approx_kl            | 0.0018031617 |
|    clip_fraction        | 0.0135       |
|    clip_range           | 0.2          |
|    entropy_loss         | -0.461       |
|    explained_variance   | 0.991        |
|    learning_rate        | 0.000265     |
|    loss                 | -0.00378     |
|    n_updates            | 4800         |
|    policy_gradient_loss | -0.00133     |
|    value_loss           | 2.03e-05     |
------------------------------------------
-----------------------------------------
| rollout/                |             |
|    ep_len_mean          | 4.83e+04    |
|    ep_rew_mean          | 0.304       |
| time/                   |             |
|    fps                  | 1135        |
|    iterations           | 482         |
|    time_elapsed         | 5217        |
|    total_timesteps      | 5922816     |
| train/                  |             |
|    approx_kl            | 0.004137896 |
|    clip_fraction        | 0.0249      |
|    clip_range           | 0.2         |
|    entropy_loss         | -0.485      |
|    explained_variance   | 0.994       |
|    learning_rate        | 0.000265    |
|    loss                 | -0.00529    |
|    n_updates            | 4810        |
|    policy_gradient_loss | -0.00205    |
|    value_loss           | 2.21e-05    |
-----------------------------------------
------------------------------------------
| rollout/                |              |
|    ep_len_mean          | 4.83e+04     |
|    ep_rew_mean          | 0.304        |
| time/                   |              |
|    fps                  | 1136         |
|    iterations           | 483          |
|    time_elapsed         | 5220         |
|    total_timesteps      | 5935104      |
| train/                  |              |
|    approx_kl            | 0.0020101187 |
|    clip_fraction        | 0.0104       |
|    clip_range           | 0.2          |
|    entropy_loss         | -0.412       |
|    explained_variance   | 0.995        |
|    learning_rate        | 0.000264     |
|    loss                 | -0.00884     |
|    n_updates            | 4820         |
|    policy_gradient_loss | -0.00147     |
|    value_loss           | 5.43e-05     |
------------------------------------------
-----------------------------------------
| rollout/                |             |
|    ep_len_mean          | 4.83e+04    |
|    ep_rew_mean          | 0.294       |
| time/                   |             |
|    fps                  | 1138        |
|    iterations           | 484         |
|    time_elapsed         | 5223        |
|    total_timesteps      | 5947392     |
| train/                  |             |
|    approx_kl            | 0.004313531 |
|    clip_fraction        | 0.0466      |
|    clip_range           | 0.2         |
|    entropy_loss         | -0.378      |
|    explained_variance   | 0.953       |
|    learning_rate        | 0.000264    |
|    loss                 | 0.0107      |
|    n_updates            | 4830        |
|    policy_gradient_loss | -0.00235    |
|    value_loss           | 0.000125    |
-----------------------------------------
------------------------------------------
| rollout/                |              |
|    ep_len_mean          | 4.83e+04     |
|    ep_rew_mean          | 0.294        |
| time/                   |              |
|    fps                  | 1140         |
|    iterations           | 485          |
|    time_elapsed         | 5226         |
|    total_timesteps      | 5959680      |
| train/                  |              |
|    approx_kl            | 0.0011088293 |
|    clip_fraction        | 0.0116       |
|    clip_range           | 0.2          |
|    entropy_loss         | -0.452       |
|    explained_variance   | 0.982        |
|    learning_rate        | 0.000264     |
|    loss                 | -0.00709     |
|    n_updates            | 4840         |
|    policy_gradient_loss | -0.000875    |
|    value_loss           | 4.78e-05     |
------------------------------------------
-----------------------------------------
| rollout/                |             |
|    ep_len_mean          | 4.83e+04    |
|    ep_rew_mean          | 0.294       |
| time/                   |             |
|    fps                  | 1142        |
|    iterations           | 486         |
|    time_elapsed         | 5229        |
|    total_timesteps      | 5971968     |
| train/                  |             |
|    approx_kl            | 0.004556632 |
|    clip_fraction        | 0.0213      |
|    clip_range           | 0.2         |
|    entropy_loss         | -0.436      |
|    explained_variance   | 0.991       |
|    learning_rate        | 0.000264    |
|    loss                 | 0.00321     |
|    n_updates            | 4850        |
|    policy_gradient_loss | -0.00154    |
|    value_loss           | 3.29e-05    |
-----------------------------------------
------------------------------------------
| rollout/                |              |
|    ep_len_mean          | 4.83e+04     |
|    ep_rew_mean          | 0.282        |
| time/                   |              |
|    fps                  | 1143         |
|    iterations           | 487          |
|    time_elapsed         | 5232         |
|    total_timesteps      | 5984256      |
| train/                  |              |
|    approx_kl            | 0.0035088398 |
|    clip_fraction        | 0.0246       |
|    clip_range           | 0.2          |
|    entropy_loss         | -0.478       |
|    explained_variance   | 0.987        |
|    learning_rate        | 0.000264     |
|    loss                 | -0.00622     |
|    n_updates            | 4860         |
|    policy_gradient_loss | -0.00237     |
|    value_loss           | 2.41e-05     |
------------------------------------------
------------------------------------------
| rollout/                |              |
|    ep_len_mean          | 4.83e+04     |
|    ep_rew_mean          | 0.263        |
| time/                   |              |
|    fps                  | 1145         |
|    iterations           | 488          |
|    time_elapsed         | 5235         |
|    total_timesteps      | 5996544      |
| train/                  |              |
|    approx_kl            | 0.0017607786 |
|    clip_fraction        | 0.0134       |
|    clip_range           | 0.2          |
|    entropy_loss         | -0.43        |
|    explained_variance   | 0.94         |
|    learning_rate        | 0.000264     |
|    loss                 | -0.00546     |
|    n_updates            | 4870         |
|    policy_gradient_loss | -0.000732    |
|    value_loss           | 0.000212     |
------------------------------------------
---------------------------------------------------
| rollout/                           |            |
|    ep_len_mean                     | 4.83e+04   |
|    ep_rew_mean                     | 0.263      |
| time/                              |            |
|    fps                             | 1076       |
|    iterations                      | 489        |
|    time_elapsed                    | 5584       |
|    total_timesteps                 | 6008832    |
| train/                             |            |
|    approx_kl                       | 0.00357801 |
|    clip_fraction                   | 0.0284     |
|    clip_range                      | 0.2        |
|    entropy_loss                    | -0.367     |
|    explained_variance              | 0.993      |
|    learning_rate                   | 0.000264   |
|    loss                            | -0.00928   |
|    n_updates                       | 4880       |
|    policy_gradient_loss            | -0.00207   |
|    value_loss                      | 2.43e-05   |
| valid/                             |            |
|    BTC-USDT-SWAP/compound_mdd_pct  | 57.2       |
|    BTC-USDT-SWAP/compound_multiple | 0          |
|    BTC-USDT-SWAP/max_single_loss   | -100       |
|    BTC-USDT-SWAP/near_liq_n        | 3          |
|    BTC-USDT-SWAP/near_liq_pct      | 0.00122    |
|    BTC-USDT-SWAP/pnl_std           | 3.83       |
|    BTC-USDT-SWAP/sel_monthly_log   | -2.01      |
|    BTC-USDT-SWAP/total_pnl         | -367       |
|    BTC-USDT-SWAP/trades            | 2462       |
|    BTC-USDT-SWAP/trades_per_month  | 208        |
|    BTC-USDT-SWAP/v9_score          | 191        |
|    BTC-USDT-SWAP/win_rate          | 0.569      |
|    ETH-USDT-SWAP/compound_mdd_pct  | 10.6       |
|    ETH-USDT-SWAP/compound_multiple | 0          |
|    ETH-USDT-SWAP/max_single_loss   | -100       |
|    ETH-USDT-SWAP/near_liq_n        | 5          |
|    ETH-USDT-SWAP/near_liq_pct      | 0.00228    |
|    ETH-USDT-SWAP/pnl_std           | 5.3        |
|    ETH-USDT-SWAP/total_pnl         | 88.7       |
|    ETH-USDT-SWAP/trades            | 2193       |
|    ETH-USDT-SWAP/trades_per_month  | 186        |
|    ETH-USDT-SWAP/v9_score          | 730        |
|    ETH-USDT-SWAP/win_rate          | 0.662      |
|    min_v9_score                    | 191        |
---------------------------------------------------
------------------------------------------
| rollout/                |              |
|    ep_len_mean          | 4.83e+04     |
|    ep_rew_mean          | 0.263        |
| time/                   |              |
|    fps                  | 1077         |
|    iterations           | 490          |
|    time_elapsed         | 5587         |
|    total_timesteps      | 6021120      |
| train/                  |              |
|    approx_kl            | 0.0015751129 |
|    clip_fraction        | 0.0145       |
|    clip_range           | 0.2          |
|    entropy_loss         | -0.313       |
|    explained_variance   | 0.996        |
|    learning_rate        | 0.000264     |
|    loss                 | -0.00101     |
|    n_updates            | 4890         |
|    policy_gradient_loss | -0.00102     |
|    value_loss           | 1.75e-05     |
------------------------------------------
------------------------------------------
| rollout/                |              |
|    ep_len_mean          | 4.83e+04     |
|    ep_rew_mean          | 0.263        |
| time/                   |              |
|    fps                  | 1079         |
|    iterations           | 491          |
|    time_elapsed         | 5590         |
|    total_timesteps      | 6033408      |
| train/                  |              |
|    approx_kl            | 0.0031914804 |
|    clip_fraction        | 0.0245       |
|    clip_range           | 0.2          |
|    entropy_loss         | -0.307       |
|    explained_variance   | 0.994        |
|    learning_rate        | 0.000264     |
|    loss                 | -0.00356     |
|    n_updates            | 4900         |
|    policy_gradient_loss | -0.00179     |
|    value_loss           | 2.09e-05     |
------------------------------------------
------------------------------------------
| rollout/                |              |
|    ep_len_mean          | 4.83e+04     |
|    ep_rew_mean          | 0.263        |
| time/                   |              |
|    fps                  | 1080         |
|    iterations           | 492          |
|    time_elapsed         | 5592         |
|    total_timesteps      | 6045696      |
| train/                  |              |
|    approx_kl            | 0.0032895647 |
|    clip_fraction        | 0.0211       |
|    clip_range           | 0.2          |
|    entropy_loss         | -0.326       |
|    explained_variance   | 0.978        |
|    learning_rate        | 0.000264     |
|    loss                 | -0.00934     |
|    n_updates            | 4910         |
|    policy_gradient_loss | -0.00162     |
|    value_loss           | 5.54e-05     |
------------------------------------------
------------------------------------------
| rollout/                |              |
|    ep_len_mean          | 4.83e+04     |
|    ep_rew_mean          | 0.263        |
| time/                   |              |
|    fps                  | 1082         |
|    iterations           | 493          |
|    time_elapsed         | 5596         |
|    total_timesteps      | 6057984      |
| train/                  |              |
|    approx_kl            | 0.0020767543 |
|    clip_fraction        | 0.0176       |
|    clip_range           | 0.2          |
|    entropy_loss         | -0.292       |
|    explained_variance   | 0.977        |
|    learning_rate        | 0.000264     |
|    loss                 | -0.00661     |
|    n_updates            | 4920         |
|    policy_gradient_loss | -0.00135     |
|    value_loss           | 3.16e-05     |
------------------------------------------
------------------------------------------
| rollout/                |              |
|    ep_len_mean          | 4.83e+04     |
|    ep_rew_mean          | 0.263        |
| time/                   |              |
|    fps                  | 1084         |
|    iterations           | 494          |
|    time_elapsed         | 5599         |
|    total_timesteps      | 6070272      |
| train/                  |              |
|    approx_kl            | 0.0022481703 |
|    clip_fraction        | 0.0151       |
|    clip_range           | 0.2          |
|    entropy_loss         | -0.299       |
|    explained_variance   | 0.718        |
|    learning_rate        | 0.000264     |
|    loss                 | -0.00179     |
|    n_updates            | 4930         |
|    policy_gradient_loss | -0.00121     |
|    value_loss           | 3.58e-05     |
------------------------------------------
------------------------------------------
| rollout/                |              |
|    ep_len_mean          | 4.84e+04     |
|    ep_rew_mean          | 0.263        |
| time/                   |              |
|    fps                  | 1085         |
|    iterations           | 495          |
|    time_elapsed         | 5602         |
|    total_timesteps      | 6082560      |
| train/                  |              |
|    approx_kl            | 0.0029234614 |
|    clip_fraction        | 0.0207       |
|    clip_range           | 0.2          |
|    entropy_loss         | -0.354       |
|    explained_variance   | 0.926        |
|    learning_rate        | 0.000264     |
|    loss                 | -0.00755     |
|    n_updates            | 4940         |
|    policy_gradient_loss | -0.00234     |
|    value_loss           | 5e-05        |
------------------------------------------
------------------------------------------
| rollout/                |              |
|    ep_len_mean          | 4.84e+04     |
|    ep_rew_mean          | 0.263        |
| time/                   |              |
|    fps                  | 1087         |
|    iterations           | 496          |
|    time_elapsed         | 5605         |
|    total_timesteps      | 6094848      |
| train/                  |              |
|    approx_kl            | 0.0025170173 |
|    clip_fraction        | 0.011        |
|    clip_range           | 0.2          |
|    entropy_loss         | -0.357       |
|    explained_variance   | 0.991        |
|    learning_rate        | 0.000264     |
|    loss                 | 0.000735     |
|    n_updates            | 4950         |
|    policy_gradient_loss | -0.00167     |
|    value_loss           | 4.47e-05     |
------------------------------------------
-----------------------------------------
| rollout/                |             |
|    ep_len_mean          | 4.84e+04    |
|    ep_rew_mean          | 0.263       |
| time/                   |             |
|    fps                  | 1088        |
|    iterations           | 497         |
|    time_elapsed         | 5608        |
|    total_timesteps      | 6107136     |
| train/                  |             |
|    approx_kl            | 0.001608251 |
|    clip_fraction        | 0.0109      |
|    clip_range           | 0.2         |
|    entropy_loss         | -0.392      |
|    explained_variance   | 0.995       |
|    learning_rate        | 0.000263    |
|    loss                 | -0.00824    |
|    n_updates            | 4960        |
|    policy_gradient_loss | -0.00188    |
|    value_loss           | 3.65e-05    |
-----------------------------------------
------------------------------------------
| rollout/                |              |
|    ep_len_mean          | 4.87e+04     |
|    ep_rew_mean          | 0.271        |
| time/                   |              |
|    fps                  | 1090         |
|    iterations           | 498          |
|    time_elapsed         | 5611         |
|    total_timesteps      | 6119424      |
| train/                  |              |
|    approx_kl            | 0.0031906806 |
|    clip_fraction        | 0.0215       |
|    clip_range           | 0.2          |
|    entropy_loss         | -0.36        |
|    explained_variance   | 0.98         |
|    learning_rate        | 0.000263     |
|    loss                 | -0.00638     |
|    n_updates            | 4970         |
|    policy_gradient_loss | -0.00285     |
|    value_loss           | 0.000104     |
------------------------------------------
----------------------------------------
| rollout/                |            |
|    ep_len_mean          | 4.87e+04   |
|    ep_rew_mean          | 0.271      |
| time/                   |            |
|    fps                  | 1092       |
|    iterations           | 499        |
|    time_elapsed         | 5614       |
|    total_timesteps      | 6131712    |
| train/                  |            |
|    approx_kl            | 0.00251875 |
|    clip_fraction        | 0.0225     |
|    clip_range           | 0.2        |
|    entropy_loss         | -0.368     |
|    explained_variance   | 0.991      |
|    learning_rate        | 0.000263   |
|    loss                 | -0.0056    |
|    n_updates            | 4980       |
|    policy_gradient_loss | -0.00124   |
|    value_loss           | 3.57e-05   |
----------------------------------------
------------------------------------------
| rollout/                |              |
|    ep_len_mean          | 4.87e+04     |
|    ep_rew_mean          | 0.271        |
| time/                   |              |
|    fps                  | 1093         |
|    iterations           | 500          |
|    time_elapsed         | 5617         |
|    total_timesteps      | 6144000      |
| train/                  |              |
|    approx_kl            | 0.0032111201 |
|    clip_fraction        | 0.019        |
|    clip_range           | 0.2          |
|    entropy_loss         | -0.369       |
|    explained_variance   | 0.99         |
|    learning_rate        | 0.000263     |
|    loss                 | -0.00808     |
|    n_updates            | 4990         |
|    policy_gradient_loss | -0.00201     |
|    value_loss           | 3.98e-05     |
------------------------------------------
------------------------------------------
| rollout/                |              |
|    ep_len_mean          | 4.87e+04     |
|    ep_rew_mean          | 0.271        |
| time/                   |              |
|    fps                  | 1095         |
|    iterations           | 501          |
|    time_elapsed         | 5620         |
|    total_timesteps      | 6156288      |
| train/                  |              |
|    approx_kl            | 0.0020840396 |
|    clip_fraction        | 0.00824      |
|    clip_range           | 0.2          |
|    entropy_loss         | -0.454       |
|    explained_variance   | 0.986        |
|    learning_rate        | 0.000263     |
|    loss                 | -0.00508     |
|    n_updates            | 5000         |
|    policy_gradient_loss | -0.00125     |
|    value_loss           | 4.85e-05     |
------------------------------------------
-----------------------------------------
| rollout/                |             |
|    ep_len_mean          | 4.87e+04    |
|    ep_rew_mean          | 0.271       |
| time/                   |             |
|    fps                  | 1096        |
|    iterations           | 502         |
|    time_elapsed         | 5623        |
|    total_timesteps      | 6168576     |
| train/                  |             |
|    approx_kl            | 0.003452222 |
|    clip_fraction        | 0.0252      |
|    clip_range           | 0.2         |
|    entropy_loss         | -0.43       |
|    explained_variance   | 0.929       |
|    learning_rate        | 0.000263    |
|    loss                 | 0.00432     |
|    n_updates            | 5010        |
|    policy_gradient_loss | -0.00166    |
|    value_loss           | 0.000128    |
-----------------------------------------
-----------------------------------------
| rollout/                |             |
|    ep_len_mean          | 4.87e+04    |
|    ep_rew_mean          | 0.271       |
| time/                   |             |
|    fps                  | 1098        |
|    iterations           | 503         |
|    time_elapsed         | 5626        |
|    total_timesteps      | 6180864     |
| train/                  |             |
|    approx_kl            | 0.003633085 |
|    clip_fraction        | 0.0231      |
|    clip_range           | 0.2         |
|    entropy_loss         | -0.41       |
|    explained_variance   | 0.969       |
|    learning_rate        | 0.000263    |
|    loss                 | -0.0136     |
|    n_updates            | 5020        |
|    policy_gradient_loss | -0.00214    |
|    value_loss           | 7.17e-05    |
-----------------------------------------
-----------------------------------------
| rollout/                |             |
|    ep_len_mean          | 4.87e+04    |
|    ep_rew_mean          | 0.271       |
| time/                   |             |
|    fps                  | 1100        |
|    iterations           | 504         |
|    time_elapsed         | 5629        |
|    total_timesteps      | 6193152     |
| train/                  |             |
|    approx_kl            | 0.004021019 |
|    clip_fraction        | 0.0255      |
|    clip_range           | 0.2         |
|    entropy_loss         | -0.437      |
|    explained_variance   | 0.949       |
|    learning_rate        | 0.000263    |
|    loss                 | -0.0024     |
|    n_updates            | 5030        |
|    policy_gradient_loss | -0.00254    |
|    value_loss           | 3.91e-05    |
-----------------------------------------
------------------------------------------
| rollout/                |              |
|    ep_len_mean          | 4.87e+04     |
|    ep_rew_mean          | 0.271        |
| time/                   |              |
|    fps                  | 1101         |
|    iterations           | 505          |
|    time_elapsed         | 5632         |
|    total_timesteps      | 6205440      |
| train/                  |              |
|    approx_kl            | 0.0029889757 |
|    clip_fraction        | 0.0137       |
|    clip_range           | 0.2          |
|    entropy_loss         | -0.408       |
|    explained_variance   | 0.967        |
|    learning_rate        | 0.000263     |
|    loss                 | -0.0118      |
|    n_updates            | 5040         |
|    policy_gradient_loss | -0.0025      |
|    value_loss           | 4.59e-05     |
------------------------------------------
------------------------------------------
| rollout/                |              |
|    ep_len_mean          | 4.87e+04     |
|    ep_rew_mean          | 0.271        |
| time/                   |              |
|    fps                  | 1103         |
|    iterations           | 506          |
|    time_elapsed         | 5635         |
|    total_timesteps      | 6217728      |
| train/                  |              |
|    approx_kl            | 0.0022618326 |
|    clip_fraction        | 0.015        |
|    clip_range           | 0.2          |
|    entropy_loss         | -0.424       |
|    explained_variance   | 0.931        |
|    learning_rate        | 0.000263     |
|    loss                 | -0.00869     |
|    n_updates            | 5050         |
|    policy_gradient_loss | -0.00213     |
|    value_loss           | 4.25e-05     |
------------------------------------------
------------------------------------------
| rollout/                |              |
|    ep_len_mean          | 4.88e+04     |
|    ep_rew_mean          | 0.275        |
| time/                   |              |
|    fps                  | 1104         |
|    iterations           | 507          |
|    time_elapsed         | 5638         |
|    total_timesteps      | 6230016      |
| train/                  |              |
|    approx_kl            | 0.0023573395 |
|    clip_fraction        | 0.0135       |
|    clip_range           | 0.2          |
|    entropy_loss         | -0.494       |
|    explained_variance   | 0.937        |
|    learning_rate        | 0.000263     |
|    loss                 | -0.00486     |
|    n_updates            | 5060         |
|    policy_gradient_loss | -0.00131     |
|    value_loss           | 3.84e-05     |
------------------------------------------
------------------------------------------
| rollout/                |              |
|    ep_len_mean          | 4.88e+04     |
|    ep_rew_mean          | 0.275        |
| time/                   |              |
|    fps                  | 1106         |
|    iterations           | 508          |
|    time_elapsed         | 5641         |
|    total_timesteps      | 6242304      |
| train/                  |              |
|    approx_kl            | 0.0016811584 |
|    clip_fraction        | 0.012        |
|    clip_range           | 0.2          |
|    entropy_loss         | -0.411       |
|    explained_variance   | 0.982        |
|    learning_rate        | 0.000263     |
|    loss                 | -0.0076      |
|    n_updates            | 5070         |
|    policy_gradient_loss | -0.00191     |
|    value_loss           | 4.18e-05     |
------------------------------------------
------------------------------------------
| rollout/                |              |
|    ep_len_mean          | 4.88e+04     |
|    ep_rew_mean          | 0.275        |
| time/                   |              |
|    fps                  | 1108         |
|    iterations           | 509          |
|    time_elapsed         | 5644         |
|    total_timesteps      | 6254592      |
| train/                  |              |
|    approx_kl            | 0.0035210594 |
|    clip_fraction        | 0.0251       |
|    clip_range           | 0.2          |
|    entropy_loss         | -0.435       |
|    explained_variance   | 0.988        |
|    learning_rate        | 0.000263     |
|    loss                 | -0.0132      |
|    n_updates            | 5080         |
|    policy_gradient_loss | -0.0023      |
|    value_loss           | 4.29e-05     |
------------------------------------------
------------------------------------------
| rollout/                |              |
|    ep_len_mean          | 4.88e+04     |
|    ep_rew_mean          | 0.275        |
| time/                   |              |
|    fps                  | 1109         |
|    iterations           | 510          |
|    time_elapsed         | 5647         |
|    total_timesteps      | 6266880      |
| train/                  |              |
|    approx_kl            | 0.0019149394 |
|    clip_fraction        | 0.0152       |
|    clip_range           | 0.2          |
|    entropy_loss         | -0.434       |
|    explained_variance   | 0.992        |
|    learning_rate        | 0.000262     |
|    loss                 | -0.00677     |
|    n_updates            | 5090         |
|    policy_gradient_loss | -0.00158     |
|    value_loss           | 3.48e-05     |
------------------------------------------
------------------------------------------
| rollout/                |              |
|    ep_len_mean          | 4.88e+04     |
|    ep_rew_mean          | 0.271        |
| time/                   |              |
|    fps                  | 1111         |
|    iterations           | 511          |
|    time_elapsed         | 5650         |
|    total_timesteps      | 6279168      |
| train/                  |              |
|    approx_kl            | 0.0033166849 |
|    clip_fraction        | 0.0165       |
|    clip_range           | 0.2          |
|    entropy_loss         | -0.511       |
|    explained_variance   | 0.996        |
|    learning_rate        | 0.000262     |
|    loss                 | -0.00691     |
|    n_updates            | 5100         |
|    policy_gradient_loss | -0.00138     |
|    value_loss           | 2.44e-05     |
------------------------------------------
-----------------------------------------
| rollout/                |             |
|    ep_len_mean          | 4.88e+04    |
|    ep_rew_mean          | 0.271       |
| time/                   |             |
|    fps                  | 1112        |
|    iterations           | 512         |
|    time_elapsed         | 5652        |
|    total_timesteps      | 6291456     |
| train/                  |             |
|    approx_kl            | 0.003627048 |
|    clip_fraction        | 0.0193      |
|    clip_range           | 0.2         |
|    entropy_loss         | -0.424      |
|    explained_variance   | 0.98        |
|    learning_rate        | 0.000262    |
|    loss                 | 0.00283     |
|    n_updates            | 5110        |
|    policy_gradient_loss | -0.000969   |
|    value_loss           | 8.01e-05    |
-----------------------------------------
------------------------------------------
| rollout/                |              |
|    ep_len_mean          | 4.88e+04     |
|    ep_rew_mean          | 0.271        |
| time/                   |              |
|    fps                  | 1114         |
|    iterations           | 513          |
|    time_elapsed         | 5655         |
|    total_timesteps      | 6303744      |
| train/                  |              |
|    approx_kl            | 0.0027878366 |
|    clip_fraction        | 0.00759      |
|    clip_range           | 0.2          |
|    entropy_loss         | -0.458       |
|    explained_variance   | 0.991        |
|    learning_rate        | 0.000262     |
|    loss                 | -0.00454     |
|    n_updates            | 5120         |
|    policy_gradient_loss | -0.000922    |
|    value_loss           | 7.39e-05     |
------------------------------------------
------------------------------------------
| rollout/                |              |
|    ep_len_mean          | 4.88e+04     |
|    ep_rew_mean          | 0.271        |
| time/                   |              |
|    fps                  | 1116         |
|    iterations           | 514          |
|    time_elapsed         | 5659         |
|    total_timesteps      | 6316032      |
| train/                  |              |
|    approx_kl            | 0.0021854097 |
|    clip_fraction        | 0.0245       |
|    clip_range           | 0.2          |
|    entropy_loss         | -0.492       |
|    explained_variance   | 0.989        |
|    learning_rate        | 0.000262     |
|    loss                 | -0.0125      |
|    n_updates            | 5130         |
|    policy_gradient_loss | -0.00111     |
|    value_loss           | 9.85e-05     |
------------------------------------------
-----------------------------------------
| rollout/                |             |
|    ep_len_mean          | 4.88e+04    |
|    ep_rew_mean          | 0.271       |
| time/                   |             |
|    fps                  | 1117        |
|    iterations           | 515         |
|    time_elapsed         | 5662        |
|    total_timesteps      | 6328320     |
| train/                  |             |
|    approx_kl            | 0.003620604 |
|    clip_fraction        | 0.0203      |
|    clip_range           | 0.2         |
|    entropy_loss         | -0.438      |
|    explained_variance   | 0.993       |
|    learning_rate        | 0.000262    |
|    loss                 | -0.00739    |
|    n_updates            | 5140        |
|    policy_gradient_loss | -0.0021     |
|    value_loss           | 5.39e-05    |
-----------------------------------------
------------------------------------------
| rollout/                |              |
|    ep_len_mean          | 4.88e+04     |
|    ep_rew_mean          | 0.268        |
| time/                   |              |
|    fps                  | 1119         |
|    iterations           | 516          |
|    time_elapsed         | 5665         |
|    total_timesteps      | 6340608      |
| train/                  |              |
|    approx_kl            | 0.0031145748 |
|    clip_fraction        | 0.0202       |
|    clip_range           | 0.2          |
|    entropy_loss         | -0.469       |
|    explained_variance   | 0.992        |
|    learning_rate        | 0.000262     |
|    loss                 | -0.0101      |
|    n_updates            | 5150         |
|    policy_gradient_loss | -0.00166     |
|    value_loss           | 4.03e-05     |
------------------------------------------
------------------------------------------
| rollout/                |              |
|    ep_len_mean          | 4.88e+04     |
|    ep_rew_mean          | 0.268        |
| time/                   |              |
|    fps                  | 1120         |
|    iterations           | 517          |
|    time_elapsed         | 5668         |
|    total_timesteps      | 6352896      |
| train/                  |              |
|    approx_kl            | 0.0035192778 |
|    clip_fraction        | 0.015        |
|    clip_range           | 0.2          |
|    entropy_loss         | -0.47        |
|    explained_variance   | 0.979        |
|    learning_rate        | 0.000262     |
|    loss                 | -0.00108     |
|    n_updates            | 5160         |
|    policy_gradient_loss | -0.00154     |
|    value_loss           | 9.15e-05     |
------------------------------------------
-----------------------------------------
| rollout/                |             |
|    ep_len_mean          | 4.88e+04    |
|    ep_rew_mean          | 0.268       |
| time/                   |             |
|    fps                  | 1122        |
|    iterations           | 518         |
|    time_elapsed         | 5671        |
|    total_timesteps      | 6365184     |
| train/                  |             |
|    approx_kl            | 0.006719692 |
|    clip_fraction        | 0.0297      |
|    clip_range           | 0.2         |
|    entropy_loss         | -0.5        |
|    explained_variance   | 0.981       |
|    learning_rate        | 0.000262    |
|    loss                 | -0.0021     |
|    n_updates            | 5170        |
|    policy_gradient_loss | -0.00205    |
|    value_loss           | 6.29e-05    |
-----------------------------------------
------------------------------------------
| rollout/                |              |
|    ep_len_mean          | 4.92e+04     |
|    ep_rew_mean          | 0.269        |
| time/                   |              |
|    fps                  | 1123         |
|    iterations           | 519          |
|    time_elapsed         | 5674         |
|    total_timesteps      | 6377472      |
| train/                  |              |
|    approx_kl            | 0.0022646876 |
|    clip_fraction        | 0.0103       |
|    clip_range           | 0.2          |
|    entropy_loss         | -0.476       |
|    explained_variance   | 0.992        |
|    learning_rate        | 0.000262     |
|    loss                 | -0.00617     |
|    n_updates            | 5180         |
|    policy_gradient_loss | -0.00133     |
|    value_loss           | 3.71e-05     |
------------------------------------------
-----------------------------------------
| rollout/                |             |
|    ep_len_mean          | 4.92e+04    |
|    ep_rew_mean          | 0.266       |
| time/                   |             |
|    fps                  | 1125        |
|    iterations           | 520         |
|    time_elapsed         | 5677        |
|    total_timesteps      | 6389760     |
| train/                  |             |
|    approx_kl            | 0.004005393 |
|    clip_fraction        | 0.0244      |
|    clip_range           | 0.2         |
|    entropy_loss         | -0.416      |
|    explained_variance   | 0.892       |
|    learning_rate        | 0.000262    |
|    loss                 | -0.00237    |
|    n_updates            | 5190        |
|    policy_gradient_loss | -0.00197    |
|    value_loss           | 0.000123    |
-----------------------------------------
-----------------------------------------
| rollout/                |             |
|    ep_len_mean          | 4.92e+04    |
|    ep_rew_mean          | 0.266       |
| time/                   |             |
|    fps                  | 1127        |
|    iterations           | 521         |
|    time_elapsed         | 5680        |
|    total_timesteps      | 6402048     |
| train/                  |             |
|    approx_kl            | 0.013994745 |
|    clip_fraction        | 0.0386      |
|    clip_range           | 0.2         |
|    entropy_loss         | -0.363      |
|    explained_variance   | 0.932       |
|    learning_rate        | 0.000262    |
|    loss                 | -0.0132     |
|    n_updates            | 5200        |
|    policy_gradient_loss | -0.00317    |
|    value_loss           | 2.81e-05    |
-----------------------------------------
------------------------------------------
| rollout/                |              |
|    ep_len_mean          | 4.92e+04     |
|    ep_rew_mean          | 0.266        |
| time/                   |              |
|    fps                  | 1128         |
|    iterations           | 522          |
|    time_elapsed         | 5683         |
|    total_timesteps      | 6414336      |
| train/                  |              |
|    approx_kl            | 0.0019813576 |
|    clip_fraction        | 0.0155       |
|    clip_range           | 0.2          |
|    entropy_loss         | -0.283       |
|    explained_variance   | 0.903        |
|    learning_rate        | 0.000262     |
|    loss                 | -0.000988    |
|    n_updates            | 5210         |
|    policy_gradient_loss | -0.00225     |
|    value_loss           | 3.83e-05     |
------------------------------------------
------------------------------------------
| rollout/                |              |
|    ep_len_mean          | 4.92e+04     |
|    ep_rew_mean          | 0.266        |
| time/                   |              |
|    fps                  | 1130         |
|    iterations           | 523          |
|    time_elapsed         | 5686         |
|    total_timesteps      | 6426624      |
| train/                  |              |
|    approx_kl            | 0.0031677329 |
|    clip_fraction        | 0.0288       |
|    clip_range           | 0.2          |
|    entropy_loss         | -0.32        |
|    explained_variance   | 0.574        |
|    learning_rate        | 0.000262     |
|    loss                 | -0.00964     |
|    n_updates            | 5220         |
|    policy_gradient_loss | -0.00256     |
|    value_loss           | 2.34e-05     |
------------------------------------------
------------------------------------------
| rollout/                |              |
|    ep_len_mean          | 4.92e+04     |
|    ep_rew_mean          | 0.266        |
| time/                   |              |
|    fps                  | 1131         |
|    iterations           | 524          |
|    time_elapsed         | 5689         |
|    total_timesteps      | 6438912      |
| train/                  |              |
|    approx_kl            | 0.0026928738 |
|    clip_fraction        | 0.0273       |
|    clip_range           | 0.2          |
|    entropy_loss         | -0.354       |
|    explained_variance   | 0.564        |
|    learning_rate        | 0.000261     |
|    loss                 | -0.0047      |
|    n_updates            | 5230         |
|    policy_gradient_loss | -0.00302     |
|    value_loss           | 3.53e-05     |
------------------------------------------
------------------------------------------
| rollout/                |              |
|    ep_len_mean          | 4.92e+04     |
|    ep_rew_mean          | 0.266        |
| time/                   |              |
|    fps                  | 1133         |
|    iterations           | 525          |
|    time_elapsed         | 5692         |
|    total_timesteps      | 6451200      |
| train/                  |              |
|    approx_kl            | 0.0017335331 |
|    clip_fraction        | 0.0157       |
|    clip_range           | 0.2          |
|    entropy_loss         | -0.282       |
|    explained_variance   | 0.518        |
|    learning_rate        | 0.000261     |
|    loss                 | -0.00829     |
|    n_updates            | 5240         |
|    policy_gradient_loss | -0.00165     |
|    value_loss           | 2.71e-05     |
------------------------------------------
------------------------------------------
| rollout/                |              |
|    ep_len_mean          | 4.92e+04     |
|    ep_rew_mean          | 0.266        |
| time/                   |              |
|    fps                  | 1134         |
|    iterations           | 526          |
|    time_elapsed         | 5695         |
|    total_timesteps      | 6463488      |
| train/                  |              |
|    approx_kl            | 0.0027384043 |
|    clip_fraction        | 0.014        |
|    clip_range           | 0.2          |
|    entropy_loss         | -0.347       |
|    explained_variance   | 0.559        |
|    learning_rate        | 0.000261     |
|    loss                 | -0.00776     |
|    n_updates            | 5250         |
|    policy_gradient_loss | -0.00149     |
|    value_loss           | 5.17e-05     |
------------------------------------------
-----------------------------------------
| rollout/                |             |
|    ep_len_mean          | 4.92e+04    |
|    ep_rew_mean          | 0.266       |
| time/                   |             |
|    fps                  | 1136        |
|    iterations           | 527         |
|    time_elapsed         | 5698        |
|    total_timesteps      | 6475776     |
| train/                  |             |
|    approx_kl            | 0.002882072 |
|    clip_fraction        | 0.0108      |
|    clip_range           | 0.2         |
|    entropy_loss         | -0.319      |
|    explained_variance   | 0.782       |
|    learning_rate        | 0.000261    |
|    loss                 | -0.00275    |
|    n_updates            | 5260        |
|    policy_gradient_loss | -0.000817   |
|    value_loss           | 2.89e-05    |
-----------------------------------------
------------------------------------------
| rollout/                |              |
|    ep_len_mean          | 4.92e+04     |
|    ep_rew_mean          | 0.26         |
| time/                   |              |
|    fps                  | 1137         |
|    iterations           | 528          |
|    time_elapsed         | 5701         |
|    total_timesteps      | 6488064      |
| train/                  |              |
|    approx_kl            | 0.0013463806 |
|    clip_fraction        | 0.00997      |
|    clip_range           | 0.2          |
|    entropy_loss         | -0.422       |
|    explained_variance   | 0.904        |
|    learning_rate        | 0.000261     |
|    loss                 | -0.00459     |
|    n_updates            | 5270         |
|    policy_gradient_loss | -0.00105     |
|    value_loss           | 2.35e-05     |
------------------------------------------
