nohup: ignoring input
[CPU Affinity] Main process -> Core 0 | DummyVecEnv: 14 envs 전부 메인에서 순차 실행 (워커 핀 없음)
run_name: v9_maskablerl_seed0_0801-0006
Using cpu device
Logging to /home/henjigcp/git/quant_real_RL/logs/v9_maskablerl/v9_maskablerl_seed0_0801-0006
------------------------------
| time/              |       |
|    fps             | 32438 |
|    iterations      | 1     |
|    time_elapsed    | 0     |
|    total_timesteps | 28672 |
------------------------------
-----------------------------------------
| time/                   |             |
|    fps                  | 19656       |
|    iterations           | 2           |
|    time_elapsed         | 2           |
|    total_timesteps      | 57344       |
| train/                  |             |
|    approx_kl            | 0.019011486 |
|    clip_fraction        | 0.0829      |
|    clip_range           | 0.2         |
|    entropy_loss         | -0.678      |
|    explained_variance   | -1.52       |
|    learning_rate        | 0.0003      |
|    loss                 | -0.0208     |
|    n_updates            | 10          |
|    policy_gradient_loss | -0.00655    |
|    value_loss           | 0.00655     |
-----------------------------------------
-----------------------------------------
| time/                   |             |
|    fps                  | 17327       |
|    iterations           | 3           |
|    time_elapsed         | 4           |
|    total_timesteps      | 86016       |
| train/                  |             |
|    approx_kl            | 0.008225327 |
|    clip_fraction        | 0.014       |
|    clip_range           | 0.2         |
|    entropy_loss         | -0.664      |
|    explained_variance   | 0.522       |
|    learning_rate        | 0.0003      |
|    loss                 | -0.0016     |
|    n_updates            | 20          |
|    policy_gradient_loss | -0.00129    |
|    value_loss           | 0.00134     |
-----------------------------------------
-----------------------------------------
| time/                   |             |
|    fps                  | 16364       |
|    iterations           | 4           |
|    time_elapsed         | 7           |
|    total_timesteps      | 114688      |
| train/                  |             |
|    approx_kl            | 0.006613354 |
|    clip_fraction        | 0.0427      |
|    clip_range           | 0.2         |
|    entropy_loss         | -0.655      |
|    explained_variance   | 0.635       |
|    learning_rate        | 0.0003      |
|    loss                 | -0.00416    |
|    n_updates            | 30          |
|    policy_gradient_loss | -0.003      |
|    value_loss           | 0.000653    |
-----------------------------------------
-----------------------------------------
| time/                   |             |
|    fps                  | 15815       |
|    iterations           | 5           |
|    time_elapsed         | 9           |
|    total_timesteps      | 143360      |
| train/                  |             |
|    approx_kl            | 0.008183373 |
|    clip_fraction        | 0.0232      |
|    clip_range           | 0.2         |
|    entropy_loss         | -0.618      |
|    explained_variance   | 0.685       |
|    learning_rate        | 0.0003      |
|    loss                 | -0.0161     |
|    n_updates            | 40          |
|    policy_gradient_loss | -0.00188    |
|    value_loss           | 0.000363    |
-----------------------------------------
-----------------------------------------
| time/                   |             |
|    fps                  | 15486       |
|    iterations           | 6           |
|    time_elapsed         | 11          |
|    total_timesteps      | 172032      |
| train/                  |             |
|    approx_kl            | 0.007227247 |
|    clip_fraction        | 0.0288      |
|    clip_range           | 0.2         |
|    entropy_loss         | -0.577      |
|    explained_variance   | 0.75        |
|    learning_rate        | 0.0003      |
|    loss                 | -0.0092     |
|    n_updates            | 50          |
|    policy_gradient_loss | -0.00204    |
|    value_loss           | 0.000221    |
-----------------------------------------
------------------------------------------
| time/                   |              |
|    fps                  | 15249        |
|    iterations           | 7            |
|    time_elapsed         | 13           |
|    total_timesteps      | 200704       |
| train/                  |              |
|    approx_kl            | 0.0066938573 |
|    clip_fraction        | 0.0344       |
|    clip_range           | 0.2          |
|    entropy_loss         | -0.545       |
|    explained_variance   | 0.782        |
|    learning_rate        | 0.000299     |
|    loss                 | -0.00462     |
|    n_updates            | 60           |
|    policy_gradient_loss | -0.00263     |
|    value_loss           | 0.000156     |
------------------------------------------
------------------------------------------
| time/                   |              |
|    fps                  | 15076        |
|    iterations           | 8            |
|    time_elapsed         | 15           |
|    total_timesteps      | 229376       |
| train/                  |              |
|    approx_kl            | 0.0041080783 |
|    clip_fraction        | 0.0314       |
|    clip_range           | 0.2          |
|    entropy_loss         | -0.498       |
|    explained_variance   | 0.824        |
|    learning_rate        | 0.000299     |
|    loss                 | -0.01        |
|    n_updates            | 70           |
|    policy_gradient_loss | -0.0024      |
|    value_loss           | 0.000105     |
------------------------------------------
------------------------------------------
| time/                   |              |
|    fps                  | 14954        |
|    iterations           | 9            |
|    time_elapsed         | 17           |
|    total_timesteps      | 258048       |
| train/                  |              |
|    approx_kl            | 0.0050687003 |
|    clip_fraction        | 0.0316       |
|    clip_range           | 0.2          |
|    entropy_loss         | -0.471       |
|    explained_variance   | 0.746        |
|    learning_rate        | 0.000299     |
|    loss                 | -0.000575    |
|    n_updates            | 80           |
|    policy_gradient_loss | -0.00245     |
|    value_loss           | 8.55e-05     |
------------------------------------------
-----------------------------------------
| time/                   |             |
|    fps                  | 14765       |
|    iterations           | 10          |
|    time_elapsed         | 19          |
|    total_timesteps      | 286720      |
| train/                  |             |
|    approx_kl            | 0.004197312 |
|    clip_fraction        | 0.0246      |
|    clip_range           | 0.2         |
|    entropy_loss         | -0.436      |
|    explained_variance   | 0.664       |
|    learning_rate        | 0.000299    |
|    loss                 | -0.00532    |
|    n_updates            | 90          |
|    policy_gradient_loss | -0.00243    |
|    value_loss           | 7.56e-05    |
-----------------------------------------
------------------------------------------
| time/                   |              |
|    fps                  | 14623        |
|    iterations           | 11           |
|    time_elapsed         | 21           |
|    total_timesteps      | 315392       |
| train/                  |              |
|    approx_kl            | 0.0040119025 |
|    clip_fraction        | 0.0314       |
|    clip_range           | 0.2          |
|    entropy_loss         | -0.385       |
|    explained_variance   | 0.618        |
|    learning_rate        | 0.000299     |
|    loss                 | -0.00908     |
|    n_updates            | 100          |
|    policy_gradient_loss | -0.00283     |
|    value_loss           | 5.3e-05      |
------------------------------------------
----------------------------------------
| time/                   |            |
|    fps                  | 14563      |
|    iterations           | 12         |
|    time_elapsed         | 23         |
|    total_timesteps      | 344064     |
| train/                  |            |
|    approx_kl            | 0.00324849 |
|    clip_fraction        | 0.028      |
|    clip_range           | 0.2        |
|    entropy_loss         | -0.356     |
|    explained_variance   | 0.516      |
|    learning_rate        | 0.000299   |
|    loss                 | -0.00467   |
|    n_updates            | 110        |
|    policy_gradient_loss | -0.00253   |
|    value_loss           | 5.4e-05    |
----------------------------------------
------------------------------------------
| time/                   |              |
|    fps                  | 14519        |
|    iterations           | 13           |
|    time_elapsed         | 25           |
|    total_timesteps      | 372736       |
| train/                  |              |
|    approx_kl            | 0.0024337035 |
|    clip_fraction        | 0.0205       |
|    clip_range           | 0.2          |
|    entropy_loss         | -0.321       |
|    explained_variance   | 0.71         |
|    learning_rate        | 0.000299     |
|    loss                 | -0.00613     |
|    n_updates            | 120          |
|    policy_gradient_loss | -0.00187     |
|    value_loss           | 5.13e-05     |
------------------------------------------
-----------------------------------------
| time/                   |             |
|    fps                  | 14490       |
|    iterations           | 14          |
|    time_elapsed         | 27          |
|    total_timesteps      | 401408      |
| train/                  |             |
|    approx_kl            | 0.002273333 |
|    clip_fraction        | 0.0195      |
|    clip_range           | 0.2         |
|    entropy_loss         | -0.274      |
|    explained_variance   | 0.627       |
|    learning_rate        | 0.000299    |
|    loss                 | -0.00236    |
|    n_updates            | 130         |
|    policy_gradient_loss | -0.00177    |
|    value_loss           | 6.04e-05    |
-----------------------------------------
-----------------------------------------
| time/                   |             |
|    fps                  | 14471       |
|    iterations           | 15          |
|    time_elapsed         | 29          |
|    total_timesteps      | 430080      |
| train/                  |             |
|    approx_kl            | 0.002064029 |
|    clip_fraction        | 0.0188      |
|    clip_range           | 0.2         |
|    entropy_loss         | -0.262      |
|    explained_variance   | 0.437       |
|    learning_rate        | 0.000299    |
|    loss                 | -0.000286   |
|    n_updates            | 140         |
|    policy_gradient_loss | -0.00151    |
|    value_loss           | 4.68e-05    |
-----------------------------------------
-----------------------------------------
| time/                   |             |
|    fps                  | 14463       |
|    iterations           | 16          |
|    time_elapsed         | 31          |
|    total_timesteps      | 458752      |
| train/                  |             |
|    approx_kl            | 0.001125373 |
|    clip_fraction        | 0.014       |
|    clip_range           | 0.2         |
|    entropy_loss         | -0.221      |
|    explained_variance   | 0.434       |
|    learning_rate        | 0.000299    |
|    loss                 | -0.00263    |
|    n_updates            | 150         |
|    policy_gradient_loss | -0.00126    |
|    value_loss           | 4.47e-05    |
-----------------------------------------
-----------------------------------------
| time/                   |             |
|    fps                  | 14467       |
|    iterations           | 17          |
|    time_elapsed         | 33          |
|    total_timesteps      | 487424      |
| train/                  |             |
|    approx_kl            | 0.001074873 |
|    clip_fraction        | 0.0134      |
|    clip_range           | 0.2         |
|    entropy_loss         | -0.187      |
|    explained_variance   | 0.554       |
|    learning_rate        | 0.000299    |
|    loss                 | -0.00271    |
|    n_updates            | 160         |
|    policy_gradient_loss | -0.00132    |
|    value_loss           | 3.38e-05    |
-----------------------------------------
[valid @500,010] BTC-USDT-SWAP: trades=1 pnl=+235.8
[valid @500,010] ETH-USDT-SWAP: trades=3 pnl=+170.1
------------------------------------------------------
| time/                               |              |
|    fps                              | 10283        |
|    iterations                       | 18           |
|    time_elapsed                     | 50           |
|    total_timesteps                  | 516096       |
| train/                              |              |
|    approx_kl                        | 0.0012379903 |
|    clip_fraction                    | 0.0166       |
|    clip_range                       | 0.2          |
|    entropy_loss                     | -0.155       |
|    explained_variance               | 0.597        |
|    learning_rate                    | 0.000299     |
|    loss                             | -0.00324     |
|    n_updates                        | 170          |
|    policy_gradient_loss             | -0.00154     |
|    value_loss                       | 3.1e-05      |
| valid/                              |              |
|    BTC-USDT-SWAP/compound_mdd_pct   | 0            |
|    BTC-USDT-SWAP/compound_multiple  | 3.36         |
|    BTC-USDT-SWAP/geo_mean_per_trade | 2.36         |
|    BTC-USDT-SWAP/max_single_loss    | 0            |
|    BTC-USDT-SWAP/max_upnl           | 2.59         |
|    BTC-USDT-SWAP/monthly_growth     | 1.11         |
|    BTC-USDT-SWAP/near_liq_n         | 0            |
|    BTC-USDT-SWAP/near_liq_pct       | 0            |
|    BTC-USDT-SWAP/pnl_std            | 0            |
|    BTC-USDT-SWAP/sel_monthly_log    | -0.23        |
|    BTC-USDT-SWAP/total_pnl          | 236          |
|    BTC-USDT-SWAP/trades             | 1            |
|    BTC-USDT-SWAP/trades_per_month   | 0.0846       |
|    BTC-USDT-SWAP/v9_kpi             | 1.05         |
|    BTC-USDT-SWAP/v9_kpi_smoothed    | 1.05         |
|    BTC-USDT-SWAP/v9_kpi_z_mdd       | 4.12         |
|    BTC-USDT-SWAP/v9_kpi_z_msl       | 2.5          |
|    BTC-USDT-SWAP/v9_kpi_z_sel       | -0.459       |
|    BTC-USDT-SWAP/win_rate           | 1            |
|    ETH-USDT-SWAP/compound_mdd_pct   | 100          |
|    ETH-USDT-SWAP/compound_multiple  | 0            |
|    ETH-USDT-SWAP/geo_mean_per_trade | -1           |
|    ETH-USDT-SWAP/max_single_loss    | -100         |
|    ETH-USDT-SWAP/max_upnl           | 3.86         |
|    ETH-USDT-SWAP/monthly_growth     | 0            |
|    ETH-USDT-SWAP/near_liq_n         | 2            |
|    ETH-USDT-SWAP/near_liq_pct       | 0.667        |
|    ETH-USDT-SWAP/pnl_std            | 222          |
|    ETH-USDT-SWAP/total_pnl          | 170          |
|    ETH-USDT-SWAP/trades             | 3            |
|    ETH-USDT-SWAP/trades_per_month   | 0.254        |
|    ETH-USDT-SWAP/win_rate           | 0.333        |
------------------------------------------------------
------------------------------------------
| time/                   |              |
|    fps                  | 10429        |
|    iterations           | 19           |
|    time_elapsed         | 52           |
|    total_timesteps      | 544768       |
| train/                  |              |
|    approx_kl            | 0.0008016802 |
|    clip_fraction        | 0.00922      |
|    clip_range           | 0.2          |
|    entropy_loss         | -0.132       |
|    explained_variance   | 0.418        |
|    learning_rate        | 0.000298     |
|    loss                 | -0.0034      |
|    n_updates            | 180          |
|    policy_gradient_loss | -0.00112     |
|    value_loss           | 3.87e-05     |
------------------------------------------
-------------------------------------------
| time/                   |               |
|    fps                  | 10571         |
|    iterations           | 20            |
|    time_elapsed         | 54            |
|    total_timesteps      | 573440        |
| train/                  |               |
|    approx_kl            | 0.00075681374 |
|    clip_fraction        | 0.0105        |
|    clip_range           | 0.2           |
|    entropy_loss         | -0.117        |
|    explained_variance   | 0.438         |
|    learning_rate        | 0.000298      |
|    loss                 | -0.00185      |
|    n_updates            | 190           |
|    policy_gradient_loss | -0.000905     |
|    value_loss           | 3.09e-05      |
-------------------------------------------
------------------------------------------
| time/                   |              |
|    fps                  | 10701        |
|    iterations           | 21           |
|    time_elapsed         | 56           |
|    total_timesteps      | 602112       |
| train/                  |              |
|    approx_kl            | 0.0008712774 |
|    clip_fraction        | 0.0119       |
|    clip_range           | 0.2          |
|    entropy_loss         | -0.101       |
|    explained_variance   | 0.404        |
|    learning_rate        | 0.000298     |
|    loss                 | -0.0011      |
|    n_updates            | 200          |
|    policy_gradient_loss | -0.000982    |
|    value_loss           | 2.4e-05      |
------------------------------------------
-------------------------------------------
| rollout/                |               |
|    ep_len_mean          | 4.32e+04      |
|    ep_rew_mean          | -5.79         |
| time/                   |               |
|    fps                  | 10812         |
|    iterations           | 22            |
|    time_elapsed         | 58            |
|    total_timesteps      | 630784        |
| train/                  |               |
|    approx_kl            | 0.00060254283 |
|    clip_fraction        | 0.00802       |
|    clip_range           | 0.2           |
|    entropy_loss         | -0.0816       |
|    explained_variance   | 0.46          |
|    learning_rate        | 0.000298      |
|    loss                 | -0.00157      |
|    n_updates            | 210           |
|    policy_gradient_loss | -0.000866     |
|    value_loss           | 2.59e-05      |
-------------------------------------------
-------------------------------------------
| rollout/                |               |
|    ep_len_mean          | 4.32e+04      |
|    ep_rew_mean          | -5.79         |
| time/                   |               |
|    fps                  | 10934         |
|    iterations           | 23            |
|    time_elapsed         | 60            |
|    total_timesteps      | 659456        |
| train/                  |               |
|    approx_kl            | 0.00052758394 |
|    clip_fraction        | 0.00753       |
|    clip_range           | 0.2           |
|    entropy_loss         | -0.0761       |
|    explained_variance   | 0.271         |
|    learning_rate        | 0.000298      |
|    loss                 | -0.000824     |
|    n_updates            | 220           |
|    policy_gradient_loss | -0.000584     |
|    value_loss           | 3.82e-05      |
-------------------------------------------
-------------------------------------------
| rollout/                |               |
|    ep_len_mean          | 4.32e+04      |
|    ep_rew_mean          | -5.79         |
| time/                   |               |
|    fps                  | 11040         |
|    iterations           | 24            |
|    time_elapsed         | 62            |
|    total_timesteps      | 688128        |
| train/                  |               |
|    approx_kl            | 0.00051167794 |
|    clip_fraction        | 0.00731       |
|    clip_range           | 0.2           |
|    entropy_loss         | -0.0716       |
|    explained_variance   | 0.368         |
|    learning_rate        | 0.000298      |
|    loss                 | -0.00257      |
|    n_updates            | 230           |
|    policy_gradient_loss | -0.000677     |
|    value_loss           | 4.82e-05      |
-------------------------------------------
------------------------------------------
| rollout/                |              |
|    ep_len_mean          | 4.32e+04     |
|    ep_rew_mean          | -5.79        |
| time/                   |              |
|    fps                  | 11144        |
|    iterations           | 25           |
|    time_elapsed         | 64           |
|    total_timesteps      | 716800       |
| train/                  |              |
|    approx_kl            | 0.0010500663 |
|    clip_fraction        | 0.00637      |
|    clip_range           | 0.2          |
|    entropy_loss         | -0.0688      |
|    explained_variance   | 0.313        |
|    learning_rate        | 0.000298     |
|    loss                 | 0.00102      |
|    n_updates            | 240          |
|    policy_gradient_loss | -0.000618    |
|    value_loss           | 6.66e-05     |
------------------------------------------
------------------------------------------
| rollout/                |              |
|    ep_len_mean          | 4.32e+04     |
|    ep_rew_mean          | -5.79        |
| time/                   |              |
|    fps                  | 11237        |
|    iterations           | 26           |
|    time_elapsed         | 66           |
|    total_timesteps      | 745472       |
| train/                  |              |
|    approx_kl            | 0.0003543775 |
|    clip_fraction        | 0.0041       |
|    clip_range           | 0.2          |
|    entropy_loss         | -0.0625      |
|    explained_variance   | 0.372        |
|    learning_rate        | 0.000298     |
|    loss                 | -0.000295    |
|    n_updates            | 250          |
|    policy_gradient_loss | -0.000436    |
|    value_loss           | 3.55e-05     |
------------------------------------------
-------------------------------------------
| rollout/                |               |
|    ep_len_mean          | 4.32e+04      |
|    ep_rew_mean          | -5.79         |
| time/                   |               |
|    fps                  | 11323         |
|    iterations           | 27            |
|    time_elapsed         | 68            |
|    total_timesteps      | 774144        |
| train/                  |               |
|    approx_kl            | 0.00020901463 |
|    clip_fraction        | 0.00181       |
|    clip_range           | 0.2           |
|    entropy_loss         | -0.0545       |
|    explained_variance   | 0.33          |
|    learning_rate        | 0.000298      |
|    loss                 | 0.00053       |
|    n_updates            | 260           |
|    policy_gradient_loss | -0.000195     |
|    value_loss           | 5.02e-05      |
-------------------------------------------
-------------------------------------------
| rollout/                |               |
|    ep_len_mean          | 4.32e+04      |
|    ep_rew_mean          | -5.79         |
| time/                   |               |
|    fps                  | 11407         |
|    iterations           | 28            |
|    time_elapsed         | 70            |
|    total_timesteps      | 802816        |
| train/                  |               |
|    approx_kl            | 0.00048473352 |
|    clip_fraction        | 0.00452       |
|    clip_range           | 0.2           |
|    entropy_loss         | -0.0599       |
|    explained_variance   | 0.31          |
|    learning_rate        | 0.000298      |
|    loss                 | -0.00218      |
|    n_updates            | 270           |
|    policy_gradient_loss | -0.000283     |
|    value_loss           | 6.16e-05      |
-------------------------------------------
-------------------------------------------
| rollout/                |               |
|    ep_len_mean          | 4.32e+04      |
|    ep_rew_mean          | -5.79         |
| time/                   |               |
|    fps                  | 11487         |
|    iterations           | 29            |
|    time_elapsed         | 72            |
|    total_timesteps      | 831488        |
| train/                  |               |
|    approx_kl            | 0.00030867083 |
|    clip_fraction        | 0.00366       |
|    clip_range           | 0.2           |
|    entropy_loss         | -0.0495       |
|    explained_variance   | 0.269         |
|    learning_rate        | 0.000298      |
|    loss                 | -0.00122      |
|    n_updates            | 280           |
|    policy_gradient_loss | -0.000469     |
|    value_loss           | 8.02e-05      |
-------------------------------------------
------------------------------------------
| rollout/                |              |
|    ep_len_mean          | 4.32e+04     |
|    ep_rew_mean          | -5.79        |
| time/                   |              |
|    fps                  | 11563        |
|    iterations           | 30           |
|    time_elapsed         | 74           |
|    total_timesteps      | 860160       |
| train/                  |              |
|    approx_kl            | 0.0002242902 |
|    clip_fraction        | 0.00336      |
|    clip_range           | 0.2          |
|    entropy_loss         | -0.0481      |
|    explained_variance   | 0.293        |
|    learning_rate        | 0.000298     |
|    loss                 | -0.000477    |
|    n_updates            | 290          |
|    policy_gradient_loss | -0.000316    |
|    value_loss           | 5.11e-05     |
------------------------------------------
-------------------------------------------
| rollout/                |               |
|    ep_len_mean          | 4.32e+04      |
|    ep_rew_mean          | -5.79         |
| time/                   |               |
|    fps                  | 11636         |
|    iterations           | 31            |
|    time_elapsed         | 76            |
|    total_timesteps      | 888832        |
| train/                  |               |
|    approx_kl            | 0.00030865308 |
|    clip_fraction        | 0.00391       |
|    clip_range           | 0.2           |
|    entropy_loss         | -0.043        |
|    explained_variance   | 0.485         |
|    learning_rate        | 0.000297      |
|    loss                 | 8.42e-05      |
|    n_updates            | 300           |
|    policy_gradient_loss | -0.00042      |
|    value_loss           | 3.8e-05       |
-------------------------------------------
-------------------------------------------
| rollout/                |               |
|    ep_len_mean          | 4.32e+04      |
|    ep_rew_mean          | -5.79         |
| time/                   |               |
|    fps                  | 11694         |
|    iterations           | 32            |
|    time_elapsed         | 78            |
|    total_timesteps      | 917504        |
| train/                  |               |
|    approx_kl            | 0.00029858339 |
|    clip_fraction        | 0.00381       |
|    clip_range           | 0.2           |
|    entropy_loss         | -0.0393       |
|    explained_variance   | 0.416         |
|    learning_rate        | 0.000297      |
|    loss                 | -0.000496     |
|    n_updates            | 310           |
|    policy_gradient_loss | -0.000433     |
|    value_loss           | 4.42e-05      |
-------------------------------------------
-------------------------------------------
| rollout/                |               |
|    ep_len_mean          | 4.32e+04      |
|    ep_rew_mean          | -5.79         |
| time/                   |               |
|    fps                  | 11743         |
|    iterations           | 33            |
|    time_elapsed         | 80            |
|    total_timesteps      | 946176        |
| train/                  |               |
|    approx_kl            | 0.00028111337 |
|    clip_fraction        | 0.00368       |
|    clip_range           | 0.2           |
|    entropy_loss         | -0.0382       |
|    explained_variance   | 0.334         |
|    learning_rate        | 0.000297      |
|    loss                 | -0.000738     |
|    n_updates            | 320           |
|    policy_gradient_loss | -0.000403     |
|    value_loss           | 4.34e-05      |
-------------------------------------------
-------------------------------------------
| rollout/                |               |
|    ep_len_mean          | 4.32e+04      |
|    ep_rew_mean          | -5.79         |
| time/                   |               |
|    fps                  | 11793         |
|    iterations           | 34            |
|    time_elapsed         | 82            |
|    total_timesteps      | 974848        |
| train/                  |               |
|    approx_kl            | 0.00019534034 |
|    clip_fraction        | 0.00274       |
|    clip_range           | 0.2           |
|    entropy_loss         | -0.0373       |
|    explained_variance   | 0.483         |
|    learning_rate        | 0.000297      |
|    loss                 | -0.00108      |
|    n_updates            | 330           |
|    policy_gradient_loss | -0.000248     |
|    value_loss           | 3.11e-05      |
-------------------------------------------
[valid @1,000,020] BTC-USDT-SWAP: trades=370 pnl=+45.5
[valid @1,000,020] ETH-USDT-SWAP: trades=384 pnl=+54.2
------------------------------------------------------
| rollout/                            |              |
|    ep_len_mean                      | 4.32e+04     |
|    ep_rew_mean                      | -5.79        |
| time/                               |              |
|    fps                              | 10302        |
|    iterations                       | 35           |
|    time_elapsed                     | 97           |
|    total_timesteps                  | 1003520      |
| train/                              |              |
|    approx_kl                        | 0.0017711989 |
|    clip_fraction                    | 0.00547      |
|    clip_range                       | 0.2          |
|    entropy_loss                     | -0.0394      |
|    explained_variance               | 0.465        |
|    learning_rate                    | 0.000297     |
|    loss                             | -0.00205     |
|    n_updates                        | 340          |
|    policy_gradient_loss             | -0.000591    |
|    value_loss                       | 3.65e-05     |
| valid/                              |              |
|    BTC-USDT-SWAP/compound_mdd_pct   | 71.6         |
|    BTC-USDT-SWAP/compound_multiple  | 0.762        |
|    BTC-USDT-SWAP/geo_mean_per_trade | -0.000734    |
|    BTC-USDT-SWAP/max_single_loss    | -28.4        |
|    BTC-USDT-SWAP/max_upnl           | 0.168        |
|    BTC-USDT-SWAP/monthly_growth     | 0.977        |
|    BTC-USDT-SWAP/near_liq_n         | 0            |
|    BTC-USDT-SWAP/near_liq_pct       | 0            |
|    BTC-USDT-SWAP/pnl_std            | 6.07         |
|    BTC-USDT-SWAP/sel_monthly_log    | -0.313       |
|    BTC-USDT-SWAP/total_pnl          | 45.5         |
|    BTC-USDT-SWAP/trades             | 370          |
|    BTC-USDT-SWAP/trades_per_month   | 31.3         |
|    BTC-USDT-SWAP/v9_kpi             | -0.368       |
|    BTC-USDT-SWAP/v9_kpi_smoothed    | 0.34         |
|    BTC-USDT-SWAP/v9_kpi_z_mdd       | -0.093       |
|    BTC-USDT-SWAP/v9_kpi_z_msl       | 0.135        |
|    BTC-USDT-SWAP/v9_kpi_z_sel       | -0.627       |
|    BTC-USDT-SWAP/win_rate           | 0.649        |
|    ETH-USDT-SWAP/compound_mdd_pct   | 100          |
|    ETH-USDT-SWAP/compound_multiple  | 7.16e-32     |
|    ETH-USDT-SWAP/geo_mean_per_trade | -0.17        |
|    ETH-USDT-SWAP/max_single_loss    | -100         |
|    ETH-USDT-SWAP/max_upnl           | 0.807        |
|    ETH-USDT-SWAP/monthly_growth     | 0.00232      |
|    ETH-USDT-SWAP/near_liq_n         | 2            |
|    ETH-USDT-SWAP/near_liq_pct       | 0.00521      |
|    ETH-USDT-SWAP/pnl_std            | 12.1         |
|    ETH-USDT-SWAP/total_pnl          | 54.2         |
|    ETH-USDT-SWAP/trades             | 384          |
|    ETH-USDT-SWAP/trades_per_month   | 32.5         |
|    ETH-USDT-SWAP/win_rate           | 0.656        |
------------------------------------------------------
-------------------------------------------
| rollout/                |               |
|    ep_len_mean          | 4.32e+04      |
|    ep_rew_mean          | -5.79         |
| time/                   |               |
|    fps                  | 10375         |
|    iterations           | 36            |
|    time_elapsed         | 99            |
|    total_timesteps      | 1032192       |
| train/                  |               |
|    approx_kl            | 0.00042724403 |
|    clip_fraction        | 0.00459       |
|    clip_range           | 0.2           |
|    entropy_loss         | -0.0344       |
|    explained_variance   | 0.386         |
|    learning_rate        | 0.000297      |
|    loss                 | -2.42e-05     |
|    n_updates            | 350           |
|    policy_gradient_loss | -0.000268     |
|    value_loss           | 4.96e-05      |
-------------------------------------------
------------------------------------------
| rollout/                |              |
|    ep_len_mean          | 4.32e+04     |
|    ep_rew_mean          | -5.79        |
| time/                   |              |
|    fps                  | 10446        |
|    iterations           | 37           |
|    time_elapsed         | 101          |
|    total_timesteps      | 1060864      |
| train/                  |              |
|    approx_kl            | 0.0017851716 |
|    clip_fraction        | 0.00765      |
|    clip_range           | 0.2          |
|    entropy_loss         | -0.0432      |
|    explained_variance   | 0.331        |
|    learning_rate        | 0.000297     |
|    loss                 | -0.00215     |
|    n_updates            | 360          |
|    policy_gradient_loss | -0.000492    |
|    value_loss           | 5.96e-05     |
------------------------------------------
-------------------------------------------
| rollout/                |               |
|    ep_len_mean          | 4.32e+04      |
|    ep_rew_mean          | -5.79         |
| time/                   |               |
|    fps                  | 10526         |
|    iterations           | 38            |
|    time_elapsed         | 103           |
|    total_timesteps      | 1089536       |
| train/                  |               |
|    approx_kl            | 0.00043442886 |
|    clip_fraction        | 0.00433       |
|    clip_range           | 0.2           |
|    entropy_loss         | -0.0376       |
|    explained_variance   | 0.285         |
|    learning_rate        | 0.000297      |
|    loss                 | 0.00315       |
|    n_updates            | 370           |
|    policy_gradient_loss | -0.000456     |
|    value_loss           | 5.35e-05      |
-------------------------------------------
------------------------------------------
| rollout/                |              |
|    ep_len_mean          | 4.32e+04     |
|    ep_rew_mean          | -5.79        |
| time/                   |              |
|    fps                  | 10598        |
|    iterations           | 39           |
|    time_elapsed         | 105          |
|    total_timesteps      | 1118208      |
| train/                  |              |
|    approx_kl            | 0.0006171768 |
|    clip_fraction        | 0.00459      |
|    clip_range           | 0.2          |
|    entropy_loss         | -0.0398      |
|    explained_variance   | 0.215        |
|    learning_rate        | 0.000297     |
|    loss                 | 7.42e-05     |
|    n_updates            | 380          |
|    policy_gradient_loss | -0.000344    |
|    value_loss           | 7.63e-05     |
------------------------------------------
-------------------------------------------
| rollout/                |               |
|    ep_len_mean          | 4.32e+04      |
|    ep_rew_mean          | -5.79         |
| time/                   |               |
|    fps                  | 10662         |
|    iterations           | 40            |
|    time_elapsed         | 107           |
|    total_timesteps      | 1146880       |
| train/                  |               |
|    approx_kl            | 0.00027341492 |
|    clip_fraction        | 0.00394       |
|    clip_range           | 0.2           |
|    entropy_loss         | -0.0387       |
|    explained_variance   | 0.145         |
|    learning_rate        | 0.000297      |
|    loss                 | 0.000821      |
|    n_updates            | 390           |
|    policy_gradient_loss | -0.000236     |
|    value_loss           | 9.03e-05      |
-------------------------------------------
-------------------------------------------
| rollout/                |               |
|    ep_len_mean          | 4.32e+04      |
|    ep_rew_mean          | -5.79         |
| time/                   |               |
|    fps                  | 10722         |
|    iterations           | 41            |
|    time_elapsed         | 109           |
|    total_timesteps      | 1175552       |
| train/                  |               |
|    approx_kl            | 0.00035182733 |
|    clip_fraction        | 0.00463       |
|    clip_range           | 0.2           |
|    entropy_loss         | -0.0357       |
|    explained_variance   | 0.293         |
|    learning_rate        | 0.000297      |
|    loss                 | -0.00217      |
|    n_updates            | 400           |
|    policy_gradient_loss | -0.000437     |
|    value_loss           | 5.99e-05      |
-------------------------------------------
-------------------------------------------
| rollout/                |               |
|    ep_len_mean          | 4.32e+04      |
|    ep_rew_mean          | -5.79         |
| time/                   |               |
|    fps                  | 10780         |
|    iterations           | 42            |
|    time_elapsed         | 111           |
|    total_timesteps      | 1204224       |
| train/                  |               |
|    approx_kl            | 0.00018374037 |
|    clip_fraction        | 0.00247       |
|    clip_range           | 0.2           |
|    entropy_loss         | -0.0361       |
|    explained_variance   | 0.287         |
|    learning_rate        | 0.000296      |
|    loss                 | -0.00273      |
|    n_updates            | 410           |
|    policy_gradient_loss | -0.000331     |
|    value_loss           | 5.52e-05      |
-------------------------------------------
-------------------------------------------
| rollout/                |               |
|    ep_len_mean          | 4.32e+04      |
|    ep_rew_mean          | -3.11         |
| time/                   |               |
|    fps                  | 10839         |
|    iterations           | 43            |
|    time_elapsed         | 113           |
|    total_timesteps      | 1232896       |
| train/                  |               |
|    approx_kl            | 0.00058033987 |
|    clip_fraction        | 0.00297       |
|    clip_range           | 0.2           |
|    entropy_loss         | -0.0423       |
|    explained_variance   | 0.218         |
|    learning_rate        | 0.000296      |
|    loss                 | -0.00175      |
|    n_updates            | 420           |
|    policy_gradient_loss | -0.000271     |
|    value_loss           | 6.19e-05      |
-------------------------------------------
-------------------------------------------
| rollout/                |               |
|    ep_len_mean          | 4.32e+04      |
|    ep_rew_mean          | -3.11         |
| time/                   |               |
|    fps                  | 10900         |
|    iterations           | 44            |
|    time_elapsed         | 115           |
|    total_timesteps      | 1261568       |
| train/                  |               |
|    approx_kl            | 0.00023534267 |
|    clip_fraction        | 0.00365       |
|    clip_range           | 0.2           |
|    entropy_loss         | -0.0325       |
|    explained_variance   | 0.421         |
|    learning_rate        | 0.000296      |
|    loss                 | 0.00415       |
|    n_updates            | 430           |
|    policy_gradient_loss | -0.000299     |
|    value_loss           | 3.14e-05      |
-------------------------------------------
-------------------------------------------
| rollout/                |               |
|    ep_len_mean          | 4.32e+04      |
|    ep_rew_mean          | -3.11         |
| time/                   |               |
|    fps                  | 10959         |
|    iterations           | 45            |
|    time_elapsed         | 117           |
|    total_timesteps      | 1290240       |
| train/                  |               |
|    approx_kl            | 0.00020940705 |
|    clip_fraction        | 0.0032        |
|    clip_range           | 0.2           |
|    entropy_loss         | -0.0303       |
|    explained_variance   | 0.379         |
|    learning_rate        | 0.000296      |
|    loss                 | -0.00133      |
|    n_updates            | 440           |
|    policy_gradient_loss | -0.000247     |
|    value_loss           | 4.43e-05      |
-------------------------------------------
-------------------------------------------
| rollout/                |               |
|    ep_len_mean          | 4.32e+04      |
|    ep_rew_mean          | -3.11         |
| time/                   |               |
|    fps                  | 11014         |
|    iterations           | 46            |
|    time_elapsed         | 119           |
|    total_timesteps      | 1318912       |
| train/                  |               |
|    approx_kl            | 0.00014453924 |
|    clip_fraction        | 0.00223       |
|    clip_range           | 0.2           |
|    entropy_loss         | -0.0303       |
|    explained_variance   | 0.546         |
|    learning_rate        | 0.000296      |
|    loss                 | -0.000103     |
|    n_updates            | 450           |
|    policy_gradient_loss | -0.00019      |
|    value_loss           | 2.44e-05      |
-------------------------------------------
-------------------------------------------
| rollout/                |               |
|    ep_len_mean          | 4.32e+04      |
|    ep_rew_mean          | -3.11         |
| time/                   |               |
|    fps                  | 11071         |
|    iterations           | 47            |
|    time_elapsed         | 121           |
|    total_timesteps      | 1347584       |
| train/                  |               |
|    approx_kl            | 0.00029628092 |
|    clip_fraction        | 0.0039        |
|    clip_range           | 0.2           |
|    entropy_loss         | -0.0323       |
|    explained_variance   | 0.453         |
|    learning_rate        | 0.000296      |
|    loss                 | -0.00148      |
|    n_updates            | 460           |
|    policy_gradient_loss | -0.000452     |
|    value_loss           | 4.77e-05      |
-------------------------------------------
------------------------------------------
| rollout/                |              |
|    ep_len_mean          | 4.32e+04     |
|    ep_rew_mean          | -3.11        |
| time/                   |              |
|    fps                  | 11125        |
|    iterations           | 48           |
|    time_elapsed         | 123          |
|    total_timesteps      | 1376256      |
| train/                  |              |
|    approx_kl            | 0.0004697629 |
|    clip_fraction        | 0.00423      |
|    clip_range           | 0.2          |
|    entropy_loss         | -0.0307      |
|    explained_variance   | 0.388        |
|    learning_rate        | 0.000296     |
|    loss                 | -0.00226     |
|    n_updates            | 470          |
|    policy_gradient_loss | -0.000587    |
|    value_loss           | 3.35e-05     |
------------------------------------------
------------------------------------------
| rollout/                |              |
|    ep_len_mean          | 4.32e+04     |
|    ep_rew_mean          | -3.11        |
| time/                   |              |
|    fps                  | 11177        |
|    iterations           | 49           |
|    time_elapsed         | 125          |
|    total_timesteps      | 1404928      |
| train/                  |              |
|    approx_kl            | 0.0003037619 |
|    clip_fraction        | 0.004        |
|    clip_range           | 0.2          |
|    entropy_loss         | -0.0284      |
|    explained_variance   | 0.608        |
|    learning_rate        | 0.000296     |
|    loss                 | 0.00213      |
|    n_updates            | 480          |
|    policy_gradient_loss | -0.000425    |
|    value_loss           | 2.28e-05     |
------------------------------------------
-------------------------------------------
| rollout/                |               |
|    ep_len_mean          | 4.32e+04      |
|    ep_rew_mean          | -3.11         |
| time/                   |               |
|    fps                  | 11229         |
|    iterations           | 50            |
|    time_elapsed         | 127           |
|    total_timesteps      | 1433600       |
| train/                  |               |
|    approx_kl            | 0.00020446988 |
|    clip_fraction        | 0.00231       |
|    clip_range           | 0.2           |
|    entropy_loss         | -0.0243       |
|    explained_variance   | 0.508         |
|    learning_rate        | 0.000296      |
|    loss                 | -0.000656     |
|    n_updates            | 490           |
|    policy_gradient_loss | -0.000293     |
|    value_loss           | 2.86e-05      |
-------------------------------------------
-------------------------------------------
| rollout/                |               |
|    ep_len_mean          | 4.32e+04      |
|    ep_rew_mean          | -3.11         |
| time/                   |               |
|    fps                  | 11275         |
|    iterations           | 51            |
|    time_elapsed         | 129           |
|    total_timesteps      | 1462272       |
| train/                  |               |
|    approx_kl            | 0.00034496578 |
|    clip_fraction        | 0.00264       |
|    clip_range           | 0.2           |
|    entropy_loss         | -0.0242       |
|    explained_variance   | 0.531         |
|    learning_rate        | 0.000296      |
|    loss                 | 0.000441      |
|    n_updates            | 500           |
|    policy_gradient_loss | -0.000477     |
|    value_loss           | 2.46e-05      |
-------------------------------------------
-------------------------------------------
| rollout/                |               |
|    ep_len_mean          | 4.32e+04      |
|    ep_rew_mean          | -3.11         |
| time/                   |               |
|    fps                  | 11321         |
|    iterations           | 52            |
|    time_elapsed         | 131           |
|    total_timesteps      | 1490944       |
| train/                  |               |
|    approx_kl            | 0.00015491199 |
|    clip_fraction        | 0.00198       |
|    clip_range           | 0.2           |
|    entropy_loss         | -0.026        |
|    explained_variance   | 0.468         |
|    learning_rate        | 0.000296      |
|    loss                 | -0.00151      |
|    n_updates            | 510           |
|    policy_gradient_loss | -0.000177     |
|    value_loss           | 3.04e-05      |
-------------------------------------------
[valid @1,500,030] BTC-USDT-SWAP: trades=986 pnl=+21.1
[valid @1,500,030] ETH-USDT-SWAP: trades=771 pnl=+194.3
-------------------------------------------------------
| rollout/                            |               |
|    ep_len_mean                      | 4.32e+04      |
|    ep_rew_mean                      | -3.11         |
| time/                               |               |
|    fps                              | 10492         |
|    iterations                       | 53            |
|    time_elapsed                     | 144           |
|    total_timesteps                  | 1519616       |
| train/                              |               |
|    approx_kl                        | 0.00032388963 |
|    clip_fraction                    | 0.00288       |
|    clip_range                       | 0.2           |
|    entropy_loss                     | -0.0268       |
|    explained_variance               | 0.299         |
|    learning_rate                    | 0.000296      |
|    loss                             | 4.04e-05      |
|    n_updates                        | 520           |
|    policy_gradient_loss             | -0.000426     |
|    value_loss                       | 2.56e-05      |
| valid/                              |               |
|    BTC-USDT-SWAP/compound_mdd_pct   | 76.5          |
|    BTC-USDT-SWAP/compound_multiple  | 0.685         |
|    BTC-USDT-SWAP/geo_mean_per_trade | -0.000384     |
|    BTC-USDT-SWAP/max_single_loss    | -33           |
|    BTC-USDT-SWAP/max_upnl           | 0.0956        |
|    BTC-USDT-SWAP/monthly_growth     | 0.968         |
|    BTC-USDT-SWAP/near_liq_n         | 0             |
|    BTC-USDT-SWAP/near_liq_pct       | 0             |
|    BTC-USDT-SWAP/pnl_std            | 3.34          |
|    BTC-USDT-SWAP/sel_monthly_log    | -0.337        |
|    BTC-USDT-SWAP/total_pnl          | 21.1          |
|    BTC-USDT-SWAP/trades             | 986           |
|    BTC-USDT-SWAP/trades_per_month   | 83.4          |
|    BTC-USDT-SWAP/v9_kpi             | -0.532        |
|    BTC-USDT-SWAP/v9_kpi_smoothed    | 0.0495        |
|    BTC-USDT-SWAP/v9_kpi_z_mdd       | -0.384        |
|    BTC-USDT-SWAP/v9_kpi_z_msl       | -0.254        |
|    BTC-USDT-SWAP/v9_kpi_z_sel       | -0.673        |
|    BTC-USDT-SWAP/win_rate           | 0.671         |
|    ETH-USDT-SWAP/compound_mdd_pct   | 87.9          |
|    ETH-USDT-SWAP/compound_multiple  | 1.98          |
|    ETH-USDT-SWAP/geo_mean_per_trade | 0.000884      |
|    ETH-USDT-SWAP/max_single_loss    | -42.3         |
|    ETH-USDT-SWAP/max_upnl           | 0.213         |
|    ETH-USDT-SWAP/monthly_growth     | 1.06          |
|    ETH-USDT-SWAP/near_liq_n         | 0             |
|    ETH-USDT-SWAP/near_liq_pct       | 0             |
|    ETH-USDT-SWAP/pnl_std            | 5.39          |
|    ETH-USDT-SWAP/total_pnl          | 194           |
|    ETH-USDT-SWAP/trades             | 771           |
|    ETH-USDT-SWAP/trades_per_month   | 65.2          |
|    ETH-USDT-SWAP/win_rate           | 0.684         |
-------------------------------------------------------
------------------------------------------
| rollout/                |              |
|    ep_len_mean          | 4.32e+04     |
|    ep_rew_mean          | -3.11        |
| time/                   |              |
|    fps                  | 10545        |
|    iterations           | 54           |
|    time_elapsed         | 146          |
|    total_timesteps      | 1548288      |
| train/                  |              |
|    approx_kl            | 0.0010212349 |
|    clip_fraction        | 0.00515      |
|    clip_range           | 0.2          |
|    entropy_loss         | -0.0263      |
|    explained_variance   | 0.3          |
|    learning_rate        | 0.000295     |
|    loss                 | -0.00227     |
|    n_updates            | 530          |
|    policy_gradient_loss | -0.000592    |
|    value_loss           | 4.1e-05      |
------------------------------------------
-------------------------------------------
| rollout/                |               |
|    ep_len_mean          | 4.32e+04      |
|    ep_rew_mean          | -3.11         |
| time/                   |               |
|    fps                  | 10598         |
|    iterations           | 55            |
|    time_elapsed         | 148           |
|    total_timesteps      | 1576960       |
| train/                  |               |
|    approx_kl            | 0.00020588779 |
|    clip_fraction        | 0.00245       |
|    clip_range           | 0.2           |
|    entropy_loss         | -0.0289       |
|    explained_variance   | 0.242         |
|    learning_rate        | 0.000295      |
|    loss                 | -0.000181     |
|    n_updates            | 540           |
|    policy_gradient_loss | -0.000153     |
|    value_loss           | 3.82e-05      |
-------------------------------------------
-------------------------------------------
| rollout/                |               |
|    ep_len_mean          | 4.32e+04      |
|    ep_rew_mean          | -3.11         |
| time/                   |               |
|    fps                  | 10650         |
|    iterations           | 56            |
|    time_elapsed         | 150           |
|    total_timesteps      | 1605632       |
| train/                  |               |
|    approx_kl            | 0.00022667705 |
|    clip_fraction        | 0.00289       |
|    clip_range           | 0.2           |
|    entropy_loss         | -0.0269       |
|    explained_variance   | 0.425         |
|    learning_rate        | 0.000295      |
|    loss                 | -0.00252      |
|    n_updates            | 550           |
|    policy_gradient_loss | -0.0003       |
|    value_loss           | 2.1e-05       |
-------------------------------------------
-------------------------------------------
| rollout/                |               |
|    ep_len_mean          | 4.32e+04      |
|    ep_rew_mean          | -3.11         |
| time/                   |               |
|    fps                  | 10700         |
|    iterations           | 57            |
|    time_elapsed         | 152           |
|    total_timesteps      | 1634304       |
| train/                  |               |
|    approx_kl            | 0.00026509172 |
|    clip_fraction        | 0.00277       |
|    clip_range           | 0.2           |
|    entropy_loss         | -0.0243       |
|    explained_variance   | 0.287         |
|    learning_rate        | 0.000295      |
|    loss                 | -0.000242     |
|    n_updates            | 560           |
|    policy_gradient_loss | -0.000167     |
|    value_loss           | 3.38e-05      |
-------------------------------------------
------------------------------------------
| rollout/                |              |
|    ep_len_mean          | 4.32e+04     |
|    ep_rew_mean          | -3.11        |
| time/                   |              |
|    fps                  | 10751        |
|    iterations           | 58           |
|    time_elapsed         | 154          |
|    total_timesteps      | 1662976      |
| train/                  |              |
|    approx_kl            | 0.0003355663 |
|    clip_fraction        | 0.00372      |
|    clip_range           | 0.2          |
|    entropy_loss         | -0.023       |
|    explained_variance   | 0.243        |
|    learning_rate        | 0.000295     |
|    loss                 | 0.00014      |
|    n_updates            | 570          |
|    policy_gradient_loss | -0.000304    |
|    value_loss           | 3.32e-05     |
------------------------------------------
-------------------------------------------
| rollout/                |               |
|    ep_len_mean          | 4.32e+04      |
|    ep_rew_mean          | -3.11         |
| time/                   |               |
|    fps                  | 10800         |
|    iterations           | 59            |
|    time_elapsed         | 156           |
|    total_timesteps      | 1691648       |
| train/                  |               |
|    approx_kl            | 0.00047838295 |
|    clip_fraction        | 0.00393       |
|    clip_range           | 0.2           |
|    entropy_loss         | -0.0196       |
|    explained_variance   | 0.552         |
|    learning_rate        | 0.000295      |
|    loss                 | -0.000894     |
|    n_updates            | 580           |
|    policy_gradient_loss | -0.000597     |
|    value_loss           | 2.74e-05      |
-------------------------------------------
------------------------------------------
| rollout/                |              |
|    ep_len_mean          | 4.32e+04     |
|    ep_rew_mean          | -3.11        |
| time/                   |              |
|    fps                  | 10848        |
|    iterations           | 60           |
|    time_elapsed         | 158          |
|    total_timesteps      | 1720320      |
| train/                  |              |
|    approx_kl            | 0.0011983998 |
|    clip_fraction        | 0.00315      |
|    clip_range           | 0.2          |
|    entropy_loss         | -0.0266      |
|    explained_variance   | 0.364        |
|    learning_rate        | 0.000295     |
|    loss                 | -0.000816    |
|    n_updates            | 590          |
|    policy_gradient_loss | -0.000284    |
|    value_loss           | 6.28e-05     |
------------------------------------------
-------------------------------------------
| rollout/                |               |
|    ep_len_mean          | 4.32e+04      |
|    ep_rew_mean          | -3.11         |
| time/                   |               |
|    fps                  | 10883         |
|    iterations           | 61            |
|    time_elapsed         | 160           |
|    total_timesteps      | 1748992       |
| train/                  |               |
|    approx_kl            | 0.00020945778 |
|    clip_fraction        | 0.003         |
|    clip_range           | 0.2           |
|    entropy_loss         | -0.0288       |
|    explained_variance   | 0.273         |
|    learning_rate        | 0.000295      |
|    loss                 | -0.00116      |
|    n_updates            | 600           |
|    policy_gradient_loss | -0.00043      |
|    value_loss           | 3.13e-05      |
-------------------------------------------
-------------------------------------------
| rollout/                |               |
|    ep_len_mean          | 4.32e+04      |
|    ep_rew_mean          | -3.11         |
| time/                   |               |
|    fps                  | 10926         |
|    iterations           | 62            |
|    time_elapsed         | 162           |
|    total_timesteps      | 1777664       |
| train/                  |               |
|    approx_kl            | 0.00023952182 |
|    clip_fraction        | 0.00355       |
|    clip_range           | 0.2           |
|    entropy_loss         | -0.0256       |
|    explained_variance   | 0.317         |
|    learning_rate        | 0.000295      |
|    loss                 | -0.00017      |
|    n_updates            | 610           |
|    policy_gradient_loss | -0.000291     |
|    value_loss           | 2.81e-05      |
-------------------------------------------
------------------------------------------
| rollout/                |              |
|    ep_len_mean          | 4.32e+04     |
|    ep_rew_mean          | -3.11        |
| time/                   |              |
|    fps                  | 10968        |
|    iterations           | 63           |
|    time_elapsed         | 164          |
|    total_timesteps      | 1806336      |
| train/                  |              |
|    approx_kl            | 0.0002710403 |
|    clip_fraction        | 0.00372      |
|    clip_range           | 0.2          |
|    entropy_loss         | -0.0245      |
|    explained_variance   | 0.36         |
|    learning_rate        | 0.000295     |
|    loss                 | -0.000259    |
|    n_updates            | 620          |
|    policy_gradient_loss | -0.000505    |
|    value_loss           | 2.69e-05     |
------------------------------------------
------------------------------------------
| rollout/                |              |
|    ep_len_mean          | 4.32e+04     |
|    ep_rew_mean          | -2           |
| time/                   |              |
|    fps                  | 11005        |
|    iterations           | 64           |
|    time_elapsed         | 166          |
|    total_timesteps      | 1835008      |
| train/                  |              |
|    approx_kl            | 0.0002361351 |
|    clip_fraction        | 0.00302      |
|    clip_range           | 0.2          |
|    entropy_loss         | -0.0239      |
|    explained_variance   | 0.419        |
|    learning_rate        | 0.000295     |
|    loss                 | -0.000194    |
|    n_updates            | 630          |
|    policy_gradient_loss | -0.000466    |
|    value_loss           | 2.61e-05     |
------------------------------------------
-------------------------------------------
| rollout/                |               |
|    ep_len_mean          | 4.32e+04      |
|    ep_rew_mean          | -2            |
| time/                   |               |
|    fps                  | 11039         |
|    iterations           | 65            |
|    time_elapsed         | 168           |
|    total_timesteps      | 1863680       |
| train/                  |               |
|    approx_kl            | 0.00028166428 |
|    clip_fraction        | 0.00338       |
|    clip_range           | 0.2           |
|    entropy_loss         | -0.0255       |
|    explained_variance   | 0.328         |
|    learning_rate        | 0.000294      |
|    loss                 | -0.00142      |
|    n_updates            | 640           |
|    policy_gradient_loss | -0.00034      |
|    value_loss           | 3.16e-05      |
-------------------------------------------
-------------------------------------------
| rollout/                |               |
|    ep_len_mean          | 4.32e+04      |
|    ep_rew_mean          | -2            |
| time/                   |               |
|    fps                  | 11073         |
|    iterations           | 66            |
|    time_elapsed         | 170           |
|    total_timesteps      | 1892352       |
| train/                  |               |
|    approx_kl            | 0.00024740858 |
|    clip_fraction        | 0.00244       |
|    clip_range           | 0.2           |
|    entropy_loss         | -0.0202       |
|    explained_variance   | 0.375         |
|    learning_rate        | 0.000294      |
|    loss                 | -0.000509     |
|    n_updates            | 650           |
|    policy_gradient_loss | -0.000278     |
|    value_loss           | 2.16e-05      |
-------------------------------------------
-------------------------------------------
| rollout/                |               |
|    ep_len_mean          | 4.32e+04      |
|    ep_rew_mean          | -2            |
| time/                   |               |
|    fps                  | 11110         |
|    iterations           | 67            |
|    time_elapsed         | 172           |
|    total_timesteps      | 1921024       |
| train/                  |               |
|    approx_kl            | 0.00036393618 |
|    clip_fraction        | 0.00335       |
|    clip_range           | 0.2           |
|    entropy_loss         | -0.0241       |
|    explained_variance   | 0.404         |
|    learning_rate        | 0.000294      |
|    loss                 | -0.000998     |
|    n_updates            | 660           |
|    policy_gradient_loss | -0.000173     |
|    value_loss           | 4.22e-05      |
-------------------------------------------
------------------------------------------
| rollout/                |              |
|    ep_len_mean          | 4.32e+04     |
|    ep_rew_mean          | -2           |
| time/                   |              |
|    fps                  | 11148        |
|    iterations           | 68           |
|    time_elapsed         | 174          |
|    total_timesteps      | 1949696      |
| train/                  |              |
|    approx_kl            | 0.0010277597 |
|    clip_fraction        | 0.00334      |
|    clip_range           | 0.2          |
|    entropy_loss         | -0.0302      |
|    explained_variance   | 0.442        |
|    learning_rate        | 0.000294     |
|    loss                 | -0.000775    |
|    n_updates            | 670          |
|    policy_gradient_loss | -0.000212    |
|    value_loss           | 4.42e-05     |
------------------------------------------
------------------------------------------
| rollout/                |              |
|    ep_len_mean          | 4.32e+04     |
|    ep_rew_mean          | -2           |
| time/                   |              |
|    fps                  | 11184        |
|    iterations           | 69           |
|    time_elapsed         | 176          |
|    total_timesteps      | 1978368      |
| train/                  |              |
|    approx_kl            | 0.0002077251 |
|    clip_fraction        | 0.00345      |
|    clip_range           | 0.2          |
|    entropy_loss         | -0.0306      |
|    explained_variance   | 0.46         |
|    learning_rate        | 0.000294     |
|    loss                 | 0.0019       |
|    n_updates            | 680          |
|    policy_gradient_loss | -0.000223    |
|    value_loss           | 2.71e-05     |
------------------------------------------
[valid @2,000,040] BTC-USDT-SWAP: trades=955 pnl=+124.4
[valid @2,000,040] ETH-USDT-SWAP: trades=871 pnl=+419.8
[valid] new best (BTC v9_kpi -0.2348, smoothed -0.3781 | sel -0.2815 mdd 64.3% msl -27.8) -> /home/henjigcp/git/quant_real_RL/models/v9_maskablerl/v9_maskablerl_seed0_0801-0006/v9_maskablerl_seed0_0801-0006_best.zip
-------------------------------------------------------
| rollout/                            |               |
|    ep_len_mean                      | 4.32e+04      |
|    ep_rew_mean                      | -2            |
| time/                               |               |
|    fps                              | 10571         |
|    iterations                       | 70            |
|    time_elapsed                     | 189           |
|    total_timesteps                  | 2007040       |
| train/                              |               |
|    approx_kl                        | 0.00027381373 |
|    clip_fraction                    | 0.0032        |
|    clip_range                       | 0.2           |
|    entropy_loss                     | -0.0264       |
|    explained_variance               | 0.46          |
|    learning_rate                    | 0.000294      |
|    loss                             | 0.000137      |
|    n_updates                        | 690           |
|    policy_gradient_loss             | -0.000349     |
|    value_loss                       | 2.74e-05      |
| valid/                              |               |
|    BTC-USDT-SWAP/compound_mdd_pct   | 64.3          |
|    BTC-USDT-SWAP/compound_multiple  | 1.87          |
|    BTC-USDT-SWAP/geo_mean_per_trade | 0.000657      |
|    BTC-USDT-SWAP/max_single_loss    | -27.8         |
|    BTC-USDT-SWAP/max_upnl           | 0.112         |
|    BTC-USDT-SWAP/monthly_growth     | 1.05          |
|    BTC-USDT-SWAP/near_liq_n         | 0             |
|    BTC-USDT-SWAP/near_liq_pct       | 0             |
|    BTC-USDT-SWAP/pnl_std            | 3.48          |
|    BTC-USDT-SWAP/sel_monthly_log    | -0.282        |
|    BTC-USDT-SWAP/total_pnl          | 124           |
|    BTC-USDT-SWAP/trades             | 955           |
|    BTC-USDT-SWAP/trades_per_month   | 80.8          |
|    BTC-USDT-SWAP/v9_kpi             | -0.235        |
|    BTC-USDT-SWAP/v9_kpi_smoothed    | -0.378        |
|    BTC-USDT-SWAP/v9_kpi_z_mdd       | 0.333         |
|    BTC-USDT-SWAP/v9_kpi_z_msl       | 0.182         |
|    BTC-USDT-SWAP/v9_kpi_z_sel       | -0.563        |
|    BTC-USDT-SWAP/win_rate           | 0.669         |
|    ETH-USDT-SWAP/compound_mdd_pct   | 81.1          |
|    ETH-USDT-SWAP/compound_multiple  | 18            |
|    ETH-USDT-SWAP/geo_mean_per_trade | 0.00332       |
|    ETH-USDT-SWAP/max_single_loss    | -47.9         |
|    ETH-USDT-SWAP/max_upnl           | 0.217         |
|    ETH-USDT-SWAP/monthly_growth     | 1.28          |
|    ETH-USDT-SWAP/near_liq_n         | 0             |
|    ETH-USDT-SWAP/near_liq_pct       | 0             |
|    ETH-USDT-SWAP/pnl_std            | 5.13          |
|    ETH-USDT-SWAP/total_pnl          | 420           |
|    ETH-USDT-SWAP/trades             | 871           |
|    ETH-USDT-SWAP/trades_per_month   | 73.7          |
|    ETH-USDT-SWAP/win_rate           | 0.688         |
-------------------------------------------------------
-------------------------------------------
| rollout/                |               |
|    ep_len_mean          | 4.32e+04      |
|    ep_rew_mean          | -2            |
| time/                   |               |
|    fps                  | 10608         |
|    iterations           | 71            |
|    time_elapsed         | 191           |
|    total_timesteps      | 2035712       |
| train/                  |               |
|    approx_kl            | 0.00030845878 |
|    clip_fraction        | 0.00295       |
|    clip_range           | 0.2           |
|    entropy_loss         | -0.0306       |
|    explained_variance   | 0.512         |
|    learning_rate        | 0.000294      |
|    loss                 | -0.000444     |
|    n_updates            | 700           |
|    policy_gradient_loss | -0.000346     |
|    value_loss           | 3.87e-05      |
-------------------------------------------
------------------------------------------
| rollout/                |              |
|    ep_len_mean          | 4.32e+04     |
|    ep_rew_mean          | -2           |
| time/                   |              |
|    fps                  | 10646        |
|    iterations           | 72           |
|    time_elapsed         | 193          |
|    total_timesteps      | 2064384      |
| train/                  |              |
|    approx_kl            | 0.0006924402 |
|    clip_fraction        | 0.00413      |
|    clip_range           | 0.2          |
|    entropy_loss         | -0.024       |
|    explained_variance   | 0.507        |
|    learning_rate        | 0.000294     |
|    loss                 | 0.000501     |
|    n_updates            | 710          |
|    policy_gradient_loss | -0.000449    |
|    value_loss           | 3.84e-05     |
------------------------------------------
-------------------------------------------
| rollout/                |               |
|    ep_len_mean          | 4.32e+04      |
|    ep_rew_mean          | -2            |
| time/                   |               |
|    fps                  | 10683         |
|    iterations           | 73            |
|    time_elapsed         | 195           |
|    total_timesteps      | 2093056       |
| train/                  |               |
|    approx_kl            | 0.00048412997 |
|    clip_fraction        | 0.00385       |
|    clip_range           | 0.2           |
|    entropy_loss         | -0.0272       |
|    explained_variance   | 0.36          |
|    learning_rate        | 0.000294      |
|    loss                 | -0.000501     |
|    n_updates            | 720           |
|    policy_gradient_loss | -0.000259     |
|    value_loss           | 3.63e-05      |
-------------------------------------------
-------------------------------------------
| rollout/                |               |
|    ep_len_mean          | 4.32e+04      |
|    ep_rew_mean          | -2            |
| time/                   |               |
|    fps                  | 10712         |
|    iterations           | 74            |
|    time_elapsed         | 198           |
|    total_timesteps      | 2121728       |
| train/                  |               |
|    approx_kl            | 0.00035940856 |
|    clip_fraction        | 0.00483       |
|    clip_range           | 0.2           |
|    entropy_loss         | -0.0311       |
|    explained_variance   | 0.384         |
|    learning_rate        | 0.000294      |
|    loss                 | -0.00177      |
|    n_updates            | 730           |
|    policy_gradient_loss | -0.000329     |
|    value_loss           | 4.13e-05      |
-------------------------------------------
-------------------------------------------
| rollout/                |               |
|    ep_len_mean          | 4.32e+04      |
|    ep_rew_mean          | -2            |
| time/                   |               |
|    fps                  | 10743         |
|    iterations           | 75            |
|    time_elapsed         | 200           |
|    total_timesteps      | 2150400       |
| train/                  |               |
|    approx_kl            | 0.00036961073 |
|    clip_fraction        | 0.00358       |
|    clip_range           | 0.2           |
|    entropy_loss         | -0.026        |
|    explained_variance   | 0.436         |
|    learning_rate        | 0.000294      |
|    loss                 | -0.000188     |
|    n_updates            | 740           |
|    policy_gradient_loss | -0.000261     |
|    value_loss           | 4.19e-05      |
-------------------------------------------
-------------------------------------------
| rollout/                |               |
|    ep_len_mean          | 4.32e+04      |
|    ep_rew_mean          | -2            |
| time/                   |               |
|    fps                  | 10773         |
|    iterations           | 76            |
|    time_elapsed         | 202           |
|    total_timesteps      | 2179072       |
| train/                  |               |
|    approx_kl            | 0.00028872717 |
|    clip_fraction        | 0.00317       |
|    clip_range           | 0.2           |
|    entropy_loss         | -0.0299       |
|    explained_variance   | 0.534         |
|    learning_rate        | 0.000294      |
|    loss                 | 4.02e-05      |
|    n_updates            | 750           |
|    policy_gradient_loss | -0.000189     |
|    value_loss           | 2.36e-05      |
-------------------------------------------
-------------------------------------------
| rollout/                |               |
|    ep_len_mean          | 4.32e+04      |
|    ep_rew_mean          | -2            |
| time/                   |               |
|    fps                  | 10808         |
|    iterations           | 77            |
|    time_elapsed         | 204           |
|    total_timesteps      | 2207744       |
| train/                  |               |
|    approx_kl            | 0.00024077213 |
|    clip_fraction        | 0.00274       |
|    clip_range           | 0.2           |
|    entropy_loss         | -0.0299       |
|    explained_variance   | 0.581         |
|    learning_rate        | 0.000293      |
|    loss                 | 0.000773      |
|    n_updates            | 760           |
|    policy_gradient_loss | -8.75e-05     |
|    value_loss           | 2.94e-05      |
-------------------------------------------
-----------------------------------------
| rollout/                |             |
|    ep_len_mean          | 4.32e+04    |
|    ep_rew_mean          | -2          |
| time/                   |             |
|    fps                  | 10841       |
|    iterations           | 78          |
|    time_elapsed         | 206         |
|    total_timesteps      | 2236416     |
| train/                  |             |
|    approx_kl            | 0.009006018 |
|    clip_fraction        | 0.011       |
|    clip_range           | 0.2         |
|    entropy_loss         | -0.0502     |
|    explained_variance   | 0.499       |
|    learning_rate        | 0.000293    |
|    loss                 | -0.00643    |
|    n_updates            | 770         |
|    policy_gradient_loss | -0.00108    |
|    value_loss           | 3.61e-05    |
-----------------------------------------
-------------------------------------------
| rollout/                |               |
|    ep_len_mean          | 4.32e+04      |
|    ep_rew_mean          | -2            |
| time/                   |               |
|    fps                  | 10877         |
|    iterations           | 79            |
|    time_elapsed         | 208           |
|    total_timesteps      | 2265088       |
| train/                  |               |
|    approx_kl            | 0.00062051014 |
|    clip_fraction        | 0.00591       |
|    clip_range           | 0.2           |
|    entropy_loss         | -0.0524       |
|    explained_variance   | 0.616         |
|    learning_rate        | 0.000293      |
|    loss                 | 0.00121       |
|    n_updates            | 780           |
|    policy_gradient_loss | -0.000654     |
|    value_loss           | 2.87e-05      |
-------------------------------------------
-------------------------------------------
| rollout/                |               |
|    ep_len_mean          | 4.32e+04      |
|    ep_rew_mean          | -2            |
| time/                   |               |
|    fps                  | 10911         |
|    iterations           | 80            |
|    time_elapsed         | 210           |
|    total_timesteps      | 2293760       |
| train/                  |               |
|    approx_kl            | 0.00051208324 |
|    clip_fraction        | 0.00543       |
|    clip_range           | 0.2           |
|    entropy_loss         | -0.0405       |
|    explained_variance   | 0.657         |
|    learning_rate        | 0.000293      |
|    loss                 | 0.00281       |
|    n_updates            | 790           |
|    policy_gradient_loss | -0.000471     |
|    value_loss           | 2.59e-05      |
-------------------------------------------
------------------------------------------
| rollout/                |              |
|    ep_len_mean          | 4.32e+04     |
|    ep_rew_mean          | -2           |
| time/                   |              |
|    fps                  | 10943        |
|    iterations           | 81           |
|    time_elapsed         | 212          |
|    total_timesteps      | 2322432      |
| train/                  |              |
|    approx_kl            | 0.0005683963 |
|    clip_fraction        | 0.00508      |
|    clip_range           | 0.2          |
|    entropy_loss         | -0.0424      |
|    explained_variance   | 0.485        |
|    learning_rate        | 0.000293     |
|    loss                 | -0.000283    |
|    n_updates            | 800          |
|    policy_gradient_loss | -0.00042     |
|    value_loss           | 3.33e-05     |
------------------------------------------
------------------------------------------
| rollout/                |              |
|    ep_len_mean          | 4.32e+04     |
|    ep_rew_mean          | -2           |
| time/                   |              |
|    fps                  | 10976        |
|    iterations           | 82           |
|    time_elapsed         | 214          |
|    total_timesteps      | 2351104      |
| train/                  |              |
|    approx_kl            | 0.0006917808 |
|    clip_fraction        | 0.00671      |
|    clip_range           | 0.2          |
|    entropy_loss         | -0.0461      |
|    explained_variance   | 0.56         |
|    learning_rate        | 0.000293     |
|    loss                 | 0.00428      |
|    n_updates            | 810          |
|    policy_gradient_loss | -0.000337    |
|    value_loss           | 3.88e-05     |
------------------------------------------
------------------------------------------
| rollout/                |              |
|    ep_len_mean          | 4.32e+04     |
|    ep_rew_mean          | -2           |
| time/                   |              |
|    fps                  | 11007        |
|    iterations           | 83           |
|    time_elapsed         | 216          |
|    total_timesteps      | 2379776      |
| train/                  |              |
|    approx_kl            | 0.0004898153 |
|    clip_fraction        | 0.00605      |
|    clip_range           | 0.2          |
|    entropy_loss         | -0.0479      |
|    explained_variance   | 0.492        |
|    learning_rate        | 0.000293     |
|    loss                 | -0.00137     |
|    n_updates            | 820          |
|    policy_gradient_loss | -0.000692    |
|    value_loss           | 4.42e-05     |
------------------------------------------
-----------------------------------------
| rollout/                |             |
|    ep_len_mean          | 4.32e+04    |
|    ep_rew_mean          | -2          |
| time/                   |             |
|    fps                  | 11038       |
|    iterations           | 84          |
|    time_elapsed         | 218         |
|    total_timesteps      | 2408448     |
| train/                  |             |
|    approx_kl            | 0.000581136 |
|    clip_fraction        | 0.00544     |
|    clip_range           | 0.2         |
|    entropy_loss         | -0.0391     |
|    explained_variance   | 0.641       |
|    learning_rate        | 0.000293    |
|    loss                 | -0.000862   |
|    n_updates            | 830         |
|    policy_gradient_loss | -0.000493   |
|    value_loss           | 9.23e-05    |
-----------------------------------------
-------------------------------------------
| rollout/                |               |
|    ep_len_mean          | 4.32e+04      |
|    ep_rew_mean          | -1.33         |
| time/                   |               |
|    fps                  | 11058         |
|    iterations           | 85            |
|    time_elapsed         | 220           |
|    total_timesteps      | 2437120       |
| train/                  |               |
|    approx_kl            | 0.00030135637 |
|    clip_fraction        | 0.00327       |
|    clip_range           | 0.2           |
|    entropy_loss         | -0.0343       |
|    explained_variance   | 0.531         |
|    learning_rate        | 0.000293      |
|    loss                 | -0.000249     |
|    n_updates            | 840           |
|    policy_gradient_loss | -0.000297     |
|    value_loss           | 6.68e-05      |
-------------------------------------------
------------------------------------------
| rollout/                |              |
|    ep_len_mean          | 4.32e+04     |
|    ep_rew_mean          | -1.33        |
| time/                   |              |
|    fps                  | 11081        |
|    iterations           | 86           |
|    time_elapsed         | 222          |
|    total_timesteps      | 2465792      |
| train/                  |              |
|    approx_kl            | 0.0003656329 |
|    clip_fraction        | 0.00382      |
|    clip_range           | 0.2          |
|    entropy_loss         | -0.038       |
|    explained_variance   | 0.566        |
|    learning_rate        | 0.000293     |
|    loss                 | 0.00262      |
|    n_updates            | 850          |
|    policy_gradient_loss | -0.000401    |
|    value_loss           | 3.92e-05     |
------------------------------------------
------------------------------------------
| rollout/                |              |
|    ep_len_mean          | 4.32e+04     |
|    ep_rew_mean          | -1.33        |
| time/                   |              |
|    fps                  | 11109        |
|    iterations           | 87           |
|    time_elapsed         | 224          |
|    total_timesteps      | 2494464      |
| train/                  |              |
|    approx_kl            | 0.0026901017 |
|    clip_fraction        | 0.0051       |
|    clip_range           | 0.2          |
|    entropy_loss         | -0.0436      |
|    explained_variance   | 0.454        |
|    learning_rate        | 0.000293     |
|    loss                 | -0.00276     |
|    n_updates            | 860          |
|    policy_gradient_loss | -0.000426    |
|    value_loss           | 3.32e-05     |
------------------------------------------
[valid @2,500,050] BTC-USDT-SWAP: trades=1033 pnl=+377.3
[valid @2,500,050] ETH-USDT-SWAP: trades=1170 pnl=+978.3
[valid] new best (BTC v9_kpi +0.1799, smoothed -0.1955 | sel -0.0802 mdd 56.6% msl -22.9) -> /home/henjigcp/git/quant_real_RL/models/v9_maskablerl/v9_maskablerl_seed0_0801-0006/v9_maskablerl_seed0_0801-0006_best.zip
-------------------------------------------------------
| rollout/                            |               |
|    ep_len_mean                      | 4.32e+04      |
|    ep_rew_mean                      | -1.33         |
| time/                               |               |
|    fps                              | 10579         |
|    iterations                       | 88            |
|    time_elapsed                     | 238           |
|    total_timesteps                  | 2523136       |
| train/                              |               |
|    approx_kl                        | 0.00069643545 |
|    clip_fraction                    | 0.00428       |
|    clip_range                       | 0.2           |
|    entropy_loss                     | -0.0441       |
|    explained_variance               | 0.457         |
|    learning_rate                    | 0.000293      |
|    loss                             | -0.00135      |
|    n_updates                        | 870           |
|    policy_gradient_loss             | -0.000277     |
|    value_loss                       | 3.25e-05      |
| valid/                              |               |
|    BTC-USDT-SWAP/compound_mdd_pct   | 56.6          |
|    BTC-USDT-SWAP/compound_multiple  | 20.4          |
|    BTC-USDT-SWAP/geo_mean_per_trade | 0.00292       |
|    BTC-USDT-SWAP/max_single_loss    | -22.9         |
|    BTC-USDT-SWAP/max_upnl           | 0.22          |
|    BTC-USDT-SWAP/monthly_growth     | 1.29          |
|    BTC-USDT-SWAP/near_liq_n         | 0             |
|    BTC-USDT-SWAP/near_liq_pct       | 0             |
|    BTC-USDT-SWAP/pnl_std            | 3.78          |
|    BTC-USDT-SWAP/sel_monthly_log    | -0.0802       |
|    BTC-USDT-SWAP/total_pnl          | 377           |
|    BTC-USDT-SWAP/trades             | 1033          |
|    BTC-USDT-SWAP/trades_per_month   | 87.4          |
|    BTC-USDT-SWAP/v9_kpi             | 0.18          |
|    BTC-USDT-SWAP/v9_kpi_smoothed    | -0.196        |
|    BTC-USDT-SWAP/v9_kpi_z_mdd       | 0.788         |
|    BTC-USDT-SWAP/v9_kpi_z_msl       | 0.592         |
|    BTC-USDT-SWAP/v9_kpi_z_sel       | -0.16         |
|    BTC-USDT-SWAP/win_rate           | 0.589         |
|    ETH-USDT-SWAP/compound_mdd_pct   | 62.9          |
|    ETH-USDT-SWAP/compound_multiple  | 4.34e+03      |
|    ETH-USDT-SWAP/geo_mean_per_trade | 0.00718       |
|    ETH-USDT-SWAP/max_single_loss    | -43.7         |
|    ETH-USDT-SWAP/max_upnl           | 0.3           |
|    ETH-USDT-SWAP/monthly_growth     | 2.03          |
|    ETH-USDT-SWAP/near_liq_n         | 0             |
|    ETH-USDT-SWAP/near_liq_pct       | 0             |
|    ETH-USDT-SWAP/pnl_std            | 4.72          |
|    ETH-USDT-SWAP/total_pnl          | 978           |
|    ETH-USDT-SWAP/trades             | 1170          |
|    ETH-USDT-SWAP/trades_per_month   | 99            |
|    ETH-USDT-SWAP/win_rate           | 0.63          |
-------------------------------------------------------
-------------------------------------------
| rollout/                |               |
|    ep_len_mean          | 4.32e+04      |
|    ep_rew_mean          | -1.33         |
| time/                   |               |
|    fps                  | 10610         |
|    iterations           | 89            |
|    time_elapsed         | 240           |
|    total_timesteps      | 2551808       |
| train/                  |               |
|    approx_kl            | 0.00049024343 |
|    clip_fraction        | 0.00419       |
|    clip_range           | 0.2           |
|    entropy_loss         | -0.0364       |
|    explained_variance   | 0.46          |
|    learning_rate        | 0.000292      |
|    loss                 | -0.000842     |
|    n_updates            | 880           |
|    policy_gradient_loss | -0.000402     |
|    value_loss           | 3.22e-05      |
-------------------------------------------
-------------------------------------------
| rollout/                |               |
|    ep_len_mean          | 4.32e+04      |
|    ep_rew_mean          | -1.33         |
| time/                   |               |
|    fps                  | 10639         |
|    iterations           | 90            |
|    time_elapsed         | 242           |
|    total_timesteps      | 2580480       |
| train/                  |               |
|    approx_kl            | 0.00049495837 |
|    clip_fraction        | 0.00336       |
|    clip_range           | 0.2           |
|    entropy_loss         | -0.0248       |
|    explained_variance   | 0.646         |
|    learning_rate        | 0.000292      |
|    loss                 | -0.000108     |
|    n_updates            | 890           |
|    policy_gradient_loss | -0.000264     |
|    value_loss           | 4.03e-05      |
-------------------------------------------
-------------------------------------------
| rollout/                |               |
|    ep_len_mean          | 4.32e+04      |
|    ep_rew_mean          | -1.33         |
| time/                   |               |
|    fps                  | 10669         |
|    iterations           | 91            |
|    time_elapsed         | 244           |
|    total_timesteps      | 2609152       |
| train/                  |               |
|    approx_kl            | 0.00036928075 |
|    clip_fraction        | 0.00435       |
|    clip_range           | 0.2           |
|    entropy_loss         | -0.0268       |
|    explained_variance   | 0.487         |
|    learning_rate        | 0.000292      |
|    loss                 | -0.000455     |
|    n_updates            | 900           |
|    policy_gradient_loss | -0.000253     |
|    value_loss           | 3.79e-05      |
-------------------------------------------
-------------------------------------------
| rollout/                |               |
|    ep_len_mean          | 4.32e+04      |
|    ep_rew_mean          | -1.33         |
| time/                   |               |
|    fps                  | 10696         |
|    iterations           | 92            |
|    time_elapsed         | 246           |
|    total_timesteps      | 2637824       |
| train/                  |               |
|    approx_kl            | 0.00034914605 |
|    clip_fraction        | 0.00401       |
|    clip_range           | 0.2           |
|    entropy_loss         | -0.0254       |
|    explained_variance   | 0.471         |
|    learning_rate        | 0.000292      |
|    loss                 | -0.00242      |
|    n_updates            | 910           |
|    policy_gradient_loss | -0.000446     |
|    value_loss           | 3.82e-05      |
-------------------------------------------
-------------------------------------------
| rollout/                |               |
|    ep_len_mean          | 4.32e+04      |
|    ep_rew_mean          | -1.33         |
| time/                   |               |
|    fps                  | 10724         |
|    iterations           | 93            |
|    time_elapsed         | 248           |
|    total_timesteps      | 2666496       |
| train/                  |               |
|    approx_kl            | 0.00038305047 |
|    clip_fraction        | 0.00293       |
|    clip_range           | 0.2           |
|    entropy_loss         | -0.0224       |
|    explained_variance   | 0.421         |
|    learning_rate        | 0.000292      |
|    loss                 | -0.00166      |
|    n_updates            | 920           |
|    policy_gradient_loss | -0.000334     |
|    value_loss           | 4.42e-05      |
-------------------------------------------
-----------------------------------------
| rollout/                |             |
|    ep_len_mean          | 4.32e+04    |
|    ep_rew_mean          | -1.33       |
| time/                   |             |
|    fps                  | 10750       |
|    iterations           | 94          |
|    time_elapsed         | 250         |
|    total_timesteps      | 2695168     |
| train/                  |             |
|    approx_kl            | 0.000573797 |
|    clip_fraction        | 0.0046      |
|    clip_range           | 0.2         |
|    entropy_loss         | -0.0207     |
|    explained_variance   | 0.717       |
|    learning_rate        | 0.000292    |
|    loss                 | 0.00051     |
|    n_updates            | 930         |
|    policy_gradient_loss | -0.000616   |
|    value_loss           | 6.88e-05    |
-----------------------------------------
-------------------------------------------
| rollout/                |               |
|    ep_len_mean          | 4.32e+04      |
|    ep_rew_mean          | -1.33         |
| time/                   |               |
|    fps                  | 10776         |
|    iterations           | 95            |
|    time_elapsed         | 252           |
|    total_timesteps      | 2723840       |
| train/                  |               |
|    approx_kl            | 0.00024449936 |
|    clip_fraction        | 0.00333       |
|    clip_range           | 0.2           |
|    entropy_loss         | -0.0155       |
|    explained_variance   | 0.492         |
|    learning_rate        | 0.000292      |
|    loss                 | -0.000261     |
|    n_updates            | 940           |
|    policy_gradient_loss | -0.000536     |
|    value_loss           | 5.91e-05      |
-------------------------------------------
-------------------------------------------
| rollout/                |               |
|    ep_len_mean          | 4.32e+04      |
|    ep_rew_mean          | -1.33         |
| time/                   |               |
|    fps                  | 10803         |
|    iterations           | 96            |
|    time_elapsed         | 254           |
|    total_timesteps      | 2752512       |
| train/                  |               |
|    approx_kl            | 0.00078052987 |
|    clip_fraction        | 0.00277       |
|    clip_range           | 0.2           |
|    entropy_loss         | -0.0192       |
|    explained_variance   | 0.53          |
|    learning_rate        | 0.000292      |
|    loss                 | 0.000263      |
|    n_updates            | 950           |
|    policy_gradient_loss | -0.000292     |
|    value_loss           | 5.7e-05       |
-------------------------------------------
-------------------------------------------
| rollout/                |               |
|    ep_len_mean          | 4.32e+04      |
|    ep_rew_mean          | -1.33         |
| time/                   |               |
|    fps                  | 10830         |
|    iterations           | 97            |
|    time_elapsed         | 256           |
|    total_timesteps      | 2781184       |
| train/                  |               |
|    approx_kl            | 0.00025167209 |
|    clip_fraction        | 0.00286       |
|    clip_range           | 0.2           |
|    entropy_loss         | -0.0151       |
|    explained_variance   | 0.584         |
|    learning_rate        | 0.000292      |
|    loss                 | -0.000619     |
|    n_updates            | 960           |
|    policy_gradient_loss | -0.00034      |
|    value_loss           | 5.53e-05      |
-------------------------------------------
------------------------------------------
| rollout/                |              |
|    ep_len_mean          | 4.32e+04     |
|    ep_rew_mean          | -1.33        |
| time/                   |              |
|    fps                  | 10851        |
|    iterations           | 98           |
|    time_elapsed         | 258          |
|    total_timesteps      | 2809856      |
| train/                  |              |
|    approx_kl            | 0.0023109238 |
|    clip_fraction        | 0.00378      |
|    clip_range           | 0.2          |
|    entropy_loss         | -0.0237      |
|    explained_variance   | 0.451        |
|    learning_rate        | 0.000292     |
|    loss                 | -0.00443     |
|    n_updates            | 970          |
|    policy_gradient_loss | -0.000478    |
|    value_loss           | 6.27e-05     |
------------------------------------------
-------------------------------------------
| rollout/                |               |
|    ep_len_mean          | 4.32e+04      |
|    ep_rew_mean          | -1.33         |
| time/                   |               |
|    fps                  | 10869         |
|    iterations           | 99            |
|    time_elapsed         | 261           |
|    total_timesteps      | 2838528       |
| train/                  |               |
|    approx_kl            | 0.00041524993 |
|    clip_fraction        | 0.00342       |
|    clip_range           | 0.2           |
|    entropy_loss         | -0.0215       |
|    explained_variance   | 0.365         |
|    learning_rate        | 0.000292      |
|    loss                 | 4.55e-05      |
|    n_updates            | 980           |
|    policy_gradient_loss | -5.46e-05     |
|    value_loss           | 4.85e-05      |
-------------------------------------------
-------------------------------------------
| rollout/                |               |
|    ep_len_mean          | 4.32e+04      |
|    ep_rew_mean          | -1.33         |
| time/                   |               |
|    fps                  | 10892         |
|    iterations           | 100           |
|    time_elapsed         | 263           |
|    total_timesteps      | 2867200       |
| train/                  |               |
|    approx_kl            | 0.00058951974 |
|    clip_fraction        | 0.00542       |
|    clip_range           | 0.2           |
|    entropy_loss         | -0.0219       |
|    explained_variance   | 0.128         |
|    learning_rate        | 0.000291      |
|    loss                 | -0.000177     |
|    n_updates            | 990           |
|    policy_gradient_loss | -0.000421     |
|    value_loss           | 0.000164      |
-------------------------------------------
-------------------------------------------
| rollout/                |               |
|    ep_len_mean          | 4.32e+04      |
|    ep_rew_mean          | -1.33         |
| time/                   |               |
|    fps                  | 10915         |
|    iterations           | 101           |
|    time_elapsed         | 265           |
|    total_timesteps      | 2895872       |
| train/                  |               |
|    approx_kl            | 0.00094266055 |
|    clip_fraction        | 0.00402       |
|    clip_range           | 0.2           |
|    entropy_loss         | -0.0209       |
|    explained_variance   | 0.484         |
|    learning_rate        | 0.000291      |
|    loss                 | -0.000421     |
|    n_updates            | 1000          |
|    policy_gradient_loss | -0.000557     |
|    value_loss           | 0.000281      |
-------------------------------------------
-------------------------------------------
| rollout/                |               |
|    ep_len_mean          | 4.32e+04      |
|    ep_rew_mean          | -1.33         |
| time/                   |               |
|    fps                  | 10938         |
|    iterations           | 102           |
|    time_elapsed         | 267           |
|    total_timesteps      | 2924544       |
| train/                  |               |
|    approx_kl            | 0.00036066625 |
|    clip_fraction        | 0.00354       |
|    clip_range           | 0.2           |
|    entropy_loss         | -0.0182       |
|    explained_variance   | 0.256         |
|    learning_rate        | 0.000291      |
|    loss                 | -0.000667     |
|    n_updates            | 1010          |
|    policy_gradient_loss | -0.000312     |
|    value_loss           | 9.2e-05       |
-------------------------------------------
-------------------------------------------
| rollout/                |               |
|    ep_len_mean          | 4.32e+04      |
|    ep_rew_mean          | -1.33         |
| time/                   |               |
|    fps                  | 10961         |
|    iterations           | 103           |
|    time_elapsed         | 269           |
|    total_timesteps      | 2953216       |
| train/                  |               |
|    approx_kl            | 0.00023121992 |
|    clip_fraction        | 0.00207       |
|    clip_range           | 0.2           |
|    entropy_loss         | -0.0192       |
|    explained_variance   | 0.275         |
|    learning_rate        | 0.000291      |
|    loss                 | -0.000117     |
|    n_updates            | 1020          |
|    policy_gradient_loss | -0.000278     |
|    value_loss           | 9.73e-05      |
-------------------------------------------
-------------------------------------------
| rollout/                |               |
|    ep_len_mean          | 4.32e+04      |
|    ep_rew_mean          | -1.33         |
| time/                   |               |
|    fps                  | 10984         |
|    iterations           | 104           |
|    time_elapsed         | 271           |
|    total_timesteps      | 2981888       |
| train/                  |               |
|    approx_kl            | 0.00028893497 |
|    clip_fraction        | 0.00273       |
|    clip_range           | 0.2           |
|    entropy_loss         | -0.0211       |
|    explained_variance   | 0.246         |
|    learning_rate        | 0.000291      |
|    loss                 | 9.33e-05      |
|    n_updates            | 1030          |
|    policy_gradient_loss | -0.000138     |
|    value_loss           | 5.9e-05       |
-------------------------------------------
[valid @3,000,060] BTC-USDT-SWAP: trades=643 pnl=+400.4
[valid @3,000,060] ETH-USDT-SWAP: trades=955 pnl=+939.0
[valid] new best (BTC v9_kpi +0.1902, smoothed +0.0451 | sel -0.0936 mdd 52.4% msl -24.3) -> /home/henjigcp/git/quant_real_RL/models/v9_maskablerl/v9_maskablerl_seed0_0801-0006/v9_maskablerl_seed0_0801-0006_best.zip
------------------------------------------------------
| rollout/                            |              |
|    ep_len_mean                      | 4.32e+04     |
|    ep_rew_mean                      | -1.33        |
| time/                               |              |
|    fps                              | 10518        |
|    iterations                       | 105          |
|    time_elapsed                     | 286          |
|    total_timesteps                  | 3010560      |
| train/                              |              |
|    approx_kl                        | 0.0002570602 |
|    clip_fraction                    | 0.00243      |
|    clip_range                       | 0.2          |
|    entropy_loss                     | -0.0189      |
|    explained_variance               | 0.244        |
|    learning_rate                    | 0.000291     |
|    loss                             | 0.00085      |
|    n_updates                        | 1040         |
|    policy_gradient_loss             | -0.000188    |
|    value_loss                       | 6.62e-05     |
| valid/                              |              |
|    BTC-USDT-SWAP/compound_mdd_pct   | 52.4         |
|    BTC-USDT-SWAP/compound_multiple  | 25.6         |
|    BTC-USDT-SWAP/geo_mean_per_trade | 0.00506      |
|    BTC-USDT-SWAP/max_single_loss    | -24.3        |
|    BTC-USDT-SWAP/max_upnl           | 0.313        |
|    BTC-USDT-SWAP/monthly_growth     | 1.32         |
|    BTC-USDT-SWAP/near_liq_n         | 0            |
|    BTC-USDT-SWAP/near_liq_pct       | 0            |
|    BTC-USDT-SWAP/pnl_std            | 4.79         |
|    BTC-USDT-SWAP/sel_monthly_log    | -0.0936      |
|    BTC-USDT-SWAP/total_pnl          | 400          |
|    BTC-USDT-SWAP/trades             | 643          |
|    BTC-USDT-SWAP/trades_per_month   | 54.4         |
|    BTC-USDT-SWAP/v9_kpi             | 0.19         |
|    BTC-USDT-SWAP/v9_kpi_smoothed    | 0.0451       |
|    BTC-USDT-SWAP/v9_kpi_z_mdd       | 1.04         |
|    BTC-USDT-SWAP/v9_kpi_z_msl       | 0.478        |
|    BTC-USDT-SWAP/v9_kpi_z_sel       | -0.187       |
|    BTC-USDT-SWAP/win_rate           | 0.574        |
|    ETH-USDT-SWAP/compound_mdd_pct   | 71.6         |
|    ETH-USDT-SWAP/compound_multiple  | 2.22e+03     |
|    ETH-USDT-SWAP/geo_mean_per_trade | 0.0081       |
|    ETH-USDT-SWAP/max_single_loss    | -48.9        |
|    ETH-USDT-SWAP/max_upnl           | 0.286        |
|    ETH-USDT-SWAP/monthly_growth     | 1.92         |
|    ETH-USDT-SWAP/near_liq_n         | 0            |
|    ETH-USDT-SWAP/near_liq_pct       | 0            |
|    ETH-USDT-SWAP/pnl_std            | 5.67         |
|    ETH-USDT-SWAP/total_pnl          | 939          |
|    ETH-USDT-SWAP/trades             | 955          |
|    ETH-USDT-SWAP/trades_per_month   | 80.8         |
|    ETH-USDT-SWAP/win_rate           | 0.639        |
------------------------------------------------------
-------------------------------------------
| rollout/                |               |
|    ep_len_mean          | 4.32e+04      |
|    ep_rew_mean          | -0.952        |
| time/                   |               |
|    fps                  | 10541         |
|    iterations           | 106           |
|    time_elapsed         | 288           |
|    total_timesteps      | 3039232       |
| train/                  |               |
|    approx_kl            | 0.00048217518 |
|    clip_fraction        | 0.00337       |
|    clip_range           | 0.2           |
|    entropy_loss         | -0.0172       |
|    explained_variance   | 0.309         |
|    learning_rate        | 0.000291      |
|    loss                 | -0.000826     |
|    n_updates            | 1050          |
|    policy_gradient_loss | -0.000323     |
|    value_loss           | 8.69e-05      |
-------------------------------------------
-------------------------------------------
| rollout/                |               |
|    ep_len_mean          | 4.32e+04      |
|    ep_rew_mean          | -0.952        |
| time/                   |               |
|    fps                  | 10564         |
|    iterations           | 107           |
|    time_elapsed         | 290           |
|    total_timesteps      | 3067904       |
| train/                  |               |
|    approx_kl            | 0.00035524392 |
|    clip_fraction        | 0.00259       |
|    clip_range           | 0.2           |
|    entropy_loss         | -0.0147       |
|    explained_variance   | 0.317         |
|    learning_rate        | 0.000291      |
|    loss                 | -0.000314     |
|    n_updates            | 1060          |
|    policy_gradient_loss | -0.000133     |
|    value_loss           | 4.63e-05      |
-------------------------------------------
-------------------------------------------
| rollout/                |               |
|    ep_len_mean          | 4.32e+04      |
|    ep_rew_mean          | -0.952        |
| time/                   |               |
|    fps                  | 10589         |
|    iterations           | 108           |
|    time_elapsed         | 292           |
|    total_timesteps      | 3096576       |
| train/                  |               |
|    approx_kl            | 0.00021063945 |
|    clip_fraction        | 0.002         |
|    clip_range           | 0.2           |
|    entropy_loss         | -0.0141       |
|    explained_variance   | 0.401         |
|    learning_rate        | 0.000291      |
|    loss                 | -0.00236      |
|    n_updates            | 1070          |
|    policy_gradient_loss | -0.000163     |
|    value_loss           | 3.54e-05      |
-------------------------------------------
-------------------------------------------
| rollout/                |               |
|    ep_len_mean          | 4.32e+04      |
|    ep_rew_mean          | -0.952        |
| time/                   |               |
|    fps                  | 10613         |
|    iterations           | 109           |
|    time_elapsed         | 294           |
|    total_timesteps      | 3125248       |
| train/                  |               |
|    approx_kl            | 0.00025404332 |
|    clip_fraction        | 0.00319       |
|    clip_range           | 0.2           |
|    entropy_loss         | -0.0183       |
|    explained_variance   | 0.396         |
|    learning_rate        | 0.000291      |
|    loss                 | -0.000673     |
|    n_updates            | 1080          |
|    policy_gradient_loss | -0.000103     |
|    value_loss           | 3.16e-05      |
-------------------------------------------
------------------------------------------
| rollout/                |              |
|    ep_len_mean          | 4.32e+04     |
|    ep_rew_mean          | -0.952       |
| time/                   |              |
|    fps                  | 10637        |
|    iterations           | 110          |
|    time_elapsed         | 296          |
|    total_timesteps      | 3153920      |
| train/                  |              |
|    approx_kl            | 0.0005703415 |
|    clip_fraction        | 0.00222      |
|    clip_range           | 0.2          |
|    entropy_loss         | -0.0095      |
|    explained_variance   | 0.44         |
|    learning_rate        | 0.000291     |
|    loss                 | -0.000189    |
|    n_updates            | 1090         |
|    policy_gradient_loss | -0.000111    |
|    value_loss           | 4.04e-05     |
------------------------------------------
-------------------------------------------
| rollout/                |               |
|    ep_len_mean          | 4.32e+04      |
|    ep_rew_mean          | -0.952        |
| time/                   |               |
|    fps                  | 10659         |
|    iterations           | 111           |
|    time_elapsed         | 298           |
|    total_timesteps      | 3182592       |
| train/                  |               |
|    approx_kl            | 0.00031769508 |
|    clip_fraction        | 0.003         |
|    clip_range           | 0.2           |
|    entropy_loss         | -0.0157       |
|    explained_variance   | 0.354         |
|    learning_rate        | 0.000291      |
|    loss                 | 0.0032        |
|    n_updates            | 1100          |
|    policy_gradient_loss | 6.04e-05      |
|    value_loss           | 3.99e-05      |
-------------------------------------------
------------------------------------------
| rollout/                |              |
|    ep_len_mean          | 4.32e+04     |
|    ep_rew_mean          | -0.952       |
| time/                   |              |
|    fps                  | 10683        |
|    iterations           | 112          |
|    time_elapsed         | 300          |
|    total_timesteps      | 3211264      |
| train/                  |              |
|    approx_kl            | 0.0002992078 |
|    clip_fraction        | 0.00236      |
|    clip_range           | 0.2          |
|    entropy_loss         | -0.0118      |
|    explained_variance   | 0.357        |
|    learning_rate        | 0.00029      |
|    loss                 | -0.00106     |
|    n_updates            | 1110         |
|    policy_gradient_loss | -0.000313    |
|    value_loss           | 3.2e-05      |
------------------------------------------
-------------------------------------------
| rollout/                |               |
|    ep_len_mean          | 4.32e+04      |
|    ep_rew_mean          | -0.952        |
| time/                   |               |
|    fps                  | 10706         |
|    iterations           | 113           |
|    time_elapsed         | 302           |
|    total_timesteps      | 3239936       |
| train/                  |               |
|    approx_kl            | 0.00026311327 |
|    clip_fraction        | 0.00226       |
|    clip_range           | 0.2           |
|    entropy_loss         | -0.0115       |
|    explained_variance   | 0.422         |
|    learning_rate        | 0.00029       |
|    loss                 | -0.00161      |
|    n_updates            | 1120          |
|    policy_gradient_loss | -0.000431     |
|    value_loss           | 2.95e-05      |
-------------------------------------------
------------------------------------------
| rollout/                |              |
|    ep_len_mean          | 4.32e+04     |
|    ep_rew_mean          | -0.952       |
| time/                   |              |
|    fps                  | 10728        |
|    iterations           | 114          |
|    time_elapsed         | 304          |
|    total_timesteps      | 3268608      |
| train/                  |              |
|    approx_kl            | 0.0003802345 |
|    clip_fraction        | 0.00212      |
|    clip_range           | 0.2          |
|    entropy_loss         | -0.0116      |
|    explained_variance   | 0.355        |
|    learning_rate        | 0.00029      |
|    loss                 | -0.000325    |
|    n_updates            | 1130         |
|    policy_gradient_loss | -0.000155    |
|    value_loss           | 3.88e-05     |
------------------------------------------
-------------------------------------------
| rollout/                |               |
|    ep_len_mean          | 4.32e+04      |
|    ep_rew_mean          | -0.952        |
| time/                   |               |
|    fps                  | 10751         |
|    iterations           | 115           |
|    time_elapsed         | 306           |
|    total_timesteps      | 3297280       |
| train/                  |               |
|    approx_kl            | 0.00039824418 |
|    clip_fraction        | 0.00253       |
|    clip_range           | 0.2           |
|    entropy_loss         | -0.0109       |
|    explained_variance   | 0.406         |
|    learning_rate        | 0.00029       |
|    loss                 | -0.00118      |
|    n_updates            | 1140          |
|    policy_gradient_loss | -3.66e-05     |
|    value_loss           | 4.01e-05      |
-------------------------------------------
------------------------------------------
| rollout/                |              |
|    ep_len_mean          | 4.32e+04     |
|    ep_rew_mean          | -0.952       |
| time/                   |              |
|    fps                  | 10773        |
|    iterations           | 116          |
|    time_elapsed         | 308          |
|    total_timesteps      | 3325952      |
| train/                  |              |
|    approx_kl            | 0.0008991241 |
|    clip_fraction        | 0.00334      |
|    clip_range           | 0.2          |
|    entropy_loss         | -0.0157      |
|    explained_variance   | 0.434        |
|    learning_rate        | 0.00029      |
|    loss                 | 0.00253      |
|    n_updates            | 1150         |
|    policy_gradient_loss | -0.000344    |
|    value_loss           | 3.43e-05     |
------------------------------------------
------------------------------------------
| rollout/                |              |
|    ep_len_mean          | 4.32e+04     |
|    ep_rew_mean          | -0.952       |
| time/                   |              |
|    fps                  | 10796        |
|    iterations           | 117          |
|    time_elapsed         | 310          |
|    total_timesteps      | 3354624      |
| train/                  |              |
|    approx_kl            | 0.0004442001 |
|    clip_fraction        | 0.00384      |
|    clip_range           | 0.2          |
|    entropy_loss         | -0.0161      |
|    explained_variance   | 0.467        |
|    learning_rate        | 0.00029      |
|    loss                 | 0.000679     |
|    n_updates            | 1160         |
|    policy_gradient_loss | -0.000296    |
|    value_loss           | 5.16e-05     |
------------------------------------------
-------------------------------------------
| rollout/                |               |
|    ep_len_mean          | 4.32e+04      |
|    ep_rew_mean          | -0.952        |
| time/                   |               |
|    fps                  | 10819         |
|    iterations           | 118           |
|    time_elapsed         | 312           |
|    total_timesteps      | 3383296       |
| train/                  |               |
|    approx_kl            | 0.00021333479 |
|    clip_fraction        | 0.00235       |
|    clip_range           | 0.2           |
|    entropy_loss         | -0.0147       |
|    explained_variance   | 0.42          |
|    learning_rate        | 0.00029       |
|    loss                 | -0.00149      |
|    n_updates            | 1170          |
|    policy_gradient_loss | -0.000234     |
|    value_loss           | 6.24e-05      |
-------------------------------------------
-----------------------------------------
| rollout/                |             |
|    ep_len_mean          | 4.32e+04    |
|    ep_rew_mean          | -0.952      |
| time/                   |             |
|    fps                  | 10842       |
|    iterations           | 119         |
|    time_elapsed         | 314         |
|    total_timesteps      | 3411968     |
| train/                  |             |
|    approx_kl            | 0.000341351 |
|    clip_fraction        | 0.00239     |
|    clip_range           | 0.2         |
|    entropy_loss         | -0.0161     |
|    explained_variance   | 0.398       |
|    learning_rate        | 0.00029     |
|    loss                 | -0.000268   |
|    n_updates            | 1180        |
|    policy_gradient_loss | -0.000223   |
|    value_loss           | 5.62e-05    |
-----------------------------------------
-------------------------------------------
| rollout/                |               |
|    ep_len_mean          | 4.32e+04      |
|    ep_rew_mean          | -0.952        |
| time/                   |               |
|    fps                  | 10864         |
|    iterations           | 120           |
|    time_elapsed         | 316           |
|    total_timesteps      | 3440640       |
| train/                  |               |
|    approx_kl            | 0.00076758146 |
|    clip_fraction        | 0.00339       |
|    clip_range           | 0.2           |
|    entropy_loss         | -0.0177       |
|    explained_variance   | 0.359         |
|    learning_rate        | 0.00029       |
|    loss                 | 0.00216       |
|    n_updates            | 1190          |
|    policy_gradient_loss | -0.000182     |
|    value_loss           | 0.000121      |
-------------------------------------------
-------------------------------------------
| rollout/                |               |
|    ep_len_mean          | 4.32e+04      |
|    ep_rew_mean          | -0.952        |
| time/                   |               |
|    fps                  | 10883         |
|    iterations           | 121           |
|    time_elapsed         | 318           |
|    total_timesteps      | 3469312       |
| train/                  |               |
|    approx_kl            | 0.00043308988 |
|    clip_fraction        | 0.00411       |
|    clip_range           | 0.2           |
|    entropy_loss         | -0.0217       |
|    explained_variance   | 0.475         |
|    learning_rate        | 0.00029       |
|    loss                 | 0.00198       |
|    n_updates            | 1200          |
|    policy_gradient_loss | -0.000267     |
|    value_loss           | 0.000225      |
-------------------------------------------
----------------------------------------
| rollout/                |            |
|    ep_len_mean          | 4.32e+04   |
|    ep_rew_mean          | -0.952     |
| time/                   |            |
|    fps                  | 10899      |
|    iterations           | 122        |
|    time_elapsed         | 320        |
|    total_timesteps      | 3497984    |
| train/                  |            |
|    approx_kl            | 0.00052841 |
|    clip_fraction        | 0.00387    |
|    clip_range           | 0.2        |
|    entropy_loss         | -0.0224    |
|    explained_variance   | 0.303      |
|    learning_rate        | 0.00029    |
|    loss                 | -0.00107   |
|    n_updates            | 1210       |
|    policy_gradient_loss | -9.35e-05  |
|    value_loss           | 6.41e-05   |
----------------------------------------
[valid @3,500,070] BTC-USDT-SWAP: trades=1050 pnl=+509.4
[valid @3,500,070] ETH-USDT-SWAP: trades=1865 pnl=+1057.5
[valid] new best (BTC v9_kpi +0.2644, smoothed +0.2115 | sel -0.0110 mdd 53.4% msl -25.0) -> /home/henjigcp/git/quant_real_RL/models/v9_maskablerl/v9_maskablerl_seed0_0801-0006/v9_maskablerl_seed0_0801-0006_best.zip
-------------------------------------------------------
| rollout/                            |               |
|    ep_len_mean                      | 4.32e+04      |
|    ep_rew_mean                      | -0.952        |
| time/                               |               |
|    fps                              | 10523         |
|    iterations                       | 123           |
|    time_elapsed                     | 335           |
|    total_timesteps                  | 3526656       |
| train/                              |               |
|    approx_kl                        | 0.00060469686 |
|    clip_fraction                    | 0.00515       |
|    clip_range                       | 0.2           |
|    entropy_loss                     | -0.0281       |
|    explained_variance               | 0.394         |
|    learning_rate                    | 0.00029       |
|    loss                             | -0.00237      |
|    n_updates                        | 1220          |
|    policy_gradient_loss             | -0.000365     |
|    value_loss                       | 0.000127      |
| valid/                              |               |
|    BTC-USDT-SWAP/compound_mdd_pct   | 53.4          |
|    BTC-USDT-SWAP/compound_multiple  | 72.9          |
|    BTC-USDT-SWAP/geo_mean_per_trade | 0.00409       |
|    BTC-USDT-SWAP/max_single_loss    | -25           |
|    BTC-USDT-SWAP/max_upnl           | 0.247         |
|    BTC-USDT-SWAP/monthly_growth     | 1.44          |
|    BTC-USDT-SWAP/near_liq_n         | 0             |
|    BTC-USDT-SWAP/near_liq_pct       | 0             |
|    BTC-USDT-SWAP/pnl_std            | 3.86          |
|    BTC-USDT-SWAP/sel_monthly_log    | -0.011        |
|    BTC-USDT-SWAP/total_pnl          | 509           |
|    BTC-USDT-SWAP/trades             | 1050          |
|    BTC-USDT-SWAP/trades_per_month   | 88.8          |
|    BTC-USDT-SWAP/v9_kpi             | 0.264         |
|    BTC-USDT-SWAP/v9_kpi_smoothed    | 0.212         |
|    BTC-USDT-SWAP/v9_kpi_z_mdd       | 0.974         |
|    BTC-USDT-SWAP/v9_kpi_z_msl       | 0.414         |
|    BTC-USDT-SWAP/v9_kpi_z_sel       | -0.022        |
|    BTC-USDT-SWAP/win_rate           | 0.59          |
|    ETH-USDT-SWAP/compound_mdd_pct   | 69.3          |
|    ETH-USDT-SWAP/compound_multiple  | 8.1e+03       |
|    ETH-USDT-SWAP/geo_mean_per_trade | 0.00484       |
|    ETH-USDT-SWAP/max_single_loss    | -41.7         |
|    ETH-USDT-SWAP/max_upnl           | 0.241         |
|    ETH-USDT-SWAP/monthly_growth     | 2.14          |
|    ETH-USDT-SWAP/near_liq_n         | 0             |
|    ETH-USDT-SWAP/near_liq_pct       | 0             |
|    ETH-USDT-SWAP/pnl_std            | 3.98          |
|    ETH-USDT-SWAP/total_pnl          | 1.06e+03      |
|    ETH-USDT-SWAP/trades             | 1865          |
|    ETH-USDT-SWAP/trades_per_month   | 158           |
|    ETH-USDT-SWAP/win_rate           | 0.569         |
-------------------------------------------------------
-------------------------------------------
| rollout/                |               |
|    ep_len_mean          | 4.32e+04      |
|    ep_rew_mean          | -0.952        |
| time/                   |               |
|    fps                  | 10545         |
|    iterations           | 124           |
|    time_elapsed         | 337           |
|    total_timesteps      | 3555328       |
| train/                  |               |
|    approx_kl            | 0.00021257332 |
|    clip_fraction        | 0.00274       |
|    clip_range           | 0.2           |
|    entropy_loss         | -0.0188       |
|    explained_variance   | 0.35          |
|    learning_rate        | 0.000289      |
|    loss                 | 0.00142       |
|    n_updates            | 1230          |
|    policy_gradient_loss | -8.76e-05     |
|    value_loss           | 5.41e-05      |
-------------------------------------------
------------------------------------------
| rollout/                |              |
|    ep_len_mean          | 4.32e+04     |
|    ep_rew_mean          | -0.952       |
| time/                   |              |
|    fps                  | 10565        |
|    iterations           | 125          |
|    time_elapsed         | 339          |
|    total_timesteps      | 3584000      |
| train/                  |              |
|    approx_kl            | 0.0019146149 |
|    clip_fraction        | 0.00464      |
|    clip_range           | 0.2          |
|    entropy_loss         | -0.0213      |
|    explained_variance   | 0.275        |
|    learning_rate        | 0.000289     |
|    loss                 | -0.00394     |
|    n_updates            | 1240         |
|    policy_gradient_loss | -0.000389    |
|    value_loss           | 5.29e-05     |
------------------------------------------
-----------------------------------------
| rollout/                |             |
|    ep_len_mean          | 4.32e+04    |
|    ep_rew_mean          | -0.952      |
| time/                   |             |
|    fps                  | 10580       |
|    iterations           | 126         |
|    time_elapsed         | 341         |
|    total_timesteps      | 3612672     |
| train/                  |             |
|    approx_kl            | 0.000468038 |
|    clip_fraction        | 0.00417     |
|    clip_range           | 0.2         |
|    entropy_loss         | -0.0246     |
|    explained_variance   | 0.376       |
|    learning_rate        | 0.000289    |
|    loss                 | -0.000233   |
|    n_updates            | 1250        |
|    policy_gradient_loss | -0.00017    |
|    value_loss           | 7.5e-05     |
-----------------------------------------
------------------------------------------
| rollout/                |              |
|    ep_len_mean          | 4.32e+04     |
|    ep_rew_mean          | -0.692       |
| time/                   |              |
|    fps                  | 10598        |
|    iterations           | 127          |
|    time_elapsed         | 343          |
|    total_timesteps      | 3641344      |
| train/                  |              |
|    approx_kl            | 0.0004945764 |
|    clip_fraction        | 0.00336      |
|    clip_range           | 0.2          |
|    entropy_loss         | -0.0209      |
|    explained_variance   | 0.362        |
|    learning_rate        | 0.000289     |
|    loss                 | -0.00121     |
|    n_updates            | 1260         |
|    policy_gradient_loss | -0.000341    |
|    value_loss           | 5.6e-05      |
------------------------------------------
-------------------------------------------
| rollout/                |               |
|    ep_len_mean          | 4.32e+04      |
|    ep_rew_mean          | -0.692        |
| time/                   |               |
|    fps                  | 10615         |
|    iterations           | 128           |
|    time_elapsed         | 345           |
|    total_timesteps      | 3670016       |
| train/                  |               |
|    approx_kl            | 0.00046400144 |
|    clip_fraction        | 0.00446       |
|    clip_range           | 0.2           |
|    entropy_loss         | -0.0206       |
|    explained_variance   | 0.41          |
|    learning_rate        | 0.000289      |
|    loss                 | -0.000672     |
|    n_updates            | 1270          |
|    policy_gradient_loss | -0.000187     |
|    value_loss           | 4.19e-05      |
-------------------------------------------
-----------------------------------------
| rollout/                |             |
|    ep_len_mean          | 4.32e+04    |
|    ep_rew_mean          | -0.692      |
| time/                   |             |
|    fps                  | 10634       |
|    iterations           | 129         |
|    time_elapsed         | 347         |
|    total_timesteps      | 3698688     |
| train/                  |             |
|    approx_kl            | 0.000883426 |
|    clip_fraction        | 0.0063      |
|    clip_range           | 0.2         |
|    entropy_loss         | -0.0236     |
|    explained_variance   | 0.348       |
|    learning_rate        | 0.000289    |
|    loss                 | -0.00189    |
|    n_updates            | 1280        |
|    policy_gradient_loss | -0.000617   |
|    value_loss           | 4.17e-05    |
-----------------------------------------
-------------------------------------------
| rollout/                |               |
|    ep_len_mean          | 4.32e+04      |
|    ep_rew_mean          | -0.692        |
| time/                   |               |
|    fps                  | 10655         |
|    iterations           | 130           |
|    time_elapsed         | 349           |
|    total_timesteps      | 3727360       |
| train/                  |               |
|    approx_kl            | 0.00030690842 |
|    clip_fraction        | 0.00253       |
|    clip_range           | 0.2           |
|    entropy_loss         | -0.0169       |
|    explained_variance   | 0.448         |
|    learning_rate        | 0.000289      |
|    loss                 | -0.000743     |
|    n_updates            | 1290          |
|    policy_gradient_loss | -0.000143     |
|    value_loss           | 2.35e-05      |
-------------------------------------------
-------------------------------------------
| rollout/                |               |
|    ep_len_mean          | 4.32e+04      |
|    ep_rew_mean          | -0.692        |
| time/                   |               |
|    fps                  | 10675         |
|    iterations           | 131           |
|    time_elapsed         | 351           |
|    total_timesteps      | 3756032       |
| train/                  |               |
|    approx_kl            | 0.00039316766 |
|    clip_fraction        | 0.00269       |
|    clip_range           | 0.2           |
|    entropy_loss         | -0.0158       |
|    explained_variance   | 0.581         |
|    learning_rate        | 0.000289      |
|    loss                 | -0.000487     |
|    n_updates            | 1300          |
|    policy_gradient_loss | -0.000293     |
|    value_loss           | 2.61e-05      |
-------------------------------------------
------------------------------------------
| rollout/                |              |
|    ep_len_mean          | 4.32e+04     |
|    ep_rew_mean          | -0.692       |
| time/                   |              |
|    fps                  | 10695        |
|    iterations           | 132          |
|    time_elapsed         | 353          |
|    total_timesteps      | 3784704      |
| train/                  |              |
|    approx_kl            | 0.0002183343 |
|    clip_fraction        | 0.00292      |
|    clip_range           | 0.2          |
|    entropy_loss         | -0.014       |
|    explained_variance   | 0.537        |
|    learning_rate        | 0.000289     |
|    loss                 | -0.000627    |
|    n_updates            | 1310         |
|    policy_gradient_loss | -0.000353    |
|    value_loss           | 2.07e-05     |
------------------------------------------
------------------------------------------
| rollout/                |              |
|    ep_len_mean          | 4.32e+04     |
|    ep_rew_mean          | -0.692       |
| time/                   |              |
|    fps                  | 10714        |
|    iterations           | 133          |
|    time_elapsed         | 355          |
|    total_timesteps      | 3813376      |
| train/                  |              |
|    approx_kl            | 0.0005059844 |
|    clip_fraction        | 0.00468      |
|    clip_range           | 0.2          |
|    entropy_loss         | -0.0221      |
|    explained_variance   | 0.511        |
|    learning_rate        | 0.000289     |
|    loss                 | 0.000105     |
|    n_updates            | 1320         |
|    policy_gradient_loss | -0.000335    |
|    value_loss           | 2.64e-05     |
------------------------------------------
-------------------------------------------
| rollout/                |               |
|    ep_len_mean          | 4.32e+04      |
|    ep_rew_mean          | -0.692        |
| time/                   |               |
|    fps                  | 10733         |
|    iterations           | 134           |
|    time_elapsed         | 357           |
|    total_timesteps      | 3842048       |
| train/                  |               |
|    approx_kl            | 0.00020658686 |
|    clip_fraction        | 0.0032        |
|    clip_range           | 0.2           |
|    entropy_loss         | -0.014        |
|    explained_variance   | 0.511         |
|    learning_rate        | 0.000289      |
|    loss                 | -3.51e-05     |
|    n_updates            | 1330          |
|    policy_gradient_loss | -7.66e-05     |
|    value_loss           | 2.7e-05       |
-------------------------------------------
-------------------------------------------
| rollout/                |               |
|    ep_len_mean          | 4.32e+04      |
|    ep_rew_mean          | -0.692        |
| time/                   |               |
|    fps                  | 10753         |
|    iterations           | 135           |
|    time_elapsed         | 359           |
|    total_timesteps      | 3870720       |
| train/                  |               |
|    approx_kl            | 0.00027486842 |
|    clip_fraction        | 0.00352       |
|    clip_range           | 0.2           |
|    entropy_loss         | -0.0155       |
|    explained_variance   | 0.655         |
|    learning_rate        | 0.000288      |
|    loss                 | -0.000701     |
|    n_updates            | 1340          |
|    policy_gradient_loss | -0.000178     |
|    value_loss           | 1.97e-05      |
-------------------------------------------
-------------------------------------------
| rollout/                |               |
|    ep_len_mean          | 4.32e+04      |
|    ep_rew_mean          | -0.692        |
| time/                   |               |
|    fps                  | 10771         |
|    iterations           | 136           |
|    time_elapsed         | 362           |
|    total_timesteps      | 3899392       |
| train/                  |               |
|    approx_kl            | 0.00043139813 |
|    clip_fraction        | 0.0031        |
|    clip_range           | 0.2           |
|    entropy_loss         | -0.014        |
|    explained_variance   | 0.457         |
|    learning_rate        | 0.000288      |
|    loss                 | -0.000543     |
|    n_updates            | 1350          |
|    policy_gradient_loss | -0.000241     |
|    value_loss           | 3.57e-05      |
-------------------------------------------
-------------------------------------------
| rollout/                |               |
|    ep_len_mean          | 4.32e+04      |
|    ep_rew_mean          | -0.692        |
| time/                   |               |
|    fps                  | 10789         |
|    iterations           | 137           |
|    time_elapsed         | 364           |
|    total_timesteps      | 3928064       |
| train/                  |               |
|    approx_kl            | 0.00032634268 |
|    clip_fraction        | 0.00304       |
|    clip_range           | 0.2           |
|    entropy_loss         | -0.0138       |
|    explained_variance   | 0.525         |
|    learning_rate        | 0.000288      |
|    loss                 | -0.00104      |
|    n_updates            | 1360          |
|    policy_gradient_loss | -0.000228     |
|    value_loss           | 2.48e-05      |
-------------------------------------------
------------------------------------------
| rollout/                |              |
|    ep_len_mean          | 4.32e+04     |
|    ep_rew_mean          | -0.692       |
| time/                   |              |
|    fps                  | 10808        |
|    iterations           | 138          |
|    time_elapsed         | 366          |
|    total_timesteps      | 3956736      |
| train/                  |              |
|    approx_kl            | 0.0009963714 |
|    clip_fraction        | 0.00491      |
|    clip_range           | 0.2          |
|    entropy_loss         | -0.0162      |
|    explained_variance   | 0.456        |
|    learning_rate        | 0.000288     |
|    loss                 | -0.00128     |
|    n_updates            | 1370         |
|    policy_gradient_loss | -0.000589    |
|    value_loss           | 3.43e-05     |
------------------------------------------
-------------------------------------------
| rollout/                |               |
|    ep_len_mean          | 4.32e+04      |
|    ep_rew_mean          | -0.692        |
| time/                   |               |
|    fps                  | 10826         |
|    iterations           | 139           |
|    time_elapsed         | 368           |
|    total_timesteps      | 3985408       |
| train/                  |               |
|    approx_kl            | 0.00048153262 |
|    clip_fraction        | 0.00477       |
|    clip_range           | 0.2           |
|    entropy_loss         | -0.0238       |
|    explained_variance   | 0.427         |
|    learning_rate        | 0.000288      |
|    loss                 | -0.000889     |
|    n_updates            | 1380          |
|    policy_gradient_loss | -5.87e-05     |
|    value_loss           | 5.74e-05      |
-------------------------------------------
[valid @4,000,080] BTC-USDT-SWAP: trades=1094 pnl=+704.9
[valid @4,000,080] ETH-USDT-SWAP: trades=2131 pnl=+1053.9
[valid] new best (BTC v9_kpi +0.4835, smoothed +0.3127 | sel +0.1039 mdd 48.5% msl -23.7) -> /home/henjigcp/git/quant_real_RL/models/v9_maskablerl/v9_maskablerl_seed0_0801-0006/v9_maskablerl_seed0_0801-0006_best.zip
-------------------------------------------------------
| rollout/                            |               |
|    ep_len_mean                      | 4.32e+04      |
|    ep_rew_mean                      | -0.692        |
| time/                               |               |
|    fps                              | 10477         |
|    iterations                       | 140           |
|    time_elapsed                     | 383           |
|    total_timesteps                  | 4014080       |
| train/                              |               |
|    approx_kl                        | 0.00039956914 |
|    clip_fraction                    | 0.00418       |
|    clip_range                       | 0.2           |
|    entropy_loss                     | -0.0203       |
|    explained_variance               | 0.341         |
|    learning_rate                    | 0.000288      |
|    loss                             | 0.000283      |
|    n_updates                        | 1390          |
|    policy_gradient_loss             | -0.000157     |
|    value_loss                       | 7.31e-05      |
| valid/                              |               |
|    BTC-USDT-SWAP/compound_mdd_pct   | 48.5          |
|    BTC-USDT-SWAP/compound_multiple  | 450           |
|    BTC-USDT-SWAP/geo_mean_per_trade | 0.0056        |
|    BTC-USDT-SWAP/max_single_loss    | -23.7         |
|    BTC-USDT-SWAP/max_upnl           | 0.288         |
|    BTC-USDT-SWAP/monthly_growth     | 1.68          |
|    BTC-USDT-SWAP/near_liq_n         | 0             |
|    BTC-USDT-SWAP/near_liq_pct       | 0             |
|    BTC-USDT-SWAP/pnl_std            | 4.17          |
|    BTC-USDT-SWAP/sel_monthly_log    | 0.104         |
|    BTC-USDT-SWAP/total_pnl          | 705           |
|    BTC-USDT-SWAP/trades             | 1094          |
|    BTC-USDT-SWAP/trades_per_month   | 92.5          |
|    BTC-USDT-SWAP/v9_kpi             | 0.483         |
|    BTC-USDT-SWAP/v9_kpi_smoothed    | 0.313         |
|    BTC-USDT-SWAP/v9_kpi_z_mdd       | 1.27          |
|    BTC-USDT-SWAP/v9_kpi_z_msl       | 0.526         |
|    BTC-USDT-SWAP/v9_kpi_z_sel       | 0.208         |
|    BTC-USDT-SWAP/win_rate           | 0.536         |
|    ETH-USDT-SWAP/compound_mdd_pct   | 73.1          |
|    ETH-USDT-SWAP/compound_multiple  | 5.33e+03      |
|    ETH-USDT-SWAP/geo_mean_per_trade | 0.00403       |
|    ETH-USDT-SWAP/max_single_loss    | -46.7         |
|    ETH-USDT-SWAP/max_upnl           | 0.365         |
|    ETH-USDT-SWAP/monthly_growth     | 2.07          |
|    ETH-USDT-SWAP/near_liq_n         | 0             |
|    ETH-USDT-SWAP/near_liq_pct       | 0             |
|    ETH-USDT-SWAP/pnl_std            | 4.25          |
|    ETH-USDT-SWAP/total_pnl          | 1.05e+03      |
|    ETH-USDT-SWAP/trades             | 2131          |
|    ETH-USDT-SWAP/trades_per_month   | 180           |
|    ETH-USDT-SWAP/win_rate           | 0.484         |
-------------------------------------------------------
------------------------------------------
| rollout/                |              |
|    ep_len_mean          | 4.32e+04     |
|    ep_rew_mean          | -0.692       |
| time/                   |              |
|    fps                  | 10496        |
|    iterations           | 141          |
|    time_elapsed         | 385          |
|    total_timesteps      | 4042752      |
| train/                  |              |
|    approx_kl            | 0.0006914796 |
|    clip_fraction        | 0.00443      |
|    clip_range           | 0.2          |
|    entropy_loss         | -0.0137      |
|    explained_variance   | 0.407        |
|    learning_rate        | 0.000288     |
|    loss                 | -0.000552    |
|    n_updates            | 1400         |
|    policy_gradient_loss | -0.000589    |
|    value_loss           | 3.63e-05     |
------------------------------------------
-------------------------------------------
| rollout/                |               |
|    ep_len_mean          | 4.32e+04      |
|    ep_rew_mean          | -0.692        |
| time/                   |               |
|    fps                  | 10515         |
|    iterations           | 142           |
|    time_elapsed         | 387           |
|    total_timesteps      | 4071424       |
| train/                  |               |
|    approx_kl            | 0.00069632527 |
|    clip_fraction        | 0.00467       |
|    clip_range           | 0.2           |
|    entropy_loss         | -0.0183       |
|    explained_variance   | 0.534         |
|    learning_rate        | 0.000288      |
|    loss                 | -0.00223      |
|    n_updates            | 1410          |
|    policy_gradient_loss | -0.00042      |
|    value_loss           | 2.88e-05      |
-------------------------------------------
-----------------------------------------
| rollout/                |             |
|    ep_len_mean          | 4.32e+04    |
|    ep_rew_mean          | -0.692      |
| time/                   |             |
|    fps                  | 10534       |
|    iterations           | 143         |
|    time_elapsed         | 389         |
|    total_timesteps      | 4100096     |
| train/                  |             |
|    approx_kl            | 0.000599384 |
|    clip_fraction        | 0.00575     |
|    clip_range           | 0.2         |
|    entropy_loss         | -0.0284     |
|    explained_variance   | 0.321       |
|    learning_rate        | 0.000288    |
|    loss                 | -0.00164    |
|    n_updates            | 1420        |
|    policy_gradient_loss | -0.000586   |
|    value_loss           | 7.58e-05    |
-----------------------------------------
-------------------------------------------
| rollout/                |               |
|    ep_len_mean          | 4.32e+04      |
|    ep_rew_mean          | -0.692        |
| time/                   |               |
|    fps                  | 10552         |
|    iterations           | 144           |
|    time_elapsed         | 391           |
|    total_timesteps      | 4128768       |
| train/                  |               |
|    approx_kl            | 0.00045865896 |
|    clip_fraction        | 0.0042        |
|    clip_range           | 0.2           |
|    entropy_loss         | -0.0284       |
|    explained_variance   | 0.435         |
|    learning_rate        | 0.000288      |
|    loss                 | -0.000745     |
|    n_updates            | 1430          |
|    policy_gradient_loss | -0.000113     |
|    value_loss           | 4.7e-05       |
-------------------------------------------
------------------------------------------
| rollout/                |              |
|    ep_len_mean          | 4.32e+04     |
|    ep_rew_mean          | -0.692       |
| time/                   |              |
|    fps                  | 10570        |
|    iterations           | 145          |
|    time_elapsed         | 393          |
|    total_timesteps      | 4157440      |
| train/                  |              |
|    approx_kl            | 0.0003043985 |
|    clip_fraction        | 0.00354      |
|    clip_range           | 0.2          |
|    entropy_loss         | -0.0176      |
|    explained_variance   | 0.551        |
|    learning_rate        | 0.000288     |
|    loss                 | -1.09e-05    |
|    n_updates            | 1440         |
|    policy_gradient_loss | -0.000304    |
|    value_loss           | 2.58e-05     |
------------------------------------------
-------------------------------------------
| rollout/                |               |
|    ep_len_mean          | 4.32e+04      |
|    ep_rew_mean          | -0.692        |
| time/                   |               |
|    fps                  | 10589         |
|    iterations           | 146           |
|    time_elapsed         | 395           |
|    total_timesteps      | 4186112       |
| train/                  |               |
|    approx_kl            | 0.00047518662 |
|    clip_fraction        | 0.00402       |
|    clip_range           | 0.2           |
|    entropy_loss         | -0.023        |
|    explained_variance   | 0.508         |
|    learning_rate        | 0.000288      |
|    loss                 | -0.000407     |
|    n_updates            | 1450          |
|    policy_gradient_loss | -0.000193     |
|    value_loss           | 4.94e-05      |
-------------------------------------------
-------------------------------------------
| rollout/                |               |
|    ep_len_mean          | 4.32e+04      |
|    ep_rew_mean          | -0.692        |
| time/                   |               |
|    fps                  | 10606         |
|    iterations           | 147           |
|    time_elapsed         | 397           |
|    total_timesteps      | 4214784       |
| train/                  |               |
|    approx_kl            | 0.00030363453 |
|    clip_fraction        | 0.00373       |
|    clip_range           | 0.2           |
|    entropy_loss         | -0.022        |
|    explained_variance   | 0.348         |
|    learning_rate        | 0.000287      |
|    loss                 | -0.000574     |
|    n_updates            | 1460          |
|    policy_gradient_loss | -0.000295     |
|    value_loss           | 5.04e-05      |
-------------------------------------------
-----------------------------------------
| rollout/                |             |
|    ep_len_mean          | 4.32e+04    |
|    ep_rew_mean          | -0.543      |
| time/                   |             |
|    fps                  | 10620       |
|    iterations           | 148         |
|    time_elapsed         | 399         |
|    total_timesteps      | 4243456     |
| train/                  |             |
|    approx_kl            | 0.000453945 |
|    clip_fraction        | 0.00491     |
|    clip_range           | 0.2         |
|    entropy_loss         | -0.0217     |
|    explained_variance   | 0.494       |
|    learning_rate        | 0.000287    |
|    loss                 | -0.000551   |
|    n_updates            | 1470        |
|    policy_gradient_loss | -0.00045    |
|    value_loss           | 6.14e-05    |
-----------------------------------------
-------------------------------------------
| rollout/                |               |
|    ep_len_mean          | 4.33e+04      |
|    ep_rew_mean          | -0.52         |
| time/                   |               |
|    fps                  | 10635         |
|    iterations           | 149           |
|    time_elapsed         | 401           |
|    total_timesteps      | 4272128       |
| train/                  |               |
|    approx_kl            | 0.00037300776 |
|    clip_fraction        | 0.00304       |
|    clip_range           | 0.2           |
|    entropy_loss         | -0.0204       |
|    explained_variance   | 0.443         |
|    learning_rate        | 0.000287      |
|    loss                 | -0.00103      |
|    n_updates            | 1480          |
|    policy_gradient_loss | -0.000372     |
|    value_loss           | 3.62e-05      |
-------------------------------------------
-------------------------------------------
| rollout/                |               |
|    ep_len_mean          | 4.33e+04      |
|    ep_rew_mean          | -0.52         |
| time/                   |               |
|    fps                  | 10652         |
|    iterations           | 150           |
|    time_elapsed         | 403           |
|    total_timesteps      | 4300800       |
| train/                  |               |
|    approx_kl            | 0.00031302823 |
|    clip_fraction        | 0.00314       |
|    clip_range           | 0.2           |
|    entropy_loss         | -0.0157       |
|    explained_variance   | 0.503         |
|    learning_rate        | 0.000287      |
|    loss                 | -0.000894     |
|    n_updates            | 1490          |
|    policy_gradient_loss | -0.000274     |
|    value_loss           | 3.83e-05      |
-------------------------------------------
------------------------------------------
| rollout/                |              |
|    ep_len_mean          | 4.33e+04     |
|    ep_rew_mean          | -0.52        |
| time/                   |              |
|    fps                  | 10669        |
|    iterations           | 151          |
|    time_elapsed         | 405          |
|    total_timesteps      | 4329472      |
| train/                  |              |
|    approx_kl            | 0.0006389861 |
|    clip_fraction        | 0.00479      |
|    clip_range           | 0.2          |
|    entropy_loss         | -0.0199      |
|    explained_variance   | 0.405        |
|    learning_rate        | 0.000287     |
|    loss                 | -0.0018      |
|    n_updates            | 1500         |
|    policy_gradient_loss | -0.000395    |
|    value_loss           | 4.76e-05     |
------------------------------------------
-------------------------------------------
| rollout/                |               |
|    ep_len_mean          | 4.33e+04      |
|    ep_rew_mean          | -0.52         |
| time/                   |               |
|    fps                  | 10684         |
|    iterations           | 152           |
|    time_elapsed         | 407           |
|    total_timesteps      | 4358144       |
| train/                  |               |
|    approx_kl            | 0.00038198955 |
|    clip_fraction        | 0.00291       |
|    clip_range           | 0.2           |
|    entropy_loss         | -0.0149       |
|    explained_variance   | 0.413         |
|    learning_rate        | 0.000287      |
|    loss                 | -0.000116     |
|    n_updates            | 1510          |
|    policy_gradient_loss | -0.000238     |
|    value_loss           | 4.61e-05      |
-------------------------------------------
-------------------------------------------
| rollout/                |               |
|    ep_len_mean          | 4.33e+04      |
|    ep_rew_mean          | -0.52         |
| time/                   |               |
|    fps                  | 10699         |
|    iterations           | 153           |
|    time_elapsed         | 410           |
|    total_timesteps      | 4386816       |
| train/                  |               |
|    approx_kl            | 0.00092890847 |
|    clip_fraction        | 0.00505       |
|    clip_range           | 0.2           |
|    entropy_loss         | -0.0199       |
|    explained_variance   | 0.583         |
|    learning_rate        | 0.000287      |
|    loss                 | 0.000396      |
|    n_updates            | 1520          |
|    policy_gradient_loss | -0.000549     |
|    value_loss           | 6.31e-05      |
-------------------------------------------
-------------------------------------------
| rollout/                |               |
|    ep_len_mean          | 4.33e+04      |
|    ep_rew_mean          | -0.52         |
| time/                   |               |
|    fps                  | 10715         |
|    iterations           | 154           |
|    time_elapsed         | 412           |
|    total_timesteps      | 4415488       |
| train/                  |               |
|    approx_kl            | 0.00049213937 |
|    clip_fraction        | 0.00521       |
|    clip_range           | 0.2           |
|    entropy_loss         | -0.0229       |
|    explained_variance   | 0.574         |
|    learning_rate        | 0.000287      |
|    loss                 | -0.00407      |
|    n_updates            | 1530          |
|    policy_gradient_loss | -0.000539     |
|    value_loss           | 8.72e-05      |
-------------------------------------------
-------------------------------------------
| rollout/                |               |
|    ep_len_mean          | 4.33e+04      |
|    ep_rew_mean          | -0.52         |
| time/                   |               |
|    fps                  | 10733         |
|    iterations           | 155           |
|    time_elapsed         | 414           |
|    total_timesteps      | 4444160       |
| train/                  |               |
|    approx_kl            | 0.00038993708 |
|    clip_fraction        | 0.00314       |
|    clip_range           | 0.2           |
|    entropy_loss         | -0.0171       |
|    explained_variance   | 0.437         |
|    learning_rate        | 0.000287      |
|    loss                 | 0.00373       |
|    n_updates            | 1540          |
|    policy_gradient_loss | -0.000249     |
|    value_loss           | 6.87e-05      |
-------------------------------------------
------------------------------------------
| rollout/                |              |
|    ep_len_mean          | 4.33e+04     |
|    ep_rew_mean          | -0.52        |
| time/                   |              |
|    fps                  | 10749        |
|    iterations           | 156          |
|    time_elapsed         | 416          |
|    total_timesteps      | 4472832      |
| train/                  |              |
|    approx_kl            | 0.0003238022 |
|    clip_fraction        | 0.0041       |
|    clip_range           | 0.2          |
|    entropy_loss         | -0.0202      |
|    explained_variance   | 0.534        |
|    learning_rate        | 0.000287     |
|    loss                 | -0.000252    |
|    n_updates            | 1550         |
|    policy_gradient_loss | -0.00025     |
|    value_loss           | 5.03e-05     |
------------------------------------------
[valid @4,500,090] BTC-USDT-SWAP: trades=1161 pnl=+629.8
[valid @4,500,090] ETH-USDT-SWAP: trades=1538 pnl=+1120.5
[valid] new best (BTC v9_kpi +0.4539, smoothed +0.4006 | sel +0.0616 mdd 46.5% msl -23.8) -> /home/henjigcp/git/quant_real_RL/models/v9_maskablerl/v9_maskablerl_seed0_0801-0006/v9_maskablerl_seed0_0801-0006_best.zip
-------------------------------------------------------
| rollout/                            |               |
|    ep_len_mean                      | 4.33e+04      |
|    ep_rew_mean                      | -0.52         |
| time/                               |               |
|    fps                              | 10448         |
|    iterations                       | 157           |
|    time_elapsed                     | 430           |
|    total_timesteps                  | 4501504       |
| train/                              |               |
|    approx_kl                        | 0.00036840708 |
|    clip_fraction                    | 0.00312       |
|    clip_range                       | 0.2           |
|    entropy_loss                     | -0.0198       |
|    explained_variance               | 0.535         |
|    learning_rate                    | 0.000287      |
|    loss                             | -0.000808     |
|    n_updates                        | 1560          |
|    policy_gradient_loss             | -0.000287     |
|    value_loss                       | 6.59e-05      |
| valid/                              |               |
|    BTC-USDT-SWAP/compound_mdd_pct   | 46.5          |
|    BTC-USDT-SWAP/compound_multiple  | 218           |
|    BTC-USDT-SWAP/geo_mean_per_trade | 0.00465       |
|    BTC-USDT-SWAP/max_single_loss    | -23.8         |
|    BTC-USDT-SWAP/max_upnl           | 0.233         |
|    BTC-USDT-SWAP/monthly_growth     | 1.58          |
|    BTC-USDT-SWAP/near_liq_n         | 0             |
|    BTC-USDT-SWAP/near_liq_pct       | 0             |
|    BTC-USDT-SWAP/pnl_std            | 3.96          |
|    BTC-USDT-SWAP/sel_monthly_log    | 0.0616        |
|    BTC-USDT-SWAP/total_pnl          | 630           |
|    BTC-USDT-SWAP/trades             | 1161          |
|    BTC-USDT-SWAP/trades_per_month   | 98.2          |
|    BTC-USDT-SWAP/v9_kpi             | 0.454         |
|    BTC-USDT-SWAP/v9_kpi_smoothed    | 0.401         |
|    BTC-USDT-SWAP/v9_kpi_z_mdd       | 1.38          |
|    BTC-USDT-SWAP/v9_kpi_z_msl       | 0.515         |
|    BTC-USDT-SWAP/v9_kpi_z_sel       | 0.123         |
|    BTC-USDT-SWAP/win_rate           | 0.572         |
|    ETH-USDT-SWAP/compound_mdd_pct   | 67.2          |
|    ETH-USDT-SWAP/compound_multiple  | 1.15e+04      |
|    ETH-USDT-SWAP/geo_mean_per_trade | 0.0061        |
|    ETH-USDT-SWAP/max_single_loss    | -41.5         |
|    ETH-USDT-SWAP/max_upnl           | 0.353         |
|    ETH-USDT-SWAP/monthly_growth     | 2.2           |
|    ETH-USDT-SWAP/near_liq_n         | 0             |
|    ETH-USDT-SWAP/near_liq_pct       | 0             |
|    ETH-USDT-SWAP/pnl_std            | 4.84          |
|    ETH-USDT-SWAP/total_pnl          | 1.12e+03      |
|    ETH-USDT-SWAP/trades             | 1538          |
|    ETH-USDT-SWAP/trades_per_month   | 130           |
|    ETH-USDT-SWAP/win_rate           | 0.616         |
-------------------------------------------------------
-------------------------------------------
| rollout/                |               |
|    ep_len_mean          | 4.33e+04      |
|    ep_rew_mean          | -0.52         |
| time/                   |               |
|    fps                  | 10466         |
|    iterations           | 158           |
|    time_elapsed         | 432           |
|    total_timesteps      | 4530176       |
| train/                  |               |
|    approx_kl            | 0.00041684383 |
|    clip_fraction        | 0.0039        |
|    clip_range           | 0.2           |
|    entropy_loss         | -0.0226       |
|    explained_variance   | 0.528         |
|    learning_rate        | 0.000286      |
|    loss                 | -0.000632     |
|    n_updates            | 1570          |
|    policy_gradient_loss | -0.000416     |
|    value_loss           | 9.2e-05       |
-------------------------------------------
-------------------------------------------
| rollout/                |               |
|    ep_len_mean          | 4.33e+04      |
|    ep_rew_mean          | -0.52         |
| time/                   |               |
|    fps                  | 10483         |
|    iterations           | 159           |
|    time_elapsed         | 434           |
|    total_timesteps      | 4558848       |
| train/                  |               |
|    approx_kl            | 0.00043325571 |
|    clip_fraction        | 0.00485       |
|    clip_range           | 0.2           |
|    entropy_loss         | -0.0296       |
|    explained_variance   | 0.519         |
|    learning_rate        | 0.000286      |
|    loss                 | -4.53e-05     |
|    n_updates            | 1580          |
|    policy_gradient_loss | -0.000346     |
|    value_loss           | 0.000107      |
-------------------------------------------
------------------------------------------
| rollout/                |              |
|    ep_len_mean          | 4.33e+04     |
|    ep_rew_mean          | -0.52        |
| time/                   |              |
|    fps                  | 10500        |
|    iterations           | 160          |
|    time_elapsed         | 436          |
|    total_timesteps      | 4587520      |
| train/                  |              |
|    approx_kl            | 0.0007208932 |
|    clip_fraction        | 0.00527      |
|    clip_range           | 0.2          |
|    entropy_loss         | -0.0249      |
|    explained_variance   | 0.381        |
|    learning_rate        | 0.000286     |
|    loss                 | -0.0013      |
|    n_updates            | 1590         |
|    policy_gradient_loss | -0.000398    |
|    value_loss           | 9.78e-05     |
------------------------------------------
------------------------------------------
| rollout/                |              |
|    ep_len_mean          | 4.33e+04     |
|    ep_rew_mean          | -0.52        |
| time/                   |              |
|    fps                  | 10515        |
|    iterations           | 161          |
|    time_elapsed         | 438          |
|    total_timesteps      | 4616192      |
| train/                  |              |
|    approx_kl            | 0.0003747175 |
|    clip_fraction        | 0.00304      |
|    clip_range           | 0.2          |
|    entropy_loss         | -0.0226      |
|    explained_variance   | 0.299        |
|    learning_rate        | 0.000286     |
|    loss                 | -0.000976    |
|    n_updates            | 1600         |
|    policy_gradient_loss | -0.000167    |
|    value_loss           | 9.66e-05     |
------------------------------------------
-------------------------------------------
| rollout/                |               |
|    ep_len_mean          | 4.33e+04      |
|    ep_rew_mean          | -0.52         |
| time/                   |               |
|    fps                  | 10530         |
|    iterations           | 162           |
|    time_elapsed         | 441           |
|    total_timesteps      | 4644864       |
| train/                  |               |
|    approx_kl            | 0.00030618664 |
|    clip_fraction        | 0.00367       |
|    clip_range           | 0.2           |
|    entropy_loss         | -0.0219       |
|    explained_variance   | 0.379         |
|    learning_rate        | 0.000286      |
|    loss                 | -0.000385     |
|    n_updates            | 1610          |
|    policy_gradient_loss | -0.000246     |
|    value_loss           | 6.28e-05      |
-------------------------------------------
-------------------------------------------
| rollout/                |               |
|    ep_len_mean          | 4.33e+04      |
|    ep_rew_mean          | -0.52         |
| time/                   |               |
|    fps                  | 10547         |
|    iterations           | 163           |
|    time_elapsed         | 443           |
|    total_timesteps      | 4673536       |
| train/                  |               |
|    approx_kl            | 0.00039685797 |
|    clip_fraction        | 0.00323       |
|    clip_range           | 0.2           |
|    entropy_loss         | -0.0207       |
|    explained_variance   | 0.401         |
|    learning_rate        | 0.000286      |
|    loss                 | -0.00132      |
|    n_updates            | 1620          |
|    policy_gradient_loss | -0.000294     |
|    value_loss           | 5.17e-05      |
-------------------------------------------
-------------------------------------------
| rollout/                |               |
|    ep_len_mean          | 4.33e+04      |
|    ep_rew_mean          | -0.52         |
| time/                   |               |
|    fps                  | 10564         |
|    iterations           | 164           |
|    time_elapsed         | 445           |
|    total_timesteps      | 4702208       |
| train/                  |               |
|    approx_kl            | 0.00081536215 |
|    clip_fraction        | 0.00477       |
|    clip_range           | 0.2           |
|    entropy_loss         | -0.0173       |
|    explained_variance   | 0.405         |
|    learning_rate        | 0.000286      |
|    loss                 | 0.000311      |
|    n_updates            | 1630          |
|    policy_gradient_loss | -0.000275     |
|    value_loss           | 5.02e-05      |
-------------------------------------------
-------------------------------------------
| rollout/                |               |
|    ep_len_mean          | 4.33e+04      |
|    ep_rew_mean          | -0.52         |
| time/                   |               |
|    fps                  | 10580         |
|    iterations           | 165           |
|    time_elapsed         | 447           |
|    total_timesteps      | 4730880       |
| train/                  |               |
|    approx_kl            | 0.00019494884 |
|    clip_fraction        | 0.0022        |
|    clip_range           | 0.2           |
|    entropy_loss         | -0.0147       |
|    explained_variance   | 0.416         |
|    learning_rate        | 0.000286      |
|    loss                 | -4.65e-05     |
|    n_updates            | 1640          |
|    policy_gradient_loss | -0.000181     |
|    value_loss           | 5.41e-05      |
-------------------------------------------
------------------------------------------
| rollout/                |              |
|    ep_len_mean          | 4.33e+04     |
|    ep_rew_mean          | -0.52        |
| time/                   |              |
|    fps                  | 10597        |
|    iterations           | 166          |
|    time_elapsed         | 449          |
|    total_timesteps      | 4759552      |
| train/                  |              |
|    approx_kl            | 0.0002857487 |
|    clip_fraction        | 0.00312      |
|    clip_range           | 0.2          |
|    entropy_loss         | -0.0128      |
|    explained_variance   | 0.517        |
|    learning_rate        | 0.000286     |
|    loss                 | 0.000227     |
|    n_updates            | 1650         |
|    policy_gradient_loss | -0.000237    |
|    value_loss           | 5.47e-05     |
------------------------------------------
------------------------------------------
| rollout/                |              |
|    ep_len_mean          | 4.33e+04     |
|    ep_rew_mean          | -0.52        |
| time/                   |              |
|    fps                  | 10613        |
|    iterations           | 167          |
|    time_elapsed         | 451          |
|    total_timesteps      | 4788224      |
| train/                  |              |
|    approx_kl            | 0.0005810155 |
|    clip_fraction        | 0.00273      |
|    clip_range           | 0.2          |
|    entropy_loss         | -0.0143      |
|    explained_variance   | 0.592        |
|    learning_rate        | 0.000286     |
|    loss                 | -0.00276     |
|    n_updates            | 1660         |
|    policy_gradient_loss | -0.000341    |
|    value_loss           | 3.04e-05     |
------------------------------------------
-----------------------------------------
| rollout/                |             |
|    ep_len_mean          | 4.33e+04    |
|    ep_rew_mean          | -0.52       |
| time/                   |             |
|    fps                  | 10630       |
|    iterations           | 168         |
|    time_elapsed         | 453         |
|    total_timesteps      | 4816896     |
| train/                  |             |
|    approx_kl            | 0.000765286 |
|    clip_fraction        | 0.00479     |
|    clip_range           | 0.2         |
|    entropy_loss         | -0.0162     |
|    explained_variance   | 0.339       |
|    learning_rate        | 0.000286    |
|    loss                 | 0.000856    |
|    n_updates            | 1670        |
|    policy_gradient_loss | -0.0004     |
|    value_loss           | 6.6e-05     |
-----------------------------------------
-------------------------------------------
| rollout/                |               |
|    ep_len_mean          | 4.33e+04      |
|    ep_rew_mean          | -0.164        |
| time/                   |               |
|    fps                  | 10646         |
|    iterations           | 169           |
|    time_elapsed         | 455           |
|    total_timesteps      | 4845568       |
| train/                  |               |
|    approx_kl            | 0.00070504367 |
|    clip_fraction        | 0.0052        |
|    clip_range           | 0.2           |
|    entropy_loss         | -0.0184       |
|    explained_variance   | 0.424         |
|    learning_rate        | 0.000286      |
|    loss                 | -0.0018       |
|    n_updates            | 1680          |
|    policy_gradient_loss | -0.000674     |
|    value_loss           | 6e-05         |
-------------------------------------------
-------------------------------------------
| rollout/                |               |
|    ep_len_mean          | 4.33e+04      |
|    ep_rew_mean          | 0.301         |
| time/                   |               |
|    fps                  | 10660         |
|    iterations           | 170           |
|    time_elapsed         | 457           |
|    total_timesteps      | 4874240       |
| train/                  |               |
|    approx_kl            | 0.00030399062 |
|    clip_fraction        | 0.00403       |
|    clip_range           | 0.2           |
|    entropy_loss         | -0.0169       |
|    explained_variance   | 0.52          |
|    learning_rate        | 0.000285      |
|    loss                 | -0.00143      |
|    n_updates            | 1690          |
|    policy_gradient_loss | -0.000167     |
|    value_loss           | 5.74e-05      |
-------------------------------------------
------------------------------------------
| rollout/                |              |
|    ep_len_mean          | 4.33e+04     |
|    ep_rew_mean          | 0.301        |
| time/                   |              |
|    fps                  | 10672        |
|    iterations           | 171          |
|    time_elapsed         | 459          |
|    total_timesteps      | 4902912      |
| train/                  |              |
|    approx_kl            | 0.0004084864 |
|    clip_fraction        | 0.00363      |
|    clip_range           | 0.2          |
|    entropy_loss         | -0.0183      |
|    explained_variance   | 0.453        |
|    learning_rate        | 0.000285     |
|    loss                 | -0.000174    |
|    n_updates            | 1700         |
|    policy_gradient_loss | -0.00021     |
|    value_loss           | 5.44e-05     |
------------------------------------------
------------------------------------------
| rollout/                |              |
|    ep_len_mean          | 4.33e+04     |
|    ep_rew_mean          | 0.301        |
| time/                   |              |
|    fps                  | 10684        |
|    iterations           | 172          |
|    time_elapsed         | 461          |
|    total_timesteps      | 4931584      |
| train/                  |              |
|    approx_kl            | 0.0006869378 |
|    clip_fraction        | 0.0047       |
|    clip_range           | 0.2          |
|    entropy_loss         | -0.0214      |
|    explained_variance   | 0.338        |
|    learning_rate        | 0.000285     |
|    loss                 | -0.000906    |
|    n_updates            | 1710         |
|    policy_gradient_loss | -0.000266    |
|    value_loss           | 6.54e-05     |
------------------------------------------
------------------------------------------
| rollout/                |              |
|    ep_len_mean          | 4.33e+04     |
|    ep_rew_mean          | 0.301        |
| time/                   |              |
|    fps                  | 10699        |
|    iterations           | 173          |
|    time_elapsed         | 463          |
|    total_timesteps      | 4960256      |
| train/                  |              |
|    approx_kl            | 0.0006644413 |
|    clip_fraction        | 0.00452      |
|    clip_range           | 0.2          |
|    entropy_loss         | -0.0215      |
|    explained_variance   | 0.301        |
|    learning_rate        | 0.000285     |
|    loss                 | -0.00153     |
|    n_updates            | 1720         |
|    policy_gradient_loss | -0.000177    |
|    value_loss           | 7.03e-05     |
------------------------------------------
------------------------------------------
| rollout/                |              |
|    ep_len_mean          | 4.33e+04     |
|    ep_rew_mean          | 0.301        |
| time/                   |              |
|    fps                  | 10713        |
|    iterations           | 174          |
|    time_elapsed         | 465          |
|    total_timesteps      | 4988928      |
| train/                  |              |
|    approx_kl            | 0.0003267514 |
|    clip_fraction        | 0.00296      |
|    clip_range           | 0.2          |
|    entropy_loss         | -0.0172      |
|    explained_variance   | 0.386        |
|    learning_rate        | 0.000285     |
|    loss                 | -0.00161     |
|    n_updates            | 1730         |
|    policy_gradient_loss | -0.00026     |
|    value_loss           | 6.29e-05     |
------------------------------------------
[valid @5,000,100] BTC-USDT-SWAP: trades=1231 pnl=+541.9
[valid @5,000,100] ETH-USDT-SWAP: trades=1809 pnl=+1110.0
------------------------------------------------------
| rollout/                            |              |
|    ep_len_mean                      | 4.33e+04     |
|    ep_rew_mean                      | 0.301        |
| time/                               |              |
|    fps                              | 10442        |
|    iterations                       | 175          |
|    time_elapsed                     | 480          |
|    total_timesteps                  | 5017600      |
| train/                              |              |
|    approx_kl                        | 0.0003703455 |
|    clip_fraction                    | 0.00361      |
|    clip_range                       | 0.2          |
|    entropy_loss                     | -0.0169      |
|    explained_variance               | 0.517        |
|    learning_rate                    | 0.000285     |
|    loss                             | -0.00171     |
|    n_updates                        | 1740         |
|    policy_gradient_loss             | -0.000186    |
|    value_loss                       | 3.15e-05     |
| valid/                              |              |
|    BTC-USDT-SWAP/compound_mdd_pct   | 58.1         |
|    BTC-USDT-SWAP/compound_multiple  | 98.4         |
|    BTC-USDT-SWAP/geo_mean_per_trade | 0.00373      |
|    BTC-USDT-SWAP/max_single_loss    | -23.8        |
|    BTC-USDT-SWAP/max_upnl           | 0.166        |
|    BTC-USDT-SWAP/monthly_growth     | 1.47         |
|    BTC-USDT-SWAP/near_liq_n         | 0            |
|    BTC-USDT-SWAP/near_liq_pct       | 0            |
|    BTC-USDT-SWAP/pnl_std            | 3.62         |
|    BTC-USDT-SWAP/sel_monthly_log    | -0.00409     |
|    BTC-USDT-SWAP/total_pnl          | 542          |
|    BTC-USDT-SWAP/trades             | 1231         |
|    BTC-USDT-SWAP/trades_per_month   | 104          |
|    BTC-USDT-SWAP/v9_kpi             | 0.238        |
|    BTC-USDT-SWAP/v9_kpi_smoothed    | 0.392        |
|    BTC-USDT-SWAP/v9_kpi_z_mdd       | 0.699        |
|    BTC-USDT-SWAP/v9_kpi_z_msl       | 0.515        |
|    BTC-USDT-SWAP/v9_kpi_z_sel       | -0.00819     |
|    BTC-USDT-SWAP/win_rate           | 0.548        |
|    ETH-USDT-SWAP/compound_mdd_pct   | 71.3         |
|    ETH-USDT-SWAP/compound_multiple  | 1.22e+04     |
|    ETH-USDT-SWAP/geo_mean_per_trade | 0.00522      |
|    ETH-USDT-SWAP/max_single_loss    | -41.5        |
|    ETH-USDT-SWAP/max_upnl           | 0.219        |
|    ETH-USDT-SWAP/monthly_growth     | 2.22         |
|    ETH-USDT-SWAP/near_liq_n         | 0            |
|    ETH-USDT-SWAP/near_liq_pct       | 0            |
|    ETH-USDT-SWAP/pnl_std            | 4.19         |
|    ETH-USDT-SWAP/total_pnl          | 1.11e+03     |
|    ETH-USDT-SWAP/trades             | 1809         |
|    ETH-USDT-SWAP/trades_per_month   | 153          |
|    ETH-USDT-SWAP/win_rate           | 0.598        |
------------------------------------------------------
-------------------------------------------
| rollout/                |               |
|    ep_len_mean          | 4.33e+04      |
|    ep_rew_mean          | 0.301         |
| time/                   |               |
|    fps                  | 10457         |
|    iterations           | 176           |
|    time_elapsed         | 482           |
|    total_timesteps      | 5046272       |
| train/                  |               |
|    approx_kl            | 0.00027322583 |
|    clip_fraction        | 0.00284       |
|    clip_range           | 0.2           |
|    entropy_loss         | -0.0184       |
|    explained_variance   | 0.324         |
|    learning_rate        | 0.000285      |
|    loss                 | -0.000736     |
|    n_updates            | 1750          |
|    policy_gradient_loss | -0.000105     |
|    value_loss           | 5.5e-05       |
-------------------------------------------
-------------------------------------------
| rollout/                |               |
|    ep_len_mean          | 4.33e+04      |
|    ep_rew_mean          | 0.301         |
| time/                   |               |
|    fps                  | 10472         |
|    iterations           | 177           |
|    time_elapsed         | 484           |
|    total_timesteps      | 5074944       |
| train/                  |               |
|    approx_kl            | 0.00064647675 |
|    clip_fraction        | 0.0055        |
|    clip_range           | 0.2           |
|    entropy_loss         | -0.0214       |
|    explained_variance   | 0.369         |
|    learning_rate        | 0.000285      |
|    loss                 | -0.000915     |
|    n_updates            | 1760          |
|    policy_gradient_loss | -0.000377     |
|    value_loss           | 4.94e-05      |
-------------------------------------------
-------------------------------------------
| rollout/                |               |
|    ep_len_mean          | 4.33e+04      |
|    ep_rew_mean          | 0.301         |
| time/                   |               |
|    fps                  | 10487         |
|    iterations           | 178           |
|    time_elapsed         | 486           |
|    total_timesteps      | 5103616       |
| train/                  |               |
|    approx_kl            | 0.00044884442 |
|    clip_fraction        | 0.00442       |
|    clip_range           | 0.2           |
|    entropy_loss         | -0.0185       |
|    explained_variance   | 0.405         |
|    learning_rate        | 0.000285      |
|    loss                 | -0.00306      |
|    n_updates            | 1770          |
|    policy_gradient_loss | -0.000275     |
|    value_loss           | 5.63e-05      |
-------------------------------------------
------------------------------------------
| rollout/                |              |
|    ep_len_mean          | 4.33e+04     |
|    ep_rew_mean          | 0.301        |
| time/                   |              |
|    fps                  | 10501        |
|    iterations           | 179          |
|    time_elapsed         | 488          |
|    total_timesteps      | 5132288      |
| train/                  |              |
|    approx_kl            | 0.0003684515 |
|    clip_fraction        | 0.00363      |
|    clip_range           | 0.2          |
|    entropy_loss         | -0.0145      |
|    explained_variance   | 0.443        |
|    learning_rate        | 0.000285     |
|    loss                 | -0.000275    |
|    n_updates            | 1780         |
|    policy_gradient_loss | -0.000235    |
|    value_loss           | 4.22e-05     |
------------------------------------------
---------------------------------------
| rollout/                |           |
|    ep_len_mean          | 4.33e+04  |
|    ep_rew_mean          | 0.301     |
| time/                   |           |
|    fps                  | 10515     |
|    iterations           | 180       |
|    time_elapsed         | 490       |
|    total_timesteps      | 5160960   |
| train/                  |           |
|    approx_kl            | 0.0022994 |
|    clip_fraction        | 0.0075    |
|    clip_range           | 0.2       |
|    entropy_loss         | -0.0207   |
|    explained_variance   | 0.433     |
|    learning_rate        | 0.000285  |
|    loss                 | -0.00197  |
|    n_updates            | 1790      |
|    policy_gradient_loss | -0.00101  |
|    value_loss           | 0.000239  |
---------------------------------------
-------------------------------------------
| rollout/                |               |
|    ep_len_mean          | 4.33e+04      |
|    ep_rew_mean          | 0.301         |
| time/                   |               |
|    fps                  | 10530         |
|    iterations           | 181           |
|    time_elapsed         | 492           |
|    total_timesteps      | 5189632       |
| train/                  |               |
|    approx_kl            | 0.00048046434 |
|    clip_fraction        | 0.0052        |
|    clip_range           | 0.2           |
|    entropy_loss         | -0.0205       |
|    explained_variance   | 0.567         |
|    learning_rate        | 0.000285      |
|    loss                 | -0.000185     |
|    n_updates            | 1800          |
|    policy_gradient_loss | -0.000448     |
|    value_loss           | 8.94e-05      |
-------------------------------------------
------------------------------------------
| rollout/                |              |
|    ep_len_mean          | 4.33e+04     |
|    ep_rew_mean          | 0.301        |
| time/                   |              |
|    fps                  | 10544        |
|    iterations           | 182          |
|    time_elapsed         | 494          |
|    total_timesteps      | 5218304      |
| train/                  |              |
|    approx_kl            | 0.0005791218 |
|    clip_fraction        | 0.00504      |
|    clip_range           | 0.2          |
|    entropy_loss         | -0.0205      |
|    explained_variance   | 0.355        |
|    learning_rate        | 0.000284     |
|    loss                 | -0.000757    |
|    n_updates            | 1810         |
|    policy_gradient_loss | -0.000376    |
|    value_loss           | 5.51e-05     |
------------------------------------------
------------------------------------------
| rollout/                |              |
|    ep_len_mean          | 4.33e+04     |
|    ep_rew_mean          | 0.301        |
| time/                   |              |
|    fps                  | 10559        |
|    iterations           | 183          |
|    time_elapsed         | 496          |
|    total_timesteps      | 5246976      |
| train/                  |              |
|    approx_kl            | 0.0004621129 |
|    clip_fraction        | 0.00388      |
|    clip_range           | 0.2          |
|    entropy_loss         | -0.022       |
|    explained_variance   | 0.527        |
|    learning_rate        | 0.000284     |
|    loss                 | -0.000166    |
|    n_updates            | 1820         |
|    policy_gradient_loss | -0.000354    |
|    value_loss           | 8.13e-05     |
------------------------------------------
-------------------------------------------
| rollout/                |               |
|    ep_len_mean          | 4.33e+04      |
|    ep_rew_mean          | 0.301         |
| time/                   |               |
|    fps                  | 10572         |
|    iterations           | 184           |
|    time_elapsed         | 499           |
|    total_timesteps      | 5275648       |
| train/                  |               |
|    approx_kl            | 0.00056133326 |
|    clip_fraction        | 0.00438       |
|    clip_range           | 0.2           |
|    entropy_loss         | -0.02         |
|    explained_variance   | 0.312         |
|    learning_rate        | 0.000284      |
|    loss                 | -0.000872     |
|    n_updates            | 1830          |
|    policy_gradient_loss | -0.000336     |
|    value_loss           | 5.29e-05      |
-------------------------------------------
------------------------------------------
| rollout/                |              |
|    ep_len_mean          | 4.33e+04     |
|    ep_rew_mean          | 0.301        |
| time/                   |              |
|    fps                  | 10584        |
|    iterations           | 185          |
|    time_elapsed         | 501          |
|    total_timesteps      | 5304320      |
| train/                  |              |
|    approx_kl            | 0.0004795324 |
|    clip_fraction        | 0.00478      |
|    clip_range           | 0.2          |
|    entropy_loss         | -0.0233      |
|    explained_variance   | 0.463        |
|    learning_rate        | 0.000284     |
|    loss                 | -0.00392     |
|    n_updates            | 1840         |
|    policy_gradient_loss | -0.000327    |
|    value_loss           | 4.84e-05     |
------------------------------------------
-------------------------------------------
| rollout/                |               |
|    ep_len_mean          | 4.33e+04      |
|    ep_rew_mean          | 0.301         |
| time/                   |               |
|    fps                  | 10597         |
|    iterations           | 186           |
|    time_elapsed         | 503           |
|    total_timesteps      | 5332992       |
| train/                  |               |
|    approx_kl            | 0.00031678256 |
|    clip_fraction        | 0.00303       |
|    clip_range           | 0.2           |
|    entropy_loss         | -0.0166       |
|    explained_variance   | 0.459         |
|    learning_rate        | 0.000284      |
|    loss                 | -0.000184     |
|    n_updates            | 1850          |
|    policy_gradient_loss | -0.00021      |
|    value_loss           | 6.76e-05      |
-------------------------------------------
-------------------------------------------
| rollout/                |               |
|    ep_len_mean          | 4.33e+04      |
|    ep_rew_mean          | 0.301         |
| time/                   |               |
|    fps                  | 10612         |
|    iterations           | 187           |
|    time_elapsed         | 505           |
|    total_timesteps      | 5361664       |
| train/                  |               |
|    approx_kl            | 0.00050466927 |
|    clip_fraction        | 0.00441       |
|    clip_range           | 0.2           |
|    entropy_loss         | -0.0189       |
|    explained_variance   | 0.362         |
|    learning_rate        | 0.000284      |
|    loss                 | 4.88e-05      |
|    n_updates            | 1860          |
|    policy_gradient_loss | -0.000334     |
|    value_loss           | 4.99e-05      |
-------------------------------------------
-------------------------------------------
| rollout/                |               |
|    ep_len_mean          | 4.33e+04      |
|    ep_rew_mean          | 0.301         |
| time/                   |               |
|    fps                  | 10626         |
|    iterations           | 188           |
|    time_elapsed         | 507           |
|    total_timesteps      | 5390336       |
| train/                  |               |
|    approx_kl            | 0.00052998576 |
|    clip_fraction        | 0.00475       |
|    clip_range           | 0.2           |
|    entropy_loss         | -0.0209       |
|    explained_variance   | 0.24          |
|    learning_rate        | 0.000284      |
|    loss                 | 3.51e-06      |
|    n_updates            | 1870          |
|    policy_gradient_loss | -0.000357     |
|    value_loss           | 6.56e-05      |
-------------------------------------------
-------------------------------------------
| rollout/                |               |
|    ep_len_mean          | 4.33e+04      |
|    ep_rew_mean          | 0.301         |
| time/                   |               |
|    fps                  | 10640         |
|    iterations           | 189           |
|    time_elapsed         | 509           |
|    total_timesteps      | 5419008       |
| train/                  |               |
|    approx_kl            | 0.00064344396 |
|    clip_fraction        | 0.00431       |
|    clip_range           | 0.2           |
|    entropy_loss         | -0.0193       |
|    explained_variance   | 0.392         |
|    learning_rate        | 0.000284      |
|    loss                 | -0.00241      |
|    n_updates            | 1880          |
|    policy_gradient_loss | -0.000476     |
|    value_loss           | 4.22e-05      |
-------------------------------------------
-------------------------------------------
| rollout/                |               |
|    ep_len_mean          | 4.33e+04      |
|    ep_rew_mean          | 0.459         |
| time/                   |               |
|    fps                  | 10654         |
|    iterations           | 190           |
|    time_elapsed         | 511           |
|    total_timesteps      | 5447680       |
| train/                  |               |
|    approx_kl            | 0.00072296907 |
|    clip_fraction        | 0.00541       |
|    clip_range           | 0.2           |
|    entropy_loss         | -0.0174       |
|    explained_variance   | 0.335         |
|    learning_rate        | 0.000284      |
|    loss                 | -0.00219      |
|    n_updates            | 1890          |
|    policy_gradient_loss | -0.000498     |
|    value_loss           | 3.55e-05      |
-------------------------------------------
-------------------------------------------
| rollout/                |               |
|    ep_len_mean          | 4.33e+04      |
|    ep_rew_mean          | 0.545         |
| time/                   |               |
|    fps                  | 10667         |
|    iterations           | 191           |
|    time_elapsed         | 513           |
|    total_timesteps      | 5476352       |
| train/                  |               |
|    approx_kl            | 0.00031875825 |
|    clip_fraction        | 0.00336       |
|    clip_range           | 0.2           |
|    entropy_loss         | -0.015        |
|    explained_variance   | 0.396         |
|    learning_rate        | 0.000284      |
|    loss                 | -0.0002       |
|    n_updates            | 1900          |
|    policy_gradient_loss | -0.000419     |
|    value_loss           | 4.19e-05      |
-------------------------------------------
[valid @5,500,110] BTC-USDT-SWAP: trades=1697 pnl=+473.2
[valid @5,500,110] ETH-USDT-SWAP: trades=2139 pnl=+1093.1
-------------------------------------------------------
| rollout/                            |               |
|    ep_len_mean                      | 4.33e+04      |
|    ep_rew_mean                      | 0.545         |
| time/                               |               |
|    fps                              | 10434         |
|    iterations                       | 192           |
|    time_elapsed                     | 527           |
|    total_timesteps                  | 5505024       |
| train/                              |               |
|    approx_kl                        | 0.00042670386 |
|    clip_fraction                    | 0.00446       |
|    clip_range                       | 0.2           |
|    entropy_loss                     | -0.019        |
|    explained_variance               | 0.301         |
|    learning_rate                    | 0.000284      |
|    loss                             | -0.000819     |
|    n_updates                        | 1910          |
|    policy_gradient_loss             | -0.000296     |
|    value_loss                       | 6.37e-05      |
| valid/                              |               |
|    BTC-USDT-SWAP/compound_mdd_pct   | 54.8          |
|    BTC-USDT-SWAP/compound_multiple  | 53.7          |
|    BTC-USDT-SWAP/geo_mean_per_trade | 0.00235       |
|    BTC-USDT-SWAP/max_single_loss    | -23.8         |
|    BTC-USDT-SWAP/max_upnl           | 0.109         |
|    BTC-USDT-SWAP/monthly_growth     | 1.4           |
|    BTC-USDT-SWAP/near_liq_n         | 0             |
|    BTC-USDT-SWAP/near_liq_pct       | 0             |
|    BTC-USDT-SWAP/pnl_std            | 2.92          |
|    BTC-USDT-SWAP/sel_monthly_log    | -0.0554       |
|    BTC-USDT-SWAP/total_pnl          | 473           |
|    BTC-USDT-SWAP/trades             | 1697          |
|    BTC-USDT-SWAP/trades_per_month   | 144           |
|    BTC-USDT-SWAP/v9_kpi             | 0.215         |
|    BTC-USDT-SWAP/v9_kpi_smoothed    | 0.302         |
|    BTC-USDT-SWAP/v9_kpi_z_mdd       | 0.892         |
|    BTC-USDT-SWAP/v9_kpi_z_msl       | 0.515         |
|    BTC-USDT-SWAP/v9_kpi_z_sel       | -0.111        |
|    BTC-USDT-SWAP/win_rate           | 0.562         |
|    ETH-USDT-SWAP/compound_mdd_pct   | 60.5          |
|    ETH-USDT-SWAP/compound_multiple  | 1.3e+04       |
|    ETH-USDT-SWAP/geo_mean_per_trade | 0.00444       |
|    ETH-USDT-SWAP/max_single_loss    | -41.2         |
|    ETH-USDT-SWAP/max_upnl           | 0.24          |
|    ETH-USDT-SWAP/monthly_growth     | 2.23          |
|    ETH-USDT-SWAP/near_liq_n         | 0             |
|    ETH-USDT-SWAP/near_liq_pct       | 0             |
|    ETH-USDT-SWAP/pnl_std            | 3.57          |
|    ETH-USDT-SWAP/total_pnl          | 1.09e+03      |
|    ETH-USDT-SWAP/trades             | 2139          |
|    ETH-USDT-SWAP/trades_per_month   | 181           |
|    ETH-USDT-SWAP/win_rate           | 0.615         |
-------------------------------------------------------
-------------------------------------------
| rollout/                |               |
|    ep_len_mean          | 4.33e+04      |
|    ep_rew_mean          | 0.545         |
| time/                   |               |
|    fps                  | 10445         |
|    iterations           | 193           |
|    time_elapsed         | 529           |
|    total_timesteps      | 5533696       |
| train/                  |               |
|    approx_kl            | 0.00061625364 |
|    clip_fraction        | 0.00463       |
|    clip_range           | 0.2           |
|    entropy_loss         | -0.0207       |
|    explained_variance   | 0.553         |
|    learning_rate        | 0.000283      |
|    loss                 | -0.00108      |
|    n_updates            | 1920          |
|    policy_gradient_loss | -0.000437     |
|    value_loss           | 6.79e-05      |
-------------------------------------------
-------------------------------------------
| rollout/                |               |
|    ep_len_mean          | 4.33e+04      |
|    ep_rew_mean          | 0.545         |
| time/                   |               |
|    fps                  | 10459         |
|    iterations           | 194           |
|    time_elapsed         | 531           |
|    total_timesteps      | 5562368       |
| train/                  |               |
|    approx_kl            | 0.00032997312 |
|    clip_fraction        | 0.00298       |
|    clip_range           | 0.2           |
|    entropy_loss         | -0.0194       |
|    explained_variance   | 0.463         |
|    learning_rate        | 0.000283      |
|    loss                 | 0.000262      |
|    n_updates            | 1930          |
|    policy_gradient_loss | -0.000294     |
|    value_loss           | 5.81e-05      |
-------------------------------------------
-------------------------------------------
| rollout/                |               |
|    ep_len_mean          | 4.33e+04      |
|    ep_rew_mean          | 0.545         |
| time/                   |               |
|    fps                  | 10473         |
|    iterations           | 195           |
|    time_elapsed         | 533           |
|    total_timesteps      | 5591040       |
| train/                  |               |
|    approx_kl            | 0.00039505653 |
|    clip_fraction        | 0.00413       |
|    clip_range           | 0.2           |
|    entropy_loss         | -0.02         |
|    explained_variance   | 0.545         |
|    learning_rate        | 0.000283      |
|    loss                 | -0.00162      |
|    n_updates            | 1940          |
|    policy_gradient_loss | -6.11e-05     |
|    value_loss           | 9.47e-05      |
-------------------------------------------
-------------------------------------------
| rollout/                |               |
|    ep_len_mean          | 4.33e+04      |
|    ep_rew_mean          | 0.545         |
| time/                   |               |
|    fps                  | 10488         |
|    iterations           | 196           |
|    time_elapsed         | 535           |
|    total_timesteps      | 5619712       |
| train/                  |               |
|    approx_kl            | 0.00045071144 |
|    clip_fraction        | 0.00357       |
|    clip_range           | 0.2           |
|    entropy_loss         | -0.0166       |
|    explained_variance   | 0.505         |
|    learning_rate        | 0.000283      |
|    loss                 | -0.00203      |
|    n_updates            | 1950          |
|    policy_gradient_loss | -0.000287     |
|    value_loss           | 4.99e-05      |
-------------------------------------------
-------------------------------------------
| rollout/                |               |
|    ep_len_mean          | 4.33e+04      |
|    ep_rew_mean          | 0.545         |
| time/                   |               |
|    fps                  | 10501         |
|    iterations           | 197           |
|    time_elapsed         | 537           |
|    total_timesteps      | 5648384       |
| train/                  |               |
|    approx_kl            | 0.00029249932 |
|    clip_fraction        | 0.00288       |
|    clip_range           | 0.2           |
|    entropy_loss         | -0.014        |
|    explained_variance   | 0.488         |
|    learning_rate        | 0.000283      |
|    loss                 | 0.000341      |
|    n_updates            | 1960          |
|    policy_gradient_loss | -0.000364     |
|    value_loss           | 4.38e-05      |
-------------------------------------------
-------------------------------------------
| rollout/                |               |
|    ep_len_mean          | 4.33e+04      |
|    ep_rew_mean          | 0.545         |
| time/                   |               |
|    fps                  | 10515         |
|    iterations           | 198           |
|    time_elapsed         | 539           |
|    total_timesteps      | 5677056       |
| train/                  |               |
|    approx_kl            | 0.00029848595 |
|    clip_fraction        | 0.0038        |
|    clip_range           | 0.2           |
|    entropy_loss         | -0.0173       |
|    explained_variance   | 0.496         |
|    learning_rate        | 0.000283      |
|    loss                 | -8.93e-05     |
|    n_updates            | 1970          |
|    policy_gradient_loss | -0.000356     |
|    value_loss           | 5.5e-05       |
-------------------------------------------
-------------------------------------------
| rollout/                |               |
|    ep_len_mean          | 4.33e+04      |
|    ep_rew_mean          | 0.545         |
| time/                   |               |
|    fps                  | 10529         |
|    iterations           | 199           |
|    time_elapsed         | 541           |
|    total_timesteps      | 5705728       |
| train/                  |               |
|    approx_kl            | 0.00044613107 |
|    clip_fraction        | 0.00392       |
|    clip_range           | 0.2           |
|    entropy_loss         | -0.0182       |
|    explained_variance   | 0.317         |
|    learning_rate        | 0.000283      |
|    loss                 | -0.000741     |
|    n_updates            | 1980          |
|    policy_gradient_loss | -0.000477     |
|    value_loss           | 9.52e-05      |
-------------------------------------------
-------------------------------------------
| rollout/                |               |
|    ep_len_mean          | 4.33e+04      |
|    ep_rew_mean          | 0.545         |
| time/                   |               |
|    fps                  | 10542         |
|    iterations           | 200           |
|    time_elapsed         | 543           |
|    total_timesteps      | 5734400       |
| train/                  |               |
|    approx_kl            | 0.00049482175 |
|    clip_fraction        | 0.00488       |
|    clip_range           | 0.2           |
|    entropy_loss         | -0.019        |
|    explained_variance   | 0.453         |
|    learning_rate        | 0.000283      |
|    loss                 | -0.00238      |
|    n_updates            | 1990          |
|    policy_gradient_loss | -0.000584     |
|    value_loss           | 8.27e-05      |
-------------------------------------------
------------------------------------------
| rollout/                |              |
|    ep_len_mean          | 4.33e+04     |
|    ep_rew_mean          | 0.545        |
| time/                   |              |
|    fps                  | 10556        |
|    iterations           | 201          |
|    time_elapsed         | 545          |
|    total_timesteps      | 5763072      |
| train/                  |              |
|    approx_kl            | 0.0005370453 |
|    clip_fraction        | 0.0042       |
|    clip_range           | 0.2          |
|    entropy_loss         | -0.02        |
|    explained_variance   | 0.395        |
|    learning_rate        | 0.000283     |
|    loss                 | -0.000797    |
|    n_updates            | 2000         |
|    policy_gradient_loss | -9.46e-05    |
|    value_loss           | 6.29e-05     |
------------------------------------------
-----------------------------------------
| rollout/                |             |
|    ep_len_mean          | 4.33e+04    |
|    ep_rew_mean          | 0.545       |
| time/                   |             |
|    fps                  | 10570       |
|    iterations           | 202         |
|    time_elapsed         | 547         |
|    total_timesteps      | 5791744     |
| train/                  |             |
|    approx_kl            | 0.000504653 |
|    clip_fraction        | 0.00358     |
|    clip_range           | 0.2         |
|    entropy_loss         | -0.0194     |
|    explained_variance   | 0.357       |
|    learning_rate        | 0.000283    |
|    loss                 | -0.000268   |
|    n_updates            | 2010        |
|    policy_gradient_loss | -0.000226   |
|    value_loss           | 6.64e-05    |
-----------------------------------------
-------------------------------------------
| rollout/                |               |
|    ep_len_mean          | 4.33e+04      |
|    ep_rew_mean          | 0.545         |
| time/                   |               |
|    fps                  | 10583         |
|    iterations           | 203           |
|    time_elapsed         | 549           |
|    total_timesteps      | 5820416       |
| train/                  |               |
|    approx_kl            | 0.00034746915 |
|    clip_fraction        | 0.0043        |
|    clip_range           | 0.2           |
|    entropy_loss         | -0.0161       |
|    explained_variance   | 0.369         |
|    learning_rate        | 0.000283      |
|    loss                 | -0.00203      |
|    n_updates            | 2020          |
|    policy_gradient_loss | -0.000305     |
|    value_loss           | 7.31e-05      |
-------------------------------------------
------------------------------------------
| rollout/                |              |
|    ep_len_mean          | 4.33e+04     |
|    ep_rew_mean          | 0.545        |
| time/                   |              |
|    fps                  | 10596        |
|    iterations           | 204          |
|    time_elapsed         | 551          |
|    total_timesteps      | 5849088      |
| train/                  |              |
|    approx_kl            | 0.0007386137 |
|    clip_fraction        | 0.00579      |
|    clip_range           | 0.2          |
|    entropy_loss         | -0.0215      |
|    explained_variance   | 0.522        |
|    learning_rate        | 0.000283     |
|    loss                 | -0.000841    |
|    n_updates            | 2030         |
|    policy_gradient_loss | -0.000409    |
|    value_loss           | 0.000185     |
------------------------------------------
-------------------------------------------
| rollout/                |               |
|    ep_len_mean          | 4.33e+04      |
|    ep_rew_mean          | 0.545         |
| time/                   |               |
|    fps                  | 10609         |
|    iterations           | 205           |
|    time_elapsed         | 554           |
|    total_timesteps      | 5877760       |
| train/                  |               |
|    approx_kl            | 0.00037525367 |
|    clip_fraction        | 0.00398       |
|    clip_range           | 0.2           |
|    entropy_loss         | -0.0194       |
|    explained_variance   | 0.693         |
|    learning_rate        | 0.000282      |
|    loss                 | -0.00298      |
|    n_updates            | 2040          |
|    policy_gradient_loss | -0.000564     |
|    value_loss           | 8.18e-05      |
-------------------------------------------
-------------------------------------------
| rollout/                |               |
|    ep_len_mean          | 4.33e+04      |
|    ep_rew_mean          | 0.545         |
| time/                   |               |
|    fps                  | 10621         |
|    iterations           | 206           |
|    time_elapsed         | 556           |
|    total_timesteps      | 5906432       |
| train/                  |               |
|    approx_kl            | 0.00045587498 |
|    clip_fraction        | 0.00378       |
|    clip_range           | 0.2           |
|    entropy_loss         | -0.0226       |
|    explained_variance   | 0.513         |
|    learning_rate        | 0.000282      |
|    loss                 | 0.00054       |
|    n_updates            | 2050          |
|    policy_gradient_loss | -0.000558     |
|    value_loss           | 9.5e-05       |
-------------------------------------------
-------------------------------------------
| rollout/                |               |
|    ep_len_mean          | 4.33e+04      |
|    ep_rew_mean          | 0.545         |
| time/                   |               |
|    fps                  | 10633         |
|    iterations           | 207           |
|    time_elapsed         | 558           |
|    total_timesteps      | 5935104       |
| train/                  |               |
|    approx_kl            | 0.00035293517 |
|    clip_fraction        | 0.00399       |
|    clip_range           | 0.2           |
|    entropy_loss         | -0.0191       |
|    explained_variance   | 0.641         |
|    learning_rate        | 0.000282      |
|    loss                 | -0.000766     |
|    n_updates            | 2060          |
|    policy_gradient_loss | -0.000215     |
|    value_loss           | 9.12e-05      |
-------------------------------------------
-------------------------------------------
| rollout/                |               |
|    ep_len_mean          | 4.33e+04      |
|    ep_rew_mean          | 0.545         |
| time/                   |               |
|    fps                  | 10643         |
|    iterations           | 208           |
|    time_elapsed         | 560           |
|    total_timesteps      | 5963776       |
| train/                  |               |
|    approx_kl            | 0.00033974467 |
|    clip_fraction        | 0.00436       |
|    clip_range           | 0.2           |
|    entropy_loss         | -0.0195       |
|    explained_variance   | 0.389         |
|    learning_rate        | 0.000282      |
|    loss                 | -0.000132     |
|    n_updates            | 2070          |
|    policy_gradient_loss | -0.000401     |
|    value_loss           | 6.55e-05      |
-------------------------------------------
-------------------------------------------
| rollout/                |               |
|    ep_len_mean          | 4.33e+04      |
|    ep_rew_mean          | 0.545         |
| time/                   |               |
|    fps                  | 10655         |
|    iterations           | 209           |
|    time_elapsed         | 562           |
|    total_timesteps      | 5992448       |
| train/                  |               |
|    approx_kl            | 0.00034471691 |
|    clip_fraction        | 0.00262       |
|    clip_range           | 0.2           |
|    entropy_loss         | -0.014        |
|    explained_variance   | 0.559         |
|    learning_rate        | 0.000282      |
|    loss                 | -0.00207      |
|    n_updates            | 2080          |
|    policy_gradient_loss | -0.000145     |
|    value_loss           | 5.32e-05      |
-------------------------------------------
[valid @6,000,120] BTC-USDT-SWAP: trades=1318 pnl=+546.6
[valid @6,000,120] ETH-USDT-SWAP: trades=2000 pnl=+1115.0
-------------------------------------------------------
| rollout/                            |               |
|    ep_len_mean                      | 4.33e+04      |
|    ep_rew_mean                      | 0.545         |
| time/                               |               |
|    fps                              | 10443         |
|    iterations                       | 210           |
|    time_elapsed                     | 576           |
|    total_timesteps                  | 6021120       |
| train/                              |               |
|    approx_kl                        | 0.00050196314 |
|    clip_fraction                    | 0.00406       |
|    clip_range                       | 0.2           |
|    entropy_loss                     | -0.0163       |
|    explained_variance               | 0.469         |
|    learning_rate                    | 0.000282      |
|    loss                             | -0.000144     |
|    n_updates                        | 2090          |
|    policy_gradient_loss             | -0.000358     |
|    value_loss                       | 3.31e-05      |
| valid/                              |               |
|    BTC-USDT-SWAP/compound_mdd_pct   | 51.7          |
|    BTC-USDT-SWAP/compound_multiple  | 102           |
|    BTC-USDT-SWAP/geo_mean_per_trade | 0.00352       |
|    BTC-USDT-SWAP/max_single_loss    | -18.4         |
|    BTC-USDT-SWAP/max_upnl           | 0.175         |
|    BTC-USDT-SWAP/monthly_growth     | 1.48          |
|    BTC-USDT-SWAP/near_liq_n         | 0             |
|    BTC-USDT-SWAP/near_liq_pct       | 0             |
|    BTC-USDT-SWAP/pnl_std            | 3.54          |
|    BTC-USDT-SWAP/sel_monthly_log    | -0.0172       |
|    BTC-USDT-SWAP/total_pnl          | 547           |
|    BTC-USDT-SWAP/trades             | 1318          |
|    BTC-USDT-SWAP/trades_per_month   | 111           |
|    BTC-USDT-SWAP/v9_kpi             | 0.388         |
|    BTC-USDT-SWAP/v9_kpi_smoothed    | 0.28          |
|    BTC-USDT-SWAP/v9_kpi_z_mdd       | 1.08          |
|    BTC-USDT-SWAP/v9_kpi_z_msl       | 0.966         |
|    BTC-USDT-SWAP/v9_kpi_z_sel       | -0.0345       |
|    BTC-USDT-SWAP/win_rate           | 0.542         |
|    ETH-USDT-SWAP/compound_mdd_pct   | 78.9          |
|    ETH-USDT-SWAP/compound_multiple  | 9.11e+03      |
|    ETH-USDT-SWAP/geo_mean_per_trade | 0.00457       |
|    ETH-USDT-SWAP/max_single_loss    | -72.4         |
|    ETH-USDT-SWAP/max_upnl           | 0.24          |
|    ETH-USDT-SWAP/monthly_growth     | 2.16          |
|    ETH-USDT-SWAP/near_liq_n         | 0             |
|    ETH-USDT-SWAP/near_liq_pct       | 0             |
|    ETH-USDT-SWAP/pnl_std            | 4.09          |
|    ETH-USDT-SWAP/total_pnl          | 1.12e+03      |
|    ETH-USDT-SWAP/trades             | 2000          |
|    ETH-USDT-SWAP/trades_per_month   | 169           |
|    ETH-USDT-SWAP/win_rate           | 0.598         |
-------------------------------------------------------
-------------------------------------------
| rollout/                |               |
|    ep_len_mean          | 4.33e+04      |
|    ep_rew_mean          | 0.571         |
| time/                   |               |
|    fps                  | 10454         |
|    iterations           | 211           |
|    time_elapsed         | 578           |
|    total_timesteps      | 6049792       |
| train/                  |               |
|    approx_kl            | 0.00056411914 |
|    clip_fraction        | 0.00347       |
|    clip_range           | 0.2           |
|    entropy_loss         | -0.0158       |
|    explained_variance   | 0.397         |
|    learning_rate        | 0.000282      |
|    loss                 | -0.000613     |
|    n_updates            | 2100          |
|    policy_gradient_loss | -0.000213     |
|    value_loss           | 5.17e-05      |
-------------------------------------------
-------------------------------------------
| rollout/                |               |
|    ep_len_mean          | 4.33e+04      |
|    ep_rew_mean          | 0.636         |
| time/                   |               |
|    fps                  | 10464         |
|    iterations           | 212           |
|    time_elapsed         | 580           |
|    total_timesteps      | 6078464       |
| train/                  |               |
|    approx_kl            | 0.00034615616 |
|    clip_fraction        | 0.00368       |
|    clip_range           | 0.2           |
|    entropy_loss         | -0.0187       |
|    explained_variance   | 0.37          |
|    learning_rate        | 0.000282      |
|    loss                 | -0.000973     |
|    n_updates            | 2110          |
|    policy_gradient_loss | -0.000331     |
|    value_loss           | 6.44e-05      |
-------------------------------------------
-------------------------------------------
| rollout/                |               |
|    ep_len_mean          | 4.33e+04      |
|    ep_rew_mean          | 0.646         |
| time/                   |               |
|    fps                  | 10478         |
|    iterations           | 213           |
|    time_elapsed         | 582           |
|    total_timesteps      | 6107136       |
| train/                  |               |
|    approx_kl            | 0.00031942225 |
|    clip_fraction        | 0.0041        |
|    clip_range           | 0.2           |
|    entropy_loss         | -0.0178       |
|    explained_variance   | 0.479         |
|    learning_rate        | 0.000282      |
|    loss                 | -0.00129      |
|    n_updates            | 2120          |
|    policy_gradient_loss | -0.000354     |
|    value_loss           | 3.74e-05      |
-------------------------------------------
-------------------------------------------
| rollout/                |               |
|    ep_len_mean          | 4.33e+04      |
|    ep_rew_mean          | 0.646         |
| time/                   |               |
|    fps                  | 10491         |
|    iterations           | 214           |
|    time_elapsed         | 584           |
|    total_timesteps      | 6135808       |
| train/                  |               |
|    approx_kl            | 0.00040315525 |
|    clip_fraction        | 0.0035        |
|    clip_range           | 0.2           |
|    entropy_loss         | -0.017        |
|    explained_variance   | 0.435         |
|    learning_rate        | 0.000282      |
|    loss                 | -0.000866     |
|    n_updates            | 2130          |
|    policy_gradient_loss | -0.000126     |
|    value_loss           | 3.32e-05      |
-------------------------------------------
-------------------------------------------
| rollout/                |               |
|    ep_len_mean          | 4.33e+04      |
|    ep_rew_mean          | 0.646         |
| time/                   |               |
|    fps                  | 10504         |
|    iterations           | 215           |
|    time_elapsed         | 586           |
|    total_timesteps      | 6164480       |
| train/                  |               |
|    approx_kl            | 0.00071882654 |
|    clip_fraction        | 0.0036        |
|    clip_range           | 0.2           |
|    entropy_loss         | -0.0172       |
|    explained_variance   | 0.443         |
|    learning_rate        | 0.000282      |
|    loss                 | -0.00108      |
|    n_updates            | 2140          |
|    policy_gradient_loss | -0.000154     |
|    value_loss           | 3.94e-05      |
-------------------------------------------
-------------------------------------------
| rollout/                |               |
|    ep_len_mean          | 4.33e+04      |
|    ep_rew_mean          | 0.646         |
| time/                   |               |
|    fps                  | 10514         |
|    iterations           | 216           |
|    time_elapsed         | 588           |
|    total_timesteps      | 6193152       |
| train/                  |               |
|    approx_kl            | 0.00059205375 |
|    clip_fraction        | 0.0033        |
|    clip_range           | 0.2           |
|    entropy_loss         | -0.0127       |
|    explained_variance   | 0.527         |
|    learning_rate        | 0.000282      |
|    loss                 | -0.00224      |
|    n_updates            | 2150          |
|    policy_gradient_loss | -0.000359     |
|    value_loss           | 4.07e-05      |
-------------------------------------------
------------------------------------------
| rollout/                |              |
|    ep_len_mean          | 4.33e+04     |
|    ep_rew_mean          | 0.646        |
| time/                   |              |
|    fps                  | 10525        |
|    iterations           | 217          |
|    time_elapsed         | 591          |
|    total_timesteps      | 6221824      |
| train/                  |              |
|    approx_kl            | 0.0010329484 |
|    clip_fraction        | 0.00468      |
|    clip_range           | 0.2          |
|    entropy_loss         | -0.0137      |
|    explained_variance   | 0.246        |
|    learning_rate        | 0.000281     |
|    loss                 | 0.00038      |
|    n_updates            | 2160         |
|    policy_gradient_loss | -0.00109     |
|    value_loss           | 9.05e-05     |
------------------------------------------
------------------------------------------
| rollout/                |              |
|    ep_len_mean          | 4.33e+04     |
|    ep_rew_mean          | 0.646        |
| time/                   |              |
|    fps                  | 10537        |
|    iterations           | 218          |
|    time_elapsed         | 593          |
|    total_timesteps      | 6250496      |
| train/                  |              |
|    approx_kl            | 0.0009476931 |
|    clip_fraction        | 0.00682      |
|    clip_range           | 0.2          |
|    entropy_loss         | -0.0231      |
|    explained_variance   | 0.546        |
|    learning_rate        | 0.000281     |
|    loss                 | -0.00467     |
|    n_updates            | 2170         |
|    policy_gradient_loss | -0.000706    |
|    value_loss           | 0.000253     |
------------------------------------------
-------------------------------------------
| rollout/                |               |
|    ep_len_mean          | 4.33e+04      |
|    ep_rew_mean          | 0.646         |
| time/                   |               |
|    fps                  | 10549         |
|    iterations           | 219           |
|    time_elapsed         | 595           |
|    total_timesteps      | 6279168       |
| train/                  |               |
|    approx_kl            | 0.00040644917 |
|    clip_fraction        | 0.00319       |
|    clip_range           | 0.2           |
|    entropy_loss         | -0.0232       |
|    explained_variance   | 0.297         |
|    learning_rate        | 0.000281      |
|    loss                 | -0.00055      |
|    n_updates            | 2180          |
|    policy_gradient_loss | -0.000325     |
|    value_loss           | 7.94e-05      |
-------------------------------------------
-------------------------------------------
| rollout/                |               |
|    ep_len_mean          | 4.33e+04      |
|    ep_rew_mean          | 0.646         |
| time/                   |               |
|    fps                  | 10561         |
|    iterations           | 220           |
|    time_elapsed         | 597           |
|    total_timesteps      | 6307840       |
| train/                  |               |
|    approx_kl            | 0.00044400158 |
|    clip_fraction        | 0.00484       |
|    clip_range           | 0.2           |
|    entropy_loss         | -0.0293       |
|    explained_variance   | 0.319         |
|    learning_rate        | 0.000281      |
|    loss                 | -0.000253     |
|    n_updates            | 2190          |
|    policy_gradient_loss | -0.000468     |
|    value_loss           | 7.3e-05       |
-------------------------------------------
-------------------------------------------
| rollout/                |               |
|    ep_len_mean          | 4.33e+04      |
|    ep_rew_mean          | 0.646         |
| time/                   |               |
|    fps                  | 10573         |
|    iterations           | 221           |
|    time_elapsed         | 599           |
|    total_timesteps      | 6336512       |
| train/                  |               |
|    approx_kl            | 0.00022814915 |
|    clip_fraction        | 0.00337       |
|    clip_range           | 0.2           |
|    entropy_loss         | -0.022        |
|    explained_variance   | 0.309         |
|    learning_rate        | 0.000281      |
|    loss                 | -0.000281     |
|    n_updates            | 2200          |
|    policy_gradient_loss | -0.000265     |
|    value_loss           | 6.72e-05      |
-------------------------------------------
-------------------------------------------
| rollout/                |               |
|    ep_len_mean          | 4.33e+04      |
|    ep_rew_mean          | 0.646         |
| time/                   |               |
|    fps                  | 10586         |
|    iterations           | 222           |
|    time_elapsed         | 601           |
|    total_timesteps      | 6365184       |
| train/                  |               |
|    approx_kl            | 0.00034485944 |
|    clip_fraction        | 0.00302       |
|    clip_range           | 0.2           |
|    entropy_loss         | -0.0188       |
|    explained_variance   | 0.288         |
|    learning_rate        | 0.000281      |
|    loss                 | -0.00095      |
|    n_updates            | 2210          |
|    policy_gradient_loss | -0.000201     |
|    value_loss           | 5.47e-05      |
-------------------------------------------
-------------------------------------------
| rollout/                |               |
|    ep_len_mean          | 4.33e+04      |
|    ep_rew_mean          | 0.646         |
| time/                   |               |
|    fps                  | 10598         |
|    iterations           | 223           |
|    time_elapsed         | 603           |
|    total_timesteps      | 6393856       |
| train/                  |               |
|    approx_kl            | 0.00036424765 |
|    clip_fraction        | 0.00415       |
|    clip_range           | 0.2           |
|    entropy_loss         | -0.018        |
|    explained_variance   | 0.31          |
|    learning_rate        | 0.000281      |
|    loss                 | 9.92e-05      |
|    n_updates            | 2220          |
|    policy_gradient_loss | -0.000382     |
|    value_loss           | 6.04e-05      |
-------------------------------------------
------------------------------------------
| rollout/                |              |
|    ep_len_mean          | 4.33e+04     |
|    ep_rew_mean          | 0.646        |
| time/                   |              |
|    fps                  | 10610        |
|    iterations           | 224          |
|    time_elapsed         | 605          |
|    total_timesteps      | 6422528      |
| train/                  |              |
|    approx_kl            | 0.0006231367 |
|    clip_fraction        | 0.00505      |
|    clip_range           | 0.2          |
|    entropy_loss         | -0.0212      |
|    explained_variance   | 0.299        |
|    learning_rate        | 0.000281     |
|    loss                 | -0.00158     |
|    n_updates            | 2230         |
|    policy_gradient_loss | -0.000424    |
|    value_loss           | 7.1e-05      |
------------------------------------------
-------------------------------------------
| rollout/                |               |
|    ep_len_mean          | 4.33e+04      |
|    ep_rew_mean          | 0.646         |
| time/                   |               |
|    fps                  | 10622         |
|    iterations           | 225           |
|    time_elapsed         | 607           |
|    total_timesteps      | 6451200       |
| train/                  |               |
|    approx_kl            | 0.00029747718 |
|    clip_fraction        | 0.00372       |
|    clip_range           | 0.2           |
|    entropy_loss         | -0.021        |
|    explained_variance   | 0.316         |
|    learning_rate        | 0.000281      |
|    loss                 | -0.000127     |
|    n_updates            | 2240          |
|    policy_gradient_loss | -0.000249     |
|    value_loss           | 5.2e-05       |
-------------------------------------------
-------------------------------------------
| rollout/                |               |
|    ep_len_mean          | 4.33e+04      |
|    ep_rew_mean          | 0.646         |
| time/                   |               |
|    fps                  | 10633         |
|    iterations           | 226           |
|    time_elapsed         | 609           |
|    total_timesteps      | 6479872       |
| train/                  |               |
|    approx_kl            | 0.00043241167 |
|    clip_fraction        | 0.00458       |
|    clip_range           | 0.2           |
|    entropy_loss         | -0.0202       |
|    explained_variance   | 0.428         |
|    learning_rate        | 0.000281      |
|    loss                 | -0.00206      |
|    n_updates            | 2250          |
|    policy_gradient_loss | -0.000348     |
|    value_loss           | 4.59e-05      |
-------------------------------------------
[valid @6,500,130] BTC-USDT-SWAP: trades=1454 pnl=+508.2
[valid @6,500,130] ETH-USDT-SWAP: trades=2136 pnl=+1176.8
-------------------------------------------------------
| rollout/                            |               |
|    ep_len_mean                      | 4.33e+04      |
|    ep_rew_mean                      | 0.646         |
| time/                               |               |
|    fps                              | 10435         |
|    iterations                       | 227           |
|    time_elapsed                     | 623           |
|    total_timesteps                  | 6508544       |
| train/                              |               |
|    approx_kl                        | 0.00079275586 |
|    clip_fraction                    | 0.0043        |
|    clip_range                       | 0.2           |
|    entropy_loss                     | -0.0168       |
|    explained_variance               | 0.46          |
|    learning_rate                    | 0.000281      |
|    loss                             | -0.000373     |
|    n_updates                        | 2260          |
|    policy_gradient_loss             | -0.000573     |
|    value_loss                       | 4.26e-05      |
| valid/                              |               |
|    BTC-USDT-SWAP/compound_mdd_pct   | 58.7          |
|    BTC-USDT-SWAP/compound_multiple  | 68.1          |
|    BTC-USDT-SWAP/geo_mean_per_trade | 0.00291       |
|    BTC-USDT-SWAP/max_single_loss    | -20.8         |
|    BTC-USDT-SWAP/max_upnl           | 0.175         |
|    BTC-USDT-SWAP/monthly_growth     | 1.43          |
|    BTC-USDT-SWAP/near_liq_n         | 0             |
|    BTC-USDT-SWAP/near_liq_pct       | 0             |
|    BTC-USDT-SWAP/pnl_std            | 3.41          |
|    BTC-USDT-SWAP/sel_monthly_log    | -0.035        |
|    BTC-USDT-SWAP/total_pnl          | 508           |
|    BTC-USDT-SWAP/trades             | 1454          |
|    BTC-USDT-SWAP/trades_per_month   | 123           |
|    BTC-USDT-SWAP/v9_kpi             | 0.245         |
|    BTC-USDT-SWAP/v9_kpi_smoothed    | 0.283         |
|    BTC-USDT-SWAP/v9_kpi_z_mdd       | 0.667         |
|    BTC-USDT-SWAP/v9_kpi_z_msl       | 0.769         |
|    BTC-USDT-SWAP/v9_kpi_z_sel       | -0.07         |
|    BTC-USDT-SWAP/win_rate           | 0.529         |
|    ETH-USDT-SWAP/compound_mdd_pct   | 75.1          |
|    ETH-USDT-SWAP/compound_multiple  | 2.8e+04       |
|    ETH-USDT-SWAP/geo_mean_per_trade | 0.00481       |
|    ETH-USDT-SWAP/max_single_loss    | -35.4         |
|    ETH-USDT-SWAP/max_upnl           | 0.24          |
|    ETH-USDT-SWAP/monthly_growth     | 2.38          |
|    ETH-USDT-SWAP/near_liq_n         | 0             |
|    ETH-USDT-SWAP/near_liq_pct       | 0             |
|    ETH-USDT-SWAP/pnl_std            | 3.71          |
|    ETH-USDT-SWAP/total_pnl          | 1.18e+03      |
|    ETH-USDT-SWAP/trades             | 2136          |
|    ETH-USDT-SWAP/trades_per_month   | 181           |
|    ETH-USDT-SWAP/win_rate           | 0.594         |
-------------------------------------------------------
-------------------------------------------
| rollout/                |               |
|    ep_len_mean          | 4.33e+04      |
|    ep_rew_mean          | 0.646         |
| time/                   |               |
|    fps                  | 10448         |
|    iterations           | 228           |
|    time_elapsed         | 625           |
|    total_timesteps      | 6537216       |
| train/                  |               |
|    approx_kl            | 0.00073459436 |
|    clip_fraction        | 0.003         |
|    clip_range           | 0.2           |
|    entropy_loss         | -0.0177       |
|    explained_variance   | 0.439         |
|    learning_rate        | 0.00028       |
|    loss                 | -0.00186      |
|    n_updates            | 2270          |
|    policy_gradient_loss | -0.000416     |
|    value_loss           | 5.65e-05      |
-------------------------------------------
-----------------------------------------
| rollout/                |             |
|    ep_len_mean          | 4.33e+04    |
|    ep_rew_mean          | 0.646       |
| time/                   |             |
|    fps                  | 10460       |
|    iterations           | 229         |
|    time_elapsed         | 627         |
|    total_timesteps      | 6565888     |
| train/                  |             |
|    approx_kl            | 0.000447506 |
|    clip_fraction        | 0.00415     |
|    clip_range           | 0.2         |
|    entropy_loss         | -0.0197     |
|    explained_variance   | 0.377       |
|    learning_rate        | 0.00028     |
|    loss                 | -0.00244    |
|    n_updates            | 2280        |
|    policy_gradient_loss | -0.000359   |
|    value_loss           | 5.75e-05    |
-----------------------------------------
-------------------------------------------
| rollout/                |               |
|    ep_len_mean          | 4.33e+04      |
|    ep_rew_mean          | 0.646         |
| time/                   |               |
|    fps                  | 10472         |
|    iterations           | 230           |
|    time_elapsed         | 629           |
|    total_timesteps      | 6594560       |
| train/                  |               |
|    approx_kl            | 0.00038062825 |
|    clip_fraction        | 0.00298       |
|    clip_range           | 0.2           |
|    entropy_loss         | -0.0179       |
|    explained_variance   | 0.447         |
|    learning_rate        | 0.00028       |
|    loss                 | 0.000312      |
|    n_updates            | 2290          |
|    policy_gradient_loss | -0.000136     |
|    value_loss           | 4.12e-05      |
-------------------------------------------
-------------------------------------------
| rollout/                |               |
|    ep_len_mean          | 4.33e+04      |
|    ep_rew_mean          | 0.646         |
| time/                   |               |
|    fps                  | 10483         |
|    iterations           | 231           |
|    time_elapsed         | 631           |
|    total_timesteps      | 6623232       |
| train/                  |               |
|    approx_kl            | 0.00036050886 |
|    clip_fraction        | 0.00386       |
|    clip_range           | 0.2           |
|    entropy_loss         | -0.0175       |
|    explained_variance   | 0.359         |
|    learning_rate        | 0.00028       |
|    loss                 | 0.00121       |
|    n_updates            | 2300          |
|    policy_gradient_loss | -0.000387     |
|    value_loss           | 5.61e-05      |
-------------------------------------------
-----------------------------------------
| rollout/                |             |
|    ep_len_mean          | 4.33e+04    |
|    ep_rew_mean          | 0.646       |
| time/                   |             |
|    fps                  | 10495       |
|    iterations           | 232         |
|    time_elapsed         | 633         |
|    total_timesteps      | 6651904     |
| train/                  |             |
|    approx_kl            | 0.000625366 |
|    clip_fraction        | 0.00476     |
|    clip_range           | 0.2         |
|    entropy_loss         | -0.018      |
|    explained_variance   | 0.389       |
|    learning_rate        | 0.00028     |
|    loss                 | -0.00144    |
|    n_updates            | 2310        |
|    policy_gradient_loss | -0.000561   |
|    value_loss           | 5.67e-05    |
-----------------------------------------
-------------------------------------------
| rollout/                |               |
|    ep_len_mean          | 4.33e+04      |
|    ep_rew_mean          | 0.692         |
| time/                   |               |
|    fps                  | 10506         |
|    iterations           | 233           |
|    time_elapsed         | 635           |
|    total_timesteps      | 6680576       |
| train/                  |               |
|    approx_kl            | 0.00066261506 |
|    clip_fraction        | 0.0053        |
|    clip_range           | 0.2           |
|    entropy_loss         | -0.0177       |
|    explained_variance   | 0.378         |
|    learning_rate        | 0.00028       |
|    loss                 | -0.00194      |
|    n_updates            | 2320          |
|    policy_gradient_loss | -0.000643     |
|    value_loss           | 5.52e-05      |
-------------------------------------------
-------------------------------------------
| rollout/                |               |
|    ep_len_mean          | 4.33e+04      |
|    ep_rew_mean          | 0.696         |
| time/                   |               |
|    fps                  | 10516         |
|    iterations           | 234           |
|    time_elapsed         | 637           |
|    total_timesteps      | 6709248       |
| train/                  |               |
|    approx_kl            | 0.00030781588 |
|    clip_fraction        | 0.00338       |
|    clip_range           | 0.2           |
|    entropy_loss         | -0.0152       |
|    explained_variance   | 0.455         |
|    learning_rate        | 0.00028       |
|    loss                 | -0.00179      |
|    n_updates            | 2330          |
|    policy_gradient_loss | -0.00018      |
|    value_loss           | 4.5e-05       |
-------------------------------------------
-------------------------------------------
| rollout/                |               |
|    ep_len_mean          | 4.33e+04      |
|    ep_rew_mean          | 0.696         |
| time/                   |               |
|    fps                  | 10524         |
|    iterations           | 235           |
|    time_elapsed         | 640           |
|    total_timesteps      | 6737920       |
| train/                  |               |
|    approx_kl            | 0.00046526632 |
|    clip_fraction        | 0.00366       |
|    clip_range           | 0.2           |
|    entropy_loss         | -0.0149       |
|    explained_variance   | 0.527         |
|    learning_rate        | 0.00028       |
|    loss                 | -0.000589     |
|    n_updates            | 2340          |
|    policy_gradient_loss | -0.000383     |
|    value_loss           | 3.33e-05      |
-------------------------------------------
------------------------------------------
| rollout/                |              |
|    ep_len_mean          | 4.33e+04     |
|    ep_rew_mean          | 0.696        |
| time/                   |              |
|    fps                  | 10532        |
|    iterations           | 236          |
|    time_elapsed         | 642          |
|    total_timesteps      | 6766592      |
| train/                  |              |
|    approx_kl            | 0.0008733066 |
|    clip_fraction        | 0.00506      |
|    clip_range           | 0.2          |
|    entropy_loss         | -0.0157      |
|    explained_variance   | 0.507        |
|    learning_rate        | 0.00028      |
|    loss                 | -0.00409     |
|    n_updates            | 2350         |
|    policy_gradient_loss | -0.000564    |
|    value_loss           | 4.36e-05     |
------------------------------------------
-------------------------------------------
| rollout/                |               |
|    ep_len_mean          | 4.33e+04      |
|    ep_rew_mean          | 0.696         |
| time/                   |               |
|    fps                  | 10542         |
|    iterations           | 237           |
|    time_elapsed         | 644           |
|    total_timesteps      | 6795264       |
| train/                  |               |
|    approx_kl            | 0.00086086954 |
|    clip_fraction        | 0.00476       |
|    clip_range           | 0.2           |
|    entropy_loss         | -0.0171       |
|    explained_variance   | 0.424         |
|    learning_rate        | 0.00028       |
|    loss                 | 0.00167       |
|    n_updates            | 2360          |
|    policy_gradient_loss | -0.000705     |
|    value_loss           | 7.84e-05      |
-------------------------------------------
-------------------------------------------
| rollout/                |               |
|    ep_len_mean          | 4.33e+04      |
|    ep_rew_mean          | 0.696         |
| time/                   |               |
|    fps                  | 10552         |
|    iterations           | 238           |
|    time_elapsed         | 646           |
|    total_timesteps      | 6823936       |
| train/                  |               |
|    approx_kl            | 0.00042595196 |
|    clip_fraction        | 0.0045        |
|    clip_range           | 0.2           |
|    entropy_loss         | -0.0196       |
|    explained_variance   | 0.437         |
|    learning_rate        | 0.00028       |
|    loss                 | -0.001        |
|    n_updates            | 2370          |
|    policy_gradient_loss | -0.0002       |
|    value_loss           | 6.21e-05      |
-------------------------------------------
-------------------------------------------
| rollout/                |               |
|    ep_len_mean          | 4.33e+04      |
|    ep_rew_mean          | 0.696         |
| time/                   |               |
|    fps                  | 10560         |
|    iterations           | 239           |
|    time_elapsed         | 648           |
|    total_timesteps      | 6852608       |
| train/                  |               |
|    approx_kl            | 0.00022848358 |
|    clip_fraction        | 0.00258       |
|    clip_range           | 0.2           |
|    entropy_loss         | -0.0141       |
|    explained_variance   | 0.566         |
|    learning_rate        | 0.00028       |
|    loss                 | -0.000273     |
|    n_updates            | 2380          |
|    policy_gradient_loss | -0.000179     |
|    value_loss           | 5.29e-05      |
-------------------------------------------
-------------------------------------------
| rollout/                |               |
|    ep_len_mean          | 4.33e+04      |
|    ep_rew_mean          | 0.696         |
| time/                   |               |
|    fps                  | 10569         |
|    iterations           | 240           |
|    time_elapsed         | 651           |
|    total_timesteps      | 6881280       |
| train/                  |               |
|    approx_kl            | 0.00028198087 |
|    clip_fraction        | 0.00316       |
|    clip_range           | 0.2           |
|    entropy_loss         | -0.015        |
|    explained_variance   | 0.415         |
|    learning_rate        | 0.000279      |
|    loss                 | -0.00138      |
|    n_updates            | 2390          |
|    policy_gradient_loss | -0.000136     |
|    value_loss           | 5.76e-05      |
-------------------------------------------
-------------------------------------------
| rollout/                |               |
|    ep_len_mean          | 4.33e+04      |
|    ep_rew_mean          | 0.696         |
| time/                   |               |
|    fps                  | 10579         |
|    iterations           | 241           |
|    time_elapsed         | 653           |
|    total_timesteps      | 6909952       |
| train/                  |               |
|    approx_kl            | 0.00042305613 |
|    clip_fraction        | 0.00391       |
|    clip_range           | 0.2           |
|    entropy_loss         | -0.0177       |
|    explained_variance   | 0.328         |
|    learning_rate        | 0.000279      |
|    loss                 | 0.00032       |
|    n_updates            | 2400          |
|    policy_gradient_loss | -0.000374     |
|    value_loss           | 7.61e-05      |
-------------------------------------------
-------------------------------------------
| rollout/                |               |
|    ep_len_mean          | 4.33e+04      |
|    ep_rew_mean          | 0.696         |
| time/                   |               |
|    fps                  | 10590         |
|    iterations           | 242           |
|    time_elapsed         | 655           |
|    total_timesteps      | 6938624       |
| train/                  |               |
|    approx_kl            | 0.00037412485 |
|    clip_fraction        | 0.00333       |
|    clip_range           | 0.2           |
|    entropy_loss         | -0.0149       |
|    explained_variance   | 0.516         |
|    learning_rate        | 0.000279      |
|    loss                 | -0.000291     |
|    n_updates            | 2410          |
|    policy_gradient_loss | -0.000606     |
|    value_loss           | 7.12e-05      |
-------------------------------------------
-------------------------------------------
| rollout/                |               |
|    ep_len_mean          | 4.33e+04      |
|    ep_rew_mean          | 0.696         |
| time/                   |               |
|    fps                  | 10599         |
|    iterations           | 243           |
|    time_elapsed         | 657           |
|    total_timesteps      | 6967296       |
| train/                  |               |
|    approx_kl            | 0.00031912088 |
|    clip_fraction        | 0.00299       |
|    clip_range           | 0.2           |
|    entropy_loss         | -0.0166       |
|    explained_variance   | 0.467         |
|    learning_rate        | 0.000279      |
|    loss                 | -0.00108      |
|    n_updates            | 2420          |
|    policy_gradient_loss | -0.000175     |
|    value_loss           | 6.3e-05       |
-------------------------------------------
-------------------------------------------
| rollout/                |               |
|    ep_len_mean          | 4.33e+04      |
|    ep_rew_mean          | 0.696         |
| time/                   |               |
|    fps                  | 10609         |
|    iterations           | 244           |
|    time_elapsed         | 659           |
|    total_timesteps      | 6995968       |
| train/                  |               |
|    approx_kl            | 0.00058900524 |
|    clip_fraction        | 0.00417       |
|    clip_range           | 0.2           |
|    entropy_loss         | -0.0169       |
|    explained_variance   | 0.477         |
|    learning_rate        | 0.000279      |
|    loss                 | 7.62e-05      |
|    n_updates            | 2430          |
|    policy_gradient_loss | -0.000766     |
|    value_loss           | 5.83e-05      |
-------------------------------------------
[valid @7,000,140] BTC-USDT-SWAP: trades=1440 pnl=+612.2
[valid @7,000,140] ETH-USDT-SWAP: trades=1776 pnl=+1045.7
-------------------------------------------------------
| rollout/                            |               |
|    ep_len_mean                      | 4.33e+04      |
|    ep_rew_mean                      | 0.696         |
| time/                               |               |
|    fps                              | 10426         |
|    iterations                       | 245           |
|    time_elapsed                     | 673           |
|    total_timesteps                  | 7024640       |
| train/                              |               |
|    approx_kl                        | 0.00031202918 |
|    clip_fraction                    | 0.00388       |
|    clip_range                       | 0.2           |
|    entropy_loss                     | -0.0199       |
|    explained_variance               | 0.344         |
|    learning_rate                    | 0.000279      |
|    loss                             | -0.000762     |
|    n_updates                        | 2440          |
|    policy_gradient_loss             | -0.000337     |
|    value_loss                       | 9.16e-05      |
| valid/                              |               |
|    BTC-USDT-SWAP/compound_mdd_pct   | 49.4          |
|    BTC-USDT-SWAP/compound_multiple  | 185           |
|    BTC-USDT-SWAP/geo_mean_per_trade | 0.00363       |
|    BTC-USDT-SWAP/max_single_loss    | -21.1         |
|    BTC-USDT-SWAP/max_upnl           | 0.271         |
|    BTC-USDT-SWAP/monthly_growth     | 1.56          |
|    BTC-USDT-SWAP/near_liq_n         | 0             |
|    BTC-USDT-SWAP/near_liq_pct       | 0             |
|    BTC-USDT-SWAP/pnl_std            | 3.55          |
|    BTC-USDT-SWAP/sel_monthly_log    | 0.0277        |
|    BTC-USDT-SWAP/total_pnl          | 612           |
|    BTC-USDT-SWAP/trades             | 1440          |
|    BTC-USDT-SWAP/trades_per_month   | 122           |
|    BTC-USDT-SWAP/v9_kpi             | 0.423         |
|    BTC-USDT-SWAP/v9_kpi_smoothed    | 0.352         |
|    BTC-USDT-SWAP/v9_kpi_z_mdd       | 1.21          |
|    BTC-USDT-SWAP/v9_kpi_z_msl       | 0.739         |
|    BTC-USDT-SWAP/v9_kpi_z_sel       | 0.0553        |
|    BTC-USDT-SWAP/win_rate           | 0.526         |
|    ETH-USDT-SWAP/compound_mdd_pct   | 73.1          |
|    ETH-USDT-SWAP/compound_multiple  | 6.71e+03      |
|    ETH-USDT-SWAP/geo_mean_per_trade | 0.00497       |
|    ETH-USDT-SWAP/max_single_loss    | -35.4         |
|    ETH-USDT-SWAP/max_upnl           | 0.276         |
|    ETH-USDT-SWAP/monthly_growth     | 2.11          |
|    ETH-USDT-SWAP/near_liq_n         | 0             |
|    ETH-USDT-SWAP/near_liq_pct       | 0             |
|    ETH-USDT-SWAP/pnl_std            | 4.27          |
|    ETH-USDT-SWAP/total_pnl          | 1.05e+03      |
|    ETH-USDT-SWAP/trades             | 1776          |
|    ETH-USDT-SWAP/trades_per_month   | 150           |
|    ETH-USDT-SWAP/win_rate           | 0.585         |
-------------------------------------------------------
-------------------------------------------
| rollout/                |               |
|    ep_len_mean          | 4.33e+04      |
|    ep_rew_mean          | 0.696         |
| time/                   |               |
|    fps                  | 10437         |
|    iterations           | 246           |
|    time_elapsed         | 675           |
|    total_timesteps      | 7053312       |
| train/                  |               |
|    approx_kl            | 0.00026950528 |
|    clip_fraction        | 0.00299       |
|    clip_range           | 0.2           |
|    entropy_loss         | -0.0189       |
|    explained_variance   | 0.444         |
|    learning_rate        | 0.000279      |
|    loss                 | -0.00162      |
|    n_updates            | 2450          |
|    policy_gradient_loss | -0.000252     |
|    value_loss           | 4.93e-05      |
-------------------------------------------
-------------------------------------------
| rollout/                |               |
|    ep_len_mean          | 4.33e+04      |
|    ep_rew_mean          | 0.696         |
| time/                   |               |
|    fps                  | 10448         |
|    iterations           | 247           |
|    time_elapsed         | 677           |
|    total_timesteps      | 7081984       |
| train/                  |               |
|    approx_kl            | 0.00022265522 |
|    clip_fraction        | 0.00275       |
|    clip_range           | 0.2           |
|    entropy_loss         | -0.0158       |
|    explained_variance   | 0.435         |
|    learning_rate        | 0.000279      |
|    loss                 | -0.00156      |
|    n_updates            | 2460          |
|    policy_gradient_loss | -0.000286     |
|    value_loss           | 5.21e-05      |
-------------------------------------------
-------------------------------------------
| rollout/                |               |
|    ep_len_mean          | 4.33e+04      |
|    ep_rew_mean          | 0.696         |
| time/                   |               |
|    fps                  | 10457         |
|    iterations           | 248           |
|    time_elapsed         | 679           |
|    total_timesteps      | 7110656       |
| train/                  |               |
|    approx_kl            | 0.00047172146 |
|    clip_fraction        | 0.00332       |
|    clip_range           | 0.2           |
|    entropy_loss         | -0.0179       |
|    explained_variance   | 0.367         |
|    learning_rate        | 0.000279      |
|    loss                 | -0.000922     |
|    n_updates            | 2470          |
|    policy_gradient_loss | -0.000392     |
|    value_loss           | 6.02e-05      |
-------------------------------------------
-------------------------------------------
| rollout/                |               |
|    ep_len_mean          | 4.33e+04      |
|    ep_rew_mean          | 0.696         |
| time/                   |               |
|    fps                  | 10466         |
|    iterations           | 249           |
|    time_elapsed         | 682           |
|    total_timesteps      | 7139328       |
| train/                  |               |
|    approx_kl            | 0.00026047797 |
|    clip_fraction        | 0.00242       |
|    clip_range           | 0.2           |
|    entropy_loss         | -0.016        |
|    explained_variance   | 0.444         |
|    learning_rate        | 0.000279      |
|    loss                 | -0.000599     |
|    n_updates            | 2480          |
|    policy_gradient_loss | -0.000227     |
|    value_loss           | 6.35e-05      |
-------------------------------------------
-----------------------------------------
| rollout/                |             |
|    ep_len_mean          | 4.33e+04    |
|    ep_rew_mean          | 0.696       |
| time/                   |             |
|    fps                  | 10476       |
|    iterations           | 250         |
|    time_elapsed         | 684         |
|    total_timesteps      | 7168000     |
| train/                  |             |
|    approx_kl            | 0.000200083 |
|    clip_fraction        | 0.00273     |
|    clip_range           | 0.2         |
|    entropy_loss         | -0.0191     |
|    explained_variance   | 0.433       |
|    learning_rate        | 0.000279    |
|    loss                 | 0.0015      |
|    n_updates            | 2490        |
|    policy_gradient_loss | -0.000134   |
|    value_loss           | 5.5e-05     |
-----------------------------------------
-----------------------------------------
| rollout/                |             |
|    ep_len_mean          | 4.33e+04    |
|    ep_rew_mean          | 0.696       |
| time/                   |             |
|    fps                  | 10486       |
|    iterations           | 251         |
|    time_elapsed         | 686         |
|    total_timesteps      | 7196672     |
| train/                  |             |
|    approx_kl            | 0.000245437 |
|    clip_fraction        | 0.00323     |
|    clip_range           | 0.2         |
|    entropy_loss         | -0.0146     |
|    explained_variance   | 0.535       |
|    learning_rate        | 0.000278    |
|    loss                 | -0.00205    |
|    n_updates            | 2500        |
|    policy_gradient_loss | -0.000171   |
|    value_loss           | 4.35e-05    |
-----------------------------------------
------------------------------------------
| rollout/                |              |
|    ep_len_mean          | 4.33e+04     |
|    ep_rew_mean          | 0.696        |
| time/                   |              |
|    fps                  | 10496        |
|    iterations           | 252          |
|    time_elapsed         | 688          |
|    total_timesteps      | 7225344      |
| train/                  |              |
|    approx_kl            | 0.0007703566 |
|    clip_fraction        | 0.00445      |
|    clip_range           | 0.2          |
|    entropy_loss         | -0.0176      |
|    explained_variance   | 0.443        |
|    learning_rate        | 0.000278     |
|    loss                 | -0.000152    |
|    n_updates            | 2510         |
|    policy_gradient_loss | -0.000345    |
|    value_loss           | 7.07e-05     |
------------------------------------------
-------------------------------------------
| rollout/                |               |
|    ep_len_mean          | 4.33e+04      |
|    ep_rew_mean          | 0.696         |
| time/                   |               |
|    fps                  | 10506         |
|    iterations           | 253           |
|    time_elapsed         | 690           |
|    total_timesteps      | 7254016       |
| train/                  |               |
|    approx_kl            | 0.00035832232 |
|    clip_fraction        | 0.00394       |
|    clip_range           | 0.2           |
|    entropy_loss         | -0.0134       |
|    explained_variance   | 0.55          |
|    learning_rate        | 0.000278      |
|    loss                 | 0.00109       |
|    n_updates            | 2520          |
|    policy_gradient_loss | -0.000298     |
|    value_loss           | 5.9e-05       |
-------------------------------------------
-------------------------------------------
| rollout/                |               |
|    ep_len_mean          | 4.33e+04      |
|    ep_rew_mean          | 0.744         |
| time/                   |               |
|    fps                  | 10516         |
|    iterations           | 254           |
|    time_elapsed         | 692           |
|    total_timesteps      | 7282688       |
| train/                  |               |
|    approx_kl            | 0.00022863712 |
|    clip_fraction        | 0.00239       |
|    clip_range           | 0.2           |
|    entropy_loss         | -0.0135       |
|    explained_variance   | 0.609         |
|    learning_rate        | 0.000278      |
|    loss                 | -0.00165      |
|    n_updates            | 2530          |
|    policy_gradient_loss | -8.9e-05      |
|    value_loss           | 3.68e-05      |
-------------------------------------------
-------------------------------------------
| rollout/                |               |
|    ep_len_mean          | 4.33e+04      |
|    ep_rew_mean          | 0.779         |
| time/                   |               |
|    fps                  | 10526         |
|    iterations           | 255           |
|    time_elapsed         | 694           |
|    total_timesteps      | 7311360       |
| train/                  |               |
|    approx_kl            | 0.00052319217 |
|    clip_fraction        | 0.00509       |
|    clip_range           | 0.2           |
|    entropy_loss         | -0.0232       |
|    explained_variance   | 0.437         |
|    learning_rate        | 0.000278      |
|    loss                 | -0.0021       |
|    n_updates            | 2540          |
|    policy_gradient_loss | -0.00051      |
|    value_loss           | 9.91e-05      |
-------------------------------------------
------------------------------------------
| rollout/                |              |
|    ep_len_mean          | 4.33e+04     |
|    ep_rew_mean          | 0.779        |
| time/                   |              |
|    fps                  | 10536        |
|    iterations           | 256          |
|    time_elapsed         | 696          |
|    total_timesteps      | 7340032      |
| train/                  |              |
|    approx_kl            | 0.0015025415 |
|    clip_fraction        | 0.00423      |
|    clip_range           | 0.2          |
|    entropy_loss         | -0.018       |
|    explained_variance   | 0.553        |
|    learning_rate        | 0.000278     |
|    loss                 | -0.00157     |
|    n_updates            | 2550         |
|    policy_gradient_loss | -0.000446    |
|    value_loss           | 5.3e-05      |
------------------------------------------
------------------------------------------
| rollout/                |              |
|    ep_len_mean          | 4.33e+04     |
|    ep_rew_mean          | 0.779        |
| time/                   |              |
|    fps                  | 10547        |
|    iterations           | 257          |
|    time_elapsed         | 698          |
|    total_timesteps      | 7368704      |
| train/                  |              |
|    approx_kl            | 0.0009050236 |
|    clip_fraction        | 0.007        |
|    clip_range           | 0.2          |
|    entropy_loss         | -0.021       |
|    explained_variance   | 0.624        |
|    learning_rate        | 0.000278     |
|    loss                 | -0.000136    |
|    n_updates            | 2560         |
|    policy_gradient_loss | -0.000688    |
|    value_loss           | 4.82e-05     |
------------------------------------------
-------------------------------------------
| rollout/                |               |
|    ep_len_mean          | 4.33e+04      |
|    ep_rew_mean          | 0.779         |
| time/                   |               |
|    fps                  | 10555         |
|    iterations           | 258           |
|    time_elapsed         | 700           |
|    total_timesteps      | 7397376       |
| train/                  |               |
|    approx_kl            | 0.00085776526 |
|    clip_fraction        | 0.00592       |
|    clip_range           | 0.2           |
|    entropy_loss         | -0.0246       |
|    explained_variance   | 0.55          |
|    learning_rate        | 0.000278      |
|    loss                 | -0.000514     |
|    n_updates            | 2570          |
|    policy_gradient_loss | -0.000437     |
|    value_loss           | 7.18e-05      |
-------------------------------------------
-------------------------------------------
| rollout/                |               |
|    ep_len_mean          | 4.33e+04      |
|    ep_rew_mean          | 0.779         |
| time/                   |               |
|    fps                  | 10564         |
|    iterations           | 259           |
|    time_elapsed         | 702           |
|    total_timesteps      | 7426048       |
| train/                  |               |
|    approx_kl            | 0.00043658214 |
|    clip_fraction        | 0.00485       |
|    clip_range           | 0.2           |
|    entropy_loss         | -0.0258       |
|    explained_variance   | 0.568         |
|    learning_rate        | 0.000278      |
|    loss                 | -0.00241      |
|    n_updates            | 2580          |
|    policy_gradient_loss | -0.000354     |
|    value_loss           | 6.23e-05      |
-------------------------------------------
-------------------------------------------
| rollout/                |               |
|    ep_len_mean          | 4.33e+04      |
|    ep_rew_mean          | 0.779         |
| time/                   |               |
|    fps                  | 10575         |
|    iterations           | 260           |
|    time_elapsed         | 704           |
|    total_timesteps      | 7454720       |
| train/                  |               |
|    approx_kl            | 0.00044088354 |
|    clip_fraction        | 0.00351       |
|    clip_range           | 0.2           |
|    entropy_loss         | -0.0214       |
|    explained_variance   | 0.466         |
|    learning_rate        | 0.000278      |
|    loss                 | -0.00675      |
|    n_updates            | 2590          |
|    policy_gradient_loss | -0.000406     |
|    value_loss           | 5.64e-05      |
-------------------------------------------
------------------------------------------
| rollout/                |              |
|    ep_len_mean          | 4.33e+04     |
|    ep_rew_mean          | 0.779        |
| time/                   |              |
|    fps                  | 10584        |
|    iterations           | 261          |
|    time_elapsed         | 706          |
|    total_timesteps      | 7483392      |
| train/                  |              |
|    approx_kl            | 0.0003199778 |
|    clip_fraction        | 0.00386      |
|    clip_range           | 0.2          |
|    entropy_loss         | -0.0238      |
|    explained_variance   | 0.494        |
|    learning_rate        | 0.000278     |
|    loss                 | -0.000938    |
|    n_updates            | 2600         |
|    policy_gradient_loss | -0.000386    |
|    value_loss           | 4.98e-05     |
------------------------------------------
[valid @7,500,150] BTC-USDT-SWAP: trades=1731 pnl=+590.0
[valid @7,500,150] ETH-USDT-SWAP: trades=2206 pnl=+1064.5
[valid] new best (BTC v9_kpi +0.5372, smoothed +0.4019 | sel +0.0535 mdd 47.5% msl -17.5) -> /home/henjigcp/git/quant_real_RL/models/v9_maskablerl/v9_maskablerl_seed0_0801-0006/v9_maskablerl_seed0_0801-0006_best.zip
-------------------------------------------------------
| rollout/                            |               |
|    ep_len_mean                      | 4.33e+04      |
|    ep_rew_mean                      | 0.779         |
| time/                               |               |
|    fps                              | 10414         |
|    iterations                       | 262           |
|    time_elapsed                     | 721           |
|    total_timesteps                  | 7512064       |
| train/                              |               |
|    approx_kl                        | 0.00031208206 |
|    clip_fraction                    | 0.00328       |
|    clip_range                       | 0.2           |
|    entropy_loss                     | -0.0239       |
|    explained_variance               | 0.432         |
|    learning_rate                    | 0.000278      |
|    loss                             | -0.00039      |
|    n_updates                        | 2610          |
|    policy_gradient_loss             | -0.000189     |
|    value_loss                       | 5.93e-05      |
| valid/                              |               |
|    BTC-USDT-SWAP/compound_mdd_pct   | 47.5          |
|    BTC-USDT-SWAP/compound_multiple  | 160           |
|    BTC-USDT-SWAP/geo_mean_per_trade | 0.00294       |
|    BTC-USDT-SWAP/max_single_loss    | -17.5         |
|    BTC-USDT-SWAP/max_upnl           | 0.193         |
|    BTC-USDT-SWAP/monthly_growth     | 1.54          |
|    BTC-USDT-SWAP/near_liq_n         | 0             |
|    BTC-USDT-SWAP/near_liq_pct       | 0             |
|    BTC-USDT-SWAP/pnl_std            | 3.09          |
|    BTC-USDT-SWAP/sel_monthly_log    | 0.0535        |
|    BTC-USDT-SWAP/total_pnl          | 590           |
|    BTC-USDT-SWAP/trades             | 1731          |
|    BTC-USDT-SWAP/trades_per_month   | 146           |
|    BTC-USDT-SWAP/v9_kpi             | 0.537         |
|    BTC-USDT-SWAP/v9_kpi_smoothed    | 0.402         |
|    BTC-USDT-SWAP/v9_kpi_z_mdd       | 1.32          |
|    BTC-USDT-SWAP/v9_kpi_z_msl       | 1.04          |
|    BTC-USDT-SWAP/v9_kpi_z_sel       | 0.107         |
|    BTC-USDT-SWAP/win_rate           | 0.523         |
|    ETH-USDT-SWAP/compound_mdd_pct   | 75.6          |
|    ETH-USDT-SWAP/compound_multiple  | 8.81e+03      |
|    ETH-USDT-SWAP/geo_mean_per_trade | 0.00413       |
|    ETH-USDT-SWAP/max_single_loss    | -38.4         |
|    ETH-USDT-SWAP/max_upnl           | 0.213         |
|    ETH-USDT-SWAP/monthly_growth     | 2.16          |
|    ETH-USDT-SWAP/near_liq_n         | 0             |
|    ETH-USDT-SWAP/near_liq_pct       | 0             |
|    ETH-USDT-SWAP/pnl_std            | 3.68          |
|    ETH-USDT-SWAP/total_pnl          | 1.06e+03      |
|    ETH-USDT-SWAP/trades             | 2206          |
|    ETH-USDT-SWAP/trades_per_month   | 187           |
|    ETH-USDT-SWAP/win_rate           | 0.594         |
-------------------------------------------------------
-------------------------------------------
| rollout/                |               |
|    ep_len_mean          | 4.33e+04      |
|    ep_rew_mean          | 0.779         |
| time/                   |               |
|    fps                  | 10424         |
|    iterations           | 263           |
|    time_elapsed         | 723           |
|    total_timesteps      | 7540736       |
| train/                  |               |
|    approx_kl            | 0.00046507802 |
|    clip_fraction        | 0.00479       |
|    clip_range           | 0.2           |
|    entropy_loss         | -0.0234       |
|    explained_variance   | 0.448         |
|    learning_rate        | 0.000277      |
|    loss                 | -0.00212      |
|    n_updates            | 2620          |
|    policy_gradient_loss | -0.000297     |
|    value_loss           | 4.95e-05      |
-------------------------------------------
-------------------------------------------
| rollout/                |               |
|    ep_len_mean          | 4.33e+04      |
|    ep_rew_mean          | 0.779         |
| time/                   |               |
|    fps                  | 10434         |
|    iterations           | 264           |
|    time_elapsed         | 725           |
|    total_timesteps      | 7569408       |
| train/                  |               |
|    approx_kl            | 0.00030567576 |
|    clip_fraction        | 0.00285       |
|    clip_range           | 0.2           |
|    entropy_loss         | -0.0184       |
|    explained_variance   | 0.517         |
|    learning_rate        | 0.000277      |
|    loss                 | -0.00304      |
|    n_updates            | 2630          |
|    policy_gradient_loss | -0.000495     |
|    value_loss           | 5.65e-05      |
-------------------------------------------
-------------------------------------------
| rollout/                |               |
|    ep_len_mean          | 4.33e+04      |
|    ep_rew_mean          | 0.779         |
| time/                   |               |
|    fps                  | 10444         |
|    iterations           | 265           |
|    time_elapsed         | 727           |
|    total_timesteps      | 7598080       |
| train/                  |               |
|    approx_kl            | 0.00033609202 |
|    clip_fraction        | 0.00396       |
|    clip_range           | 0.2           |
|    entropy_loss         | -0.0236       |
|    explained_variance   | 0.49          |
|    learning_rate        | 0.000277      |
|    loss                 | -0.000199     |
|    n_updates            | 2640          |
|    policy_gradient_loss | -0.000343     |
|    value_loss           | 5.6e-05       |
-------------------------------------------
-------------------------------------------
| rollout/                |               |
|    ep_len_mean          | 4.33e+04      |
|    ep_rew_mean          | 0.779         |
| time/                   |               |
|    fps                  | 10454         |
|    iterations           | 266           |
|    time_elapsed         | 729           |
|    total_timesteps      | 7626752       |
| train/                  |               |
|    approx_kl            | 0.00063207495 |
|    clip_fraction        | 0.00412       |
|    clip_range           | 0.2           |
|    entropy_loss         | -0.0192       |
|    explained_variance   | 0.425         |
|    learning_rate        | 0.000277      |
|    loss                 | -0.000105     |
|    n_updates            | 2650          |
|    policy_gradient_loss | -0.000446     |
|    value_loss           | 5.27e-05      |
-------------------------------------------
-----------------------------------------
| rollout/                |             |
|    ep_len_mean          | 4.33e+04    |
|    ep_rew_mean          | 0.779       |
| time/                   |             |
|    fps                  | 10464       |
|    iterations           | 267         |
|    time_elapsed         | 731         |
|    total_timesteps      | 7655424     |
| train/                  |             |
|    approx_kl            | 0.000568069 |
|    clip_fraction        | 0.00339     |
|    clip_range           | 0.2         |
|    entropy_loss         | -0.0197     |
|    explained_variance   | 0.499       |
|    learning_rate        | 0.000277    |
|    loss                 | -0.00185    |
|    n_updates            | 2660        |
|    policy_gradient_loss | -0.000309   |
|    value_loss           | 4.49e-05    |
-----------------------------------------
-------------------------------------------
| rollout/                |               |
|    ep_len_mean          | 4.33e+04      |
|    ep_rew_mean          | 0.779         |
| time/                   |               |
|    fps                  | 10474         |
|    iterations           | 268           |
|    time_elapsed         | 733           |
|    total_timesteps      | 7684096       |
| train/                  |               |
|    approx_kl            | 0.00043376474 |
|    clip_fraction        | 0.00341       |
|    clip_range           | 0.2           |
|    entropy_loss         | -0.0205       |
|    explained_variance   | 0.619         |
|    learning_rate        | 0.000277      |
|    loss                 | -0.000712     |
|    n_updates            | 2670          |
|    policy_gradient_loss | -0.000412     |
|    value_loss           | 3.38e-05      |
-------------------------------------------
-------------------------------------------
| rollout/                |               |
|    ep_len_mean          | 4.33e+04      |
|    ep_rew_mean          | 0.779         |
| time/                   |               |
|    fps                  | 10484         |
|    iterations           | 269           |
|    time_elapsed         | 735           |
|    total_timesteps      | 7712768       |
| train/                  |               |
|    approx_kl            | 0.00066538464 |
|    clip_fraction        | 0.00416       |
|    clip_range           | 0.2           |
|    entropy_loss         | -0.0246       |
|    explained_variance   | 0.494         |
|    learning_rate        | 0.000277      |
|    loss                 | 0.000118      |
|    n_updates            | 2680          |
|    policy_gradient_loss | -0.000421     |
|    value_loss           | 3.77e-05      |
-------------------------------------------
-------------------------------------------
| rollout/                |               |
|    ep_len_mean          | 4.33e+04      |
|    ep_rew_mean          | 0.779         |
| time/                   |               |
|    fps                  | 10494         |
|    iterations           | 270           |
|    time_elapsed         | 737           |
|    total_timesteps      | 7741440       |
| train/                  |               |
|    approx_kl            | 0.00096585974 |
|    clip_fraction        | 0.00524       |
|    clip_range           | 0.2           |
|    entropy_loss         | -0.0273       |
|    explained_variance   | 0.461         |
|    learning_rate        | 0.000277      |
|    loss                 | -0.00189      |
|    n_updates            | 2690          |
|    policy_gradient_loss | -0.000376     |
|    value_loss           | 5.26e-05      |
-------------------------------------------
------------------------------------------
| rollout/                |              |
|    ep_len_mean          | 4.33e+04     |
|    ep_rew_mean          | 0.779        |
| time/                   |              |
|    fps                  | 10502        |
|    iterations           | 271          |
|    time_elapsed         | 739          |
|    total_timesteps      | 7770112      |
| train/                  |              |
|    approx_kl            | 0.0004415016 |
|    clip_fraction        | 0.00438      |
|    clip_range           | 0.2          |
|    entropy_loss         | -0.0207      |
|    explained_variance   | 0.415        |
|    learning_rate        | 0.000277     |
|    loss                 | -0.0008      |
|    n_updates            | 2700         |
|    policy_gradient_loss | -0.000238    |
|    value_loss           | 4.67e-05     |
------------------------------------------
------------------------------------------
| rollout/                |              |
|    ep_len_mean          | 4.33e+04     |
|    ep_rew_mean          | 0.779        |
| time/                   |              |
|    fps                  | 10510        |
|    iterations           | 272          |
|    time_elapsed         | 741          |
|    total_timesteps      | 7798784      |
| train/                  |              |
|    approx_kl            | 0.0008347309 |
|    clip_fraction        | 0.0053       |
|    clip_range           | 0.2          |
|    entropy_loss         | -0.0253      |
|    explained_variance   | 0.456        |
|    learning_rate        | 0.000277     |
|    loss                 | -0.000719    |
|    n_updates            | 2710         |
|    policy_gradient_loss | -0.000565    |
|    value_loss           | 5.89e-05     |
------------------------------------------
-------------------------------------------
| rollout/                |               |
|    ep_len_mean          | 4.33e+04      |
|    ep_rew_mean          | 0.779         |
| time/                   |               |
|    fps                  | 10520         |
|    iterations           | 273           |
|    time_elapsed         | 744           |
|    total_timesteps      | 7827456       |
| train/                  |               |
|    approx_kl            | 0.00071577233 |
|    clip_fraction        | 0.00564       |
|    clip_range           | 0.2           |
|    entropy_loss         | -0.0231       |
|    explained_variance   | 0.38          |
|    learning_rate        | 0.000277      |
|    loss                 | 7.98e-05      |
|    n_updates            | 2720          |
|    policy_gradient_loss | -0.000396     |
|    value_loss           | 5.78e-05      |
-------------------------------------------
-------------------------------------------
| rollout/                |               |
|    ep_len_mean          | 4.33e+04      |
|    ep_rew_mean          | 0.779         |
| time/                   |               |
|    fps                  | 10530         |
|    iterations           | 274           |
|    time_elapsed         | 746           |
|    total_timesteps      | 7856128       |
| train/                  |               |
|    approx_kl            | 0.00040041903 |
|    clip_fraction        | 0.00416       |
|    clip_range           | 0.2           |
|    entropy_loss         | -0.0214       |
|    explained_variance   | 0.363         |
|    learning_rate        | 0.000277      |
|    loss                 | -0.00396      |
|    n_updates            | 2730          |
|    policy_gradient_loss | -0.000299     |
|    value_loss           | 5.15e-05      |
-------------------------------------------
-------------------------------------------
| rollout/                |               |
|    ep_len_mean          | 4.34e+04      |
|    ep_rew_mean          | 0.786         |
| time/                   |               |
|    fps                  | 10539         |
|    iterations           | 275           |
|    time_elapsed         | 748           |
|    total_timesteps      | 7884800       |
| train/                  |               |
|    approx_kl            | 0.00044289377 |
|    clip_fraction        | 0.00442       |
|    clip_range           | 0.2           |
|    entropy_loss         | -0.0201       |
|    explained_variance   | 0.414         |
|    learning_rate        | 0.000276      |
|    loss                 | -0.00247      |
|    n_updates            | 2740          |
|    policy_gradient_loss | -0.000416     |
|    value_loss           | 6.2e-05       |
-------------------------------------------
-----------------------------------------
| rollout/                |             |
|    ep_len_mean          | 4.34e+04    |
|    ep_rew_mean          | 0.796       |
| time/                   |             |
|    fps                  | 10549       |
|    iterations           | 276         |
|    time_elapsed         | 750         |
|    total_timesteps      | 7913472     |
| train/                  |             |
|    approx_kl            | 0.000411619 |
|    clip_fraction        | 0.00376     |
|    clip_range           | 0.2         |
|    entropy_loss         | -0.0222     |
|    explained_variance   | 0.4         |
|    learning_rate        | 0.000276    |
|    loss                 | -0.00149    |
|    n_updates            | 2750        |
|    policy_gradient_loss | -0.000213   |
|    value_loss           | 5.81e-05    |
-----------------------------------------
-------------------------------------------
| rollout/                |               |
|    ep_len_mean          | 4.34e+04      |
|    ep_rew_mean          | 0.796         |
| time/                   |               |
|    fps                  | 10559         |
|    iterations           | 277           |
|    time_elapsed         | 752           |
|    total_timesteps      | 7942144       |
| train/                  |               |
|    approx_kl            | 0.00028635075 |
|    clip_fraction        | 0.00262       |
|    clip_range           | 0.2           |
|    entropy_loss         | -0.0193       |
|    explained_variance   | 0.45          |
|    learning_rate        | 0.000276      |
|    loss                 | -0.00192      |
|    n_updates            | 2760          |
|    policy_gradient_loss | -0.000225     |
|    value_loss           | 4.34e-05      |
-------------------------------------------
------------------------------------------
| rollout/                |              |
|    ep_len_mean          | 4.34e+04     |
|    ep_rew_mean          | 0.796        |
| time/                   |              |
|    fps                  | 10569        |
|    iterations           | 278          |
|    time_elapsed         | 754          |
|    total_timesteps      | 7970816      |
| train/                  |              |
|    approx_kl            | 0.0003848511 |
|    clip_fraction        | 0.00392      |
|    clip_range           | 0.2          |
|    entropy_loss         | -0.0158      |
|    explained_variance   | 0.611        |
|    learning_rate        | 0.000276     |
|    loss                 | -0.000347    |
|    n_updates            | 2770         |
|    policy_gradient_loss | -0.000387    |
|    value_loss           | 2.72e-05     |
------------------------------------------
-------------------------------------------
| rollout/                |               |
|    ep_len_mean          | 4.34e+04      |
|    ep_rew_mean          | 0.796         |
| time/                   |               |
|    fps                  | 10580         |
|    iterations           | 279           |
|    time_elapsed         | 756           |
|    total_timesteps      | 7999488       |
| train/                  |               |
|    approx_kl            | 0.00035679495 |
|    clip_fraction        | 0.0028        |
|    clip_range           | 0.2           |
|    entropy_loss         | -0.0155       |
|    explained_variance   | 0.584         |
|    learning_rate        | 0.000276      |
|    loss                 | -4.9e-05      |
|    n_updates            | 2780          |
|    policy_gradient_loss | -0.000156     |
|    value_loss           | 4.09e-05      |
-------------------------------------------
[valid @8,000,160] BTC-USDT-SWAP: trades=1645 pnl=+552.6
[valid @8,000,160] ETH-USDT-SWAP: trades=2311 pnl=+1238.6
[valid] new best (BTC v9_kpi +0.2794, smoothed +0.4133 | sel -0.0342 mdd 56.4% msl -20.4) -> /home/henjigcp/git/quant_real_RL/models/v9_maskablerl/v9_maskablerl_seed0_0801-0006/v9_maskablerl_seed0_0801-0006_best.zip
------------------------------------------------------
| rollout/                            |              |
|    ep_len_mean                      | 4.34e+04     |
|    ep_rew_mean                      | 0.796        |
| time/                               |              |
|    fps                              | 10415        |
|    iterations                       | 280          |
|    time_elapsed                     | 770          |
|    total_timesteps                  | 8028160      |
| train/                              |              |
|    approx_kl                        | 0.0003175091 |
|    clip_fraction                    | 0.00381      |
|    clip_range                       | 0.2          |
|    entropy_loss                     | -0.0146      |
|    explained_variance               | 0.551        |
|    learning_rate                    | 0.000276     |
|    loss                             | -0.00216     |
|    n_updates                        | 2790         |
|    policy_gradient_loss             | -0.000581    |
|    value_loss                       | 3.58e-05     |
| valid/                              |              |
|    BTC-USDT-SWAP/compound_mdd_pct   | 56.4         |
|    BTC-USDT-SWAP/compound_multiple  | 112          |
|    BTC-USDT-SWAP/geo_mean_per_trade | 0.00287      |
|    BTC-USDT-SWAP/max_single_loss    | -20.4        |
|    BTC-USDT-SWAP/max_upnl           | 0.212        |
|    BTC-USDT-SWAP/monthly_growth     | 1.49         |
|    BTC-USDT-SWAP/near_liq_n         | 0            |
|    BTC-USDT-SWAP/near_liq_pct       | 0            |
|    BTC-USDT-SWAP/pnl_std            | 3.13         |
|    BTC-USDT-SWAP/sel_monthly_log    | -0.0342      |
|    BTC-USDT-SWAP/total_pnl          | 553          |
|    BTC-USDT-SWAP/trades             | 1645         |
|    BTC-USDT-SWAP/trades_per_month   | 139          |
|    BTC-USDT-SWAP/v9_kpi             | 0.279        |
|    BTC-USDT-SWAP/v9_kpi_smoothed    | 0.413        |
|    BTC-USDT-SWAP/v9_kpi_z_mdd       | 0.801        |
|    BTC-USDT-SWAP/v9_kpi_z_msl       | 0.801        |
|    BTC-USDT-SWAP/v9_kpi_z_sel       | -0.0683      |
|    BTC-USDT-SWAP/win_rate           | 0.512        |
|    ETH-USDT-SWAP/compound_mdd_pct   | 59.7         |
|    ETH-USDT-SWAP/compound_multiple  | 4.52e+04     |
|    ETH-USDT-SWAP/geo_mean_per_trade | 0.00465      |
|    ETH-USDT-SWAP/max_single_loss    | -37          |
|    ETH-USDT-SWAP/max_upnl           | 0.228        |
|    ETH-USDT-SWAP/monthly_growth     | 2.48         |
|    ETH-USDT-SWAP/near_liq_n         | 0            |
|    ETH-USDT-SWAP/near_liq_pct       | 0            |
|    ETH-USDT-SWAP/pnl_std            | 3.72         |
|    ETH-USDT-SWAP/total_pnl          | 1.24e+03     |
|    ETH-USDT-SWAP/trades             | 2311         |
|    ETH-USDT-SWAP/trades_per_month   | 195          |
|    ETH-USDT-SWAP/win_rate           | 0.585        |
------------------------------------------------------
-------------------------------------------
| rollout/                |               |
|    ep_len_mean          | 4.34e+04      |
|    ep_rew_mean          | 0.796         |
| time/                   |               |
|    fps                  | 10424         |
|    iterations           | 281           |
|    time_elapsed         | 772           |
|    total_timesteps      | 8056832       |
| train/                  |               |
|    approx_kl            | 0.00029452643 |
|    clip_fraction        | 0.00363       |
|    clip_range           | 0.2           |
|    entropy_loss         | -0.0136       |
|    explained_variance   | 0.674         |
|    learning_rate        | 0.000276      |
|    loss                 | -0.000285     |
|    n_updates            | 2800          |
|    policy_gradient_loss | -0.000607     |
|    value_loss           | 4.26e-05      |
-------------------------------------------
-------------------------------------------
| rollout/                |               |
|    ep_len_mean          | 4.34e+04      |
|    ep_rew_mean          | 0.796         |
| time/                   |               |
|    fps                  | 10434         |
|    iterations           | 282           |
|    time_elapsed         | 774           |
|    total_timesteps      | 8085504       |
| train/                  |               |
|    approx_kl            | 0.00043259072 |
|    clip_fraction        | 0.00427       |
|    clip_range           | 0.2           |
|    entropy_loss         | -0.0196       |
|    explained_variance   | 0.596         |
|    learning_rate        | 0.000276      |
|    loss                 | -0.000703     |
|    n_updates            | 2810          |
|    policy_gradient_loss | -0.000518     |
|    value_loss           | 2.83e-05      |
-------------------------------------------
-------------------------------------------
| rollout/                |               |
|    ep_len_mean          | 4.34e+04      |
|    ep_rew_mean          | 0.796         |
| time/                   |               |
|    fps                  | 10443         |
|    iterations           | 283           |
|    time_elapsed         | 776           |
|    total_timesteps      | 8114176       |
| train/                  |               |
|    approx_kl            | 0.00047611157 |
|    clip_fraction        | 0.00352       |
|    clip_range           | 0.2           |
|    entropy_loss         | -0.0164       |
|    explained_variance   | 0.573         |
|    learning_rate        | 0.000276      |
|    loss                 | -0.000223     |
|    n_updates            | 2820          |
|    policy_gradient_loss | -0.000158     |
|    value_loss           | 3.56e-05      |
-------------------------------------------
-------------------------------------------
| rollout/                |               |
|    ep_len_mean          | 4.34e+04      |
|    ep_rew_mean          | 0.796         |
| time/                   |               |
|    fps                  | 10453         |
|    iterations           | 284           |
|    time_elapsed         | 778           |
|    total_timesteps      | 8142848       |
| train/                  |               |
|    approx_kl            | 0.00056944817 |
|    clip_fraction        | 0.00406       |
|    clip_range           | 0.2           |
|    entropy_loss         | -0.0146       |
|    explained_variance   | 0.569         |
|    learning_rate        | 0.000276      |
|    loss                 | -0.00104      |
|    n_updates            | 2830          |
|    policy_gradient_loss | -0.000637     |
|    value_loss           | 4.13e-05      |
-------------------------------------------
------------------------------------------
| rollout/                |              |
|    ep_len_mean          | 4.34e+04     |
|    ep_rew_mean          | 0.796        |
| time/                   |              |
|    fps                  | 10462        |
|    iterations           | 285          |
|    time_elapsed         | 781          |
|    total_timesteps      | 8171520      |
| train/                  |              |
|    approx_kl            | 0.0005236856 |
|    clip_fraction        | 0.00381      |
|    clip_range           | 0.2          |
|    entropy_loss         | -0.0145      |
|    explained_variance   | 0.591        |
|    learning_rate        | 0.000276     |
|    loss                 | -0.000691    |
|    n_updates            | 2840         |
|    policy_gradient_loss | -0.000445    |
|    value_loss           | 4.02e-05     |
------------------------------------------
------------------------------------------
| rollout/                |              |
|    ep_len_mean          | 4.34e+04     |
|    ep_rew_mean          | 0.796        |
| time/                   |              |
|    fps                  | 10472        |
|    iterations           | 286          |
|    time_elapsed         | 783          |
|    total_timesteps      | 8200192      |
| train/                  |              |
|    approx_kl            | 0.0008790936 |
|    clip_fraction        | 0.00271      |
|    clip_range           | 0.2          |
|    entropy_loss         | -0.00986     |
|    explained_variance   | 0.541        |
|    learning_rate        | 0.000275     |
|    loss                 | -0.000741    |
|    n_updates            | 2850         |
|    policy_gradient_loss | -0.000453    |
|    value_loss           | 4.03e-05     |
------------------------------------------
------------------------------------------
| rollout/                |              |
|    ep_len_mean          | 4.34e+04     |
|    ep_rew_mean          | 0.796        |
| time/                   |              |
|    fps                  | 10481        |
|    iterations           | 287          |
|    time_elapsed         | 785          |
|    total_timesteps      | 8228864      |
| train/                  |              |
|    approx_kl            | 0.0003423468 |
|    clip_fraction        | 0.00255      |
|    clip_range           | 0.2          |
|    entropy_loss         | -0.0132      |
|    explained_variance   | 0.583        |
|    learning_rate        | 0.000275     |
|    loss                 | -0.000835    |
|    n_updates            | 2860         |
|    policy_gradient_loss | -0.000355    |
|    value_loss           | 4.04e-05     |
------------------------------------------
------------------------------------------
| rollout/                |              |
|    ep_len_mean          | 4.34e+04     |
|    ep_rew_mean          | 0.796        |
| time/                   |              |
|    fps                  | 10490        |
|    iterations           | 288          |
|    time_elapsed         | 787          |
|    total_timesteps      | 8257536      |
| train/                  |              |
|    approx_kl            | 0.0003167847 |
|    clip_fraction        | 0.00341      |
|    clip_range           | 0.2          |
|    entropy_loss         | -0.0149      |
|    explained_variance   | 0.387        |
|    learning_rate        | 0.000275     |
|    loss                 | -0.000312    |
|    n_updates            | 2870         |
|    policy_gradient_loss | -0.000284    |
|    value_loss           | 5.82e-05     |
------------------------------------------
------------------------------------------
| rollout/                |              |
|    ep_len_mean          | 4.34e+04     |
|    ep_rew_mean          | 0.796        |
| time/                   |              |
|    fps                  | 10498        |
|    iterations           | 289          |
|    time_elapsed         | 789          |
|    total_timesteps      | 8286208      |
| train/                  |              |
|    approx_kl            | 0.0003262822 |
|    clip_fraction        | 0.00343      |
|    clip_range           | 0.2          |
|    entropy_loss         | -0.016       |
|    explained_variance   | 0.536        |
|    learning_rate        | 0.000275     |
|    loss                 | -0.000297    |
|    n_updates            | 2880         |
|    policy_gradient_loss | -0.000324    |
|    value_loss           | 4.09e-05     |
------------------------------------------
-------------------------------------------
| rollout/                |               |
|    ep_len_mean          | 4.34e+04      |
|    ep_rew_mean          | 0.796         |
| time/                   |               |
|    fps                  | 10508         |
|    iterations           | 290           |
|    time_elapsed         | 791           |
|    total_timesteps      | 8314880       |
| train/                  |               |
|    approx_kl            | 0.00021182335 |
|    clip_fraction        | 0.00238       |
|    clip_range           | 0.2           |
|    entropy_loss         | -0.0122       |
|    explained_variance   | 0.682         |
|    learning_rate        | 0.000275      |
|    loss                 | 0.00172       |
|    n_updates            | 2890          |
|    policy_gradient_loss | -0.000219     |
|    value_loss           | 3.08e-05      |
-------------------------------------------
-------------------------------------------
| rollout/                |               |
|    ep_len_mean          | 4.34e+04      |
|    ep_rew_mean          | 0.796         |
| time/                   |               |
|    fps                  | 10516         |
|    iterations           | 291           |
|    time_elapsed         | 793           |
|    total_timesteps      | 8343552       |
| train/                  |               |
|    approx_kl            | 0.00036640238 |
|    clip_fraction        | 0.00366       |
|    clip_range           | 0.2           |
|    entropy_loss         | -0.0169       |
|    explained_variance   | 0.652         |
|    learning_rate        | 0.000275      |
|    loss                 | -0.000109     |
|    n_updates            | 2900          |
|    policy_gradient_loss | -0.00012      |
|    value_loss           | 3.36e-05      |
-------------------------------------------
-------------------------------------------
| rollout/                |               |
|    ep_len_mean          | 4.34e+04      |
|    ep_rew_mean          | 0.796         |
| time/                   |               |
|    fps                  | 10526         |
|    iterations           | 292           |
|    time_elapsed         | 795           |
|    total_timesteps      | 8372224       |
| train/                  |               |
|    approx_kl            | 0.00060910446 |
|    clip_fraction        | 0.00446       |
|    clip_range           | 0.2           |
|    entropy_loss         | -0.0171       |
|    explained_variance   | 0.511         |
|    learning_rate        | 0.000275      |
|    loss                 | 2.58e-05      |
|    n_updates            | 2910          |
|    policy_gradient_loss | -0.000587     |
|    value_loss           | 4.68e-05      |
-------------------------------------------
-------------------------------------------
| rollout/                |               |
|    ep_len_mean          | 4.34e+04      |
|    ep_rew_mean          | 0.796         |
| time/                   |               |
|    fps                  | 10535         |
|    iterations           | 293           |
|    time_elapsed         | 797           |
|    total_timesteps      | 8400896       |
| train/                  |               |
|    approx_kl            | 0.00037868295 |
|    clip_fraction        | 0.00413       |
|    clip_range           | 0.2           |
|    entropy_loss         | -0.0153       |
|    explained_variance   | 0.574         |
|    learning_rate        | 0.000275      |
|    loss                 | -0.000643     |
|    n_updates            | 2920          |
|    policy_gradient_loss | -0.000269     |
|    value_loss           | 2.74e-05      |
-------------------------------------------
-------------------------------------------
| rollout/                |               |
|    ep_len_mean          | 4.34e+04      |
|    ep_rew_mean          | 0.796         |
| time/                   |               |
|    fps                  | 10543         |
|    iterations           | 294           |
|    time_elapsed         | 799           |
|    total_timesteps      | 8429568       |
| train/                  |               |
|    approx_kl            | 0.00037996404 |
|    clip_fraction        | 0.00287       |
|    clip_range           | 0.2           |
|    entropy_loss         | -0.0158       |
|    explained_variance   | 0.616         |
|    learning_rate        | 0.000275      |
|    loss                 | -0.000999     |
|    n_updates            | 2930          |
|    policy_gradient_loss | -0.0004       |
|    value_loss           | 2.31e-05      |
-------------------------------------------
------------------------------------------
| rollout/                |              |
|    ep_len_mean          | 4.34e+04     |
|    ep_rew_mean          | 0.796        |
| time/                   |              |
|    fps                  | 10551        |
|    iterations           | 295          |
|    time_elapsed         | 801          |
|    total_timesteps      | 8458240      |
| train/                  |              |
|    approx_kl            | 0.0006211335 |
|    clip_fraction        | 0.00506      |
|    clip_range           | 0.2          |
|    entropy_loss         | -0.0165      |
|    explained_variance   | 0.615        |
|    learning_rate        | 0.000275     |
|    loss                 | -0.000445    |
|    n_updates            | 2940         |
|    policy_gradient_loss | -0.000497    |
|    value_loss           | 2.73e-05     |
------------------------------------------
-------------------------------------------
| rollout/                |               |
|    ep_len_mean          | 4.34e+04      |
|    ep_rew_mean          | 0.852         |
| time/                   |               |
|    fps                  | 10559         |
|    iterations           | 296           |
|    time_elapsed         | 803           |
|    total_timesteps      | 8486912       |
| train/                  |               |
|    approx_kl            | 0.00039318032 |
|    clip_fraction        | 0.00386       |
|    clip_range           | 0.2           |
|    entropy_loss         | -0.0154       |
|    explained_variance   | 0.539         |
|    learning_rate        | 0.000275      |
|    loss                 | -0.000251     |
|    n_updates            | 2950          |
|    policy_gradient_loss | -0.000318     |
|    value_loss           | 4.41e-05      |
-------------------------------------------
[valid @8,500,170] BTC-USDT-SWAP: trades=1472 pnl=+616.8
[valid @8,500,170] ETH-USDT-SWAP: trades=2068 pnl=+1057.1
[valid] new best (BTC v9_kpi +0.5209, smoothed +0.4458 | sel +0.0750 mdd 50.4% msl -18.0) -> /home/henjigcp/git/quant_real_RL/models/v9_maskablerl/v9_maskablerl_seed0_0801-0006/v9_maskablerl_seed0_0801-0006_best.zip
-------------------------------------------------------
| rollout/                            |               |
|    ep_len_mean                      | 4.34e+04      |
|    ep_rew_mean                      | 0.853         |
| time/                               |               |
|    fps                              | 10405         |
|    iterations                       | 297           |
|    time_elapsed                     | 818           |
|    total_timesteps                  | 8515584       |
| train/                              |               |
|    approx_kl                        | 0.00025376887 |
|    clip_fraction                    | 0.00351       |
|    clip_range                       | 0.2           |
|    entropy_loss                     | -0.016        |
|    explained_variance               | 0.562         |
|    learning_rate                    | 0.000275      |
|    loss                             | -0.00187      |
|    n_updates                        | 2960          |
|    policy_gradient_loss             | -0.000327     |
|    value_loss                       | 3.28e-05      |
| valid/                              |               |
|    BTC-USDT-SWAP/compound_mdd_pct   | 50.4          |
|    BTC-USDT-SWAP/compound_multiple  | 194           |
|    BTC-USDT-SWAP/geo_mean_per_trade | 0.00359       |
|    BTC-USDT-SWAP/max_single_loss    | -18           |
|    BTC-USDT-SWAP/max_upnl           | 0.233         |
|    BTC-USDT-SWAP/monthly_growth     | 1.56          |
|    BTC-USDT-SWAP/near_liq_n         | 0             |
|    BTC-USDT-SWAP/near_liq_pct       | 0             |
|    BTC-USDT-SWAP/pnl_std            | 3.51          |
|    BTC-USDT-SWAP/sel_monthly_log    | 0.075         |
|    BTC-USDT-SWAP/total_pnl          | 617           |
|    BTC-USDT-SWAP/trades             | 1472          |
|    BTC-USDT-SWAP/trades_per_month   | 125           |
|    BTC-USDT-SWAP/v9_kpi             | 0.521         |
|    BTC-USDT-SWAP/v9_kpi_smoothed    | 0.446         |
|    BTC-USDT-SWAP/v9_kpi_z_mdd       | 1.15          |
|    BTC-USDT-SWAP/v9_kpi_z_msl       | 1             |
|    BTC-USDT-SWAP/v9_kpi_z_sel       | 0.15          |
|    BTC-USDT-SWAP/win_rate           | 0.516         |
|    ETH-USDT-SWAP/compound_mdd_pct   | 66.1          |
|    ETH-USDT-SWAP/compound_multiple  | 6.34e+03      |
|    ETH-USDT-SWAP/geo_mean_per_trade | 0.00424       |
|    ETH-USDT-SWAP/max_single_loss    | -51.3         |
|    ETH-USDT-SWAP/max_upnl           | 0.25          |
|    ETH-USDT-SWAP/monthly_growth     | 2.1           |
|    ETH-USDT-SWAP/near_liq_n         | 0             |
|    ETH-USDT-SWAP/near_liq_pct       | 0             |
|    ETH-USDT-SWAP/pnl_std            | 4.06          |
|    ETH-USDT-SWAP/total_pnl          | 1.06e+03      |
|    ETH-USDT-SWAP/trades             | 2068          |
|    ETH-USDT-SWAP/trades_per_month   | 175           |
|    ETH-USDT-SWAP/win_rate           | 0.587         |
-------------------------------------------------------
-------------------------------------------
| rollout/                |               |
|    ep_len_mean          | 4.34e+04      |
|    ep_rew_mean          | 0.863         |
| time/                   |               |
|    fps                  | 10412         |
|    iterations           | 298           |
|    time_elapsed         | 820           |
|    total_timesteps      | 8544256       |
| train/                  |               |
|    approx_kl            | 0.00029208962 |
|    clip_fraction        | 0.00244       |
|    clip_range           | 0.2           |
|    entropy_loss         | -0.0142       |
|    explained_variance   | 0.526         |
|    learning_rate        | 0.000274      |
|    loss                 | 4.52e-05      |
|    n_updates            | 2970          |
|    policy_gradient_loss | -0.000222     |
|    value_loss           | 3.71e-05      |
-------------------------------------------
------------------------------------------
| rollout/                |              |
|    ep_len_mean          | 4.34e+04     |
|    ep_rew_mean          | 0.863        |
| time/                   |              |
|    fps                  | 10421        |
|    iterations           | 299          |
|    time_elapsed         | 822          |
|    total_timesteps      | 8572928      |
| train/                  |              |
|    approx_kl            | 0.0009849898 |
|    clip_fraction        | 0.00605      |
|    clip_range           | 0.2          |
|    entropy_loss         | -0.0181      |
|    explained_variance   | 0.532        |
|    learning_rate        | 0.000274     |
|    loss                 | 0.000386     |
|    n_updates            | 2980         |
|    policy_gradient_loss | -0.000667    |
|    value_loss           | 4.52e-05     |
------------------------------------------
-----------------------------------------
| rollout/                |             |
|    ep_len_mean          | 4.34e+04    |
|    ep_rew_mean          | 0.863       |
| time/                   |             |
|    fps                  | 10430       |
|    iterations           | 300         |
|    time_elapsed         | 824         |
|    total_timesteps      | 8601600     |
| train/                  |             |
|    approx_kl            | 0.000970824 |
|    clip_fraction        | 0.00522     |
|    clip_range           | 0.2         |
|    entropy_loss         | -0.0183     |
|    explained_variance   | 0.491       |
|    learning_rate        | 0.000274    |
|    loss                 | -0.000526   |
|    n_updates            | 2990        |
|    policy_gradient_loss | -0.000802   |
|    value_loss           | 5.61e-05    |
-----------------------------------------
------------------------------------------
| rollout/                |              |
|    ep_len_mean          | 4.34e+04     |
|    ep_rew_mean          | 0.863        |
| time/                   |              |
|    fps                  | 10439        |
|    iterations           | 301          |
|    time_elapsed         | 826          |
|    total_timesteps      | 8630272      |
| train/                  |              |
|    approx_kl            | 0.0006199178 |
|    clip_fraction        | 0.00525      |
|    clip_range           | 0.2          |
|    entropy_loss         | -0.0171      |
|    explained_variance   | 0.61         |
|    learning_rate        | 0.000274     |
|    loss                 | -0.000538    |
|    n_updates            | 3000         |
|    policy_gradient_loss | -0.000385    |
|    value_loss           | 9.38e-05     |
------------------------------------------
-------------------------------------------
| rollout/                |               |
|    ep_len_mean          | 4.34e+04      |
|    ep_rew_mean          | 0.863         |
| time/                   |               |
|    fps                  | 10446         |
|    iterations           | 302           |
|    time_elapsed         | 828           |
|    total_timesteps      | 8658944       |
| train/                  |               |
|    approx_kl            | 0.00038197872 |
|    clip_fraction        | 0.00344       |
|    clip_range           | 0.2           |
|    entropy_loss         | -0.0162       |
|    explained_variance   | 0.513         |
|    learning_rate        | 0.000274      |
|    loss                 | -0.00134      |
|    n_updates            | 3010          |
|    policy_gradient_loss | -0.000255     |
|    value_loss           | 5.93e-05      |
-------------------------------------------
-------------------------------------------
| rollout/                |               |
|    ep_len_mean          | 4.34e+04      |
|    ep_rew_mean          | 0.863         |
| time/                   |               |
|    fps                  | 10454         |
|    iterations           | 303           |
|    time_elapsed         | 830           |
|    total_timesteps      | 8687616       |
| train/                  |               |
|    approx_kl            | 0.00022641219 |
|    clip_fraction        | 0.00236       |
|    clip_range           | 0.2           |
|    entropy_loss         | -0.0129       |
|    explained_variance   | 0.604         |
|    learning_rate        | 0.000274      |
|    loss                 | -0.000414     |
|    n_updates            | 3020          |
|    policy_gradient_loss | -0.000138     |
|    value_loss           | 4.83e-05      |
-------------------------------------------
-------------------------------------------
| rollout/                |               |
|    ep_len_mean          | 4.34e+04      |
|    ep_rew_mean          | 0.863         |
| time/                   |               |
|    fps                  | 10464         |
|    iterations           | 304           |
|    time_elapsed         | 832           |
|    total_timesteps      | 8716288       |
| train/                  |               |
|    approx_kl            | 0.00043995524 |
|    clip_fraction        | 0.00302       |
|    clip_range           | 0.2           |
|    entropy_loss         | -0.015        |
|    explained_variance   | 0.631         |
|    learning_rate        | 0.000274      |
|    loss                 | -0.00157      |
|    n_updates            | 3030          |
|    policy_gradient_loss | -0.00034      |
|    value_loss           | 4.13e-05      |
-------------------------------------------
-------------------------------------------
| rollout/                |               |
|    ep_len_mean          | 4.34e+04      |
|    ep_rew_mean          | 0.863         |
| time/                   |               |
|    fps                  | 10472         |
|    iterations           | 305           |
|    time_elapsed         | 835           |
|    total_timesteps      | 8744960       |
| train/                  |               |
|    approx_kl            | 0.00040503425 |
|    clip_fraction        | 0.00353       |
|    clip_range           | 0.2           |
|    entropy_loss         | -0.0172       |
|    explained_variance   | 0.621         |
|    learning_rate        | 0.000274      |
|    loss                 | -0.000545     |
|    n_updates            | 3040          |
|    policy_gradient_loss | -0.000288     |
|    value_loss           | 4.19e-05      |
-------------------------------------------
-------------------------------------------
| rollout/                |               |
|    ep_len_mean          | 4.34e+04      |
|    ep_rew_mean          | 0.863         |
| time/                   |               |
|    fps                  | 10481         |
|    iterations           | 306           |
|    time_elapsed         | 837           |
|    total_timesteps      | 8773632       |
| train/                  |               |
|    approx_kl            | 0.00030057385 |
|    clip_fraction        | 0.00366       |
|    clip_range           | 0.2           |
|    entropy_loss         | -0.0208       |
|    explained_variance   | 0.503         |
|    learning_rate        | 0.000274      |
|    loss                 | -0.00264      |
|    n_updates            | 3050          |
|    policy_gradient_loss | -0.000336     |
|    value_loss           | 7.29e-05      |
-------------------------------------------
-------------------------------------------
| rollout/                |               |
|    ep_len_mean          | 4.34e+04      |
|    ep_rew_mean          | 0.863         |
| time/                   |               |
|    fps                  | 10491         |
|    iterations           | 307           |
|    time_elapsed         | 839           |
|    total_timesteps      | 8802304       |
| train/                  |               |
|    approx_kl            | 0.00049118215 |
|    clip_fraction        | 0.00355       |
|    clip_range           | 0.2           |
|    entropy_loss         | -0.0155       |
|    explained_variance   | 0.391         |
|    learning_rate        | 0.000274      |
|    loss                 | -0.00116      |
|    n_updates            | 3060          |
|    policy_gradient_loss | -0.000392     |
|    value_loss           | 7.42e-05      |
-------------------------------------------
-------------------------------------------
| rollout/                |               |
|    ep_len_mean          | 4.34e+04      |
|    ep_rew_mean          | 0.863         |
| time/                   |               |
|    fps                  | 10499         |
|    iterations           | 308           |
|    time_elapsed         | 841           |
|    total_timesteps      | 8830976       |
| train/                  |               |
|    approx_kl            | 0.00041217046 |
|    clip_fraction        | 0.00355       |
|    clip_range           | 0.2           |
|    entropy_loss         | -0.0159       |
|    explained_variance   | 0.442         |
|    learning_rate        | 0.000274      |
|    loss                 | 0.000147      |
|    n_updates            | 3070          |
|    policy_gradient_loss | -0.000292     |
|    value_loss           | 6.36e-05      |
-------------------------------------------
-----------------------------------------
| rollout/                |             |
|    ep_len_mean          | 4.34e+04    |
|    ep_rew_mean          | 0.863       |
| time/                   |             |
|    fps                  | 10508       |
|    iterations           | 309         |
|    time_elapsed         | 843         |
|    total_timesteps      | 8859648     |
| train/                  |             |
|    approx_kl            | 0.000310206 |
|    clip_fraction        | 0.00314     |
|    clip_range           | 0.2         |
|    entropy_loss         | -0.014      |
|    explained_variance   | 0.507       |
|    learning_rate        | 0.000274    |
|    loss                 | -0.00182    |
|    n_updates            | 3080        |
|    policy_gradient_loss | -0.00022    |
|    value_loss           | 4.17e-05    |
-----------------------------------------
-------------------------------------------
| rollout/                |               |
|    ep_len_mean          | 4.34e+04      |
|    ep_rew_mean          | 0.863         |
| time/                   |               |
|    fps                  | 10516         |
|    iterations           | 310           |
|    time_elapsed         | 845           |
|    total_timesteps      | 8888320       |
| train/                  |               |
|    approx_kl            | 0.00044982228 |
|    clip_fraction        | 0.00326       |
|    clip_range           | 0.2           |
|    entropy_loss         | -0.0145       |
|    explained_variance   | 0.299         |
|    learning_rate        | 0.000273      |
|    loss                 | -9.27e-05     |
|    n_updates            | 3090          |
|    policy_gradient_loss | -0.000705     |
|    value_loss           | 6.72e-05      |
-------------------------------------------
------------------------------------------
| rollout/                |              |
|    ep_len_mean          | 4.34e+04     |
|    ep_rew_mean          | 0.863        |
| time/                   |              |
|    fps                  | 10525        |
|    iterations           | 311          |
|    time_elapsed         | 847          |
|    total_timesteps      | 8916992      |
| train/                  |              |
|    approx_kl            | 0.0002013062 |
|    clip_fraction        | 0.0028       |
|    clip_range           | 0.2          |
|    entropy_loss         | -0.0133      |
|    explained_variance   | 0.394        |
|    learning_rate        | 0.000273     |
|    loss                 | -0.000345    |
|    n_updates            | 3100         |
|    policy_gradient_loss | 3.1e-05      |
|    value_loss           | 4.46e-05     |
------------------------------------------
-------------------------------------------
| rollout/                |               |
|    ep_len_mean          | 4.34e+04      |
|    ep_rew_mean          | 0.863         |
| time/                   |               |
|    fps                  | 10533         |
|    iterations           | 312           |
|    time_elapsed         | 849           |
|    total_timesteps      | 8945664       |
| train/                  |               |
|    approx_kl            | 0.00029234684 |
|    clip_fraction        | 0.00265       |
|    clip_range           | 0.2           |
|    entropy_loss         | -0.0155       |
|    explained_variance   | 0.512         |
|    learning_rate        | 0.000273      |
|    loss                 | -0.00134      |
|    n_updates            | 3110          |
|    policy_gradient_loss | -0.000203     |
|    value_loss           | 4.21e-05      |
-------------------------------------------
-------------------------------------------
| rollout/                |               |
|    ep_len_mean          | 4.34e+04      |
|    ep_rew_mean          | 0.863         |
| time/                   |               |
|    fps                  | 10541         |
|    iterations           | 313           |
|    time_elapsed         | 851           |
|    total_timesteps      | 8974336       |
| train/                  |               |
|    approx_kl            | 0.00028659144 |
|    clip_fraction        | 0.00252       |
|    clip_range           | 0.2           |
|    entropy_loss         | -0.0111       |
|    explained_variance   | 0.472         |
|    learning_rate        | 0.000273      |
|    loss                 | -0.00244      |
|    n_updates            | 3120          |
|    policy_gradient_loss | -0.000387     |
|    value_loss           | 3.76e-05      |
-------------------------------------------
[valid @9,000,180] BTC-USDT-SWAP: trades=1580 pnl=+574.8
[valid @9,000,180] ETH-USDT-SWAP: trades=2152 pnl=+1358.8
-------------------------------------------------------
| rollout/                            |               |
|    ep_len_mean                      | 4.34e+04      |
|    ep_rew_mean                      | 0.863         |
| time/                               |               |
|    fps                              | 10399         |
|    iterations                       | 314           |
|    time_elapsed                     | 865           |
|    total_timesteps                  | 9003008       |
| train/                              |               |
|    approx_kl                        | 0.00082086836 |
|    clip_fraction                    | 0.00452       |
|    clip_range                       | 0.2           |
|    entropy_loss                     | -0.0156       |
|    explained_variance               | 0.579         |
|    learning_rate                    | 0.000273      |
|    loss                             | -0.000971     |
|    n_updates                        | 3130          |
|    policy_gradient_loss             | -0.000353     |
|    value_loss                       | 2.52e-05      |
| valid/                              |               |
|    BTC-USDT-SWAP/compound_mdd_pct   | 53            |
|    BTC-USDT-SWAP/compound_multiple  | 148           |
|    BTC-USDT-SWAP/geo_mean_per_trade | 0.00317       |
|    BTC-USDT-SWAP/max_single_loss    | -17.4         |
|    BTC-USDT-SWAP/max_upnl           | 0.175         |
|    BTC-USDT-SWAP/monthly_growth     | 1.53          |
|    BTC-USDT-SWAP/near_liq_n         | 0             |
|    BTC-USDT-SWAP/near_liq_pct       | 0             |
|    BTC-USDT-SWAP/pnl_std            | 3.06          |
|    BTC-USDT-SWAP/sel_monthly_log    | 0.032         |
|    BTC-USDT-SWAP/total_pnl          | 575           |
|    BTC-USDT-SWAP/trades             | 1580          |
|    BTC-USDT-SWAP/trades_per_month   | 134           |
|    BTC-USDT-SWAP/v9_kpi             | 0.447         |
|    BTC-USDT-SWAP/v9_kpi_smoothed    | 0.416         |
|    BTC-USDT-SWAP/v9_kpi_z_mdd       | 0.999         |
|    BTC-USDT-SWAP/v9_kpi_z_msl       | 1.05          |
|    BTC-USDT-SWAP/v9_kpi_z_sel       | 0.0641        |
|    BTC-USDT-SWAP/win_rate           | 0.549         |
|    ETH-USDT-SWAP/compound_mdd_pct   | 69.6          |
|    ETH-USDT-SWAP/compound_multiple  | 1.39e+05      |
|    ETH-USDT-SWAP/geo_mean_per_trade | 0.00552       |
|    ETH-USDT-SWAP/max_single_loss    | -51.2         |
|    ETH-USDT-SWAP/max_upnl           | 0.353         |
|    ETH-USDT-SWAP/monthly_growth     | 2.72          |
|    ETH-USDT-SWAP/near_liq_n         | 0             |
|    ETH-USDT-SWAP/near_liq_pct       | 0             |
|    ETH-USDT-SWAP/pnl_std            | 3.86          |
|    ETH-USDT-SWAP/total_pnl          | 1.36e+03      |
|    ETH-USDT-SWAP/trades             | 2152          |
|    ETH-USDT-SWAP/trades_per_month   | 182           |
|    ETH-USDT-SWAP/win_rate           | 0.642         |
-------------------------------------------------------
-------------------------------------------
| rollout/                |               |
|    ep_len_mean          | 4.34e+04      |
|    ep_rew_mean          | 0.863         |
| time/                   |               |
|    fps                  | 10408         |
|    iterations           | 315           |
|    time_elapsed         | 867           |
|    total_timesteps      | 9031680       |
| train/                  |               |
|    approx_kl            | 0.00019579614 |
|    clip_fraction        | 0.0023        |
|    clip_range           | 0.2           |
|    entropy_loss         | -0.0129       |
|    explained_variance   | 0.517         |
|    learning_rate        | 0.000273      |
|    loss                 | 0.000845      |
|    n_updates            | 3140          |
|    policy_gradient_loss | -0.000138     |
|    value_loss           | 3.46e-05      |
-------------------------------------------
-------------------------------------------
| rollout/                |               |
|    ep_len_mean          | 4.34e+04      |
|    ep_rew_mean          | 0.863         |
| time/                   |               |
|    fps                  | 10417         |
|    iterations           | 316           |
|    time_elapsed         | 869           |
|    total_timesteps      | 9060352       |
| train/                  |               |
|    approx_kl            | 0.00056682766 |
|    clip_fraction        | 0.003         |
|    clip_range           | 0.2           |
|    entropy_loss         | -0.0153       |
|    explained_variance   | 0.596         |
|    learning_rate        | 0.000273      |
|    loss                 | 2.45e-05      |
|    n_updates            | 3150          |
|    policy_gradient_loss | -0.000159     |
|    value_loss           | 2.79e-05      |
-------------------------------------------
-------------------------------------------
| rollout/                |               |
|    ep_len_mean          | 4.34e+04      |
|    ep_rew_mean          | 0.882         |
| time/                   |               |
|    fps                  | 10426         |
|    iterations           | 317           |
|    time_elapsed         | 871           |
|    total_timesteps      | 9089024       |
| train/                  |               |
|    approx_kl            | 0.00030166729 |
|    clip_fraction        | 0.00382       |
|    clip_range           | 0.2           |
|    entropy_loss         | -0.0173       |
|    explained_variance   | 0.557         |
|    learning_rate        | 0.000273      |
|    loss                 | -0.000654     |
|    n_updates            | 3160          |
|    policy_gradient_loss | -0.000467     |
|    value_loss           | 2.68e-05      |
-------------------------------------------
-------------------------------------------
| rollout/                |               |
|    ep_len_mean          | 4.34e+04      |
|    ep_rew_mean          | 0.885         |
| time/                   |               |
|    fps                  | 10434         |
|    iterations           | 318           |
|    time_elapsed         | 873           |
|    total_timesteps      | 9117696       |
| train/                  |               |
|    approx_kl            | 0.00042112704 |
|    clip_fraction        | 0.00355       |
|    clip_range           | 0.2           |
|    entropy_loss         | -0.0176       |
|    explained_variance   | 0.451         |
|    learning_rate        | 0.000273      |
|    loss                 | -0.00137      |
|    n_updates            | 3170          |
|    policy_gradient_loss | -0.000464     |
|    value_loss           | 4.24e-05      |
-------------------------------------------
-------------------------------------------
| rollout/                |               |
|    ep_len_mean          | 4.33e+04      |
|    ep_rew_mean          | 0.879         |
| time/                   |               |
|    fps                  | 10442         |
|    iterations           | 319           |
|    time_elapsed         | 875           |
|    total_timesteps      | 9146368       |
| train/                  |               |
|    approx_kl            | 0.00027394475 |
|    clip_fraction        | 0.00346       |
|    clip_range           | 0.2           |
|    entropy_loss         | -0.02         |
|    explained_variance   | 0.435         |
|    learning_rate        | 0.000273      |
|    loss                 | -0.00143      |
|    n_updates            | 3180          |
|    policy_gradient_loss | -0.000421     |
|    value_loss           | 5.16e-05      |
-------------------------------------------
------------------------------------------
| rollout/                |              |
|    ep_len_mean          | 4.33e+04     |
|    ep_rew_mean          | 0.879        |
| time/                   |              |
|    fps                  | 10451        |
|    iterations           | 320          |
|    time_elapsed         | 877          |
|    total_timesteps      | 9175040      |
| train/                  |              |
|    approx_kl            | 0.0004703148 |
|    clip_fraction        | 0.0033       |
|    clip_range           | 0.2          |
|    entropy_loss         | -0.0176      |
|    explained_variance   | 0.38         |
|    learning_rate        | 0.000273     |
|    loss                 | -0.00254     |
|    n_updates            | 3190         |
|    policy_gradient_loss | -0.000506    |
|    value_loss           | 5.9e-05      |
------------------------------------------
------------------------------------------
| rollout/                |              |
|    ep_len_mean          | 4.33e+04     |
|    ep_rew_mean          | 0.879        |
| time/                   |              |
|    fps                  | 10457        |
|    iterations           | 321          |
|    time_elapsed         | 880          |
|    total_timesteps      | 9203712      |
| train/                  |              |
|    approx_kl            | 0.0035909903 |
|    clip_fraction        | 0.0129       |
|    clip_range           | 0.2          |
|    entropy_loss         | -0.0305      |
|    explained_variance   | 0.369        |
|    learning_rate        | 0.000272     |
|    loss                 | -0.00366     |
|    n_updates            | 3200         |
|    policy_gradient_loss | -0.00324     |
|    value_loss           | 0.0003       |
------------------------------------------
------------------------------------------
| rollout/                |              |
|    ep_len_mean          | 4.33e+04     |
|    ep_rew_mean          | 0.879        |
| time/                   |              |
|    fps                  | 10465        |
|    iterations           | 322          |
|    time_elapsed         | 882          |
|    total_timesteps      | 9232384      |
| train/                  |              |
|    approx_kl            | 0.0011067746 |
|    clip_fraction        | 0.007        |
|    clip_range           | 0.2          |
|    entropy_loss         | -0.0297      |
|    explained_variance   | 0.494        |
|    learning_rate        | 0.000272     |
|    loss                 | 0.000299     |
|    n_updates            | 3210         |
|    policy_gradient_loss | -0.000745    |
|    value_loss           | 0.000107     |
------------------------------------------
------------------------------------------
| rollout/                |              |
|    ep_len_mean          | 4.33e+04     |
|    ep_rew_mean          | 0.879        |
| time/                   |              |
|    fps                  | 10474        |
|    iterations           | 323          |
|    time_elapsed         | 884          |
|    total_timesteps      | 9261056      |
| train/                  |              |
|    approx_kl            | 0.0005743812 |
|    clip_fraction        | 0.00375      |
|    clip_range           | 0.2          |
|    entropy_loss         | -0.0212      |
|    explained_variance   | 0.499        |
|    learning_rate        | 0.000272     |
|    loss                 | -0.00212     |
|    n_updates            | 3220         |
|    policy_gradient_loss | -0.000574    |
|    value_loss           | 4.15e-05     |
------------------------------------------
------------------------------------------
| rollout/                |              |
|    ep_len_mean          | 4.33e+04     |
|    ep_rew_mean          | 0.879        |
| time/                   |              |
|    fps                  | 10482        |
|    iterations           | 324          |
|    time_elapsed         | 886          |
|    total_timesteps      | 9289728      |
| train/                  |              |
|    approx_kl            | 0.0006813378 |
|    clip_fraction        | 0.00564      |
|    clip_range           | 0.2          |
|    entropy_loss         | -0.0258      |
|    explained_variance   | 0.329        |
|    learning_rate        | 0.000272     |
|    loss                 | 0.00523      |
|    n_updates            | 3230         |
|    policy_gradient_loss | -0.000759    |
|    value_loss           | 8.27e-05     |
------------------------------------------
------------------------------------------
| rollout/                |              |
|    ep_len_mean          | 4.33e+04     |
|    ep_rew_mean          | 0.879        |
| time/                   |              |
|    fps                  | 10489        |
|    iterations           | 325          |
|    time_elapsed         | 888          |
|    total_timesteps      | 9318400      |
| train/                  |              |
|    approx_kl            | 0.0006539236 |
|    clip_fraction        | 0.00593      |
|    clip_range           | 0.2          |
|    entropy_loss         | -0.0258      |
|    explained_variance   | 0.243        |
|    learning_rate        | 0.000272     |
|    loss                 | -0.000984    |
|    n_updates            | 3240         |
|    policy_gradient_loss | -0.000838    |
|    value_loss           | 0.000112     |
------------------------------------------
-------------------------------------------
| rollout/                |               |
|    ep_len_mean          | 4.33e+04      |
|    ep_rew_mean          | 0.879         |
| time/                   |               |
|    fps                  | 10497         |
|    iterations           | 326           |
|    time_elapsed         | 890           |
|    total_timesteps      | 9347072       |
| train/                  |               |
|    approx_kl            | 0.00052169716 |
|    clip_fraction        | 0.0045        |
|    clip_range           | 0.2           |
|    entropy_loss         | -0.0223       |
|    explained_variance   | 0.414         |
|    learning_rate        | 0.000272      |
|    loss                 | -0.00092      |
|    n_updates            | 3250          |
|    policy_gradient_loss | -0.000805     |
|    value_loss           | 4.64e-05      |
-------------------------------------------
-------------------------------------------
| rollout/                |               |
|    ep_len_mean          | 4.33e+04      |
|    ep_rew_mean          | 0.879         |
| time/                   |               |
|    fps                  | 10505         |
|    iterations           | 327           |
|    time_elapsed         | 892           |
|    total_timesteps      | 9375744       |
| train/                  |               |
|    approx_kl            | 0.00048056958 |
|    clip_fraction        | 0.00442       |
|    clip_range           | 0.2           |
|    entropy_loss         | -0.0247       |
|    explained_variance   | 0.334         |
|    learning_rate        | 0.000272      |
|    loss                 | -0.00337      |
|    n_updates            | 3260          |
|    policy_gradient_loss | -0.000631     |
|    value_loss           | 5.54e-05      |
-------------------------------------------
-------------------------------------------
| rollout/                |               |
|    ep_len_mean          | 4.33e+04      |
|    ep_rew_mean          | 0.879         |
| time/                   |               |
|    fps                  | 10513         |
|    iterations           | 328           |
|    time_elapsed         | 894           |
|    total_timesteps      | 9404416       |
| train/                  |               |
|    approx_kl            | 0.00041036188 |
|    clip_fraction        | 0.00348       |
|    clip_range           | 0.2           |
|    entropy_loss         | -0.0224       |
|    explained_variance   | 0.489         |
|    learning_rate        | 0.000272      |
|    loss                 | -0.00253      |
|    n_updates            | 3270          |
|    policy_gradient_loss | -0.000488     |
|    value_loss           | 3.49e-05      |
-------------------------------------------
------------------------------------------
| rollout/                |              |
|    ep_len_mean          | 4.33e+04     |
|    ep_rew_mean          | 0.879        |
| time/                   |              |
|    fps                  | 10521        |
|    iterations           | 329          |
|    time_elapsed         | 896          |
|    total_timesteps      | 9433088      |
| train/                  |              |
|    approx_kl            | 0.0006028145 |
|    clip_fraction        | 0.0053       |
|    clip_range           | 0.2          |
|    entropy_loss         | -0.0206      |
|    explained_variance   | 0.535        |
|    learning_rate        | 0.000272     |
|    loss                 | -0.00117     |
|    n_updates            | 3280         |
|    policy_gradient_loss | -0.000745    |
|    value_loss           | 4.1e-05      |
------------------------------------------
-----------------------------------------
| rollout/                |             |
|    ep_len_mean          | 4.33e+04    |
|    ep_rew_mean          | 0.879       |
| time/                   |             |
|    fps                  | 10530       |
|    iterations           | 330         |
|    time_elapsed         | 898         |
|    total_timesteps      | 9461760     |
| train/                  |             |
|    approx_kl            | 0.001395906 |
|    clip_fraction        | 0.00623     |
|    clip_range           | 0.2         |
|    entropy_loss         | -0.0245     |
|    explained_variance   | 0.265       |
|    learning_rate        | 0.000272    |
|    loss                 | -0.0064     |
|    n_updates            | 3290        |
|    policy_gradient_loss | -0.00156    |
|    value_loss           | 6.58e-05    |
-----------------------------------------
-------------------------------------------
| rollout/                |               |
|    ep_len_mean          | 4.33e+04      |
|    ep_rew_mean          | 0.879         |
| time/                   |               |
|    fps                  | 10538         |
|    iterations           | 331           |
|    time_elapsed         | 900           |
|    total_timesteps      | 9490432       |
| train/                  |               |
|    approx_kl            | 0.00032643141 |
|    clip_fraction        | 0.00304       |
|    clip_range           | 0.2           |
|    entropy_loss         | -0.0224       |
|    explained_variance   | 0.452         |
|    learning_rate        | 0.000272      |
|    loss                 | -0.000285     |
|    n_updates            | 3300          |
|    policy_gradient_loss | -0.000377     |
|    value_loss           | 3.3e-05       |
-------------------------------------------
[valid @9,500,190] BTC-USDT-SWAP: trades=2112 pnl=+523.4
[valid @9,500,190] ETH-USDT-SWAP: trades=2922 pnl=+1154.7
-----------------------------------------------------
| rollout/                            |             |
|    ep_len_mean                      | 4.33e+04    |
|    ep_rew_mean                      | 0.879       |
| time/                               |             |
|    fps                              | 10408       |
|    iterations                       | 332         |
|    time_elapsed                     | 914         |
|    total_timesteps                  | 9519104     |
| train/                              |             |
|    approx_kl                        | 0.000433014 |
|    clip_fraction                    | 0.00505     |
|    clip_range                       | 0.2         |
|    entropy_loss                     | -0.0233     |
|    explained_variance               | 0.384       |
|    learning_rate                    | 0.000272    |
|    loss                             | -0.00363    |
|    n_updates                        | 3310        |
|    policy_gradient_loss             | -0.000477   |
|    value_loss                       | 4.73e-05    |
| valid/                              |             |
|    BTC-USDT-SWAP/compound_mdd_pct   | 60.5        |
|    BTC-USDT-SWAP/compound_multiple  | 88.1        |
|    BTC-USDT-SWAP/geo_mean_per_trade | 0.00212     |
|    BTC-USDT-SWAP/max_single_loss    | -21.1       |
|    BTC-USDT-SWAP/max_upnl           | 0.172       |
|    BTC-USDT-SWAP/monthly_growth     | 1.46        |
|    BTC-USDT-SWAP/near_liq_n         | 0           |
|    BTC-USDT-SWAP/near_liq_pct       | 0           |
|    BTC-USDT-SWAP/pnl_std            | 2.64        |
|    BTC-USDT-SWAP/sel_monthly_log    | -0.0616     |
|    BTC-USDT-SWAP/total_pnl          | 523         |
|    BTC-USDT-SWAP/trades             | 2112        |
|    BTC-USDT-SWAP/trades_per_month   | 179         |
|    BTC-USDT-SWAP/v9_kpi             | 0.186       |
|    BTC-USDT-SWAP/v9_kpi_smoothed    | 0.385       |
|    BTC-USDT-SWAP/v9_kpi_z_mdd       | 0.561       |
|    BTC-USDT-SWAP/v9_kpi_z_msl       | 0.739       |
|    BTC-USDT-SWAP/v9_kpi_z_sel       | -0.123      |
|    BTC-USDT-SWAP/win_rate           | 0.581       |
|    ETH-USDT-SWAP/compound_mdd_pct   | 66.6        |
|    ETH-USDT-SWAP/compound_multiple  | 2.22e+04    |
|    ETH-USDT-SWAP/geo_mean_per_trade | 0.00343     |
|    ETH-USDT-SWAP/max_single_loss    | -35.4       |
|    ETH-USDT-SWAP/max_upnl           | 0.213       |
|    ETH-USDT-SWAP/monthly_growth     | 2.33        |
|    ETH-USDT-SWAP/near_liq_n         | 0           |
|    ETH-USDT-SWAP/near_liq_pct       | 0           |
|    ETH-USDT-SWAP/pnl_std            | 3.16        |
|    ETH-USDT-SWAP/total_pnl          | 1.15e+03    |
|    ETH-USDT-SWAP/trades             | 2922        |
|    ETH-USDT-SWAP/trades_per_month   | 247         |
|    ETH-USDT-SWAP/win_rate           | 0.609       |
-----------------------------------------------------
-------------------------------------------
| rollout/                |               |
|    ep_len_mean          | 4.33e+04      |
|    ep_rew_mean          | 0.879         |
| time/                   |               |
|    fps                  | 10417         |
|    iterations           | 333           |
|    time_elapsed         | 916           |
|    total_timesteps      | 9547776       |
| train/                  |               |
|    approx_kl            | 0.00043663787 |
|    clip_fraction        | 0.00323       |
|    clip_range           | 0.2           |
|    entropy_loss         | -0.0207       |
|    explained_variance   | 0.404         |
|    learning_rate        | 0.000271      |
|    loss                 | -0.000637     |
|    n_updates            | 3320          |
|    policy_gradient_loss | -0.000628     |
|    value_loss           | 4.8e-05       |
-------------------------------------------
-------------------------------------------
| rollout/                |               |
|    ep_len_mean          | 4.33e+04      |
|    ep_rew_mean          | 0.879         |
| time/                   |               |
|    fps                  | 10425         |
|    iterations           | 334           |
|    time_elapsed         | 918           |
|    total_timesteps      | 9576448       |
| train/                  |               |
|    approx_kl            | 0.00042180877 |
|    clip_fraction        | 0.00452       |
|    clip_range           | 0.2           |
|    entropy_loss         | -0.0186       |
|    explained_variance   | 0.583         |
|    learning_rate        | 0.000271      |
|    loss                 | -0.000216     |
|    n_updates            | 3330          |
|    policy_gradient_loss | -0.00074      |
|    value_loss           | 2.88e-05      |
-------------------------------------------
-------------------------------------------
| rollout/                |               |
|    ep_len_mean          | 4.33e+04      |
|    ep_rew_mean          | 0.879         |
| time/                   |               |
|    fps                  | 10432         |
|    iterations           | 335           |
|    time_elapsed         | 920           |
|    total_timesteps      | 9605120       |
| train/                  |               |
|    approx_kl            | 0.00033595858 |
|    clip_fraction        | 0.00315       |
|    clip_range           | 0.2           |
|    entropy_loss         | -0.0163       |
|    explained_variance   | 0.677         |
|    learning_rate        | 0.000271      |
|    loss                 | -0.000196     |
|    n_updates            | 3340          |
|    policy_gradient_loss | -0.000387     |
|    value_loss           | 1.96e-05      |
-------------------------------------------
------------------------------------------
| rollout/                |              |
|    ep_len_mean          | 4.33e+04     |
|    ep_rew_mean          | 0.879        |
| time/                   |              |
|    fps                  | 10439        |
|    iterations           | 336          |
|    time_elapsed         | 922          |
|    total_timesteps      | 9633792      |
| train/                  |              |
|    approx_kl            | 0.0003620007 |
|    clip_fraction        | 0.00431      |
|    clip_range           | 0.2          |
|    entropy_loss         | -0.0243      |
|    explained_variance   | 0.459        |
|    learning_rate        | 0.000271     |
|    loss                 | 0.00268      |
|    n_updates            | 3350         |
|    policy_gradient_loss | -0.000565    |
|    value_loss           | 3.77e-05     |
------------------------------------------
------------------------------------------
| rollout/                |              |
|    ep_len_mean          | 4.33e+04     |
|    ep_rew_mean          | 0.879        |
| time/                   |              |
|    fps                  | 10448        |
|    iterations           | 337          |
|    time_elapsed         | 924          |
|    total_timesteps      | 9662464      |
| train/                  |              |
|    approx_kl            | 0.0010106704 |
|    clip_fraction        | 0.00551      |
|    clip_range           | 0.2          |
|    entropy_loss         | -0.0207      |
|    explained_variance   | 0.5          |
|    learning_rate        | 0.000271     |
|    loss                 | -0.00399     |
|    n_updates            | 3360         |
|    policy_gradient_loss | -0.00108     |
|    value_loss           | 2.99e-05     |
------------------------------------------
-------------------------------------------
| rollout/                |               |
|    ep_len_mean          | 4.33e+04      |
|    ep_rew_mean          | 0.88          |
| time/                   |               |
|    fps                  | 10456         |
|    iterations           | 338           |
|    time_elapsed         | 926           |
|    total_timesteps      | 9691136       |
| train/                  |               |
|    approx_kl            | 0.00048179616 |
|    clip_fraction        | 0.00513       |
|    clip_range           | 0.2           |
|    entropy_loss         | -0.0242       |
|    explained_variance   | 0.513         |
|    learning_rate        | 0.000271      |
|    loss                 | 0.000376      |
|    n_updates            | 3370          |
|    policy_gradient_loss | -0.000936     |
|    value_loss           | 2.85e-05      |
-------------------------------------------
-------------------------------------------
| rollout/                |               |
|    ep_len_mean          | 4.34e+04      |
|    ep_rew_mean          | 0.909         |
| time/                   |               |
|    fps                  | 10464         |
|    iterations           | 339           |
|    time_elapsed         | 928           |
|    total_timesteps      | 9719808       |
| train/                  |               |
|    approx_kl            | 0.00074440974 |
|    clip_fraction        | 0.00586       |
|    clip_range           | 0.2           |
|    entropy_loss         | -0.027        |
|    explained_variance   | 0.408         |
|    learning_rate        | 0.000271      |
|    loss                 | -0.00306      |
|    n_updates            | 3380          |
|    policy_gradient_loss | -0.000519     |
|    value_loss           | 4.37e-05      |
-------------------------------------------
-------------------------------------------
| rollout/                |               |
|    ep_len_mean          | 4.33e+04      |
|    ep_rew_mean          | 0.917         |
| time/                   |               |
|    fps                  | 10472         |
|    iterations           | 340           |
|    time_elapsed         | 930           |
|    total_timesteps      | 9748480       |
| train/                  |               |
|    approx_kl            | 0.00040638444 |
|    clip_fraction        | 0.00402       |
|    clip_range           | 0.2           |
|    entropy_loss         | -0.0217       |
|    explained_variance   | 0.643         |
|    learning_rate        | 0.000271      |
|    loss                 | -0.00216      |
|    n_updates            | 3390          |
|    policy_gradient_loss | -0.000971     |
|    value_loss           | 1.89e-05      |
-------------------------------------------
------------------------------------------
| rollout/                |              |
|    ep_len_mean          | 4.33e+04     |
|    ep_rew_mean          | 0.917        |
| time/                   |              |
|    fps                  | 10480        |
|    iterations           | 341          |
|    time_elapsed         | 932          |
|    total_timesteps      | 9777152      |
| train/                  |              |
|    approx_kl            | 0.0006605422 |
|    clip_fraction        | 0.00469      |
|    clip_range           | 0.2          |
|    entropy_loss         | -0.02        |
|    explained_variance   | 0.715        |
|    learning_rate        | 0.000271     |
|    loss                 | 0.00204      |
|    n_updates            | 3400         |
|    policy_gradient_loss | -0.000844    |
|    value_loss           | 1.78e-05     |
------------------------------------------
-------------------------------------------
| rollout/                |               |
|    ep_len_mean          | 4.33e+04      |
|    ep_rew_mean          | 0.917         |
| time/                   |               |
|    fps                  | 10489         |
|    iterations           | 342           |
|    time_elapsed         | 934           |
|    total_timesteps      | 9805824       |
| train/                  |               |
|    approx_kl            | 0.00047101153 |
|    clip_fraction        | 0.00483       |
|    clip_range           | 0.2           |
|    entropy_loss         | -0.0223       |
|    explained_variance   | 0.666         |
|    learning_rate        | 0.000271      |
|    loss                 | -0.00217      |
|    n_updates            | 3410          |
|    policy_gradient_loss | -0.000586     |
|    value_loss           | 2e-05         |
-------------------------------------------
------------------------------------------
| rollout/                |              |
|    ep_len_mean          | 4.33e+04     |
|    ep_rew_mean          | 0.917        |
| time/                   |              |
|    fps                  | 10497        |
|    iterations           | 343          |
|    time_elapsed         | 936          |
|    total_timesteps      | 9834496      |
| train/                  |              |
|    approx_kl            | 0.0005027722 |
|    clip_fraction        | 0.00388      |
|    clip_range           | 0.2          |
|    entropy_loss         | -0.0211      |
|    explained_variance   | 0.65         |
|    learning_rate        | 0.000271     |
|    loss                 | -0.000718    |
|    n_updates            | 3420         |
|    policy_gradient_loss | -0.000721    |
|    value_loss           | 3.96e-05     |
------------------------------------------
------------------------------------------
| rollout/                |              |
|    ep_len_mean          | 4.33e+04     |
|    ep_rew_mean          | 0.917        |
| time/                   |              |
|    fps                  | 10503        |
|    iterations           | 344          |
|    time_elapsed         | 938          |
|    total_timesteps      | 9863168      |
| train/                  |              |
|    approx_kl            | 0.0003177377 |
|    clip_fraction        | 0.00339      |
|    clip_range           | 0.2          |
|    entropy_loss         | -0.0176      |
|    explained_variance   | 0.665        |
|    learning_rate        | 0.00027      |
|    loss                 | -0.000814    |
|    n_updates            | 3430         |
|    policy_gradient_loss | -0.000376    |
|    value_loss           | 2.23e-05     |
------------------------------------------
-------------------------------------------
| rollout/                |               |
|    ep_len_mean          | 4.33e+04      |
|    ep_rew_mean          | 0.917         |
| time/                   |               |
|    fps                  | 10510         |
|    iterations           | 345           |
|    time_elapsed         | 941           |
|    total_timesteps      | 9891840       |
| train/                  |               |
|    approx_kl            | 0.00044791753 |
|    clip_fraction        | 0.00386       |
|    clip_range           | 0.2           |
|    entropy_loss         | -0.0257       |
|    explained_variance   | 0.712         |
|    learning_rate        | 0.00027       |
|    loss                 | -0.00204      |
|    n_updates            | 3440          |
|    policy_gradient_loss | -0.000447     |
|    value_loss           | 2.14e-05      |
-------------------------------------------
-------------------------------------------
| rollout/                |               |
|    ep_len_mean          | 4.33e+04      |
|    ep_rew_mean          | 0.917         |
| time/                   |               |
|    fps                  | 10517         |
|    iterations           | 346           |
|    time_elapsed         | 943           |
|    total_timesteps      | 9920512       |
| train/                  |               |
|    approx_kl            | 0.00028448485 |
|    clip_fraction        | 0.0031        |
|    clip_range           | 0.2           |
|    entropy_loss         | -0.0226       |
|    explained_variance   | 0.718         |
|    learning_rate        | 0.00027       |
|    loss                 | 8.35e-05      |
|    n_updates            | 3450          |
|    policy_gradient_loss | -0.000527     |
|    value_loss           | 2.22e-05      |
-------------------------------------------
------------------------------------------
| rollout/                |              |
|    ep_len_mean          | 4.33e+04     |
|    ep_rew_mean          | 0.917        |
| time/                   |              |
|    fps                  | 10525        |
|    iterations           | 347          |
|    time_elapsed         | 945          |
|    total_timesteps      | 9949184      |
| train/                  |              |
|    approx_kl            | 0.0005033535 |
|    clip_fraction        | 0.00412      |
|    clip_range           | 0.2          |
|    entropy_loss         | -0.0236      |
|    explained_variance   | 0.699        |
|    learning_rate        | 0.00027      |
|    loss                 | -9.12e-05    |
|    n_updates            | 3460         |
|    policy_gradient_loss | -0.000395    |
|    value_loss           | 1.93e-05     |
------------------------------------------
------------------------------------------
| rollout/                |              |
|    ep_len_mean          | 4.33e+04     |
|    ep_rew_mean          | 0.917        |
| time/                   |              |
|    fps                  | 10533        |
|    iterations           | 348          |
|    time_elapsed         | 947          |
|    total_timesteps      | 9977856      |
| train/                  |              |
|    approx_kl            | 0.0006783427 |
|    clip_fraction        | 0.00456      |
|    clip_range           | 0.2          |
|    entropy_loss         | -0.0236      |
|    explained_variance   | 0.628        |
|    learning_rate        | 0.00027      |
|    loss                 | -0.00207     |
|    n_updates            | 3470         |
|    policy_gradient_loss | -0.000676    |
|    value_loss           | 2.16e-05     |
------------------------------------------
[valid @10,000,200] BTC-USDT-SWAP: trades=2123 pnl=+541.6
[valid @10,000,200] ETH-USDT-SWAP: trades=3350 pnl=+1118.5
-------------------------------------------------------
| rollout/                            |               |
|    ep_len_mean                      | 4.33e+04      |
|    ep_rew_mean                      | 0.917         |
| time/                               |               |
|    fps                              | 10406         |
|    iterations                       | 349           |
|    time_elapsed                     | 961           |
|    total_timesteps                  | 10006528      |
| train/                              |               |
|    approx_kl                        | 0.00029876153 |
|    clip_fraction                    | 0.00283       |
|    clip_range                       | 0.2           |
|    entropy_loss                     | -0.0177       |
|    explained_variance               | 0.696         |
|    learning_rate                    | 0.00027       |
|    loss                             | -0.00141      |
|    n_updates                        | 3480          |
|    policy_gradient_loss             | -0.000411     |
|    value_loss                       | 1.93e-05      |
| valid/                              |               |
|    BTC-USDT-SWAP/compound_mdd_pct   | 53            |
|    BTC-USDT-SWAP/compound_multiple  | 107           |
|    BTC-USDT-SWAP/geo_mean_per_trade | 0.0022        |
|    BTC-USDT-SWAP/max_single_loss    | -21.1         |
|    BTC-USDT-SWAP/max_upnl           | 0.172         |
|    BTC-USDT-SWAP/monthly_growth     | 1.48          |
|    BTC-USDT-SWAP/near_liq_n         | 0             |
|    BTC-USDT-SWAP/near_liq_pct       | 0             |
|    BTC-USDT-SWAP/pnl_std            | 2.61          |
|    BTC-USDT-SWAP/sel_monthly_log    | -0.0512       |
|    BTC-USDT-SWAP/total_pnl          | 542           |
|    BTC-USDT-SWAP/trades             | 2123          |
|    BTC-USDT-SWAP/trades_per_month   | 180           |
|    BTC-USDT-SWAP/v9_kpi             | 0.286         |
|    BTC-USDT-SWAP/v9_kpi_smoothed    | 0.307         |
|    BTC-USDT-SWAP/v9_kpi_z_mdd       | 0.999         |
|    BTC-USDT-SWAP/v9_kpi_z_msl       | 0.739         |
|    BTC-USDT-SWAP/v9_kpi_z_sel       | -0.102        |
|    BTC-USDT-SWAP/win_rate           | 0.57          |
|    ETH-USDT-SWAP/compound_mdd_pct   | 72.3          |
|    ETH-USDT-SWAP/compound_multiple  | 1.49e+04      |
|    ETH-USDT-SWAP/geo_mean_per_trade | 0.00287       |
|    ETH-USDT-SWAP/max_single_loss    | -35.4         |
|    ETH-USDT-SWAP/max_upnl           | 0.208         |
|    ETH-USDT-SWAP/monthly_growth     | 2.25          |
|    ETH-USDT-SWAP/near_liq_n         | 0             |
|    ETH-USDT-SWAP/near_liq_pct       | 0             |
|    ETH-USDT-SWAP/pnl_std            | 2.99          |
|    ETH-USDT-SWAP/total_pnl          | 1.12e+03      |
|    ETH-USDT-SWAP/trades             | 3350          |
|    ETH-USDT-SWAP/trades_per_month   | 283           |
|    ETH-USDT-SWAP/win_rate           | 0.596         |
-------------------------------------------------------
------------------------------------------
| rollout/                |              |
|    ep_len_mean          | 4.33e+04     |
|    ep_rew_mean          | 0.917        |
| time/                   |              |
|    fps                  | 10414        |
|    iterations           | 350          |
|    time_elapsed         | 963          |
|    total_timesteps      | 10035200     |
| train/                  |              |
|    approx_kl            | 0.0006102712 |
|    clip_fraction        | 0.00412      |
|    clip_range           | 0.2          |
|    entropy_loss         | -0.0225      |
|    explained_variance   | 0.614        |
|    learning_rate        | 0.00027      |
|    loss                 | 0.00196      |
|    n_updates            | 3490         |
|    policy_gradient_loss | -0.000544    |
|    value_loss           | 2.54e-05     |
------------------------------------------
------------------------------------------
| rollout/                |              |
|    ep_len_mean          | 4.33e+04     |
|    ep_rew_mean          | 0.917        |
| time/                   |              |
|    fps                  | 10422        |
|    iterations           | 351          |
|    time_elapsed         | 965          |
|    total_timesteps      | 10063872     |
| train/                  |              |
|    approx_kl            | 0.0013346877 |
|    clip_fraction        | 0.00567      |
|    clip_range           | 0.2          |
|    entropy_loss         | -0.0205      |
|    explained_variance   | 0.559        |
|    learning_rate        | 0.00027      |
|    loss                 | -0.000673    |
|    n_updates            | 3500         |
|    policy_gradient_loss | -0.00112     |
|    value_loss           | 3.92e-05     |
------------------------------------------
------------------------------------------
| rollout/                |              |
|    ep_len_mean          | 4.33e+04     |
|    ep_rew_mean          | 0.917        |
| time/                   |              |
|    fps                  | 10430        |
|    iterations           | 352          |
|    time_elapsed         | 967          |
|    total_timesteps      | 10092544     |
| train/                  |              |
|    approx_kl            | 0.0015470667 |
|    clip_fraction        | 0.00692      |
|    clip_range           | 0.2          |
|    entropy_loss         | -0.0298      |
|    explained_variance   | 0.476        |
|    learning_rate        | 0.00027      |
|    loss                 | -0.00164     |
|    n_updates            | 3510         |
|    policy_gradient_loss | -0.000997    |
|    value_loss           | 4.08e-05     |
------------------------------------------
------------------------------------------
| rollout/                |              |
|    ep_len_mean          | 4.33e+04     |
|    ep_rew_mean          | 0.917        |
| time/                   |              |
|    fps                  | 10436        |
|    iterations           | 353          |
|    time_elapsed         | 969          |
|    total_timesteps      | 10121216     |
| train/                  |              |
|    approx_kl            | 0.0005101008 |
|    clip_fraction        | 0.00467      |
|    clip_range           | 0.2          |
|    entropy_loss         | -0.0233      |
|    explained_variance   | 0.441        |
|    learning_rate        | 0.00027      |
|    loss                 | -0.00085     |
|    n_updates            | 3520         |
|    policy_gradient_loss | -0.00066     |
|    value_loss           | 4.52e-05     |
------------------------------------------
-------------------------------------------
| rollout/                |               |
|    ep_len_mean          | 4.33e+04      |
|    ep_rew_mean          | 0.917         |
| time/                   |               |
|    fps                  | 10443         |
|    iterations           | 354           |
|    time_elapsed         | 971           |
|    total_timesteps      | 10149888      |
| train/                  |               |
|    approx_kl            | 0.00064401265 |
|    clip_fraction        | 0.00626       |
|    clip_range           | 0.2           |
|    entropy_loss         | -0.0259       |
|    explained_variance   | 0.582         |
|    learning_rate        | 0.00027       |
|    loss                 | -0.000141     |
|    n_updates            | 3530          |
|    policy_gradient_loss | -0.00111      |
|    value_loss           | 0.000157      |
-------------------------------------------
------------------------------------------
| rollout/                |              |
|    ep_len_mean          | 4.33e+04     |
|    ep_rew_mean          | 0.917        |
| time/                   |              |
|    fps                  | 10450        |
|    iterations           | 355          |
|    time_elapsed         | 973          |
|    total_timesteps      | 10178560     |
| train/                  |              |
|    approx_kl            | 0.0007083481 |
|    clip_fraction        | 0.005        |
|    clip_range           | 0.2          |
|    entropy_loss         | -0.0281      |
|    explained_variance   | 0.558        |
|    learning_rate        | 0.00027      |
|    loss                 | -0.00242     |
|    n_updates            | 3540         |
|    policy_gradient_loss | -0.000798    |
|    value_loss           | 7.57e-05     |
------------------------------------------
-------------------------------------------
| rollout/                |               |
|    ep_len_mean          | 4.33e+04      |
|    ep_rew_mean          | 0.917         |
| time/                   |               |
|    fps                  | 10458         |
|    iterations           | 356           |
|    time_elapsed         | 975           |
|    total_timesteps      | 10207232      |
| train/                  |               |
|    approx_kl            | 0.00030744635 |
|    clip_fraction        | 0.00379       |
|    clip_range           | 0.2           |
|    entropy_loss         | -0.0236       |
|    explained_variance   | 0.436         |
|    learning_rate        | 0.000269      |
|    loss                 | -0.00144      |
|    n_updates            | 3550          |
|    policy_gradient_loss | -0.000579     |
|    value_loss           | 4.88e-05      |
-------------------------------------------
-------------------------------------------
| rollout/                |               |
|    ep_len_mean          | 4.33e+04      |
|    ep_rew_mean          | 0.917         |
| time/                   |               |
|    fps                  | 10466         |
|    iterations           | 357           |
|    time_elapsed         | 977           |
|    total_timesteps      | 10235904      |
| train/                  |               |
|    approx_kl            | 0.00033339814 |
|    clip_fraction        | 0.00426       |
|    clip_range           | 0.2           |
|    entropy_loss         | -0.0198       |
|    explained_variance   | 0.533         |
|    learning_rate        | 0.000269      |
|    loss                 | -0.00472      |
|    n_updates            | 3560          |
|    policy_gradient_loss | -0.000986     |
|    value_loss           | 4.42e-05      |
-------------------------------------------
------------------------------------------
| rollout/                |              |
|    ep_len_mean          | 4.33e+04     |
|    ep_rew_mean          | 0.917        |
| time/                   |              |
|    fps                  | 10472        |
|    iterations           | 358          |
|    time_elapsed         | 980          |
|    total_timesteps      | 10264576     |
| train/                  |              |
|    approx_kl            | 0.0003760503 |
|    clip_fraction        | 0.0041       |
|    clip_range           | 0.2          |
|    entropy_loss         | -0.0197      |
|    explained_variance   | 0.542        |
|    learning_rate        | 0.000269     |
|    loss                 | 0.000213     |
|    n_updates            | 3570         |
|    policy_gradient_loss | -0.000766    |
|    value_loss           | 3.11e-05     |
------------------------------------------
------------------------------------------
| rollout/                |              |
|    ep_len_mean          | 4.33e+04     |
|    ep_rew_mean          | 0.917        |
| time/                   |              |
|    fps                  | 10479        |
|    iterations           | 359          |
|    time_elapsed         | 982          |
|    total_timesteps      | 10293248     |
| train/                  |              |
|    approx_kl            | 0.0004213537 |
|    clip_fraction        | 0.00351      |
|    clip_range           | 0.2          |
|    entropy_loss         | -0.0225      |
|    explained_variance   | 0.544        |
|    learning_rate        | 0.000269     |
|    loss                 | 0.00121      |
|    n_updates            | 3580         |
|    policy_gradient_loss | -0.000585    |
|    value_loss           | 3.66e-05     |
------------------------------------------
-------------------------------------------
| rollout/                |               |
|    ep_len_mean          | 4.34e+04      |
|    ep_rew_mean          | 0.925         |
| time/                   |               |
|    fps                  | 10485         |
|    iterations           | 360           |
|    time_elapsed         | 984           |
|    total_timesteps      | 10321920      |
| train/                  |               |
|    approx_kl            | 0.00074402906 |
|    clip_fraction        | 0.00511       |
|    clip_range           | 0.2           |
|    entropy_loss         | -0.0237       |
|    explained_variance   | 0.494         |
|    learning_rate        | 0.000269      |
|    loss                 | -0.00299      |
|    n_updates            | 3590          |
|    policy_gradient_loss | -0.000701     |
|    value_loss           | 5.11e-05      |
-------------------------------------------
-------------------------------------------
| rollout/                |               |
|    ep_len_mean          | 4.34e+04      |
|    ep_rew_mean          | 0.907         |
| time/                   |               |
|    fps                  | 10492         |
|    iterations           | 361           |
|    time_elapsed         | 986           |
|    total_timesteps      | 10350592      |
| train/                  |               |
|    approx_kl            | 0.00037052666 |
|    clip_fraction        | 0.00332       |
|    clip_range           | 0.2           |
|    entropy_loss         | -0.0226       |
|    explained_variance   | 0.496         |
|    learning_rate        | 0.000269      |
|    loss                 | -6.25e-05     |
|    n_updates            | 3600          |
|    policy_gradient_loss | -0.000363     |
|    value_loss           | 4.27e-05      |
-------------------------------------------
-------------------------------------------
| rollout/                |               |
|    ep_len_mean          | 4.34e+04      |
|    ep_rew_mean          | 0.907         |
| time/                   |               |
|    fps                  | 10499         |
|    iterations           | 362           |
|    time_elapsed         | 988           |
|    total_timesteps      | 10379264      |
| train/                  |               |
|    approx_kl            | 0.00096000236 |
|    clip_fraction        | 0.00777       |
|    clip_range           | 0.2           |
|    entropy_loss         | -0.0345       |
|    explained_variance   | 0.381         |
|    learning_rate        | 0.000269      |
|    loss                 | -0.00447      |
|    n_updates            | 3610          |
|    policy_gradient_loss | -0.0017       |
|    value_loss           | 9.9e-05       |
-------------------------------------------
-------------------------------------------
| rollout/                |               |
|    ep_len_mean          | 4.34e+04      |
|    ep_rew_mean          | 0.907         |
| time/                   |               |
|    fps                  | 10506         |
|    iterations           | 363           |
|    time_elapsed         | 990           |
|    total_timesteps      | 10407936      |
| train/                  |               |
|    approx_kl            | 0.00078471965 |
|    clip_fraction        | 0.0045        |
|    clip_range           | 0.2           |
|    entropy_loss         | -0.0258       |
|    explained_variance   | 0.478         |
|    learning_rate        | 0.000269      |
|    loss                 | -4.18e-05     |
|    n_updates            | 3620          |
|    policy_gradient_loss | -0.000471     |
|    value_loss           | 4.9e-05       |
-------------------------------------------
-------------------------------------------
| rollout/                |               |
|    ep_len_mean          | 4.34e+04      |
|    ep_rew_mean          | 0.907         |
| time/                   |               |
|    fps                  | 10513         |
|    iterations           | 364           |
|    time_elapsed         | 992           |
|    total_timesteps      | 10436608      |
| train/                  |               |
|    approx_kl            | 0.00071316346 |
|    clip_fraction        | 0.00509       |
|    clip_range           | 0.2           |
|    entropy_loss         | -0.0293       |
|    explained_variance   | 0.543         |
|    learning_rate        | 0.000269      |
|    loss                 | 0.000511      |
|    n_updates            | 3630          |
|    policy_gradient_loss | -0.000587     |
|    value_loss           | 4.98e-05      |
-------------------------------------------
-------------------------------------------
| rollout/                |               |
|    ep_len_mean          | 4.34e+04      |
|    ep_rew_mean          | 0.907         |
| time/                   |               |
|    fps                  | 10520         |
|    iterations           | 365           |
|    time_elapsed         | 994           |
|    total_timesteps      | 10465280      |
| train/                  |               |
|    approx_kl            | 0.00040909374 |
|    clip_fraction        | 0.0043        |
|    clip_range           | 0.2           |
|    entropy_loss         | -0.0299       |
|    explained_variance   | 0.464         |
|    learning_rate        | 0.000269      |
|    loss                 | 0.000988      |
|    n_updates            | 3640          |
|    policy_gradient_loss | -0.000732     |
|    value_loss           | 7.41e-05      |
-------------------------------------------
-------------------------------------------
| rollout/                |               |
|    ep_len_mean          | 4.34e+04      |
|    ep_rew_mean          | 0.907         |
| time/                   |               |
|    fps                  | 10528         |
|    iterations           | 366           |
|    time_elapsed         | 996           |
|    total_timesteps      | 10493952      |
| train/                  |               |
|    approx_kl            | 0.00059178314 |
|    clip_fraction        | 0.00495       |
|    clip_range           | 0.2           |
|    entropy_loss         | -0.0249       |
|    explained_variance   | 0.47          |
|    learning_rate        | 0.000269      |
|    loss                 | -0.000211     |
|    n_updates            | 3650          |
|    policy_gradient_loss | -0.000653     |
|    value_loss           | 5.24e-05      |
-------------------------------------------
[valid @10,500,210] BTC-USDT-SWAP: trades=2051 pnl=+524.5
[valid @10,500,210] ETH-USDT-SWAP: trades=2679 pnl=+1415.8
------------------------------------------------------
| rollout/                            |              |
|    ep_len_mean                      | 4.34e+04     |
|    ep_rew_mean                      | 0.907        |
| time/                               |              |
|    fps                              | 10408        |
|    iterations                       | 367          |
|    time_elapsed                     | 1010         |
|    total_timesteps                  | 10522624     |
| train/                              |              |
|    approx_kl                        | 0.0006236373 |
|    clip_fraction                    | 0.00608      |
|    clip_range                       | 0.2          |
|    entropy_loss                     | -0.0289      |
|    explained_variance               | 0.446        |
|    learning_rate                    | 0.000269     |
|    loss                             | -0.00388     |
|    n_updates                        | 3660         |
|    policy_gradient_loss             | -0.000567    |
|    value_loss                       | 5.78e-05     |
| valid/                              |              |
|    BTC-USDT-SWAP/compound_mdd_pct   | 62.5         |
|    BTC-USDT-SWAP/compound_multiple  | 88.7         |
|    BTC-USDT-SWAP/geo_mean_per_trade | 0.00219      |
|    BTC-USDT-SWAP/max_single_loss    | -21.3        |
|    BTC-USDT-SWAP/max_upnl           | 0.148        |
|    BTC-USDT-SWAP/monthly_growth     | 1.46         |
|    BTC-USDT-SWAP/near_liq_n         | 0            |
|    BTC-USDT-SWAP/near_liq_pct       | 0            |
|    BTC-USDT-SWAP/pnl_std            | 2.67         |
|    BTC-USDT-SWAP/sel_monthly_log    | -0.1         |
|    BTC-USDT-SWAP/total_pnl          | 524          |
|    BTC-USDT-SWAP/trades             | 2051         |
|    BTC-USDT-SWAP/trades_per_month   | 173          |
|    BTC-USDT-SWAP/v9_kpi             | 0.112        |
|    BTC-USDT-SWAP/v9_kpi_smoothed    | 0.195        |
|    BTC-USDT-SWAP/v9_kpi_z_mdd       | 0.441        |
|    BTC-USDT-SWAP/v9_kpi_z_msl       | 0.723        |
|    BTC-USDT-SWAP/v9_kpi_z_sel       | -0.201       |
|    BTC-USDT-SWAP/win_rate           | 0.605        |
|    ETH-USDT-SWAP/compound_mdd_pct   | 73.3         |
|    ETH-USDT-SWAP/compound_multiple  | 3.34e+05     |
|    ETH-USDT-SWAP/geo_mean_per_trade | 0.00476      |
|    ETH-USDT-SWAP/max_single_loss    | -35.4        |
|    ETH-USDT-SWAP/max_upnl           | 0.181        |
|    ETH-USDT-SWAP/monthly_growth     | 2.93         |
|    ETH-USDT-SWAP/near_liq_n         | 0            |
|    ETH-USDT-SWAP/near_liq_pct       | 0            |
|    ETH-USDT-SWAP/pnl_std            | 3.17         |
|    ETH-USDT-SWAP/total_pnl          | 1.42e+03     |
|    ETH-USDT-SWAP/trades             | 2679         |
|    ETH-USDT-SWAP/trades_per_month   | 227          |
|    ETH-USDT-SWAP/win_rate           | 0.658        |
------------------------------------------------------
-------------------------------------------
| rollout/                |               |
|    ep_len_mean          | 4.34e+04      |
|    ep_rew_mean          | 0.907         |
| time/                   |               |
|    fps                  | 10416         |
|    iterations           | 368           |
|    time_elapsed         | 1012          |
|    total_timesteps      | 10551296      |
| train/                  |               |
|    approx_kl            | 0.00035709547 |
|    clip_fraction        | 0.00399       |
|    clip_range           | 0.2           |
|    entropy_loss         | -0.0224       |
|    explained_variance   | 0.575         |
|    learning_rate        | 0.000268      |
|    loss                 | -0.00206      |
|    n_updates            | 3670          |
|    policy_gradient_loss | -0.00053      |
|    value_loss           | 4.57e-05      |
-------------------------------------------
-------------------------------------------
| rollout/                |               |
|    ep_len_mean          | 4.34e+04      |
|    ep_rew_mean          | 0.907         |
| time/                   |               |
|    fps                  | 10423         |
|    iterations           | 369           |
|    time_elapsed         | 1014          |
|    total_timesteps      | 10579968      |
| train/                  |               |
|    approx_kl            | 0.00063411606 |
|    clip_fraction        | 0.00477       |
|    clip_range           | 0.2           |
|    entropy_loss         | -0.0214       |
|    explained_variance   | 0.636         |
|    learning_rate        | 0.000268      |
|    loss                 | -0.000617     |
|    n_updates            | 3680          |
|    policy_gradient_loss | -0.000796     |
|    value_loss           | 2.94e-05      |
-------------------------------------------
------------------------------------------
| rollout/                |              |
|    ep_len_mean          | 4.34e+04     |
|    ep_rew_mean          | 0.907        |
| time/                   |              |
|    fps                  | 10431        |
|    iterations           | 370          |
|    time_elapsed         | 1017         |
|    total_timesteps      | 10608640     |
| train/                  |              |
|    approx_kl            | 0.0010436183 |
|    clip_fraction        | 0.00494      |
|    clip_range           | 0.2          |
|    entropy_loss         | -0.0237      |
|    explained_variance   | 0.471        |
|    learning_rate        | 0.000268     |
|    loss                 | -0.0033      |
|    n_updates            | 3690         |
|    policy_gradient_loss | -0.000938    |
|    value_loss           | 4.7e-05      |
------------------------------------------
------------------------------------------
| rollout/                |              |
|    ep_len_mean          | 4.34e+04     |
|    ep_rew_mean          | 0.907        |
| time/                   |              |
|    fps                  | 10438        |
|    iterations           | 371          |
|    time_elapsed         | 1019         |
|    total_timesteps      | 10637312     |
| train/                  |              |
|    approx_kl            | 0.0008389842 |
|    clip_fraction        | 0.00643      |
|    clip_range           | 0.2          |
|    entropy_loss         | -0.0275      |
|    explained_variance   | 0.469        |
|    learning_rate        | 0.000268     |
|    loss                 | -0.00223     |
|    n_updates            | 3700         |
|    policy_gradient_loss | -0.000867    |
|    value_loss           | 5.14e-05     |
------------------------------------------
------------------------------------------
| rollout/                |              |
|    ep_len_mean          | 4.34e+04     |
|    ep_rew_mean          | 0.907        |
| time/                   |              |
|    fps                  | 10446        |
|    iterations           | 372          |
|    time_elapsed         | 1021         |
|    total_timesteps      | 10665984     |
| train/                  |              |
|    approx_kl            | 0.0010151276 |
|    clip_fraction        | 0.00484      |
|    clip_range           | 0.2          |
|    entropy_loss         | -0.0272      |
|    explained_variance   | 0.487        |
|    learning_rate        | 0.000268     |
|    loss                 | 0.000249     |
|    n_updates            | 3710         |
|    policy_gradient_loss | -0.000575    |
|    value_loss           | 4.37e-05     |
------------------------------------------
------------------------------------------
| rollout/                |              |
|    ep_len_mean          | 4.34e+04     |
|    ep_rew_mean          | 0.907        |
| time/                   |              |
|    fps                  | 10454        |
|    iterations           | 373          |
|    time_elapsed         | 1022         |
|    total_timesteps      | 10694656     |
| train/                  |              |
|    approx_kl            | 0.0007613712 |
|    clip_fraction        | 0.00578      |
|    clip_range           | 0.2          |
|    entropy_loss         | -0.0317      |
|    explained_variance   | 0.441        |
|    learning_rate        | 0.000268     |
|    loss                 | -0.000439    |
|    n_updates            | 3720         |
|    policy_gradient_loss | -0.000978    |
|    value_loss           | 5.42e-05     |
------------------------------------------
------------------------------------------
| rollout/                |              |
|    ep_len_mean          | 4.34e+04     |
|    ep_rew_mean          | 0.907        |
| time/                   |              |
|    fps                  | 10461        |
|    iterations           | 374          |
|    time_elapsed         | 1025         |
|    total_timesteps      | 10723328     |
| train/                  |              |
|    approx_kl            | 0.0005218411 |
|    clip_fraction        | 0.00459      |
|    clip_range           | 0.2          |
|    entropy_loss         | -0.0247      |
|    explained_variance   | 0.625        |
|    learning_rate        | 0.000268     |
|    loss                 | -0.000717    |
|    n_updates            | 3730         |
|    policy_gradient_loss | -0.000498    |
|    value_loss           | 4.27e-05     |
------------------------------------------
------------------------------------------
| rollout/                |              |
|    ep_len_mean          | 4.34e+04     |
|    ep_rew_mean          | 0.907        |
| time/                   |              |
|    fps                  | 10468        |
|    iterations           | 375          |
|    time_elapsed         | 1027         |
|    total_timesteps      | 10752000     |
| train/                  |              |
|    approx_kl            | 0.0006218352 |
|    clip_fraction        | 0.0052       |
|    clip_range           | 0.2          |
|    entropy_loss         | -0.028       |
|    explained_variance   | 0.624        |
|    learning_rate        | 0.000268     |
|    loss                 | -0.000328    |
|    n_updates            | 3740         |
|    policy_gradient_loss | -0.000596    |
|    value_loss           | 4.63e-05     |
------------------------------------------
-------------------------------------------
| rollout/                |               |
|    ep_len_mean          | 4.34e+04      |
|    ep_rew_mean          | 0.907         |
| time/                   |               |
|    fps                  | 10476         |
|    iterations           | 376           |
|    time_elapsed         | 1029          |
|    total_timesteps      | 10780672      |
| train/                  |               |
|    approx_kl            | 0.00036619505 |
|    clip_fraction        | 0.00297       |
|    clip_range           | 0.2           |
|    entropy_loss         | -0.0262       |
|    explained_variance   | 0.615         |
|    learning_rate        | 0.000268      |
|    loss                 | -0.00131      |
|    n_updates            | 3750          |
|    policy_gradient_loss | -0.000424     |
|    value_loss           | 3.18e-05      |
-------------------------------------------
----------------------------------------
| rollout/                |            |
|    ep_len_mean          | 4.34e+04   |
|    ep_rew_mean          | 0.907      |
| time/                   |            |
|    fps                  | 10483      |
|    iterations           | 377        |
|    time_elapsed         | 1031       |
|    total_timesteps      | 10809344   |
| train/                  |            |
|    approx_kl            | 0.00050231 |
|    clip_fraction        | 0.00541    |
|    clip_range           | 0.2        |
|    entropy_loss         | -0.0281    |
|    explained_variance   | 0.525      |
|    learning_rate        | 0.000268   |
|    loss                 | -0.00295   |
|    n_updates            | 3760       |
|    policy_gradient_loss | -0.000864  |
|    value_loss           | 4.17e-05   |
----------------------------------------
-------------------------------------------
| rollout/                |               |
|    ep_len_mean          | 4.34e+04      |
|    ep_rew_mean          | 0.907         |
| time/                   |               |
|    fps                  | 10490         |
|    iterations           | 378           |
|    time_elapsed         | 1033          |
|    total_timesteps      | 10838016      |
| train/                  |               |
|    approx_kl            | 0.00088249694 |
|    clip_fraction        | 0.00547       |
|    clip_range           | 0.2           |
|    entropy_loss         | -0.0286       |
|    explained_variance   | 0.518         |
|    learning_rate        | 0.000268      |
|    loss                 | -0.00133      |
|    n_updates            | 3770          |
|    policy_gradient_loss | -0.000695     |
|    value_loss           | 3.38e-05      |
-------------------------------------------
------------------------------------------
| rollout/                |              |
|    ep_len_mean          | 4.34e+04     |
|    ep_rew_mean          | 0.907        |
| time/                   |              |
|    fps                  | 10497        |
|    iterations           | 379          |
|    time_elapsed         | 1035         |
|    total_timesteps      | 10866688     |
| train/                  |              |
|    approx_kl            | 0.0002849816 |
|    clip_fraction        | 0.00222      |
|    clip_range           | 0.2          |
|    entropy_loss         | -0.0225      |
|    explained_variance   | 0.541        |
|    learning_rate        | 0.000267     |
|    loss                 | -0.000424    |
|    n_updates            | 3780         |
|    policy_gradient_loss | -0.000333    |
|    value_loss           | 2.88e-05     |
------------------------------------------
-----------------------------------------
| rollout/                |             |
|    ep_len_mean          | 4.34e+04    |
|    ep_rew_mean          | 0.907       |
| time/                   |             |
|    fps                  | 10504       |
|    iterations           | 380         |
|    time_elapsed         | 1037        |
|    total_timesteps      | 10895360    |
| train/                  |             |
|    approx_kl            | 0.000526206 |
|    clip_fraction        | 0.00365     |
|    clip_range           | 0.2         |
|    entropy_loss         | -0.0205     |
|    explained_variance   | 0.65        |
|    learning_rate        | 0.000267    |
|    loss                 | -0.000273   |
|    n_updates            | 3790        |
|    policy_gradient_loss | -0.000518   |
|    value_loss           | 2.4e-05     |
-----------------------------------------
-------------------------------------------
| rollout/                |               |
|    ep_len_mean          | 4.34e+04      |
|    ep_rew_mean          | 0.899         |
| time/                   |               |
|    fps                  | 10509         |
|    iterations           | 381           |
|    time_elapsed         | 1039          |
|    total_timesteps      | 10924032      |
| train/                  |               |
|    approx_kl            | 0.00036712078 |
|    clip_fraction        | 0.00327       |
|    clip_range           | 0.2           |
|    entropy_loss         | -0.0235       |
|    explained_variance   | 0.579         |
|    learning_rate        | 0.000267      |
|    loss                 | -0.00143      |
|    n_updates            | 3800          |
|    policy_gradient_loss | -0.000419     |
|    value_loss           | 2.58e-05      |
-------------------------------------------
------------------------------------------
| rollout/                |              |
|    ep_len_mean          | 4.34e+04     |
|    ep_rew_mean          | 0.896        |
| time/                   |              |
|    fps                  | 10516        |
|    iterations           | 382          |
|    time_elapsed         | 1041         |
|    total_timesteps      | 10952704     |
| train/                  |              |
|    approx_kl            | 0.0037416783 |
|    clip_fraction        | 0.00568      |
|    clip_range           | 0.2          |
|    entropy_loss         | -0.0277      |
|    explained_variance   | 0.574        |
|    learning_rate        | 0.000267     |
|    loss                 | -0.00272     |
|    n_updates            | 3810         |
|    policy_gradient_loss | -0.000955    |
|    value_loss           | 3.71e-05     |
------------------------------------------
-------------------------------------------
| rollout/                |               |
|    ep_len_mean          | 4.34e+04      |
|    ep_rew_mean          | 0.896         |
| time/                   |               |
|    fps                  | 10522         |
|    iterations           | 383           |
|    time_elapsed         | 1043          |
|    total_timesteps      | 10981376      |
| train/                  |               |
|    approx_kl            | 0.00059401646 |
|    clip_fraction        | 0.00601       |
|    clip_range           | 0.2           |
|    entropy_loss         | -0.0342       |
|    explained_variance   | 0.479         |
|    learning_rate        | 0.000267      |
|    loss                 | -0.000353     |
|    n_updates            | 3820          |
|    policy_gradient_loss | -0.00103      |
|    value_loss           | 4.1e-05       |
-------------------------------------------
