run_name: v9_fullctrl_seed0_0725-2029
Using cpu device
Logging to /home/henjigcp/git/quant_real_RL/logs/v9_fullctrl/v9_fullctrl_seed0_0725-2029
------------------------------
| time/              |       |
|    fps             | 5574  |
|    iterations      | 1     |
|    time_elapsed    | 2     |
|    total_timesteps | 12288 |
------------------------------
-----------------------------------------
| time/                   |             |
|    fps                  | 4729        |
|    iterations           | 2           |
|    time_elapsed         | 5           |
|    total_timesteps      | 24576       |
| train/                  |             |
|    approx_kl            | 0.010384222 |
|    clip_fraction        | 0.0551      |
|    clip_range           | 0.2         |
|    entropy_loss         | -1.09       |
|    explained_variance   | -1.11       |
|    learning_rate        | 0.0003      |
|    loss                 | -0.0151     |
|    n_updates            | 10          |
|    policy_gradient_loss | -0.00612    |
|    value_loss           | 0.00497     |
-----------------------------------------
-----------------------------------------
| time/                   |             |
|    fps                  | 4492        |
|    iterations           | 3           |
|    time_elapsed         | 8           |
|    total_timesteps      | 36864       |
| train/                  |             |
|    approx_kl            | 0.010283147 |
|    clip_fraction        | 0.0626      |
|    clip_range           | 0.2         |
|    entropy_loss         | -1.08       |
|    explained_variance   | 0.694       |
|    learning_rate        | 0.0003      |
|    loss                 | -0.0205     |
|    n_updates            | 20          |
|    policy_gradient_loss | -0.00336    |
|    value_loss           | 0.000924    |
-----------------------------------------
------------------------------------------
| time/                   |              |
|    fps                  | 4372         |
|    iterations           | 4            |
|    time_elapsed         | 11           |
|    total_timesteps      | 49152        |
| train/                  |              |
|    approx_kl            | 0.0075478093 |
|    clip_fraction        | 0.0395       |
|    clip_range           | 0.2          |
|    entropy_loss         | -1.06        |
|    explained_variance   | 0.656        |
|    learning_rate        | 0.0003       |
|    loss                 | -0.0155      |
|    n_updates            | 30           |
|    policy_gradient_loss | -0.00231     |
|    value_loss           | 0.000696     |
------------------------------------------
-----------------------------------------
| time/                   |             |
|    fps                  | 4307        |
|    iterations           | 5           |
|    time_elapsed         | 14          |
|    total_timesteps      | 61440       |
| train/                  |             |
|    approx_kl            | 0.008562558 |
|    clip_fraction        | 0.0218      |
|    clip_range           | 0.2         |
|    entropy_loss         | -1.06       |
|    explained_variance   | 0.463       |
|    learning_rate        | 0.0003      |
|    loss                 | -0.0283     |
|    n_updates            | 40          |
|    policy_gradient_loss | -0.00276    |
|    value_loss           | 0.000479    |
-----------------------------------------
------------------------------------------
| time/                   |              |
|    fps                  | 4269         |
|    iterations           | 6            |
|    time_elapsed         | 17           |
|    total_timesteps      | 73728        |
| train/                  |              |
|    approx_kl            | 0.0055734986 |
|    clip_fraction        | 0.0194       |
|    clip_range           | 0.2          |
|    entropy_loss         | -1.06        |
|    explained_variance   | 0.464        |
|    learning_rate        | 0.0003       |
|    loss                 | -0.0115      |
|    n_updates            | 50           |
|    policy_gradient_loss | -0.00171     |
|    value_loss           | 0.000189     |
------------------------------------------
------------------------------------------
| time/                   |              |
|    fps                  | 4235         |
|    iterations           | 7            |
|    time_elapsed         | 20           |
|    total_timesteps      | 86016        |
| train/                  |              |
|    approx_kl            | 0.0077864695 |
|    clip_fraction        | 0.0546       |
|    clip_range           | 0.2          |
|    entropy_loss         | -1.07        |
|    explained_variance   | 0.472        |
|    learning_rate        | 0.0003       |
|    loss                 | -0.00902     |
|    n_updates            | 60           |
|    policy_gradient_loss | -0.00363     |
|    value_loss           | 0.000107     |
------------------------------------------
------------------------------------------
| time/                   |              |
|    fps                  | 4224         |
|    iterations           | 8            |
|    time_elapsed         | 23           |
|    total_timesteps      | 98304        |
| train/                  |              |
|    approx_kl            | 0.0060312487 |
|    clip_fraction        | 0.0146       |
|    clip_range           | 0.2          |
|    entropy_loss         | -1.04        |
|    explained_variance   | 0.677        |
|    learning_rate        | 0.000299     |
|    loss                 | -0.0134      |
|    n_updates            | 70           |
|    policy_gradient_loss | -0.00223     |
|    value_loss           | 7.16e-05     |
------------------------------------------
------------------------------------------
| time/                   |              |
|    fps                  | 4211         |
|    iterations           | 9            |
|    time_elapsed         | 26           |
|    total_timesteps      | 110592       |
| train/                  |              |
|    approx_kl            | 0.0045290333 |
|    clip_fraction        | 0.0135       |
|    clip_range           | 0.2          |
|    entropy_loss         | -1.03        |
|    explained_variance   | 0.639        |
|    learning_rate        | 0.000299     |
|    loss                 | -0.0117      |
|    n_updates            | 80           |
|    policy_gradient_loss | -0.0022      |
|    value_loss           | 6.3e-05      |
------------------------------------------
-----------------------------------------
| time/                   |             |
|    fps                  | 4200        |
|    iterations           | 10          |
|    time_elapsed         | 29          |
|    total_timesteps      | 122880      |
| train/                  |             |
|    approx_kl            | 0.005996836 |
|    clip_fraction        | 0.0174      |
|    clip_range           | 0.2         |
|    entropy_loss         | -1.01       |
|    explained_variance   | 0.528       |
|    learning_rate        | 0.000299    |
|    loss                 | -0.0134     |
|    n_updates            | 90          |
|    policy_gradient_loss | -0.00229    |
|    value_loss           | 8.43e-05    |
-----------------------------------------
------------------------------------------
| time/                   |              |
|    fps                  | 4187         |
|    iterations           | 11           |
|    time_elapsed         | 32           |
|    total_timesteps      | 135168       |
| train/                  |              |
|    approx_kl            | 0.0026907458 |
|    clip_fraction        | 0.00988      |
|    clip_range           | 0.2          |
|    entropy_loss         | -0.999       |
|    explained_variance   | 0.625        |
|    learning_rate        | 0.000299     |
|    loss                 | -0.0154      |
|    n_updates            | 100          |
|    policy_gradient_loss | -0.00129     |
|    value_loss           | 7.08e-05     |
------------------------------------------
-----------------------------------------
| time/                   |             |
|    fps                  | 4163        |
|    iterations           | 12          |
|    time_elapsed         | 35          |
|    total_timesteps      | 147456      |
| train/                  |             |
|    approx_kl            | 0.008075916 |
|    clip_fraction        | 0.0492      |
|    clip_range           | 0.2         |
|    entropy_loss         | -1.01       |
|    explained_variance   | 0.287       |
|    learning_rate        | 0.000299    |
|    loss                 | -0.00796    |
|    n_updates            | 110         |
|    policy_gradient_loss | -0.0032     |
|    value_loss           | 0.000103    |
-----------------------------------------
------------------------------------------
| time/                   |              |
|    fps                  | 4133         |
|    iterations           | 13           |
|    time_elapsed         | 38           |
|    total_timesteps      | 159744       |
| train/                  |              |
|    approx_kl            | 0.0075300406 |
|    clip_fraction        | 0.0275       |
|    clip_range           | 0.2          |
|    entropy_loss         | -1           |
|    explained_variance   | 0.284        |
|    learning_rate        | 0.000299     |
|    loss                 | -0.0109      |
|    n_updates            | 120          |
|    policy_gradient_loss | -0.00215     |
|    value_loss           | 7.17e-05     |
------------------------------------------
-----------------------------------------
| time/                   |             |
|    fps                  | 4106        |
|    iterations           | 14          |
|    time_elapsed         | 41          |
|    total_timesteps      | 172032      |
| train/                  |             |
|    approx_kl            | 0.006176811 |
|    clip_fraction        | 0.0325      |
|    clip_range           | 0.2         |
|    entropy_loss         | -0.968      |
|    explained_variance   | 0.271       |
|    learning_rate        | 0.000299    |
|    loss                 | -0.0105     |
|    n_updates            | 130         |
|    policy_gradient_loss | -0.00324    |
|    value_loss           | 5.93e-05    |
-----------------------------------------
-----------------------------------------
| time/                   |             |
|    fps                  | 4081        |
|    iterations           | 15          |
|    time_elapsed         | 45          |
|    total_timesteps      | 184320      |
| train/                  |             |
|    approx_kl            | 0.004768626 |
|    clip_fraction        | 0.00947     |
|    clip_range           | 0.2         |
|    entropy_loss         | -0.981      |
|    explained_variance   | 0.158       |
|    learning_rate        | 0.000299    |
|    loss                 | -0.00918    |
|    n_updates            | 140         |
|    policy_gradient_loss | -0.00131    |
|    value_loss           | 6.97e-05    |
-----------------------------------------
-----------------------------------------
| time/                   |             |
|    fps                  | 4060        |
|    iterations           | 16          |
|    time_elapsed         | 48          |
|    total_timesteps      | 196608      |
| train/                  |             |
|    approx_kl            | 0.007629108 |
|    clip_fraction        | 0.0255      |
|    clip_range           | 0.2         |
|    entropy_loss         | -0.981      |
|    explained_variance   | 0.169       |
|    learning_rate        | 0.000299    |
|    loss                 | -0.0189     |
|    n_updates            | 150         |
|    policy_gradient_loss | -0.00252    |
|    value_loss           | 5.89e-05    |
-----------------------------------------
------------------------------------------
| time/                   |              |
|    fps                  | 4062         |
|    iterations           | 17           |
|    time_elapsed         | 51           |
|    total_timesteps      | 208896       |
| train/                  |              |
|    approx_kl            | 0.0044544083 |
|    clip_fraction        | 0.00544      |
|    clip_range           | 0.2          |
|    entropy_loss         | -0.948       |
|    explained_variance   | 0.389        |
|    learning_rate        | 0.000299     |
|    loss                 | -0.00996     |
|    n_updates            | 160          |
|    policy_gradient_loss | -0.00154     |
|    value_loss           | 4.59e-05     |
------------------------------------------
-----------------------------------------
| time/                   |             |
|    fps                  | 4069        |
|    iterations           | 18          |
|    time_elapsed         | 54          |
|    total_timesteps      | 221184      |
| train/                  |             |
|    approx_kl            | 0.008680143 |
|    clip_fraction        | 0.0586      |
|    clip_range           | 0.2         |
|    entropy_loss         | -0.96       |
|    explained_variance   | 0.51        |
|    learning_rate        | 0.000299    |
|    loss                 | -0.00739    |
|    n_updates            | 170         |
|    policy_gradient_loss | -0.00424    |
|    value_loss           | 3.71e-05    |
-----------------------------------------
-----------------------------------------
| time/                   |             |
|    fps                  | 4073        |
|    iterations           | 19          |
|    time_elapsed         | 57          |
|    total_timesteps      | 233472      |
| train/                  |             |
|    approx_kl            | 0.008076683 |
|    clip_fraction        | 0.028       |
|    clip_range           | 0.2         |
|    entropy_loss         | -0.992      |
|    explained_variance   | 0.156       |
|    learning_rate        | 0.000299    |
|    loss                 | -0.0134     |
|    n_updates            | 180         |
|    policy_gradient_loss | -0.00205    |
|    value_loss           | 5.06e-05    |
-----------------------------------------
------------------------------------------
| time/                   |              |
|    fps                  | 4079         |
|    iterations           | 20           |
|    time_elapsed         | 60           |
|    total_timesteps      | 245760       |
| train/                  |              |
|    approx_kl            | 0.0075655966 |
|    clip_fraction        | 0.0233       |
|    clip_range           | 0.2          |
|    entropy_loss         | -0.988       |
|    explained_variance   | 0.0594       |
|    learning_rate        | 0.000299     |
|    loss                 | -0.00483     |
|    n_updates            | 190          |
|    policy_gradient_loss | -0.00241     |
|    value_loss           | 5.61e-05     |
------------------------------------------
------------------------------------------
| time/                   |              |
|    fps                  | 4079         |
|    iterations           | 21           |
|    time_elapsed         | 63           |
|    total_timesteps      | 258048       |
| train/                  |              |
|    approx_kl            | 0.0067129605 |
|    clip_fraction        | 0.017        |
|    clip_range           | 0.2          |
|    entropy_loss         | -0.976       |
|    explained_variance   | 0.368        |
|    learning_rate        | 0.000299     |
|    loss                 | -0.00597     |
|    n_updates            | 200          |
|    policy_gradient_loss | -0.00192     |
|    value_loss           | 4.32e-05     |
------------------------------------------
------------------------------------------
| rollout/                |              |
|    ep_len_mean          | 4.32e+04     |
|    ep_rew_mean          | -0.284       |
| time/                   |              |
|    fps                  | 4084         |
|    iterations           | 22           |
|    time_elapsed         | 66           |
|    total_timesteps      | 270336       |
| train/                  |              |
|    approx_kl            | 0.0050565884 |
|    clip_fraction        | 0.0148       |
|    clip_range           | 0.2          |
|    entropy_loss         | -0.974       |
|    explained_variance   | 0.207        |
|    learning_rate        | 0.000298     |
|    loss                 | -0.00147     |
|    n_updates            | 210          |
|    policy_gradient_loss | -0.00169     |
|    value_loss           | 5.13e-05     |
------------------------------------------
------------------------------------------
| rollout/                |              |
|    ep_len_mean          | 4.32e+04     |
|    ep_rew_mean          | -0.284       |
| time/                   |              |
|    fps                  | 4086         |
|    iterations           | 23           |
|    time_elapsed         | 69           |
|    total_timesteps      | 282624       |
| train/                  |              |
|    approx_kl            | 0.0060659945 |
|    clip_fraction        | 0.0202       |
|    clip_range           | 0.2          |
|    entropy_loss         | -0.976       |
|    explained_variance   | 0.117        |
|    learning_rate        | 0.000298     |
|    loss                 | -0.0179      |
|    n_updates            | 220          |
|    policy_gradient_loss | -0.00273     |
|    value_loss           | 5.26e-05     |
------------------------------------------
-----------------------------------------
| rollout/                |             |
|    ep_len_mean          | 4.32e+04    |
|    ep_rew_mean          | -0.284      |
| time/                   |             |
|    fps                  | 4087        |
|    iterations           | 24          |
|    time_elapsed         | 72          |
|    total_timesteps      | 294912      |
| train/                  |             |
|    approx_kl            | 0.005264014 |
|    clip_fraction        | 0.0299      |
|    clip_range           | 0.2         |
|    entropy_loss         | -0.966      |
|    explained_variance   | 0.226       |
|    learning_rate        | 0.000298    |
|    loss                 | -0.0121     |
|    n_updates            | 230         |
|    policy_gradient_loss | -0.00317    |
|    value_loss           | 5.03e-05    |
-----------------------------------------
------------------------------------------
| rollout/                |              |
|    ep_len_mean          | 4.32e+04     |
|    ep_rew_mean          | -0.284       |
| time/                   |              |
|    fps                  | 4085         |
|    iterations           | 25           |
|    time_elapsed         | 75           |
|    total_timesteps      | 307200       |
| train/                  |              |
|    approx_kl            | 0.0074183173 |
|    clip_fraction        | 0.0271       |
|    clip_range           | 0.2          |
|    entropy_loss         | -0.97        |
|    explained_variance   | 0.412        |
|    learning_rate        | 0.000298     |
|    loss                 | -0.0173      |
|    n_updates            | 240          |
|    policy_gradient_loss | -0.00269     |
|    value_loss           | 8.83e-05     |
------------------------------------------
------------------------------------------
| rollout/                |              |
|    ep_len_mean          | 4.32e+04     |
|    ep_rew_mean          | -0.284       |
| time/                   |              |
|    fps                  | 4086         |
|    iterations           | 26           |
|    time_elapsed         | 78           |
|    total_timesteps      | 319488       |
| train/                  |              |
|    approx_kl            | 0.0057501364 |
|    clip_fraction        | 0.0262       |
|    clip_range           | 0.2          |
|    entropy_loss         | -0.977       |
|    explained_variance   | 0.534        |
|    learning_rate        | 0.000298     |
|    loss                 | -0.0048      |
|    n_updates            | 250          |
|    policy_gradient_loss | -0.00259     |
|    value_loss           | 6.07e-05     |
------------------------------------------
------------------------------------------
| rollout/                |              |
|    ep_len_mean          | 4.32e+04     |
|    ep_rew_mean          | -0.284       |
| time/                   |              |
|    fps                  | 4090         |
|    iterations           | 27           |
|    time_elapsed         | 81           |
|    total_timesteps      | 331776       |
| train/                  |              |
|    approx_kl            | 0.0056910594 |
|    clip_fraction        | 0.0235       |
|    clip_range           | 0.2          |
|    entropy_loss         | -0.985       |
|    explained_variance   | 0.524        |
|    learning_rate        | 0.000298     |
|    loss                 | -0.00714     |
|    n_updates            | 260          |
|    policy_gradient_loss | -0.00224     |
|    value_loss           | 6.3e-05      |
------------------------------------------
-----------------------------------------
| rollout/                |             |
|    ep_len_mean          | 4.32e+04    |
|    ep_rew_mean          | -0.284      |
| time/                   |             |
|    fps                  | 4082        |
|    iterations           | 28          |
|    time_elapsed         | 84          |
|    total_timesteps      | 344064      |
| train/                  |             |
|    approx_kl            | 0.003750546 |
|    clip_fraction        | 0.0107      |
|    clip_range           | 0.2         |
|    entropy_loss         | -0.996      |
|    explained_variance   | 0.437       |
|    learning_rate        | 0.000298    |
|    loss                 | -0.00914    |
|    n_updates            | 270         |
|    policy_gradient_loss | -0.00144    |
|    value_loss           | 8.66e-05    |
-----------------------------------------
------------------------------------------
| rollout/                |              |
|    ep_len_mean          | 4.32e+04     |
|    ep_rew_mean          | -0.284       |
| time/                   |              |
|    fps                  | 4082         |
|    iterations           | 29           |
|    time_elapsed         | 87           |
|    total_timesteps      | 356352       |
| train/                  |              |
|    approx_kl            | 0.0074101463 |
|    clip_fraction        | 0.0326       |
|    clip_range           | 0.2          |
|    entropy_loss         | -0.982       |
|    explained_variance   | 0.585        |
|    learning_rate        | 0.000298     |
|    loss                 | -0.00934     |
|    n_updates            | 280          |
|    policy_gradient_loss | -0.00307     |
|    value_loss           | 7.11e-05     |
------------------------------------------
------------------------------------------
| rollout/                |              |
|    ep_len_mean          | 4.32e+04     |
|    ep_rew_mean          | -0.284       |
| time/                   |              |
|    fps                  | 4082         |
|    iterations           | 30           |
|    time_elapsed         | 90           |
|    total_timesteps      | 368640       |
| train/                  |              |
|    approx_kl            | 0.0071912333 |
|    clip_fraction        | 0.0283       |
|    clip_range           | 0.2          |
|    entropy_loss         | -0.989       |
|    explained_variance   | 0.014        |
|    learning_rate        | 0.000298     |
|    loss                 | -0.0102      |
|    n_updates            | 290          |
|    policy_gradient_loss | -0.00252     |
|    value_loss           | 8.48e-05     |
------------------------------------------
------------------------------------------
| rollout/                |              |
|    ep_len_mean          | 4.32e+04     |
|    ep_rew_mean          | -0.284       |
| time/                   |              |
|    fps                  | 4079         |
|    iterations           | 31           |
|    time_elapsed         | 93           |
|    total_timesteps      | 380928       |
| train/                  |              |
|    approx_kl            | 0.0056558065 |
|    clip_fraction        | 0.0167       |
|    clip_range           | 0.2          |
|    entropy_loss         | -0.961       |
|    explained_variance   | 0.388        |
|    learning_rate        | 0.000298     |
|    loss                 | -0.0109      |
|    n_updates            | 300          |
|    policy_gradient_loss | -0.00251     |
|    value_loss           | 4.58e-05     |
------------------------------------------
-----------------------------------------
| rollout/                |             |
|    ep_len_mean          | 4.32e+04    |
|    ep_rew_mean          | -0.284      |
| time/                   |             |
|    fps                  | 4073        |
|    iterations           | 32          |
|    time_elapsed         | 96          |
|    total_timesteps      | 393216      |
| train/                  |             |
|    approx_kl            | 0.009198828 |
|    clip_fraction        | 0.0395      |
|    clip_range           | 0.2         |
|    entropy_loss         | -0.979      |
|    explained_variance   | 0.0981      |
|    learning_rate        | 0.000298    |
|    loss                 | -0.012      |
|    n_updates            | 310         |
|    policy_gradient_loss | -0.0035     |
|    value_loss           | 4.09e-05    |
-----------------------------------------
------------------------------------------
| rollout/                |              |
|    ep_len_mean          | 4.32e+04     |
|    ep_rew_mean          | -0.284       |
| time/                   |              |
|    fps                  | 4070         |
|    iterations           | 33           |
|    time_elapsed         | 99           |
|    total_timesteps      | 405504       |
| train/                  |              |
|    approx_kl            | 0.0043262145 |
|    clip_fraction        | 0.0164       |
|    clip_range           | 0.2          |
|    entropy_loss         | -0.947       |
|    explained_variance   | 0.0364       |
|    learning_rate        | 0.000298     |
|    loss                 | -0.0114      |
|    n_updates            | 320          |
|    policy_gradient_loss | -0.00192     |
|    value_loss           | 3.51e-05     |
------------------------------------------
------------------------------------------
| rollout/                |              |
|    ep_len_mean          | 4.32e+04     |
|    ep_rew_mean          | -0.284       |
| time/                   |              |
|    fps                  | 4067         |
|    iterations           | 34           |
|    time_elapsed         | 102          |
|    total_timesteps      | 417792       |
| train/                  |              |
|    approx_kl            | 0.0028810275 |
|    clip_fraction        | 0.0105       |
|    clip_range           | 0.2          |
|    entropy_loss         | -0.954       |
|    explained_variance   | 0.146        |
|    learning_rate        | 0.000298     |
|    loss                 | -0.0139      |
|    n_updates            | 330          |
|    policy_gradient_loss | -0.00165     |
|    value_loss           | 3.47e-05     |
------------------------------------------
-----------------------------------------
| rollout/                |             |
|    ep_len_mean          | 4.32e+04    |
|    ep_rew_mean          | -0.284      |
| time/                   |             |
|    fps                  | 4067        |
|    iterations           | 35          |
|    time_elapsed         | 105         |
|    total_timesteps      | 430080      |
| train/                  |             |
|    approx_kl            | 0.007115578 |
|    clip_fraction        | 0.0179      |
|    clip_range           | 0.2         |
|    entropy_loss         | -0.934      |
|    explained_variance   | 0.244       |
|    learning_rate        | 0.000297    |
|    loss                 | -0.0135     |
|    n_updates            | 340         |
|    policy_gradient_loss | -0.00207    |
|    value_loss           | 2.58e-05    |
-----------------------------------------
-----------------------------------------
| rollout/                |             |
|    ep_len_mean          | 4.32e+04    |
|    ep_rew_mean          | -0.284      |
| time/                   |             |
|    fps                  | 4063        |
|    iterations           | 36          |
|    time_elapsed         | 108         |
|    total_timesteps      | 442368      |
| train/                  |             |
|    approx_kl            | 0.003225838 |
|    clip_fraction        | 0.0142      |
|    clip_range           | 0.2         |
|    entropy_loss         | -0.923      |
|    explained_variance   | 0.443       |
|    learning_rate        | 0.000297    |
|    loss                 | -0.0162     |
|    n_updates            | 350         |
|    policy_gradient_loss | -0.00209    |
|    value_loss           | 3.81e-05    |
-----------------------------------------
------------------------------------------
| rollout/                |              |
|    ep_len_mean          | 4.32e+04     |
|    ep_rew_mean          | -0.284       |
| time/                   |              |
|    fps                  | 4064         |
|    iterations           | 37           |
|    time_elapsed         | 111          |
|    total_timesteps      | 454656       |
| train/                  |              |
|    approx_kl            | 0.0059985914 |
|    clip_fraction        | 0.0385       |
|    clip_range           | 0.2          |
|    entropy_loss         | -0.894       |
|    explained_variance   | 0.462        |
|    learning_rate        | 0.000297     |
|    loss                 | -0.0104      |
|    n_updates            | 360          |
|    policy_gradient_loss | -0.00323     |
|    value_loss           | 3.69e-05     |
------------------------------------------
------------------------------------------
| rollout/                |              |
|    ep_len_mean          | 4.32e+04     |
|    ep_rew_mean          | -0.284       |
| time/                   |              |
|    fps                  | 4069         |
|    iterations           | 38           |
|    time_elapsed         | 114          |
|    total_timesteps      | 466944       |
| train/                  |              |
|    approx_kl            | 0.0049371123 |
|    clip_fraction        | 0.024        |
|    clip_range           | 0.2          |
|    entropy_loss         | -0.917       |
|    explained_variance   | 0.059        |
|    learning_rate        | 0.000297     |
|    loss                 | -0.00781     |
|    n_updates            | 370          |
|    policy_gradient_loss | -0.0022      |
|    value_loss           | 3.29e-05     |
------------------------------------------
------------------------------------------
| rollout/                |              |
|    ep_len_mean          | 4.32e+04     |
|    ep_rew_mean          | -0.284       |
| time/                   |              |
|    fps                  | 4070         |
|    iterations           | 39           |
|    time_elapsed         | 117          |
|    total_timesteps      | 479232       |
| train/                  |              |
|    approx_kl            | 0.0040286193 |
|    clip_fraction        | 0.0264       |
|    clip_range           | 0.2          |
|    entropy_loss         | -0.901       |
|    explained_variance   | 0.314        |
|    learning_rate        | 0.000297     |
|    loss                 | -0.0071      |
|    n_updates            | 380          |
|    policy_gradient_loss | -0.00193     |
|    value_loss           | 2.76e-05     |
------------------------------------------
-----------------------------------------
| rollout/                |             |
|    ep_len_mean          | 4.32e+04    |
|    ep_rew_mean          | -0.284      |
| time/                   |             |
|    fps                  | 4074        |
|    iterations           | 40          |
|    time_elapsed         | 120         |
|    total_timesteps      | 491520      |
| train/                  |             |
|    approx_kl            | 0.006267743 |
|    clip_fraction        | 0.0262      |
|    clip_range           | 0.2         |
|    entropy_loss         | -0.883      |
|    explained_variance   | -0.0428     |
|    learning_rate        | 0.000297    |
|    loss                 | -0.012      |
|    n_updates            | 390         |
|    policy_gradient_loss | -0.00251    |
|    value_loss           | 4.68e-05    |
-----------------------------------------
----------------------------------------------------
| rollout/                           |             |
|    ep_len_mean                     | 4.32e+04    |
|    ep_rew_mean                     | -0.284      |
| time/                              |             |
|    fps                             | 1046        |
|    iterations                      | 41          |
|    time_elapsed                    | 481         |
|    total_timesteps                 | 503808      |
| train/                             |             |
|    approx_kl                       | 0.004523461 |
|    clip_fraction                   | 0.0199      |
|    clip_range                      | 0.2         |
|    entropy_loss                    | -0.89       |
|    explained_variance              | 0.0151      |
|    learning_rate                   | 0.000297    |
|    loss                            | -0.014      |
|    n_updates                       | 400         |
|    policy_gradient_loss            | -0.00148    |
|    value_loss                      | 5.81e-05    |
| valid/                             |             |
|    BTC-USDT-SWAP/compound_mdd_pct  | 100         |
|    BTC-USDT-SWAP/compound_multiple | 1.14e-13    |
|    BTC-USDT-SWAP/max_single_loss   | -17.3       |
|    BTC-USDT-SWAP/near_liq_n        | 0           |
|    BTC-USDT-SWAP/near_liq_pct      | 0           |
|    BTC-USDT-SWAP/pnl_std           | 1.07        |
|    BTC-USDT-SWAP/sel_monthly_log   | -2.84       |
|    BTC-USDT-SWAP/total_pnl         | -2.92e+03   |
|    BTC-USDT-SWAP/trades            | 9316        |
|    BTC-USDT-SWAP/trades_per_month  | 788         |
|    BTC-USDT-SWAP/v9_score          | -2.75e+03   |
|    BTC-USDT-SWAP/win_rate          | 0.184       |
|    ETH-USDT-SWAP/compound_mdd_pct  | 100         |
|    ETH-USDT-SWAP/compound_multiple | 1.4e-09     |
|    ETH-USDT-SWAP/max_single_loss   | -37         |
|    ETH-USDT-SWAP/near_liq_n        | 0           |
|    ETH-USDT-SWAP/near_liq_pct      | 0           |
|    ETH-USDT-SWAP/pnl_std           | 2.09        |
|    ETH-USDT-SWAP/total_pnl         | -1.89e+03   |
|    ETH-USDT-SWAP/trades            | 6160        |
|    ETH-USDT-SWAP/trades_per_month  | 521         |
|    ETH-USDT-SWAP/v9_score          | -1.69e+03   |
|    ETH-USDT-SWAP/win_rate          | 0.232       |
|    min_v9_score                    | -2.75e+03   |
----------------------------------------------------
------------------------------------------
| rollout/                |              |
|    ep_len_mean          | 4.32e+04     |
|    ep_rew_mean          | -0.284       |
| time/                   |              |
|    fps                  | 1065         |
|    iterations           | 42           |
|    time_elapsed         | 484          |
|    total_timesteps      | 516096       |
| train/                  |              |
|    approx_kl            | 0.0035396202 |
|    clip_fraction        | 0.0234       |
|    clip_range           | 0.2          |
|    entropy_loss         | -0.863       |
|    explained_variance   | 0.0686       |
|    learning_rate        | 0.000297     |
|    loss                 | -0.00959     |
|    n_updates            | 410          |
|    policy_gradient_loss | -0.00262     |
|    value_loss           | 6.65e-05     |
------------------------------------------
-----------------------------------------
| rollout/                |             |
|    ep_len_mean          | 4.32e+04    |
|    ep_rew_mean          | -0.366      |
| time/                   |             |
|    fps                  | 1084        |
|    iterations           | 43          |
|    time_elapsed         | 487         |
|    total_timesteps      | 528384      |
| train/                  |             |
|    approx_kl            | 0.008149642 |
|    clip_fraction        | 0.0254      |
|    clip_range           | 0.2         |
|    entropy_loss         | -0.897      |
|    explained_variance   | 0.202       |
|    learning_rate        | 0.000297    |
|    loss                 | -0.0155     |
|    n_updates            | 420         |
|    policy_gradient_loss | -0.00335    |
|    value_loss           | 6.59e-05    |
-----------------------------------------
------------------------------------------
| rollout/                |              |
|    ep_len_mean          | 4.32e+04     |
|    ep_rew_mean          | -0.366       |
| time/                   |              |
|    fps                  | 1102         |
|    iterations           | 44           |
|    time_elapsed         | 490          |
|    total_timesteps      | 540672       |
| train/                  |              |
|    approx_kl            | 0.0032226846 |
|    clip_fraction        | 0.0144       |
|    clip_range           | 0.2          |
|    entropy_loss         | -0.894       |
|    explained_variance   | 0.0416       |
|    learning_rate        | 0.000297     |
|    loss                 | -0.0128      |
|    n_updates            | 430          |
|    policy_gradient_loss | -0.00221     |
|    value_loss           | 2.32e-05     |
------------------------------------------
------------------------------------------
| rollout/                |              |
|    ep_len_mean          | 4.32e+04     |
|    ep_rew_mean          | -0.366       |
| time/                   |              |
|    fps                  | 1120         |
|    iterations           | 45           |
|    time_elapsed         | 493          |
|    total_timesteps      | 552960       |
| train/                  |              |
|    approx_kl            | 0.0037530307 |
|    clip_fraction        | 0.0186       |
|    clip_range           | 0.2          |
|    entropy_loss         | -0.877       |
|    explained_variance   | 0.0181       |
|    learning_rate        | 0.000297     |
|    loss                 | -0.0167      |
|    n_updates            | 440          |
|    policy_gradient_loss | -0.00132     |
|    value_loss           | 3.59e-05     |
------------------------------------------
-----------------------------------------
| rollout/                |             |
|    ep_len_mean          | 4.32e+04    |
|    ep_rew_mean          | -0.366      |
| time/                   |             |
|    fps                  | 1139        |
|    iterations           | 46          |
|    time_elapsed         | 496         |
|    total_timesteps      | 565248      |
| train/                  |             |
|    approx_kl            | 0.005458065 |
|    clip_fraction        | 0.0179      |
|    clip_range           | 0.2         |
|    entropy_loss         | -0.89       |
|    explained_variance   | 0.329       |
|    learning_rate        | 0.000297    |
|    loss                 | -0.00611    |
|    n_updates            | 450         |
|    policy_gradient_loss | -0.00142    |
|    value_loss           | 1.16e-05    |
-----------------------------------------
------------------------------------------
| rollout/                |              |
|    ep_len_mean          | 4.32e+04     |
|    ep_rew_mean          | -0.366       |
| time/                   |              |
|    fps                  | 1156         |
|    iterations           | 47           |
|    time_elapsed         | 499          |
|    total_timesteps      | 577536       |
| train/                  |              |
|    approx_kl            | 0.0054015075 |
|    clip_fraction        | 0.0142       |
|    clip_range           | 0.2          |
|    entropy_loss         | -0.887       |
|    explained_variance   | 0.171        |
|    learning_rate        | 0.000297     |
|    loss                 | -0.00477     |
|    n_updates            | 460          |
|    policy_gradient_loss | -0.00147     |
|    value_loss           | 1.39e-05     |
------------------------------------------
------------------------------------------
| rollout/                |              |
|    ep_len_mean          | 4.32e+04     |
|    ep_rew_mean          | -0.366       |
| time/                   |              |
|    fps                  | 1174         |
|    iterations           | 48           |
|    time_elapsed         | 502          |
|    total_timesteps      | 589824       |
| train/                  |              |
|    approx_kl            | 0.0071968934 |
|    clip_fraction        | 0.0259       |
|    clip_range           | 0.2          |
|    entropy_loss         | -0.865       |
|    explained_variance   | 0.222        |
|    learning_rate        | 0.000297     |
|    loss                 | -0.0188      |
|    n_updates            | 470          |
|    policy_gradient_loss | -0.0033      |
|    value_loss           | 2.01e-05     |
------------------------------------------
------------------------------------------
| rollout/                |              |
|    ep_len_mean          | 4.32e+04     |
|    ep_rew_mean          | -0.366       |
| time/                   |              |
|    fps                  | 1192         |
|    iterations           | 49           |
|    time_elapsed         | 505          |
|    total_timesteps      | 602112       |
| train/                  |              |
|    approx_kl            | 0.0052235746 |
|    clip_fraction        | 0.035        |
|    clip_range           | 0.2          |
|    entropy_loss         | -0.859       |
|    explained_variance   | 0.235        |
|    learning_rate        | 0.000296     |
|    loss                 | -0.0084      |
|    n_updates            | 480          |
|    policy_gradient_loss | -0.00335     |
|    value_loss           | 1.8e-05      |
------------------------------------------
------------------------------------------
| rollout/                |              |
|    ep_len_mean          | 4.32e+04     |
|    ep_rew_mean          | -0.366       |
| time/                   |              |
|    fps                  | 1209         |
|    iterations           | 50           |
|    time_elapsed         | 508          |
|    total_timesteps      | 614400       |
| train/                  |              |
|    approx_kl            | 0.0037464986 |
|    clip_fraction        | 0.0192       |
|    clip_range           | 0.2          |
|    entropy_loss         | -0.851       |
|    explained_variance   | 0.42         |
|    learning_rate        | 0.000296     |
|    loss                 | -0.0112      |
|    n_updates            | 490          |
|    policy_gradient_loss | -0.00209     |
|    value_loss           | 1.35e-05     |
------------------------------------------
------------------------------------------
| rollout/                |              |
|    ep_len_mean          | 4.32e+04     |
|    ep_rew_mean          | -0.366       |
| time/                   |              |
|    fps                  | 1226         |
|    iterations           | 51           |
|    time_elapsed         | 510          |
|    total_timesteps      | 626688       |
| train/                  |              |
|    approx_kl            | 0.0035543367 |
|    clip_fraction        | 0.0276       |
|    clip_range           | 0.2          |
|    entropy_loss         | -0.813       |
|    explained_variance   | 0.452        |
|    learning_rate        | 0.000296     |
|    loss                 | -0.00728     |
|    n_updates            | 500          |
|    policy_gradient_loss | -0.00263     |
|    value_loss           | 1.5e-05      |
------------------------------------------
------------------------------------------
| rollout/                |              |
|    ep_len_mean          | 4.32e+04     |
|    ep_rew_mean          | -0.366       |
| time/                   |              |
|    fps                  | 1243         |
|    iterations           | 52           |
|    time_elapsed         | 513          |
|    total_timesteps      | 638976       |
| train/                  |              |
|    approx_kl            | 0.0071828845 |
|    clip_fraction        | 0.0446       |
|    clip_range           | 0.2          |
|    entropy_loss         | -0.837       |
|    explained_variance   | 0.293        |
|    learning_rate        | 0.000296     |
|    loss                 | -0.0144      |
|    n_updates            | 510          |
|    policy_gradient_loss | -0.00462     |
|    value_loss           | 2.72e-05     |
------------------------------------------
------------------------------------------
| rollout/                |              |
|    ep_len_mean          | 4.32e+04     |
|    ep_rew_mean          | -0.366       |
| time/                   |              |
|    fps                  | 1259         |
|    iterations           | 53           |
|    time_elapsed         | 517          |
|    total_timesteps      | 651264       |
| train/                  |              |
|    approx_kl            | 0.0067977216 |
|    clip_fraction        | 0.0525       |
|    clip_range           | 0.2          |
|    entropy_loss         | -0.802       |
|    explained_variance   | 0.227        |
|    learning_rate        | 0.000296     |
|    loss                 | -0.00624     |
|    n_updates            | 520          |
|    policy_gradient_loss | -0.00401     |
|    value_loss           | 1.64e-05     |
------------------------------------------
-----------------------------------------
| rollout/                |             |
|    ep_len_mean          | 4.32e+04    |
|    ep_rew_mean          | -0.366      |
| time/                   |             |
|    fps                  | 1275        |
|    iterations           | 54          |
|    time_elapsed         | 520         |
|    total_timesteps      | 663552      |
| train/                  |             |
|    approx_kl            | 0.004073253 |
|    clip_fraction        | 0.0208      |
|    clip_range           | 0.2         |
|    entropy_loss         | -0.785      |
|    explained_variance   | 0.447       |
|    learning_rate        | 0.000296    |
|    loss                 | -0.0106     |
|    n_updates            | 530         |
|    policy_gradient_loss | -0.00227    |
|    value_loss           | 2.04e-05    |
-----------------------------------------
------------------------------------------
| rollout/                |              |
|    ep_len_mean          | 4.32e+04     |
|    ep_rew_mean          | -0.366       |
| time/                   |              |
|    fps                  | 1291         |
|    iterations           | 55           |
|    time_elapsed         | 523          |
|    total_timesteps      | 675840       |
| train/                  |              |
|    approx_kl            | 0.0042791595 |
|    clip_fraction        | 0.017        |
|    clip_range           | 0.2          |
|    entropy_loss         | -0.791       |
|    explained_variance   | 0.304        |
|    learning_rate        | 0.000296     |
|    loss                 | -0.0118      |
|    n_updates            | 540          |
|    policy_gradient_loss | -0.00247     |
|    value_loss           | 2.27e-05     |
------------------------------------------
------------------------------------------
| rollout/                |              |
|    ep_len_mean          | 4.32e+04     |
|    ep_rew_mean          | -0.366       |
| time/                   |              |
|    fps                  | 1307         |
|    iterations           | 56           |
|    time_elapsed         | 526          |
|    total_timesteps      | 688128       |
| train/                  |              |
|    approx_kl            | 0.0027629335 |
|    clip_fraction        | 0.00926      |
|    clip_range           | 0.2          |
|    entropy_loss         | -0.774       |
|    explained_variance   | 0.312        |
|    learning_rate        | 0.000296     |
|    loss                 | -0.00641     |
|    n_updates            | 550          |
|    policy_gradient_loss | -0.00167     |
|    value_loss           | 1.73e-05     |
------------------------------------------
------------------------------------------
| rollout/                |              |
|    ep_len_mean          | 4.32e+04     |
|    ep_rew_mean          | -0.366       |
| time/                   |              |
|    fps                  | 1323         |
|    iterations           | 57           |
|    time_elapsed         | 529          |
|    total_timesteps      | 700416       |
| train/                  |              |
|    approx_kl            | 0.0043070335 |
|    clip_fraction        | 0.0195       |
|    clip_range           | 0.2          |
|    entropy_loss         | -0.774       |
|    explained_variance   | 0.0537       |
|    learning_rate        | 0.000296     |
|    loss                 | -0.00311     |
|    n_updates            | 560          |
|    policy_gradient_loss | -0.0019      |
|    value_loss           | 2.45e-05     |
------------------------------------------
------------------------------------------
| rollout/                |              |
|    ep_len_mean          | 4.32e+04     |
|    ep_rew_mean          | -0.366       |
| time/                   |              |
|    fps                  | 1338         |
|    iterations           | 58           |
|    time_elapsed         | 532          |
|    total_timesteps      | 712704       |
| train/                  |              |
|    approx_kl            | 0.0049350304 |
|    clip_fraction        | 0.0153       |
|    clip_range           | 0.2          |
|    entropy_loss         | -0.813       |
|    explained_variance   | 0.082        |
|    learning_rate        | 0.000296     |
|    loss                 | -0.018       |
|    n_updates            | 570          |
|    policy_gradient_loss | -0.00176     |
|    value_loss           | 2.29e-05     |
------------------------------------------
------------------------------------------
| rollout/                |              |
|    ep_len_mean          | 4.32e+04     |
|    ep_rew_mean          | -0.366       |
| time/                   |              |
|    fps                  | 1354         |
|    iterations           | 59           |
|    time_elapsed         | 535          |
|    total_timesteps      | 724992       |
| train/                  |              |
|    approx_kl            | 0.0033589387 |
|    clip_fraction        | 0.0195       |
|    clip_range           | 0.2          |
|    entropy_loss         | -0.758       |
|    explained_variance   | 0.386        |
|    learning_rate        | 0.000296     |
|    loss                 | -0.013       |
|    n_updates            | 580          |
|    policy_gradient_loss | -0.0019      |
|    value_loss           | 1.54e-05     |
------------------------------------------
-----------------------------------------
| rollout/                |             |
|    ep_len_mean          | 4.32e+04    |
|    ep_rew_mean          | -0.366      |
| time/                   |             |
|    fps                  | 1370        |
|    iterations           | 60          |
|    time_elapsed         | 538         |
|    total_timesteps      | 737280      |
| train/                  |             |
|    approx_kl            | 0.004169162 |
|    clip_fraction        | 0.0178      |
|    clip_range           | 0.2         |
|    entropy_loss         | -0.78       |
|    explained_variance   | 0.436       |
|    learning_rate        | 0.000296    |
|    loss                 | -0.0109     |
|    n_updates            | 590         |
|    policy_gradient_loss | -0.00228    |
|    value_loss           | 2.38e-05    |
-----------------------------------------
-----------------------------------------
| rollout/                |             |
|    ep_len_mean          | 4.32e+04    |
|    ep_rew_mean          | -0.366      |
| time/                   |             |
|    fps                  | 1385        |
|    iterations           | 61          |
|    time_elapsed         | 541         |
|    total_timesteps      | 749568      |
| train/                  |             |
|    approx_kl            | 0.005239161 |
|    clip_fraction        | 0.0342      |
|    clip_range           | 0.2         |
|    entropy_loss         | -0.78       |
|    explained_variance   | 0.31        |
|    learning_rate        | 0.000296    |
|    loss                 | -0.0108     |
|    n_updates            | 600         |
|    policy_gradient_loss | -0.00354    |
|    value_loss           | 2.6e-05     |
-----------------------------------------
------------------------------------------
| rollout/                |              |
|    ep_len_mean          | 4.32e+04     |
|    ep_rew_mean          | -0.366       |
| time/                   |              |
|    fps                  | 1400         |
|    iterations           | 62           |
|    time_elapsed         | 544          |
|    total_timesteps      | 761856       |
| train/                  |              |
|    approx_kl            | 0.0059746276 |
|    clip_fraction        | 0.0358       |
|    clip_range           | 0.2          |
|    entropy_loss         | -0.776       |
|    explained_variance   | 0.462        |
|    learning_rate        | 0.000296     |
|    loss                 | -0.0154      |
|    n_updates            | 610          |
|    policy_gradient_loss | -0.00341     |
|    value_loss           | 2.64e-05     |
------------------------------------------
------------------------------------------
| rollout/                |              |
|    ep_len_mean          | 4.32e+04     |
|    ep_rew_mean          | -0.366       |
| time/                   |              |
|    fps                  | 1415         |
|    iterations           | 63           |
|    time_elapsed         | 546          |
|    total_timesteps      | 774144       |
| train/                  |              |
|    approx_kl            | 0.0058012134 |
|    clip_fraction        | 0.0196       |
|    clip_range           | 0.2          |
|    entropy_loss         | -0.782       |
|    explained_variance   | 0.451        |
|    learning_rate        | 0.000295     |
|    loss                 | -0.00109     |
|    n_updates            | 620          |
|    policy_gradient_loss | -0.00173     |
|    value_loss           | 3.06e-05     |
------------------------------------------
------------------------------------------
| rollout/                |              |
|    ep_len_mean          | 4.32e+04     |
|    ep_rew_mean          | -0.205       |
| time/                   |              |
|    fps                  | 1430         |
|    iterations           | 64           |
|    time_elapsed         | 549          |
|    total_timesteps      | 786432       |
| train/                  |              |
|    approx_kl            | 0.0037416623 |
|    clip_fraction        | 0.0204       |
|    clip_range           | 0.2          |
|    entropy_loss         | -0.803       |
|    explained_variance   | 0.416        |
|    learning_rate        | 0.000295     |
|    loss                 | -0.0109      |
|    n_updates            | 630          |
|    policy_gradient_loss | -0.00272     |
|    value_loss           | 1.51e-05     |
------------------------------------------
-----------------------------------------
| rollout/                |             |
|    ep_len_mean          | 4.32e+04    |
|    ep_rew_mean          | -0.205      |
| time/                   |             |
|    fps                  | 1444        |
|    iterations           | 65          |
|    time_elapsed         | 552         |
|    total_timesteps      | 798720      |
| train/                  |             |
|    approx_kl            | 0.004309958 |
|    clip_fraction        | 0.0247      |
|    clip_range           | 0.2         |
|    entropy_loss         | -0.772      |
|    explained_variance   | 0.504       |
|    learning_rate        | 0.000295    |
|    loss                 | -0.0107     |
|    n_updates            | 640         |
|    policy_gradient_loss | -0.00234    |
|    value_loss           | 3.5e-05     |
-----------------------------------------
-----------------------------------------
| rollout/                |             |
|    ep_len_mean          | 4.32e+04    |
|    ep_rew_mean          | -0.205      |
| time/                   |             |
|    fps                  | 1459        |
|    iterations           | 66          |
|    time_elapsed         | 555         |
|    total_timesteps      | 811008      |
| train/                  |             |
|    approx_kl            | 0.004516678 |
|    clip_fraction        | 0.0279      |
|    clip_range           | 0.2         |
|    entropy_loss         | -0.804      |
|    explained_variance   | 0.514       |
|    learning_rate        | 0.000295    |
|    loss                 | -0.0119     |
|    n_updates            | 650         |
|    policy_gradient_loss | -0.00221    |
|    value_loss           | 3.85e-05    |
-----------------------------------------
------------------------------------------
| rollout/                |              |
|    ep_len_mean          | 4.32e+04     |
|    ep_rew_mean          | -0.205       |
| time/                   |              |
|    fps                  | 1473         |
|    iterations           | 67           |
|    time_elapsed         | 558          |
|    total_timesteps      | 823296       |
| train/                  |              |
|    approx_kl            | 0.0038003523 |
|    clip_fraction        | 0.0125       |
|    clip_range           | 0.2          |
|    entropy_loss         | -0.82        |
|    explained_variance   | 0.521        |
|    learning_rate        | 0.000295     |
|    loss                 | -0.0116      |
|    n_updates            | 660          |
|    policy_gradient_loss | -0.00113     |
|    value_loss           | 4.43e-05     |
------------------------------------------
------------------------------------------
| rollout/                |              |
|    ep_len_mean          | 4.32e+04     |
|    ep_rew_mean          | -0.205       |
| time/                   |              |
|    fps                  | 1487         |
|    iterations           | 68           |
|    time_elapsed         | 561          |
|    total_timesteps      | 835584       |
| train/                  |              |
|    approx_kl            | 0.0053702667 |
|    clip_fraction        | 0.0291       |
|    clip_range           | 0.2          |
|    entropy_loss         | -0.817       |
|    explained_variance   | 0.601        |
|    learning_rate        | 0.000295     |
|    loss                 | -0.00691     |
|    n_updates            | 670          |
|    policy_gradient_loss | -0.00195     |
|    value_loss           | 5.77e-05     |
------------------------------------------
------------------------------------------
| rollout/                |              |
|    ep_len_mean          | 4.32e+04     |
|    ep_rew_mean          | -0.205       |
| time/                   |              |
|    fps                  | 1502         |
|    iterations           | 69           |
|    time_elapsed         | 564          |
|    total_timesteps      | 847872       |
| train/                  |              |
|    approx_kl            | 0.0062113726 |
|    clip_fraction        | 0.0292       |
|    clip_range           | 0.2          |
|    entropy_loss         | -0.779       |
|    explained_variance   | 0.17         |
|    learning_rate        | 0.000295     |
|    loss                 | -0.00368     |
|    n_updates            | 680          |
|    policy_gradient_loss | -0.00328     |
|    value_loss           | 4.3e-05      |
------------------------------------------
------------------------------------------
| rollout/                |              |
|    ep_len_mean          | 4.32e+04     |
|    ep_rew_mean          | -0.205       |
| time/                   |              |
|    fps                  | 1516         |
|    iterations           | 70           |
|    time_elapsed         | 567          |
|    total_timesteps      | 860160       |
| train/                  |              |
|    approx_kl            | 0.0052356687 |
|    clip_fraction        | 0.0356       |
|    clip_range           | 0.2          |
|    entropy_loss         | -0.788       |
|    explained_variance   | 0.257        |
|    learning_rate        | 0.000295     |
|    loss                 | -0.0133      |
|    n_updates            | 690          |
|    policy_gradient_loss | -0.00215     |
|    value_loss           | 3.11e-05     |
------------------------------------------
------------------------------------------
| rollout/                |              |
|    ep_len_mean          | 4.32e+04     |
|    ep_rew_mean          | -0.205       |
| time/                   |              |
|    fps                  | 1529         |
|    iterations           | 71           |
|    time_elapsed         | 570          |
|    total_timesteps      | 872448       |
| train/                  |              |
|    approx_kl            | 0.0036210194 |
|    clip_fraction        | 0.0256       |
|    clip_range           | 0.2          |
|    entropy_loss         | -0.74        |
|    explained_variance   | 0.379        |
|    learning_rate        | 0.000295     |
|    loss                 | -0.015       |
|    n_updates            | 700          |
|    policy_gradient_loss | -0.00295     |
|    value_loss           | 3.93e-05     |
------------------------------------------
-----------------------------------------
| rollout/                |             |
|    ep_len_mean          | 4.32e+04    |
|    ep_rew_mean          | -0.205      |
| time/                   |             |
|    fps                  | 1543        |
|    iterations           | 72          |
|    time_elapsed         | 573         |
|    total_timesteps      | 884736      |
| train/                  |             |
|    approx_kl            | 0.002675158 |
|    clip_fraction        | 0.00887     |
|    clip_range           | 0.2         |
|    entropy_loss         | -0.742      |
|    explained_variance   | 0.251       |
|    learning_rate        | 0.000295    |
|    loss                 | -0.00893    |
|    n_updates            | 710         |
|    policy_gradient_loss | -0.00135    |
|    value_loss           | 4.87e-05    |
-----------------------------------------
------------------------------------------
| rollout/                |              |
|    ep_len_mean          | 4.32e+04     |
|    ep_rew_mean          | -0.205       |
| time/                   |              |
|    fps                  | 1556         |
|    iterations           | 73           |
|    time_elapsed         | 576          |
|    total_timesteps      | 897024       |
| train/                  |              |
|    approx_kl            | 0.0033521522 |
|    clip_fraction        | 0.018        |
|    clip_range           | 0.2          |
|    entropy_loss         | -0.767       |
|    explained_variance   | 0.302        |
|    learning_rate        | 0.000295     |
|    loss                 | -0.00714     |
|    n_updates            | 720          |
|    policy_gradient_loss | -0.00195     |
|    value_loss           | 4.35e-05     |
------------------------------------------
------------------------------------------
| rollout/                |              |
|    ep_len_mean          | 4.32e+04     |
|    ep_rew_mean          | -0.205       |
| time/                   |              |
|    fps                  | 1569         |
|    iterations           | 74           |
|    time_elapsed         | 579          |
|    total_timesteps      | 909312       |
| train/                  |              |
|    approx_kl            | 0.0046641366 |
|    clip_fraction        | 0.0245       |
|    clip_range           | 0.2          |
|    entropy_loss         | -0.729       |
|    explained_variance   | 0.21         |
|    learning_rate        | 0.000295     |
|    loss                 | -0.0108      |
|    n_updates            | 730          |
|    policy_gradient_loss | -0.00259     |
|    value_loss           | 4.01e-05     |
------------------------------------------
------------------------------------------
| rollout/                |              |
|    ep_len_mean          | 4.32e+04     |
|    ep_rew_mean          | -0.205       |
| time/                   |              |
|    fps                  | 1582         |
|    iterations           | 75           |
|    time_elapsed         | 582          |
|    total_timesteps      | 921600       |
| train/                  |              |
|    approx_kl            | 0.0029350652 |
|    clip_fraction        | 0.0134       |
|    clip_range           | 0.2          |
|    entropy_loss         | -0.723       |
|    explained_variance   | 0.239        |
|    learning_rate        | 0.000295     |
|    loss                 | -0.00749     |
|    n_updates            | 740          |
|    policy_gradient_loss | -0.00184     |
|    value_loss           | 2.41e-05     |
------------------------------------------
------------------------------------------
| rollout/                |              |
|    ep_len_mean          | 4.32e+04     |
|    ep_rew_mean          | -0.205       |
| time/                   |              |
|    fps                  | 1595         |
|    iterations           | 76           |
|    time_elapsed         | 585          |
|    total_timesteps      | 933888       |
| train/                  |              |
|    approx_kl            | 0.0045669093 |
|    clip_fraction        | 0.034        |
|    clip_range           | 0.2          |
|    entropy_loss         | -0.761       |
|    explained_variance   | 0.393        |
|    learning_rate        | 0.000294     |
|    loss                 | -0.0159      |
|    n_updates            | 750          |
|    policy_gradient_loss | -0.00268     |
|    value_loss           | 2.65e-05     |
------------------------------------------
------------------------------------------
| rollout/                |              |
|    ep_len_mean          | 4.32e+04     |
|    ep_rew_mean          | -0.205       |
| time/                   |              |
|    fps                  | 1607         |
|    iterations           | 77           |
|    time_elapsed         | 588          |
|    total_timesteps      | 946176       |
| train/                  |              |
|    approx_kl            | 0.0045708227 |
|    clip_fraction        | 0.0283       |
|    clip_range           | 0.2          |
|    entropy_loss         | -0.765       |
|    explained_variance   | 0.313        |
|    learning_rate        | 0.000294     |
|    loss                 | -0.0115      |
|    n_updates            | 760          |
|    policy_gradient_loss | -0.0022      |
|    value_loss           | 4.21e-05     |
------------------------------------------
------------------------------------------
| rollout/                |              |
|    ep_len_mean          | 4.32e+04     |
|    ep_rew_mean          | -0.205       |
| time/                   |              |
|    fps                  | 1620         |
|    iterations           | 78           |
|    time_elapsed         | 591          |
|    total_timesteps      | 958464       |
| train/                  |              |
|    approx_kl            | 0.0060804677 |
|    clip_fraction        | 0.0388       |
|    clip_range           | 0.2          |
|    entropy_loss         | -0.801       |
|    explained_variance   | 0.328        |
|    learning_rate        | 0.000294     |
|    loss                 | -0.0159      |
|    n_updates            | 770          |
|    policy_gradient_loss | -0.00312     |
|    value_loss           | 4.33e-05     |
------------------------------------------
------------------------------------------
| rollout/                |              |
|    ep_len_mean          | 4.32e+04     |
|    ep_rew_mean          | -0.205       |
| time/                   |              |
|    fps                  | 1633         |
|    iterations           | 79           |
|    time_elapsed         | 594          |
|    total_timesteps      | 970752       |
| train/                  |              |
|    approx_kl            | 0.0026651304 |
|    clip_fraction        | 0.0119       |
|    clip_range           | 0.2          |
|    entropy_loss         | -0.788       |
|    explained_variance   | 0.348        |
|    learning_rate        | 0.000294     |
|    loss                 | -0.0135      |
|    n_updates            | 780          |
|    policy_gradient_loss | -0.00189     |
|    value_loss           | 4.79e-05     |
------------------------------------------
------------------------------------------
| rollout/                |              |
|    ep_len_mean          | 4.32e+04     |
|    ep_rew_mean          | -0.205       |
| time/                   |              |
|    fps                  | 1645         |
|    iterations           | 80           |
|    time_elapsed         | 597          |
|    total_timesteps      | 983040       |
| train/                  |              |
|    approx_kl            | 0.0076202885 |
|    clip_fraction        | 0.058        |
|    clip_range           | 0.2          |
|    entropy_loss         | -0.82        |
|    explained_variance   | 0.406        |
|    learning_rate        | 0.000294     |
|    loss                 | -0.0135      |
|    n_updates            | 790          |
|    policy_gradient_loss | -0.00314     |
|    value_loss           | 3.37e-05     |
------------------------------------------
-----------------------------------------
| rollout/                |             |
|    ep_len_mean          | 4.32e+04    |
|    ep_rew_mean          | -0.205      |
| time/                   |             |
|    fps                  | 1658        |
|    iterations           | 81          |
|    time_elapsed         | 600         |
|    total_timesteps      | 995328      |
| train/                  |             |
|    approx_kl            | 0.004322277 |
|    clip_fraction        | 0.0177      |
|    clip_range           | 0.2         |
|    entropy_loss         | -0.762      |
|    explained_variance   | 0.495       |
|    learning_rate        | 0.000294    |
|    loss                 | -0.0122     |
|    n_updates            | 800         |
|    policy_gradient_loss | -0.00205    |
|    value_loss           | 3.02e-05    |
-----------------------------------------
-----------------------------------------------------
| rollout/                           |              |
|    ep_len_mean                     | 4.32e+04     |
|    ep_rew_mean                     | -0.205       |
| time/                              |              |
|    fps                             | 1049         |
|    iterations                      | 82           |
|    time_elapsed                    | 959          |
|    total_timesteps                 | 1007616      |
| train/                             |              |
|    approx_kl                       | 0.0058871713 |
|    clip_fraction                   | 0.0332       |
|    clip_range                      | 0.2          |
|    entropy_loss                    | -0.81        |
|    explained_variance              | 0.481        |
|    learning_rate                   | 0.000294     |
|    loss                            | -0.0157      |
|    n_updates                       | 810          |
|    policy_gradient_loss            | -0.00272     |
|    value_loss                      | 4.36e-05     |
| valid/                             |              |
|    BTC-USDT-SWAP/compound_mdd_pct  | 100          |
|    BTC-USDT-SWAP/compound_multiple | 3.05e-05     |
|    BTC-USDT-SWAP/max_single_loss   | -15          |
|    BTC-USDT-SWAP/near_liq_n        | 0            |
|    BTC-USDT-SWAP/near_liq_pct      | 0            |
|    BTC-USDT-SWAP/pnl_std           | 1.89         |
|    BTC-USDT-SWAP/sel_monthly_log   | -1.18        |
|    BTC-USDT-SWAP/total_pnl         | -982         |
|    BTC-USDT-SWAP/trades            | 3037         |
|    BTC-USDT-SWAP/trades_per_month  | 257          |
|    BTC-USDT-SWAP/v9_score          | -402         |
|    BTC-USDT-SWAP/win_rate          | 0.588        |
|    ETH-USDT-SWAP/compound_mdd_pct  | 100          |
|    ETH-USDT-SWAP/compound_multiple | 0.000344     |
|    ETH-USDT-SWAP/max_single_loss   | -37.8        |
|    ETH-USDT-SWAP/near_liq_n        | 0            |
|    ETH-USDT-SWAP/near_liq_pct      | 0            |
|    ETH-USDT-SWAP/pnl_std           | 3.49         |
|    ETH-USDT-SWAP/total_pnl         | -654         |
|    ETH-USDT-SWAP/trades            | 2127         |
|    ETH-USDT-SWAP/trades_per_month  | 180          |
|    ETH-USDT-SWAP/v9_score          | -27.5        |
|    ETH-USDT-SWAP/win_rate          | 0.644        |
|    min_v9_score                    | -402         |
-----------------------------------------------------
-----------------------------------------
| rollout/                |             |
|    ep_len_mean          | 4.32e+04    |
|    ep_rew_mean          | -0.205      |
| time/                   |             |
|    fps                  | 1059        |
|    iterations           | 83          |
|    time_elapsed         | 962         |
|    total_timesteps      | 1019904     |
| train/                  |             |
|    approx_kl            | 0.004854448 |
|    clip_fraction        | 0.0288      |
|    clip_range           | 0.2         |
|    entropy_loss         | -0.793      |
|    explained_variance   | 0.394       |
|    learning_rate        | 0.000294    |
|    loss                 | -0.0142     |
|    n_updates            | 820         |
|    policy_gradient_loss | -0.00245    |
|    value_loss           | 3.55e-05    |
-----------------------------------------
------------------------------------------
| rollout/                |              |
|    ep_len_mean          | 4.32e+04     |
|    ep_rew_mean          | -0.205       |
| time/                   |              |
|    fps                  | 1068         |
|    iterations           | 84           |
|    time_elapsed         | 965          |
|    total_timesteps      | 1032192      |
| train/                  |              |
|    approx_kl            | 0.0030410273 |
|    clip_fraction        | 0.0167       |
|    clip_range           | 0.2          |
|    entropy_loss         | -0.764       |
|    explained_variance   | 0.352        |
|    learning_rate        | 0.000294     |
|    loss                 | -0.00568     |
|    n_updates            | 830          |
|    policy_gradient_loss | -0.00177     |
|    value_loss           | 0.00019      |
------------------------------------------
-----------------------------------------
| rollout/                |             |
|    ep_len_mean          | 4.32e+04    |
|    ep_rew_mean          | -0.0714     |
| time/                   |             |
|    fps                  | 1078        |
|    iterations           | 85          |
|    time_elapsed         | 968         |
|    total_timesteps      | 1044480     |
| train/                  |             |
|    approx_kl            | 0.007074104 |
|    clip_fraction        | 0.0424      |
|    clip_range           | 0.2         |
|    entropy_loss         | -0.776      |
|    explained_variance   | 0.404       |
|    learning_rate        | 0.000294    |
|    loss                 | -0.0115     |
|    n_updates            | 840         |
|    policy_gradient_loss | -0.00256    |
|    value_loss           | 8.87e-05    |
-----------------------------------------
-----------------------------------------
| rollout/                |             |
|    ep_len_mean          | 4.32e+04    |
|    ep_rew_mean          | -0.0714     |
| time/                   |             |
|    fps                  | 1087        |
|    iterations           | 86          |
|    time_elapsed         | 971         |
|    total_timesteps      | 1056768     |
| train/                  |             |
|    approx_kl            | 0.005116416 |
|    clip_fraction        | 0.0287      |
|    clip_range           | 0.2         |
|    entropy_loss         | -0.783      |
|    explained_variance   | 0.473       |
|    learning_rate        | 0.000294    |
|    loss                 | -0.015      |
|    n_updates            | 850         |
|    policy_gradient_loss | -0.00261    |
|    value_loss           | 4.03e-05    |
-----------------------------------------
------------------------------------------
| rollout/                |              |
|    ep_len_mean          | 4.32e+04     |
|    ep_rew_mean          | -0.0714      |
| time/                   |              |
|    fps                  | 1096         |
|    iterations           | 87           |
|    time_elapsed         | 974          |
|    total_timesteps      | 1069056      |
| train/                  |              |
|    approx_kl            | 0.0032705718 |
|    clip_fraction        | 0.0213       |
|    clip_range           | 0.2          |
|    entropy_loss         | -0.743       |
|    explained_variance   | 0.301        |
|    learning_rate        | 0.000294     |
|    loss                 | -0.00932     |
|    n_updates            | 860          |
|    policy_gradient_loss | -0.00194     |
|    value_loss           | 3.2e-05      |
------------------------------------------
------------------------------------------
| rollout/                |              |
|    ep_len_mean          | 4.32e+04     |
|    ep_rew_mean          | -0.0714      |
| time/                   |              |
|    fps                  | 1106         |
|    iterations           | 88           |
|    time_elapsed         | 977          |
|    total_timesteps      | 1081344      |
| train/                  |              |
|    approx_kl            | 0.0035324674 |
|    clip_fraction        | 0.0255       |
|    clip_range           | 0.2          |
|    entropy_loss         | -0.733       |
|    explained_variance   | 0.501        |
|    learning_rate        | 0.000294     |
|    loss                 | -0.0141      |
|    n_updates            | 870          |
|    policy_gradient_loss | -0.00297     |
|    value_loss           | 3.88e-05     |
------------------------------------------
-----------------------------------------
| rollout/                |             |
|    ep_len_mean          | 4.32e+04    |
|    ep_rew_mean          | -0.0714     |
| time/                   |             |
|    fps                  | 1115        |
|    iterations           | 89          |
|    time_elapsed         | 980         |
|    total_timesteps      | 1093632     |
| train/                  |             |
|    approx_kl            | 0.003611394 |
|    clip_fraction        | 0.0205      |
|    clip_range           | 0.2         |
|    entropy_loss         | -0.706      |
|    explained_variance   | 0.415       |
|    learning_rate        | 0.000294    |
|    loss                 | -0.00293    |
|    n_updates            | 880         |
|    policy_gradient_loss | -0.00177    |
|    value_loss           | 3.63e-05    |
-----------------------------------------
-----------------------------------------
| rollout/                |             |
|    ep_len_mean          | 4.32e+04    |
|    ep_rew_mean          | -0.0714     |
| time/                   |             |
|    fps                  | 1124        |
|    iterations           | 90          |
|    time_elapsed         | 983         |
|    total_timesteps      | 1105920     |
| train/                  |             |
|    approx_kl            | 0.004593108 |
|    clip_fraction        | 0.0287      |
|    clip_range           | 0.2         |
|    entropy_loss         | -0.704      |
|    explained_variance   | 0.555       |
|    learning_rate        | 0.000293    |
|    loss                 | -0.0154     |
|    n_updates            | 890         |
|    policy_gradient_loss | -0.00171    |
|    value_loss           | 6.26e-05    |
-----------------------------------------
-----------------------------------------
| rollout/                |             |
|    ep_len_mean          | 4.32e+04    |
|    ep_rew_mean          | -0.0714     |
| time/                   |             |
|    fps                  | 1133        |
|    iterations           | 91          |
|    time_elapsed         | 986         |
|    total_timesteps      | 1118208     |
| train/                  |             |
|    approx_kl            | 0.005336127 |
|    clip_fraction        | 0.0252      |
|    clip_range           | 0.2         |
|    entropy_loss         | -0.705      |
|    explained_variance   | 0.439       |
|    learning_rate        | 0.000293    |
|    loss                 | -0.00701    |
|    n_updates            | 900         |
|    policy_gradient_loss | -0.0021     |
|    value_loss           | 4.03e-05    |
-----------------------------------------
------------------------------------------
| rollout/                |              |
|    ep_len_mean          | 4.32e+04     |
|    ep_rew_mean          | -0.0714      |
| time/                   |              |
|    fps                  | 1142         |
|    iterations           | 92           |
|    time_elapsed         | 989          |
|    total_timesteps      | 1130496      |
| train/                  |              |
|    approx_kl            | 0.0032539445 |
|    clip_fraction        | 0.013        |
|    clip_range           | 0.2          |
|    entropy_loss         | -0.714       |
|    explained_variance   | 0.446        |
|    learning_rate        | 0.000293     |
|    loss                 | -0.00604     |
|    n_updates            | 910          |
|    policy_gradient_loss | -0.00148     |
|    value_loss           | 5.3e-05      |
------------------------------------------
------------------------------------------
| rollout/                |              |
|    ep_len_mean          | 4.32e+04     |
|    ep_rew_mean          | -0.0714      |
| time/                   |              |
|    fps                  | 1151         |
|    iterations           | 93           |
|    time_elapsed         | 992          |
|    total_timesteps      | 1142784      |
| train/                  |              |
|    approx_kl            | 0.0032760669 |
|    clip_fraction        | 0.0174       |
|    clip_range           | 0.2          |
|    entropy_loss         | -0.702       |
|    explained_variance   | 0.386        |
|    learning_rate        | 0.000293     |
|    loss                 | -0.0105      |
|    n_updates            | 920          |
|    policy_gradient_loss | -0.00216     |
|    value_loss           | 4.27e-05     |
------------------------------------------
------------------------------------------
| rollout/                |              |
|    ep_len_mean          | 4.32e+04     |
|    ep_rew_mean          | -0.0714      |
| time/                   |              |
|    fps                  | 1160         |
|    iterations           | 94           |
|    time_elapsed         | 995          |
|    total_timesteps      | 1155072      |
| train/                  |              |
|    approx_kl            | 0.0019005205 |
|    clip_fraction        | 0.0136       |
|    clip_range           | 0.2          |
|    entropy_loss         | -0.7         |
|    explained_variance   | 0.268        |
|    learning_rate        | 0.000293     |
|    loss                 | -0.0113      |
|    n_updates            | 930          |
|    policy_gradient_loss | -0.00191     |
|    value_loss           | 0.000131     |
------------------------------------------
------------------------------------------
| rollout/                |              |
|    ep_len_mean          | 4.32e+04     |
|    ep_rew_mean          | -0.0714      |
| time/                   |              |
|    fps                  | 1168         |
|    iterations           | 95           |
|    time_elapsed         | 998          |
|    total_timesteps      | 1167360      |
| train/                  |              |
|    approx_kl            | 0.0038973254 |
|    clip_fraction        | 0.019        |
|    clip_range           | 0.2          |
|    entropy_loss         | -0.723       |
|    explained_variance   | 0.42         |
|    learning_rate        | 0.000293     |
|    loss                 | -0.00803     |
|    n_updates            | 940          |
|    policy_gradient_loss | -0.0021      |
|    value_loss           | 4.35e-05     |
------------------------------------------
-----------------------------------------
| rollout/                |             |
|    ep_len_mean          | 4.32e+04    |
|    ep_rew_mean          | -0.0714     |
| time/                   |             |
|    fps                  | 1177        |
|    iterations           | 96          |
|    time_elapsed         | 1001        |
|    total_timesteps      | 1179648     |
| train/                  |             |
|    approx_kl            | 0.004134494 |
|    clip_fraction        | 0.0489      |
|    clip_range           | 0.2         |
|    entropy_loss         | -0.747      |
|    explained_variance   | 0.505       |
|    learning_rate        | 0.000293    |
|    loss                 | -0.0127     |
|    n_updates            | 950         |
|    policy_gradient_loss | -0.00226    |
|    value_loss           | 4.06e-05    |
-----------------------------------------
-----------------------------------------
| rollout/                |             |
|    ep_len_mean          | 4.32e+04    |
|    ep_rew_mean          | -0.0714     |
| time/                   |             |
|    fps                  | 1186        |
|    iterations           | 97          |
|    time_elapsed         | 1004        |
|    total_timesteps      | 1191936     |
| train/                  |             |
|    approx_kl            | 0.004945684 |
|    clip_fraction        | 0.0243      |
|    clip_range           | 0.2         |
|    entropy_loss         | -0.715      |
|    explained_variance   | 0.579       |
|    learning_rate        | 0.000293    |
|    loss                 | -0.00854    |
|    n_updates            | 960         |
|    policy_gradient_loss | -0.00233    |
|    value_loss           | 5.19e-05    |
-----------------------------------------
-----------------------------------------
| rollout/                |             |
|    ep_len_mean          | 4.32e+04    |
|    ep_rew_mean          | -0.0714     |
| time/                   |             |
|    fps                  | 1194        |
|    iterations           | 98          |
|    time_elapsed         | 1008        |
|    total_timesteps      | 1204224     |
| train/                  |             |
|    approx_kl            | 0.007298898 |
|    clip_fraction        | 0.0405      |
|    clip_range           | 0.2         |
|    entropy_loss         | -0.741      |
|    explained_variance   | 0.32        |
|    learning_rate        | 0.000293    |
|    loss                 | -0.0152     |
|    n_updates            | 970         |
|    policy_gradient_loss | -0.00235    |
|    value_loss           | 6.71e-05    |
-----------------------------------------
------------------------------------------
| rollout/                |              |
|    ep_len_mean          | 4.32e+04     |
|    ep_rew_mean          | -0.0714      |
| time/                   |              |
|    fps                  | 1203         |
|    iterations           | 99           |
|    time_elapsed         | 1011         |
|    total_timesteps      | 1216512      |
| train/                  |              |
|    approx_kl            | 0.0063880305 |
|    clip_fraction        | 0.0278       |
|    clip_range           | 0.2          |
|    entropy_loss         | -0.756       |
|    explained_variance   | 0.353        |
|    learning_rate        | 0.000293     |
|    loss                 | -0.00967     |
|    n_updates            | 980          |
|    policy_gradient_loss | -0.00247     |
|    value_loss           | 4.18e-05     |
------------------------------------------
------------------------------------------
| rollout/                |              |
|    ep_len_mean          | 4.32e+04     |
|    ep_rew_mean          | -0.0714      |
| time/                   |              |
|    fps                  | 1211         |
|    iterations           | 100          |
|    time_elapsed         | 1014         |
|    total_timesteps      | 1228800      |
| train/                  |              |
|    approx_kl            | 0.0050501116 |
|    clip_fraction        | 0.0196       |
|    clip_range           | 0.2          |
|    entropy_loss         | -0.681       |
|    explained_variance   | -0.0138      |
|    learning_rate        | 0.000293     |
|    loss                 | -0.0104      |
|    n_updates            | 990          |
|    policy_gradient_loss | -0.00152     |
|    value_loss           | 0.000358     |
------------------------------------------
-----------------------------------------
| rollout/                |             |
|    ep_len_mean          | 4.32e+04    |
|    ep_rew_mean          | -0.0714     |
| time/                   |             |
|    fps                  | 1220        |
|    iterations           | 101         |
|    time_elapsed         | 1017        |
|    total_timesteps      | 1241088     |
| train/                  |             |
|    approx_kl            | 0.002339321 |
|    clip_fraction        | 0.0181      |
|    clip_range           | 0.2         |
|    entropy_loss         | -0.703      |
|    explained_variance   | 0.12        |
|    learning_rate        | 0.000293    |
|    loss                 | -0.0101     |
|    n_updates            | 1000        |
|    policy_gradient_loss | -0.000996   |
|    value_loss           | 0.000428    |
-----------------------------------------
-----------------------------------------
| rollout/                |             |
|    ep_len_mean          | 4.32e+04    |
|    ep_rew_mean          | -0.0714     |
| time/                   |             |
|    fps                  | 1228        |
|    iterations           | 102         |
|    time_elapsed         | 1019        |
|    total_timesteps      | 1253376     |
| train/                  |             |
|    approx_kl            | 0.003754425 |
|    clip_fraction        | 0.013       |
|    clip_range           | 0.2         |
|    entropy_loss         | -0.724      |
|    explained_variance   | 0.0971      |
|    learning_rate        | 0.000293    |
|    loss                 | -0.00565    |
|    n_updates            | 1010        |
|    policy_gradient_loss | -0.00116    |
|    value_loss           | 6.8e-05     |
-----------------------------------------
-----------------------------------------
| rollout/                |             |
|    ep_len_mean          | 4.32e+04    |
|    ep_rew_mean          | -0.0714     |
| time/                   |             |
|    fps                  | 1237        |
|    iterations           | 103         |
|    time_elapsed         | 1022        |
|    total_timesteps      | 1265664     |
| train/                  |             |
|    approx_kl            | 0.003306127 |
|    clip_fraction        | 0.0225      |
|    clip_range           | 0.2         |
|    entropy_loss         | -0.722      |
|    explained_variance   | 0.19        |
|    learning_rate        | 0.000292    |
|    loss                 | -0.0104     |
|    n_updates            | 1020        |
|    policy_gradient_loss | -0.00157    |
|    value_loss           | 0.000101    |
-----------------------------------------
----------------------------------------
| rollout/                |            |
|    ep_len_mean          | 4.32e+04   |
|    ep_rew_mean          | -0.0714    |
| time/                   |            |
|    fps                  | 1245       |
|    iterations           | 104        |
|    time_elapsed         | 1025       |
|    total_timesteps      | 1277952    |
| train/                  |            |
|    approx_kl            | 0.00446286 |
|    clip_fraction        | 0.0337     |
|    clip_range           | 0.2        |
|    entropy_loss         | -0.756     |
|    explained_variance   | 0.135      |
|    learning_rate        | 0.000292   |
|    loss                 | -0.0072    |
|    n_updates            | 1030       |
|    policy_gradient_loss | -0.00141   |
|    value_loss           | 5.08e-05   |
----------------------------------------
------------------------------------------
| rollout/                |              |
|    ep_len_mean          | 4.32e+04     |
|    ep_rew_mean          | -0.0714      |
| time/                   |              |
|    fps                  | 1254         |
|    iterations           | 105          |
|    time_elapsed         | 1028         |
|    total_timesteps      | 1290240      |
| train/                  |              |
|    approx_kl            | 0.0039776955 |
|    clip_fraction        | 0.023        |
|    clip_range           | 0.2          |
|    entropy_loss         | -0.739       |
|    explained_variance   | 0.297        |
|    learning_rate        | 0.000292     |
|    loss                 | -0.0114      |
|    n_updates            | 1040         |
|    policy_gradient_loss | -0.00157     |
|    value_loss           | 4.51e-05     |
------------------------------------------
------------------------------------------
| rollout/                |              |
|    ep_len_mean          | 4.32e+04     |
|    ep_rew_mean          | -0.11        |
| time/                   |              |
|    fps                  | 1262         |
|    iterations           | 106          |
|    time_elapsed         | 1031         |
|    total_timesteps      | 1302528      |
| train/                  |              |
|    approx_kl            | 0.0029360224 |
|    clip_fraction        | 0.0141       |
|    clip_range           | 0.2          |
|    entropy_loss         | -0.766       |
|    explained_variance   | 0.138        |
|    learning_rate        | 0.000292     |
|    loss                 | -0.000166    |
|    n_updates            | 1050         |
|    policy_gradient_loss | -0.00177     |
|    value_loss           | 9.52e-05     |
------------------------------------------
----------------------------------------
| rollout/                |            |
|    ep_len_mean          | 4.32e+04   |
|    ep_rew_mean          | -0.11      |
| time/                   |            |
|    fps                  | 1270       |
|    iterations           | 107        |
|    time_elapsed         | 1034       |
|    total_timesteps      | 1314816    |
| train/                  |            |
|    approx_kl            | 0.00714669 |
|    clip_fraction        | 0.0408     |
|    clip_range           | 0.2        |
|    entropy_loss         | -0.776     |
|    explained_variance   | 0.259      |
|    learning_rate        | 0.000292   |
|    loss                 | -0.0149    |
|    n_updates            | 1060       |
|    policy_gradient_loss | -0.0029    |
|    value_loss           | 2.08e-05   |
----------------------------------------
------------------------------------------
| rollout/                |              |
|    ep_len_mean          | 4.32e+04     |
|    ep_rew_mean          | -0.11        |
| time/                   |              |
|    fps                  | 1278         |
|    iterations           | 108          |
|    time_elapsed         | 1037         |
|    total_timesteps      | 1327104      |
| train/                  |              |
|    approx_kl            | 0.0037724406 |
|    clip_fraction        | 0.0172       |
|    clip_range           | 0.2          |
|    entropy_loss         | -0.751       |
|    explained_variance   | 0.378        |
|    learning_rate        | 0.000292     |
|    loss                 | 0.00296      |
|    n_updates            | 1070         |
|    policy_gradient_loss | -0.00159     |
|    value_loss           | 1.03e-05     |
------------------------------------------
----------------------------------------
| rollout/                |            |
|    ep_len_mean          | 4.32e+04   |
|    ep_rew_mean          | -0.11      |
| time/                   |            |
|    fps                  | 1286       |
|    iterations           | 109        |
|    time_elapsed         | 1040       |
|    total_timesteps      | 1339392    |
| train/                  |            |
|    approx_kl            | 0.00634646 |
|    clip_fraction        | 0.0515     |
|    clip_range           | 0.2        |
|    entropy_loss         | -0.752     |
|    explained_variance   | 0.31       |
|    learning_rate        | 0.000292   |
|    loss                 | -0.019     |
|    n_updates            | 1080       |
|    policy_gradient_loss | -0.00398   |
|    value_loss           | 1.03e-05   |
----------------------------------------
------------------------------------------
| rollout/                |              |
|    ep_len_mean          | 4.32e+04     |
|    ep_rew_mean          | -0.11        |
| time/                   |              |
|    fps                  | 1295         |
|    iterations           | 110          |
|    time_elapsed         | 1043         |
|    total_timesteps      | 1351680      |
| train/                  |              |
|    approx_kl            | 0.0024925473 |
|    clip_fraction        | 0.0121       |
|    clip_range           | 0.2          |
|    entropy_loss         | -0.744       |
|    explained_variance   | 0.16         |
|    learning_rate        | 0.000292     |
|    loss                 | -0.00728     |
|    n_updates            | 1090         |
|    policy_gradient_loss | -0.00168     |
|    value_loss           | 1.15e-05     |
------------------------------------------
------------------------------------------
| rollout/                |              |
|    ep_len_mean          | 4.32e+04     |
|    ep_rew_mean          | -0.11        |
| time/                   |              |
|    fps                  | 1303         |
|    iterations           | 111          |
|    time_elapsed         | 1046         |
|    total_timesteps      | 1363968      |
| train/                  |              |
|    approx_kl            | 0.0031937237 |
|    clip_fraction        | 0.0165       |
|    clip_range           | 0.2          |
|    entropy_loss         | -0.721       |
|    explained_variance   | 0.35         |
|    learning_rate        | 0.000292     |
|    loss                 | -0.0163      |
|    n_updates            | 1100         |
|    policy_gradient_loss | -0.002       |
|    value_loss           | 1.17e-05     |
------------------------------------------
------------------------------------------
| rollout/                |              |
|    ep_len_mean          | 4.32e+04     |
|    ep_rew_mean          | -0.11        |
| time/                   |              |
|    fps                  | 1311         |
|    iterations           | 112          |
|    time_elapsed         | 1049         |
|    total_timesteps      | 1376256      |
| train/                  |              |
|    approx_kl            | 0.0044299127 |
|    clip_fraction        | 0.0286       |
|    clip_range           | 0.2          |
|    entropy_loss         | -0.729       |
|    explained_variance   | 0.354        |
|    learning_rate        | 0.000292     |
|    loss                 | -0.00948     |
|    n_updates            | 1110         |
|    policy_gradient_loss | -0.00227     |
|    value_loss           | 1.41e-05     |
------------------------------------------
-----------------------------------------
| rollout/                |             |
|    ep_len_mean          | 4.32e+04    |
|    ep_rew_mean          | -0.11       |
| time/                   |             |
|    fps                  | 1319        |
|    iterations           | 113         |
|    time_elapsed         | 1052        |
|    total_timesteps      | 1388544     |
| train/                  |             |
|    approx_kl            | 0.005088108 |
|    clip_fraction        | 0.0244      |
|    clip_range           | 0.2         |
|    entropy_loss         | -0.742      |
|    explained_variance   | 0.286       |
|    learning_rate        | 0.000292    |
|    loss                 | -0.00935    |
|    n_updates            | 1120        |
|    policy_gradient_loss | -0.00258    |
|    value_loss           | 1.29e-05    |
-----------------------------------------
-----------------------------------------
| rollout/                |             |
|    ep_len_mean          | 4.32e+04    |
|    ep_rew_mean          | -0.11       |
| time/                   |             |
|    fps                  | 1327        |
|    iterations           | 114         |
|    time_elapsed         | 1055        |
|    total_timesteps      | 1400832     |
| train/                  |             |
|    approx_kl            | 0.003746535 |
|    clip_fraction        | 0.0143      |
|    clip_range           | 0.2         |
|    entropy_loss         | -0.749      |
|    explained_variance   | 0.264       |
|    learning_rate        | 0.000292    |
|    loss                 | -0.000538   |
|    n_updates            | 1130        |
|    policy_gradient_loss | -0.00182    |
|    value_loss           | 1.81e-05    |
-----------------------------------------
------------------------------------------
| rollout/                |              |
|    ep_len_mean          | 4.32e+04     |
|    ep_rew_mean          | -0.11        |
| time/                   |              |
|    fps                  | 1334         |
|    iterations           | 115          |
|    time_elapsed         | 1058         |
|    total_timesteps      | 1413120      |
| train/                  |              |
|    approx_kl            | 0.0036933676 |
|    clip_fraction        | 0.0305       |
|    clip_range           | 0.2          |
|    entropy_loss         | -0.748       |
|    explained_variance   | 0.468        |
|    learning_rate        | 0.000292     |
|    loss                 | -0.0156      |
|    n_updates            | 1140         |
|    policy_gradient_loss | -0.00451     |
|    value_loss           | 6.62e-06     |
------------------------------------------
-----------------------------------------
| rollout/                |             |
|    ep_len_mean          | 4.32e+04    |
|    ep_rew_mean          | -0.11       |
| time/                   |             |
|    fps                  | 1342        |
|    iterations           | 116         |
|    time_elapsed         | 1061        |
|    total_timesteps      | 1425408     |
| train/                  |             |
|    approx_kl            | 0.009092976 |
|    clip_fraction        | 0.0513      |
|    clip_range           | 0.2         |
|    entropy_loss         | -0.721      |
|    explained_variance   | 0.429       |
|    learning_rate        | 0.000292    |
|    loss                 | -0.0112     |
|    n_updates            | 1150        |
|    policy_gradient_loss | -0.00348    |
|    value_loss           | 1.03e-05    |
-----------------------------------------
------------------------------------------
| rollout/                |              |
|    ep_len_mean          | 4.32e+04     |
|    ep_rew_mean          | -0.11        |
| time/                   |              |
|    fps                  | 1349         |
|    iterations           | 117          |
|    time_elapsed         | 1065         |
|    total_timesteps      | 1437696      |
| train/                  |              |
|    approx_kl            | 0.0069237067 |
|    clip_fraction        | 0.0262       |
|    clip_range           | 0.2          |
|    entropy_loss         | -0.704       |
|    explained_variance   | 0.329        |
|    learning_rate        | 0.000291     |
|    loss                 | -0.00554     |
|    n_updates            | 1160         |
|    policy_gradient_loss | -0.00232     |
|    value_loss           | 1.77e-05     |
------------------------------------------
------------------------------------------
| rollout/                |              |
|    ep_len_mean          | 4.32e+04     |
|    ep_rew_mean          | -0.11        |
| time/                   |              |
|    fps                  | 1356         |
|    iterations           | 118          |
|    time_elapsed         | 1068         |
|    total_timesteps      | 1449984      |
| train/                  |              |
|    approx_kl            | 0.0034319311 |
|    clip_fraction        | 0.0175       |
|    clip_range           | 0.2          |
|    entropy_loss         | -0.68        |
|    explained_variance   | 0.0735       |
|    learning_rate        | 0.000291     |
|    loss                 | -0.00638     |
|    n_updates            | 1170         |
|    policy_gradient_loss | -0.0016      |
|    value_loss           | 5.27e-05     |
------------------------------------------
-----------------------------------------
| rollout/                |             |
|    ep_len_mean          | 4.32e+04    |
|    ep_rew_mean          | -0.11       |
| time/                   |             |
|    fps                  | 1364        |
|    iterations           | 119         |
|    time_elapsed         | 1071        |
|    total_timesteps      | 1462272     |
| train/                  |             |
|    approx_kl            | 0.004928499 |
|    clip_fraction        | 0.0185      |
|    clip_range           | 0.2         |
|    entropy_loss         | -0.698      |
|    explained_variance   | 0.0871      |
|    learning_rate        | 0.000291    |
|    loss                 | -0.0107     |
|    n_updates            | 1180        |
|    policy_gradient_loss | -0.00231    |
|    value_loss           | 5.8e-05     |
-----------------------------------------
------------------------------------------
| rollout/                |              |
|    ep_len_mean          | 4.32e+04     |
|    ep_rew_mean          | -0.11        |
| time/                   |              |
|    fps                  | 1372         |
|    iterations           | 120          |
|    time_elapsed         | 1074         |
|    total_timesteps      | 1474560      |
| train/                  |              |
|    approx_kl            | 0.0029674312 |
|    clip_fraction        | 0.0183       |
|    clip_range           | 0.2          |
|    entropy_loss         | -0.691       |
|    explained_variance   | 0.16         |
|    learning_rate        | 0.000291     |
|    loss                 | -0.0071      |
|    n_updates            | 1190         |
|    policy_gradient_loss | -0.00166     |
|    value_loss           | 0.000237     |
------------------------------------------
-----------------------------------------
| rollout/                |             |
|    ep_len_mean          | 4.32e+04    |
|    ep_rew_mean          | -0.11       |
| time/                   |             |
|    fps                  | 1379        |
|    iterations           | 121         |
|    time_elapsed         | 1077        |
|    total_timesteps      | 1486848     |
| train/                  |             |
|    approx_kl            | 0.005647898 |
|    clip_fraction        | 0.0359      |
|    clip_range           | 0.2         |
|    entropy_loss         | -0.67       |
|    explained_variance   | 0.0193      |
|    learning_rate        | 0.000291    |
|    loss                 | -0.00443    |
|    n_updates            | 1200        |
|    policy_gradient_loss | -0.00212    |
|    value_loss           | 0.000413    |
-----------------------------------------
------------------------------------------
| rollout/                |              |
|    ep_len_mean          | 4.32e+04     |
|    ep_rew_mean          | -0.11        |
| time/                   |              |
|    fps                  | 1387         |
|    iterations           | 122          |
|    time_elapsed         | 1080         |
|    total_timesteps      | 1499136      |
| train/                  |              |
|    approx_kl            | 0.0037225287 |
|    clip_fraction        | 0.0249       |
|    clip_range           | 0.2          |
|    entropy_loss         | -0.698       |
|    explained_variance   | -0.00204     |
|    learning_rate        | 0.000291     |
|    loss                 | -0.0104      |
|    n_updates            | 1210         |
|    policy_gradient_loss | -0.00306     |
|    value_loss           | 4.01e-05     |
------------------------------------------
----------------------------------------------------
| rollout/                           |             |
|    ep_len_mean                     | 4.32e+04    |
|    ep_rew_mean                     | -0.11       |
| time/                              |             |
|    fps                             | 1042        |
|    iterations                      | 123         |
|    time_elapsed                    | 1450        |
|    total_timesteps                 | 1511424     |
| train/                             |             |
|    approx_kl                       | 0.004620329 |
|    clip_fraction                   | 0.0225      |
|    clip_range                      | 0.2         |
|    entropy_loss                    | -0.66       |
|    explained_variance              | 0.126       |
|    learning_rate                   | 0.000291    |
|    loss                            | -0.012      |
|    n_updates                       | 1220        |
|    policy_gradient_loss            | -0.00208    |
|    value_loss                      | 0.000183    |
| valid/                             |             |
|    BTC-USDT-SWAP/compound_mdd_pct  | 99.4        |
|    BTC-USDT-SWAP/compound_multiple | 0.00698     |
|    BTC-USDT-SWAP/max_single_loss   | -15         |
|    BTC-USDT-SWAP/near_liq_n        | 0           |
|    BTC-USDT-SWAP/near_liq_pct      | 0           |
|    BTC-USDT-SWAP/pnl_std           | 2.36        |
|    BTC-USDT-SWAP/sel_monthly_log   | -0.731      |
|    BTC-USDT-SWAP/total_pnl         | -447        |
|    BTC-USDT-SWAP/trades            | 1677        |
|    BTC-USDT-SWAP/trades_per_month  | 142         |
|    BTC-USDT-SWAP/v9_score          | 148         |
|    BTC-USDT-SWAP/win_rate          | 0.608       |
|    ETH-USDT-SWAP/compound_mdd_pct  | 95.1        |
|    ETH-USDT-SWAP/compound_multiple | 0.091       |
|    ETH-USDT-SWAP/max_single_loss   | -36.8       |
|    ETH-USDT-SWAP/near_liq_n        | 0           |
|    ETH-USDT-SWAP/near_liq_pct      | 0           |
|    ETH-USDT-SWAP/pnl_std           | 5.14        |
|    ETH-USDT-SWAP/total_pnl         | -95.8       |
|    ETH-USDT-SWAP/trades            | 1006        |
|    ETH-USDT-SWAP/trades_per_month  | 85.1        |
|    ETH-USDT-SWAP/v9_score          | 553         |
|    ETH-USDT-SWAP/win_rate          | 0.681       |
|    min_v9_score                    | 148         |
----------------------------------------------------
------------------------------------------
| rollout/                |              |
|    ep_len_mean          | 4.32e+04     |
|    ep_rew_mean          | -0.11        |
| time/                   |              |
|    fps                  | 1048         |
|    iterations           | 124          |
|    time_elapsed         | 1453         |
|    total_timesteps      | 1523712      |
| train/                  |              |
|    approx_kl            | 0.0021145418 |
|    clip_fraction        | 0.00994      |
|    clip_range           | 0.2          |
|    entropy_loss         | -0.66        |
|    explained_variance   | 0.376        |
|    learning_rate        | 0.000291     |
|    loss                 | -0.0078      |
|    n_updates            | 1230         |
|    policy_gradient_loss | -0.00146     |
|    value_loss           | 4.13e-05     |
------------------------------------------
------------------------------------------
| rollout/                |              |
|    ep_len_mean          | 4.32e+04     |
|    ep_rew_mean          | -0.11        |
| time/                   |              |
|    fps                  | 1054         |
|    iterations           | 125          |
|    time_elapsed         | 1456         |
|    total_timesteps      | 1536000      |
| train/                  |              |
|    approx_kl            | 0.0043408987 |
|    clip_fraction        | 0.0276       |
|    clip_range           | 0.2          |
|    entropy_loss         | -0.646       |
|    explained_variance   | 0.584        |
|    learning_rate        | 0.000291     |
|    loss                 | -0.0112      |
|    n_updates            | 1240         |
|    policy_gradient_loss | -0.00217     |
|    value_loss           | 3.29e-05     |
------------------------------------------
------------------------------------------
| rollout/                |              |
|    ep_len_mean          | 4.32e+04     |
|    ep_rew_mean          | -0.11        |
| time/                   |              |
|    fps                  | 1061         |
|    iterations           | 126          |
|    time_elapsed         | 1459         |
|    total_timesteps      | 1548288      |
| train/                  |              |
|    approx_kl            | 0.0027066234 |
|    clip_fraction        | 0.0167       |
|    clip_range           | 0.2          |
|    entropy_loss         | -0.667       |
|    explained_variance   | 0.497        |
|    learning_rate        | 0.000291     |
|    loss                 | -0.00843     |
|    n_updates            | 1250         |
|    policy_gradient_loss | -0.0017      |
|    value_loss           | 4.15e-05     |
------------------------------------------
-----------------------------------------
| rollout/                |             |
|    ep_len_mean          | 4.32e+04    |
|    ep_rew_mean          | -0.0667     |
| time/                   |             |
|    fps                  | 1067        |
|    iterations           | 127         |
|    time_elapsed         | 1462        |
|    total_timesteps      | 1560576     |
| train/                  |             |
|    approx_kl            | 0.003570195 |
|    clip_fraction        | 0.0248      |
|    clip_range           | 0.2         |
|    entropy_loss         | -0.659      |
|    explained_variance   | 0.409       |
|    learning_rate        | 0.000291    |
|    loss                 | -0.00328    |
|    n_updates            | 1260        |
|    policy_gradient_loss | -0.00207    |
|    value_loss           | 2.91e-05    |
-----------------------------------------
-----------------------------------------
| rollout/                |             |
|    ep_len_mean          | 4.32e+04    |
|    ep_rew_mean          | -0.0667     |
| time/                   |             |
|    fps                  | 1073        |
|    iterations           | 128         |
|    time_elapsed         | 1465        |
|    total_timesteps      | 1572864     |
| train/                  |             |
|    approx_kl            | 0.003954735 |
|    clip_fraction        | 0.0237      |
|    clip_range           | 0.2         |
|    entropy_loss         | -0.668      |
|    explained_variance   | 0.525       |
|    learning_rate        | 0.000291    |
|    loss                 | -0.0106     |
|    n_updates            | 1270        |
|    policy_gradient_loss | -0.00223    |
|    value_loss           | 2.2e-05     |
-----------------------------------------
----------------------------------------
| rollout/                |            |
|    ep_len_mean          | 4.32e+04   |
|    ep_rew_mean          | -0.0667    |
| time/                   |            |
|    fps                  | 1079       |
|    iterations           | 129        |
|    time_elapsed         | 1468       |
|    total_timesteps      | 1585152    |
| train/                  |            |
|    approx_kl            | 0.00475774 |
|    clip_fraction        | 0.0235     |
|    clip_range           | 0.2        |
|    entropy_loss         | -0.696     |
|    explained_variance   | 0.4        |
|    learning_rate        | 0.000291   |
|    loss                 | -0.00766   |
|    n_updates            | 1280       |
|    policy_gradient_loss | -0.00178   |
|    value_loss           | 2.21e-05   |
----------------------------------------
------------------------------------------
| rollout/                |              |
|    ep_len_mean          | 4.32e+04     |
|    ep_rew_mean          | -0.0667      |
| time/                   |              |
|    fps                  | 1085         |
|    iterations           | 130          |
|    time_elapsed         | 1470         |
|    total_timesteps      | 1597440      |
| train/                  |              |
|    approx_kl            | 0.0057783774 |
|    clip_fraction        | 0.0326       |
|    clip_range           | 0.2          |
|    entropy_loss         | -0.653       |
|    explained_variance   | 0.374        |
|    learning_rate        | 0.00029      |
|    loss                 | -0.011       |
|    n_updates            | 1290         |
|    policy_gradient_loss | -0.00286     |
|    value_loss           | 1.11e-05     |
------------------------------------------
------------------------------------------
| rollout/                |              |
|    ep_len_mean          | 4.32e+04     |
|    ep_rew_mean          | -0.0667      |
| time/                   |              |
|    fps                  | 1092         |
|    iterations           | 131          |
|    time_elapsed         | 1473         |
|    total_timesteps      | 1609728      |
| train/                  |              |
|    approx_kl            | 0.0026861515 |
|    clip_fraction        | 0.023        |
|    clip_range           | 0.2          |
|    entropy_loss         | -0.628       |
|    explained_variance   | 0.504        |
|    learning_rate        | 0.00029      |
|    loss                 | -0.00609     |
|    n_updates            | 1300         |
|    policy_gradient_loss | -0.00205     |
|    value_loss           | 1.69e-05     |
------------------------------------------
------------------------------------------
| rollout/                |              |
|    ep_len_mean          | 4.32e+04     |
|    ep_rew_mean          | -0.0667      |
| time/                   |              |
|    fps                  | 1098         |
|    iterations           | 132          |
|    time_elapsed         | 1477         |
|    total_timesteps      | 1622016      |
| train/                  |              |
|    approx_kl            | 0.0035897065 |
|    clip_fraction        | 0.0192       |
|    clip_range           | 0.2          |
|    entropy_loss         | -0.637       |
|    explained_variance   | 0.671        |
|    learning_rate        | 0.00029      |
|    loss                 | -0.0102      |
|    n_updates            | 1310         |
|    policy_gradient_loss | -0.00252     |
|    value_loss           | 1.11e-05     |
------------------------------------------
------------------------------------------
| rollout/                |              |
|    ep_len_mean          | 4.32e+04     |
|    ep_rew_mean          | -0.0667      |
| time/                   |              |
|    fps                  | 1104         |
|    iterations           | 133          |
|    time_elapsed         | 1480         |
|    total_timesteps      | 1634304      |
| train/                  |              |
|    approx_kl            | 0.0043296237 |
|    clip_fraction        | 0.0294       |
|    clip_range           | 0.2          |
|    entropy_loss         | -0.619       |
|    explained_variance   | 0.371        |
|    learning_rate        | 0.00029      |
|    loss                 | -0.00907     |
|    n_updates            | 1320         |
|    policy_gradient_loss | -0.002       |
|    value_loss           | 2.12e-05     |
------------------------------------------
------------------------------------------
| rollout/                |              |
|    ep_len_mean          | 4.32e+04     |
|    ep_rew_mean          | -0.0667      |
| time/                   |              |
|    fps                  | 1109         |
|    iterations           | 134          |
|    time_elapsed         | 1483         |
|    total_timesteps      | 1646592      |
| train/                  |              |
|    approx_kl            | 0.0035637468 |
|    clip_fraction        | 0.0239       |
|    clip_range           | 0.2          |
|    entropy_loss         | -0.6         |
|    explained_variance   | 0.452        |
|    learning_rate        | 0.00029      |
|    loss                 | -0.00856     |
|    n_updates            | 1330         |
|    policy_gradient_loss | -0.0025      |
|    value_loss           | 1.42e-05     |
------------------------------------------
-----------------------------------------
| rollout/                |             |
|    ep_len_mean          | 4.32e+04    |
|    ep_rew_mean          | -0.0667     |
| time/                   |             |
|    fps                  | 1115        |
|    iterations           | 135         |
|    time_elapsed         | 1486        |
|    total_timesteps      | 1658880     |
| train/                  |             |
|    approx_kl            | 0.004350371 |
|    clip_fraction        | 0.0264      |
|    clip_range           | 0.2         |
|    entropy_loss         | -0.625      |
|    explained_variance   | 0.546       |
|    learning_rate        | 0.00029     |
|    loss                 | -0.0119     |
|    n_updates            | 1340        |
|    policy_gradient_loss | -0.00294    |
|    value_loss           | 1.41e-05    |
-----------------------------------------
------------------------------------------
| rollout/                |              |
|    ep_len_mean          | 4.32e+04     |
|    ep_rew_mean          | -0.0667      |
| time/                   |              |
|    fps                  | 1121         |
|    iterations           | 136          |
|    time_elapsed         | 1490         |
|    total_timesteps      | 1671168      |
| train/                  |              |
|    approx_kl            | 0.0045757797 |
|    clip_fraction        | 0.0315       |
|    clip_range           | 0.2          |
|    entropy_loss         | -0.599       |
|    explained_variance   | 0.488        |
|    learning_rate        | 0.00029      |
|    loss                 | -0.0121      |
|    n_updates            | 1350         |
|    policy_gradient_loss | -0.00285     |
|    value_loss           | 3.27e-05     |
------------------------------------------
------------------------------------------
| rollout/                |              |
|    ep_len_mean          | 4.32e+04     |
|    ep_rew_mean          | -0.0667      |
| time/                   |              |
|    fps                  | 1127         |
|    iterations           | 137          |
|    time_elapsed         | 1493         |
|    total_timesteps      | 1683456      |
| train/                  |              |
|    approx_kl            | 0.0023492847 |
|    clip_fraction        | 0.0192       |
|    clip_range           | 0.2          |
|    entropy_loss         | -0.628       |
|    explained_variance   | 0.455        |
|    learning_rate        | 0.00029      |
|    loss                 | -0.0076      |
|    n_updates            | 1360         |
|    policy_gradient_loss | -0.00178     |
|    value_loss           | 1.27e-05     |
------------------------------------------
------------------------------------------
| rollout/                |              |
|    ep_len_mean          | 4.32e+04     |
|    ep_rew_mean          | -0.0667      |
| time/                   |              |
|    fps                  | 1133         |
|    iterations           | 138          |
|    time_elapsed         | 1495         |
|    total_timesteps      | 1695744      |
| train/                  |              |
|    approx_kl            | 0.0034017086 |
|    clip_fraction        | 0.0241       |
|    clip_range           | 0.2          |
|    entropy_loss         | -0.628       |
|    explained_variance   | 0.483        |
|    learning_rate        | 0.00029      |
|    loss                 | -0.0135      |
|    n_updates            | 1370         |
|    policy_gradient_loss | -0.0016      |
|    value_loss           | 1.62e-05     |
------------------------------------------
------------------------------------------
| rollout/                |              |
|    ep_len_mean          | 4.32e+04     |
|    ep_rew_mean          | -0.0667      |
| time/                   |              |
|    fps                  | 1139         |
|    iterations           | 139          |
|    time_elapsed         | 1498         |
|    total_timesteps      | 1708032      |
| train/                  |              |
|    approx_kl            | 0.0027809695 |
|    clip_fraction        | 0.0139       |
|    clip_range           | 0.2          |
|    entropy_loss         | -0.604       |
|    explained_variance   | 0.244        |
|    learning_rate        | 0.00029      |
|    loss                 | -0.00823     |
|    n_updates            | 1380         |
|    policy_gradient_loss | -0.00134     |
|    value_loss           | 8.85e-05     |
------------------------------------------
------------------------------------------
| rollout/                |              |
|    ep_len_mean          | 4.32e+04     |
|    ep_rew_mean          | -0.0667      |
| time/                   |              |
|    fps                  | 1145         |
|    iterations           | 140          |
|    time_elapsed         | 1501         |
|    total_timesteps      | 1720320      |
| train/                  |              |
|    approx_kl            | 0.0040520537 |
|    clip_fraction        | 0.0145       |
|    clip_range           | 0.2          |
|    entropy_loss         | -0.633       |
|    explained_variance   | 0.339        |
|    learning_rate        | 0.00029      |
|    loss                 | -0.0114      |
|    n_updates            | 1390         |
|    policy_gradient_loss | -0.00142     |
|    value_loss           | 8.07e-05     |
------------------------------------------
----------------------------------------
| rollout/                |            |
|    ep_len_mean          | 4.32e+04   |
|    ep_rew_mean          | -0.0667    |
| time/                   |            |
|    fps                  | 1151       |
|    iterations           | 141        |
|    time_elapsed         | 1504       |
|    total_timesteps      | 1732608    |
| train/                  |            |
|    approx_kl            | 0.00493757 |
|    clip_fraction        | 0.0235     |
|    clip_range           | 0.2        |
|    entropy_loss         | -0.627     |
|    explained_variance   | 0.448      |
|    learning_rate        | 0.00029    |
|    loss                 | -0.00992   |
|    n_updates            | 1400       |
|    policy_gradient_loss | -0.00246   |
|    value_loss           | 2.79e-05   |
----------------------------------------
------------------------------------------
| rollout/                |              |
|    ep_len_mean          | 4.32e+04     |
|    ep_rew_mean          | -0.0667      |
| time/                   |              |
|    fps                  | 1157         |
|    iterations           | 142          |
|    time_elapsed         | 1507         |
|    total_timesteps      | 1744896      |
| train/                  |              |
|    approx_kl            | 0.0022867995 |
|    clip_fraction        | 0.00851      |
|    clip_range           | 0.2          |
|    entropy_loss         | -0.615       |
|    explained_variance   | 0.246        |
|    learning_rate        | 0.00029      |
|    loss                 | -0.00727     |
|    n_updates            | 1410         |
|    policy_gradient_loss | -0.000796    |
|    value_loss           | 2.93e-05     |
------------------------------------------
------------------------------------------
| rollout/                |              |
|    ep_len_mean          | 4.32e+04     |
|    ep_rew_mean          | -0.0667      |
| time/                   |              |
|    fps                  | 1163         |
|    iterations           | 143          |
|    time_elapsed         | 1510         |
|    total_timesteps      | 1757184      |
| train/                  |              |
|    approx_kl            | 0.0035674153 |
|    clip_fraction        | 0.03         |
|    clip_range           | 0.2          |
|    entropy_loss         | -0.646       |
|    explained_variance   | 0.197        |
|    learning_rate        | 0.00029      |
|    loss                 | -0.00709     |
|    n_updates            | 1420         |
|    policy_gradient_loss | -0.00168     |
|    value_loss           | 8.97e-05     |
------------------------------------------
------------------------------------------
| rollout/                |              |
|    ep_len_mean          | 4.32e+04     |
|    ep_rew_mean          | -0.0667      |
| time/                   |              |
|    fps                  | 1168         |
|    iterations           | 144          |
|    time_elapsed         | 1513         |
|    total_timesteps      | 1769472      |
| train/                  |              |
|    approx_kl            | 0.0040661166 |
|    clip_fraction        | 0.0188       |
|    clip_range           | 0.2          |
|    entropy_loss         | -0.62        |
|    explained_variance   | 0.392        |
|    learning_rate        | 0.000289     |
|    loss                 | -0.00201     |
|    n_updates            | 1430         |
|    policy_gradient_loss | -0.00127     |
|    value_loss           | 4.15e-05     |
------------------------------------------
-----------------------------------------
| rollout/                |             |
|    ep_len_mean          | 4.32e+04    |
|    ep_rew_mean          | -0.0667     |
| time/                   |             |
|    fps                  | 1174        |
|    iterations           | 145         |
|    time_elapsed         | 1516        |
|    total_timesteps      | 1781760     |
| train/                  |             |
|    approx_kl            | 0.004547831 |
|    clip_fraction        | 0.0364      |
|    clip_range           | 0.2         |
|    entropy_loss         | -0.612      |
|    explained_variance   | 0.421       |
|    learning_rate        | 0.000289    |
|    loss                 | -0.00284    |
|    n_updates            | 1440        |
|    policy_gradient_loss | -0.00274    |
|    value_loss           | 1.84e-05    |
-----------------------------------------
------------------------------------------
| rollout/                |              |
|    ep_len_mean          | 4.32e+04     |
|    ep_rew_mean          | -0.0667      |
| time/                   |              |
|    fps                  | 1180         |
|    iterations           | 146          |
|    time_elapsed         | 1519         |
|    total_timesteps      | 1794048      |
| train/                  |              |
|    approx_kl            | 0.0021160631 |
|    clip_fraction        | 0.0195       |
|    clip_range           | 0.2          |
|    entropy_loss         | -0.633       |
|    explained_variance   | 0.449        |
|    learning_rate        | 0.000289     |
|    loss                 | -0.00858     |
|    n_updates            | 1450         |
|    policy_gradient_loss | -0.00141     |
|    value_loss           | 3.08e-05     |
------------------------------------------
------------------------------------------
| rollout/                |              |
|    ep_len_mean          | 4.32e+04     |
|    ep_rew_mean          | -0.0667      |
| time/                   |              |
|    fps                  | 1186         |
|    iterations           | 147          |
|    time_elapsed         | 1522         |
|    total_timesteps      | 1806336      |
| train/                  |              |
|    approx_kl            | 0.0019549355 |
|    clip_fraction        | 0.0098       |
|    clip_range           | 0.2          |
|    entropy_loss         | -0.629       |
|    explained_variance   | 0.38         |
|    learning_rate        | 0.000289     |
|    loss                 | -0.00641     |
|    n_updates            | 1460         |
|    policy_gradient_loss | -0.000827    |
|    value_loss           | 2.2e-05      |
------------------------------------------
-----------------------------------------
| rollout/                |             |
|    ep_len_mean          | 4.32e+04    |
|    ep_rew_mean          | -0.00684    |
| time/                   |             |
|    fps                  | 1192        |
|    iterations           | 148         |
|    time_elapsed         | 1525        |
|    total_timesteps      | 1818624     |
| train/                  |             |
|    approx_kl            | 0.004087048 |
|    clip_fraction        | 0.022       |
|    clip_range           | 0.2         |
|    entropy_loss         | -0.615      |
|    explained_variance   | 0.417       |
|    learning_rate        | 0.000289    |
|    loss                 | -0.00791    |
|    n_updates            | 1470        |
|    policy_gradient_loss | -0.00169    |
|    value_loss           | 2.4e-05     |
-----------------------------------------
------------------------------------------
| rollout/                |              |
|    ep_len_mean          | 4.32e+04     |
|    ep_rew_mean          | -0.00684     |
| time/                   |              |
|    fps                  | 1197         |
|    iterations           | 149          |
|    time_elapsed         | 1528         |
|    total_timesteps      | 1830912      |
| train/                  |              |
|    approx_kl            | 0.0023993235 |
|    clip_fraction        | 0.0114       |
|    clip_range           | 0.2          |
|    entropy_loss         | -0.602       |
|    explained_variance   | 0.489        |
|    learning_rate        | 0.000289     |
|    loss                 | -0.00794     |
|    n_updates            | 1480         |
|    policy_gradient_loss | -0.0013      |
|    value_loss           | 1.8e-05      |
------------------------------------------
-----------------------------------------
| rollout/                |             |
|    ep_len_mean          | 4.32e+04    |
|    ep_rew_mean          | -0.00684    |
| time/                   |             |
|    fps                  | 1203        |
|    iterations           | 150         |
|    time_elapsed         | 1531        |
|    total_timesteps      | 1843200     |
| train/                  |             |
|    approx_kl            | 0.004740701 |
|    clip_fraction        | 0.0456      |
|    clip_range           | 0.2         |
|    entropy_loss         | -0.585      |
|    explained_variance   | 0.364       |
|    learning_rate        | 0.000289    |
|    loss                 | -0.00778    |
|    n_updates            | 1490        |
|    policy_gradient_loss | -0.00334    |
|    value_loss           | 2.82e-05    |
-----------------------------------------
------------------------------------------
| rollout/                |              |
|    ep_len_mean          | 4.32e+04     |
|    ep_rew_mean          | -0.00684     |
| time/                   |              |
|    fps                  | 1209         |
|    iterations           | 151          |
|    time_elapsed         | 1534         |
|    total_timesteps      | 1855488      |
| train/                  |              |
|    approx_kl            | 0.0035666616 |
|    clip_fraction        | 0.0262       |
|    clip_range           | 0.2          |
|    entropy_loss         | -0.564       |
|    explained_variance   | 0.386        |
|    learning_rate        | 0.000289     |
|    loss                 | -0.0117      |
|    n_updates            | 1500         |
|    policy_gradient_loss | -0.00141     |
|    value_loss           | 3.18e-05     |
------------------------------------------
------------------------------------------
| rollout/                |              |
|    ep_len_mean          | 4.32e+04     |
|    ep_rew_mean          | -0.00684     |
| time/                   |              |
|    fps                  | 1214         |
|    iterations           | 152          |
|    time_elapsed         | 1537         |
|    total_timesteps      | 1867776      |
| train/                  |              |
|    approx_kl            | 0.0028037888 |
|    clip_fraction        | 0.019        |
|    clip_range           | 0.2          |
|    entropy_loss         | -0.6         |
|    explained_variance   | 0.213        |
|    learning_rate        | 0.000289     |
|    loss                 | -0.0103      |
|    n_updates            | 1510         |
|    policy_gradient_loss | -0.00176     |
|    value_loss           | 2.85e-05     |
------------------------------------------
------------------------------------------
| rollout/                |              |
|    ep_len_mean          | 4.32e+04     |
|    ep_rew_mean          | -0.00684     |
| time/                   |              |
|    fps                  | 1220         |
|    iterations           | 153          |
|    time_elapsed         | 1540         |
|    total_timesteps      | 1880064      |
| train/                  |              |
|    approx_kl            | 0.0034550957 |
|    clip_fraction        | 0.0272       |
|    clip_range           | 0.2          |
|    entropy_loss         | -0.625       |
|    explained_variance   | 0.419        |
|    learning_rate        | 0.000289     |
|    loss                 | -0.0114      |
|    n_updates            | 1520         |
|    policy_gradient_loss | -0.0028      |
|    value_loss           | 2.46e-05     |
------------------------------------------
------------------------------------------
| rollout/                |              |
|    ep_len_mean          | 4.32e+04     |
|    ep_rew_mean          | -0.00684     |
| time/                   |              |
|    fps                  | 1225         |
|    iterations           | 154          |
|    time_elapsed         | 1544         |
|    total_timesteps      | 1892352      |
| train/                  |              |
|    approx_kl            | 0.0044154865 |
|    clip_fraction        | 0.0367       |
|    clip_range           | 0.2          |
|    entropy_loss         | -0.625       |
|    explained_variance   | 0.459        |
|    learning_rate        | 0.000289     |
|    loss                 | 0.000925     |
|    n_updates            | 1530         |
|    policy_gradient_loss | -0.0026      |
|    value_loss           | 3.74e-05     |
------------------------------------------
------------------------------------------
| rollout/                |              |
|    ep_len_mean          | 4.32e+04     |
|    ep_rew_mean          | -0.00684     |
| time/                   |              |
|    fps                  | 1231         |
|    iterations           | 155          |
|    time_elapsed         | 1547         |
|    total_timesteps      | 1904640      |
| train/                  |              |
|    approx_kl            | 0.0041380264 |
|    clip_fraction        | 0.0282       |
|    clip_range           | 0.2          |
|    entropy_loss         | -0.614       |
|    explained_variance   | 0.556        |
|    learning_rate        | 0.000289     |
|    loss                 | -0.00593     |
|    n_updates            | 1540         |
|    policy_gradient_loss | -0.00256     |
|    value_loss           | 2.91e-05     |
------------------------------------------
------------------------------------------
| rollout/                |              |
|    ep_len_mean          | 4.32e+04     |
|    ep_rew_mean          | -0.00684     |
| time/                   |              |
|    fps                  | 1236         |
|    iterations           | 156          |
|    time_elapsed         | 1550         |
|    total_timesteps      | 1916928      |
| train/                  |              |
|    approx_kl            | 0.0048202355 |
|    clip_fraction        | 0.0353       |
|    clip_range           | 0.2          |
|    entropy_loss         | -0.645       |
|    explained_variance   | 0.512        |
|    learning_rate        | 0.000289     |
|    loss                 | -0.000731    |
|    n_updates            | 1550         |
|    policy_gradient_loss | -0.00271     |
|    value_loss           | 1.83e-05     |
------------------------------------------
------------------------------------------
| rollout/                |              |
|    ep_len_mean          | 4.32e+04     |
|    ep_rew_mean          | -0.00684     |
| time/                   |              |
|    fps                  | 1242         |
|    iterations           | 157          |
|    time_elapsed         | 1553         |
|    total_timesteps      | 1929216      |
| train/                  |              |
|    approx_kl            | 0.0042831176 |
|    clip_fraction        | 0.0184       |
|    clip_range           | 0.2          |
|    entropy_loss         | -0.608       |
|    explained_variance   | 0.538        |
|    learning_rate        | 0.000288     |
|    loss                 | -0.00983     |
|    n_updates            | 1560         |
|    policy_gradient_loss | -0.00165     |
|    value_loss           | 8.67e-05     |
------------------------------------------
-----------------------------------------
| rollout/                |             |
|    ep_len_mean          | 4.32e+04    |
|    ep_rew_mean          | -0.00684    |
| time/                   |             |
|    fps                  | 1247        |
|    iterations           | 158         |
|    time_elapsed         | 1556        |
|    total_timesteps      | 1941504     |
| train/                  |             |
|    approx_kl            | 0.004436891 |
|    clip_fraction        | 0.0254      |
|    clip_range           | 0.2         |
|    entropy_loss         | -0.628      |
|    explained_variance   | 0.62        |
|    learning_rate        | 0.000288    |
|    loss                 | -0.00815    |
|    n_updates            | 1570        |
|    policy_gradient_loss | -0.00186    |
|    value_loss           | 3.06e-05    |
-----------------------------------------
------------------------------------------
| rollout/                |              |
|    ep_len_mean          | 4.32e+04     |
|    ep_rew_mean          | -0.00684     |
| time/                   |              |
|    fps                  | 1253         |
|    iterations           | 159          |
|    time_elapsed         | 1559         |
|    total_timesteps      | 1953792      |
| train/                  |              |
|    approx_kl            | 0.0037161803 |
|    clip_fraction        | 0.0163       |
|    clip_range           | 0.2          |
|    entropy_loss         | -0.628       |
|    explained_variance   | 0.485        |
|    learning_rate        | 0.000288     |
|    loss                 | -0.0101      |
|    n_updates            | 1580         |
|    policy_gradient_loss | -0.00107     |
|    value_loss           | 4.81e-05     |
------------------------------------------
-----------------------------------------
| rollout/                |             |
|    ep_len_mean          | 4.32e+04    |
|    ep_rew_mean          | -0.00684    |
| time/                   |             |
|    fps                  | 1258        |
|    iterations           | 160         |
|    time_elapsed         | 1562        |
|    total_timesteps      | 1966080     |
| train/                  |             |
|    approx_kl            | 0.007452303 |
|    clip_fraction        | 0.0485      |
|    clip_range           | 0.2         |
|    entropy_loss         | -0.637      |
|    explained_variance   | 0.578       |
|    learning_rate        | 0.000288    |
|    loss                 | -0.00557    |
|    n_updates            | 1590        |
|    policy_gradient_loss | -0.00351    |
|    value_loss           | 7.44e-05    |
-----------------------------------------
------------------------------------------
| rollout/                |              |
|    ep_len_mean          | 4.32e+04     |
|    ep_rew_mean          | -0.00684     |
| time/                   |              |
|    fps                  | 1264         |
|    iterations           | 161          |
|    time_elapsed         | 1565         |
|    total_timesteps      | 1978368      |
| train/                  |              |
|    approx_kl            | 0.0024406367 |
|    clip_fraction        | 0.0165       |
|    clip_range           | 0.2          |
|    entropy_loss         | -0.644       |
|    explained_variance   | 0.28         |
|    learning_rate        | 0.000288     |
|    loss                 | -0.0107      |
|    n_updates            | 1600         |
|    policy_gradient_loss | -0.00201     |
|    value_loss           | 7.94e-05     |
------------------------------------------
-----------------------------------------
| rollout/                |             |
|    ep_len_mean          | 4.32e+04    |
|    ep_rew_mean          | -0.00684    |
| time/                   |             |
|    fps                  | 1269        |
|    iterations           | 162         |
|    time_elapsed         | 1568        |
|    total_timesteps      | 1990656     |
| train/                  |             |
|    approx_kl            | 0.004581906 |
|    clip_fraction        | 0.0237      |
|    clip_range           | 0.2         |
|    entropy_loss         | -0.656      |
|    explained_variance   | 0.271       |
|    learning_rate        | 0.000288    |
|    loss                 | -0.00834    |
|    n_updates            | 1610        |
|    policy_gradient_loss | -0.00112    |
|    value_loss           | 3.67e-05    |
-----------------------------------------
----------------------------------------------------
| rollout/                           |             |
|    ep_len_mean                     | 4.32e+04    |
|    ep_rew_mean                     | -0.00684    |
| time/                              |             |
|    fps                             | 1036        |
|    iterations                      | 163         |
|    time_elapsed                    | 1931        |
|    total_timesteps                 | 2002944     |
| train/                             |             |
|    approx_kl                       | 0.006825873 |
|    clip_fraction                   | 0.0496      |
|    clip_range                      | 0.2         |
|    entropy_loss                    | -0.645      |
|    explained_variance              | 0.0957      |
|    learning_rate                   | 0.000288    |
|    loss                            | -0.00531    |
|    n_updates                       | 1620        |
|    policy_gradient_loss            | -0.00204    |
|    value_loss                      | 4.14e-05    |
| valid/                             |             |
|    BTC-USDT-SWAP/compound_mdd_pct  | 99.9        |
|    BTC-USDT-SWAP/compound_multiple | 0.000711    |
|    BTC-USDT-SWAP/max_single_loss   | -15         |
|    BTC-USDT-SWAP/near_liq_n        | 0           |
|    BTC-USDT-SWAP/near_liq_pct      | 0           |
|    BTC-USDT-SWAP/pnl_std           | 1.84        |
|    BTC-USDT-SWAP/sel_monthly_log   | -0.98       |
|    BTC-USDT-SWAP/total_pnl         | -674        |
|    BTC-USDT-SWAP/trades            | 2865        |
|    BTC-USDT-SWAP/trades_per_month  | 242         |
|    BTC-USDT-SWAP/v9_score          | -105        |
|    BTC-USDT-SWAP/win_rate          | 0.578       |
|    ETH-USDT-SWAP/compound_mdd_pct  | 99          |
|    ETH-USDT-SWAP/compound_multiple | 0.0133      |
|    ETH-USDT-SWAP/max_single_loss   | -37.2       |
|    ETH-USDT-SWAP/near_liq_n        | 0           |
|    ETH-USDT-SWAP/near_liq_pct      | 0           |
|    ETH-USDT-SWAP/pnl_std           | 3.51        |
|    ETH-USDT-SWAP/total_pnl         | -300        |
|    ETH-USDT-SWAP/trades            | 1950        |
|    ETH-USDT-SWAP/trades_per_month  | 165         |
|    ETH-USDT-SWAP/v9_score          | 353         |
|    ETH-USDT-SWAP/win_rate          | 0.673       |
|    min_v9_score                    | -105        |
----------------------------------------------------
-----------------------------------------
| rollout/                |             |
|    ep_len_mean          | 4.32e+04    |
|    ep_rew_mean          | -0.00684    |
| time/                   |             |
|    fps                  | 1041        |
|    iterations           | 164         |
|    time_elapsed         | 1934        |
|    total_timesteps      | 2015232     |
| train/                  |             |
|    approx_kl            | 0.007689278 |
|    clip_fraction        | 0.0363      |
|    clip_range           | 0.2         |
|    entropy_loss         | -0.684      |
|    explained_variance   | 0.265       |
|    learning_rate        | 0.000288    |
|    loss                 | -0.00382    |
|    n_updates            | 1630        |
|    policy_gradient_loss | -0.00216    |
|    value_loss           | 2.18e-05    |
-----------------------------------------
------------------------------------------
| rollout/                |              |
|    ep_len_mean          | 4.32e+04     |
|    ep_rew_mean          | -0.00684     |
| time/                   |              |
|    fps                  | 1046         |
|    iterations           | 165          |
|    time_elapsed         | 1937         |
|    total_timesteps      | 2027520      |
| train/                  |              |
|    approx_kl            | 0.0042656437 |
|    clip_fraction        | 0.0263       |
|    clip_range           | 0.2          |
|    entropy_loss         | -0.675       |
|    explained_variance   | 0.341        |
|    learning_rate        | 0.000288     |
|    loss                 | -0.0117      |
|    n_updates            | 1640         |
|    policy_gradient_loss | -0.00225     |
|    value_loss           | 2.18e-05     |
------------------------------------------
------------------------------------------
| rollout/                |              |
|    ep_len_mean          | 4.32e+04     |
|    ep_rew_mean          | -0.00684     |
| time/                   |              |
|    fps                  | 1051         |
|    iterations           | 166          |
|    time_elapsed         | 1940         |
|    total_timesteps      | 2039808      |
| train/                  |              |
|    approx_kl            | 0.0050881025 |
|    clip_fraction        | 0.025        |
|    clip_range           | 0.2          |
|    entropy_loss         | -0.66        |
|    explained_variance   | 0.394        |
|    learning_rate        | 0.000288     |
|    loss                 | -0.0115      |
|    n_updates            | 1650         |
|    policy_gradient_loss | -0.00177     |
|    value_loss           | 2.52e-05     |
------------------------------------------
-----------------------------------------
| rollout/                |             |
|    ep_len_mean          | 4.32e+04    |
|    ep_rew_mean          | -0.00684    |
| time/                   |             |
|    fps                  | 1055        |
|    iterations           | 167         |
|    time_elapsed         | 1943        |
|    total_timesteps      | 2052096     |
| train/                  |             |
|    approx_kl            | 0.007474722 |
|    clip_fraction        | 0.0565      |
|    clip_range           | 0.2         |
|    entropy_loss         | -0.654      |
|    explained_variance   | 0.345       |
|    learning_rate        | 0.000288    |
|    loss                 | -0.00642    |
|    n_updates            | 1660        |
|    policy_gradient_loss | -0.00326    |
|    value_loss           | 2.21e-05    |
-----------------------------------------
-----------------------------------------
| rollout/                |             |
|    ep_len_mean          | 4.32e+04    |
|    ep_rew_mean          | -0.00684    |
| time/                   |             |
|    fps                  | 1060        |
|    iterations           | 168         |
|    time_elapsed         | 1946        |
|    total_timesteps      | 2064384     |
| train/                  |             |
|    approx_kl            | 0.003785722 |
|    clip_fraction        | 0.0282      |
|    clip_range           | 0.2         |
|    entropy_loss         | -0.647      |
|    explained_variance   | 0.361       |
|    learning_rate        | 0.000288    |
|    loss                 | -0.00971    |
|    n_updates            | 1670        |
|    policy_gradient_loss | -0.0027     |
|    value_loss           | 4.64e-05    |
-----------------------------------------
------------------------------------------
| rollout/                |              |
|    ep_len_mean          | 4.32e+04     |
|    ep_rew_mean          | 0.0431       |
| time/                   |              |
|    fps                  | 1065         |
|    iterations           | 169          |
|    time_elapsed         | 1949         |
|    total_timesteps      | 2076672      |
| train/                  |              |
|    approx_kl            | 0.0042744246 |
|    clip_fraction        | 0.0189       |
|    clip_range           | 0.2          |
|    entropy_loss         | -0.648       |
|    explained_variance   | 0.446        |
|    learning_rate        | 0.000288     |
|    loss                 | -0.0113      |
|    n_updates            | 1680         |
|    policy_gradient_loss | -0.00195     |
|    value_loss           | 1.65e-05     |
------------------------------------------
------------------------------------------
| rollout/                |              |
|    ep_len_mean          | 4.32e+04     |
|    ep_rew_mean          | 0.0431       |
| time/                   |              |
|    fps                  | 1069         |
|    iterations           | 170          |
|    time_elapsed         | 1952         |
|    total_timesteps      | 2088960      |
| train/                  |              |
|    approx_kl            | 0.0046101543 |
|    clip_fraction        | 0.0254       |
|    clip_range           | 0.2          |
|    entropy_loss         | -0.581       |
|    explained_variance   | 0.41         |
|    learning_rate        | 0.000288     |
|    loss                 | -0.00645     |
|    n_updates            | 1690         |
|    policy_gradient_loss | -0.00172     |
|    value_loss           | 5.25e-05     |
------------------------------------------
-----------------------------------------
| rollout/                |             |
|    ep_len_mean          | 4.32e+04    |
|    ep_rew_mean          | 0.0431      |
| time/                   |             |
|    fps                  | 1074        |
|    iterations           | 171         |
|    time_elapsed         | 1955        |
|    total_timesteps      | 2101248     |
| train/                  |             |
|    approx_kl            | 0.003388483 |
|    clip_fraction        | 0.0234      |
|    clip_range           | 0.2         |
|    entropy_loss         | -0.584      |
|    explained_variance   | 0.262       |
|    learning_rate        | 0.000287    |
|    loss                 | -0.00513    |
|    n_updates            | 1700        |
|    policy_gradient_loss | -0.00228    |
|    value_loss           | 7.03e-05    |
-----------------------------------------
------------------------------------------
| rollout/                |              |
|    ep_len_mean          | 4.32e+04     |
|    ep_rew_mean          | 0.0431       |
| time/                   |              |
|    fps                  | 1078         |
|    iterations           | 172          |
|    time_elapsed         | 1958         |
|    total_timesteps      | 2113536      |
| train/                  |              |
|    approx_kl            | 0.0032956062 |
|    clip_fraction        | 0.0255       |
|    clip_range           | 0.2          |
|    entropy_loss         | -0.601       |
|    explained_variance   | 0.3          |
|    learning_rate        | 0.000287     |
|    loss                 | -0.0111      |
|    n_updates            | 1710         |
|    policy_gradient_loss | -0.0017      |
|    value_loss           | 4.54e-05     |
------------------------------------------
------------------------------------------
| rollout/                |              |
|    ep_len_mean          | 4.32e+04     |
|    ep_rew_mean          | 0.0431       |
| time/                   |              |
|    fps                  | 1083         |
|    iterations           | 173          |
|    time_elapsed         | 1962         |
|    total_timesteps      | 2125824      |
| train/                  |              |
|    approx_kl            | 0.0037894535 |
|    clip_fraction        | 0.018        |
|    clip_range           | 0.2          |
|    entropy_loss         | -0.587       |
|    explained_variance   | 0.349        |
|    learning_rate        | 0.000287     |
|    loss                 | -0.0065      |
|    n_updates            | 1720         |
|    policy_gradient_loss | -0.00103     |
|    value_loss           | 5.41e-05     |
------------------------------------------
---------------------------------------
| rollout/                |           |
|    ep_len_mean          | 4.32e+04  |
|    ep_rew_mean          | 0.0431    |
| time/                   |           |
|    fps                  | 1087      |
|    iterations           | 174       |
|    time_elapsed         | 1965      |
|    total_timesteps      | 2138112   |
| train/                  |           |
|    approx_kl            | 0.0035505 |
|    clip_fraction        | 0.0267    |
|    clip_range           | 0.2       |
|    entropy_loss         | -0.604    |
|    explained_variance   | 0.302     |
|    learning_rate        | 0.000287  |
|    loss                 | -0.0122   |
|    n_updates            | 1730      |
|    policy_gradient_loss | -0.00197  |
|    value_loss           | 3.19e-05  |
---------------------------------------
------------------------------------------
| rollout/                |              |
|    ep_len_mean          | 4.32e+04     |
|    ep_rew_mean          | 0.0431       |
| time/                   |              |
|    fps                  | 1092         |
|    iterations           | 175          |
|    time_elapsed         | 1968         |
|    total_timesteps      | 2150400      |
| train/                  |              |
|    approx_kl            | 0.0022356722 |
|    clip_fraction        | 0.0307       |
|    clip_range           | 0.2          |
|    entropy_loss         | -0.588       |
|    explained_variance   | 0.454        |
|    learning_rate        | 0.000287     |
|    loss                 | -0.0115      |
|    n_updates            | 1740         |
|    policy_gradient_loss | -0.00246     |
|    value_loss           | 2.64e-05     |
------------------------------------------
------------------------------------------
| rollout/                |              |
|    ep_len_mean          | 4.32e+04     |
|    ep_rew_mean          | 0.0431       |
| time/                   |              |
|    fps                  | 1096         |
|    iterations           | 176          |
|    time_elapsed         | 1971         |
|    total_timesteps      | 2162688      |
| train/                  |              |
|    approx_kl            | 0.0042470074 |
|    clip_fraction        | 0.0354       |
|    clip_range           | 0.2          |
|    entropy_loss         | -0.544       |
|    explained_variance   | 0.353        |
|    learning_rate        | 0.000287     |
|    loss                 | -0.0031      |
|    n_updates            | 1750         |
|    policy_gradient_loss | -0.00187     |
|    value_loss           | 3.99e-05     |
------------------------------------------
------------------------------------------
| rollout/                |              |
|    ep_len_mean          | 4.32e+04     |
|    ep_rew_mean          | 0.0431       |
| time/                   |              |
|    fps                  | 1101         |
|    iterations           | 177          |
|    time_elapsed         | 1974         |
|    total_timesteps      | 2174976      |
| train/                  |              |
|    approx_kl            | 0.0029568032 |
|    clip_fraction        | 0.0268       |
|    clip_range           | 0.2          |
|    entropy_loss         | -0.573       |
|    explained_variance   | 0.506        |
|    learning_rate        | 0.000287     |
|    loss                 | -0.00739     |
|    n_updates            | 1760         |
|    policy_gradient_loss | -0.00199     |
|    value_loss           | 4.22e-05     |
------------------------------------------
-----------------------------------------
| rollout/                |             |
|    ep_len_mean          | 4.32e+04    |
|    ep_rew_mean          | 0.0431      |
| time/                   |             |
|    fps                  | 1106        |
|    iterations           | 178         |
|    time_elapsed         | 1977        |
|    total_timesteps      | 2187264     |
| train/                  |             |
|    approx_kl            | 0.003813511 |
|    clip_fraction        | 0.0306      |
|    clip_range           | 0.2         |
|    entropy_loss         | -0.579      |
|    explained_variance   | 0.415       |
|    learning_rate        | 0.000287    |
|    loss                 | -0.00695    |
|    n_updates            | 1770        |
|    policy_gradient_loss | -0.0015     |
|    value_loss           | 2.87e-05    |
-----------------------------------------
------------------------------------------
| rollout/                |              |
|    ep_len_mean          | 4.32e+04     |
|    ep_rew_mean          | 0.0431       |
| time/                   |              |
|    fps                  | 1110         |
|    iterations           | 179          |
|    time_elapsed         | 1980         |
|    total_timesteps      | 2199552      |
| train/                  |              |
|    approx_kl            | 0.0052602068 |
|    clip_fraction        | 0.029        |
|    clip_range           | 0.2          |
|    entropy_loss         | -0.558       |
|    explained_variance   | 0.0349       |
|    learning_rate        | 0.000287     |
|    loss                 | -0.0057      |
|    n_updates            | 1780         |
|    policy_gradient_loss | -0.00124     |
|    value_loss           | 8.02e-05     |
------------------------------------------
-----------------------------------------
| rollout/                |             |
|    ep_len_mean          | 4.32e+04    |
|    ep_rew_mean          | 0.0431      |
| time/                   |             |
|    fps                  | 1115        |
|    iterations           | 180         |
|    time_elapsed         | 1983        |
|    total_timesteps      | 2211840     |
| train/                  |             |
|    approx_kl            | 0.002855969 |
|    clip_fraction        | 0.0221      |
|    clip_range           | 0.2         |
|    entropy_loss         | -0.516      |
|    explained_variance   | 0.208       |
|    learning_rate        | 0.000287    |
|    loss                 | -0.00627    |
|    n_updates            | 1790        |
|    policy_gradient_loss | -0.00175    |
|    value_loss           | 0.000678    |
-----------------------------------------
-----------------------------------------
| rollout/                |             |
|    ep_len_mean          | 4.32e+04    |
|    ep_rew_mean          | 0.0431      |
| time/                   |             |
|    fps                  | 1119        |
|    iterations           | 181         |
|    time_elapsed         | 1986        |
|    total_timesteps      | 2224128     |
| train/                  |             |
|    approx_kl            | 0.005825849 |
|    clip_fraction        | 0.0571      |
|    clip_range           | 0.2         |
|    entropy_loss         | -0.595      |
|    explained_variance   | 0.0775      |
|    learning_rate        | 0.000287    |
|    loss                 | -0.00688    |
|    n_updates            | 1800        |
|    policy_gradient_loss | -0.00275    |
|    value_loss           | 6.18e-05    |
-----------------------------------------
------------------------------------------
| rollout/                |              |
|    ep_len_mean          | 4.32e+04     |
|    ep_rew_mean          | 0.0431       |
| time/                   |              |
|    fps                  | 1124         |
|    iterations           | 182          |
|    time_elapsed         | 1989         |
|    total_timesteps      | 2236416      |
| train/                  |              |
|    approx_kl            | 0.0038544352 |
|    clip_fraction        | 0.0269       |
|    clip_range           | 0.2          |
|    entropy_loss         | -0.551       |
|    explained_variance   | 0.327        |
|    learning_rate        | 0.000287     |
|    loss                 | -0.0101      |
|    n_updates            | 1810         |
|    policy_gradient_loss | -0.00198     |
|    value_loss           | 0.00022      |
------------------------------------------
------------------------------------------
| rollout/                |              |
|    ep_len_mean          | 4.32e+04     |
|    ep_rew_mean          | 0.0431       |
| time/                   |              |
|    fps                  | 1128         |
|    iterations           | 183          |
|    time_elapsed         | 1992         |
|    total_timesteps      | 2248704      |
| train/                  |              |
|    approx_kl            | 0.0041362583 |
|    clip_fraction        | 0.025        |
|    clip_range           | 0.2          |
|    entropy_loss         | -0.539       |
|    explained_variance   | 0.22         |
|    learning_rate        | 0.000287     |
|    loss                 | -0.00161     |
|    n_updates            | 1820         |
|    policy_gradient_loss | -0.00208     |
|    value_loss           | 8.56e-05     |
------------------------------------------
------------------------------------------
| rollout/                |              |
|    ep_len_mean          | 4.32e+04     |
|    ep_rew_mean          | 0.0431       |
| time/                   |              |
|    fps                  | 1132         |
|    iterations           | 184          |
|    time_elapsed         | 1995         |
|    total_timesteps      | 2260992      |
| train/                  |              |
|    approx_kl            | 0.0028265547 |
|    clip_fraction        | 0.0249       |
|    clip_range           | 0.2          |
|    entropy_loss         | -0.551       |
|    explained_variance   | 0.267        |
|    learning_rate        | 0.000287     |
|    loss                 | -0.00762     |
|    n_updates            | 1830         |
|    policy_gradient_loss | -0.00145     |
|    value_loss           | 8.88e-05     |
------------------------------------------
------------------------------------------
| rollout/                |              |
|    ep_len_mean          | 4.32e+04     |
|    ep_rew_mean          | 0.0431       |
| time/                   |              |
|    fps                  | 1137         |
|    iterations           | 185          |
|    time_elapsed         | 1998         |
|    total_timesteps      | 2273280      |
| train/                  |              |
|    approx_kl            | 0.0028578062 |
|    clip_fraction        | 0.017        |
|    clip_range           | 0.2          |
|    entropy_loss         | -0.504       |
|    explained_variance   | 0.422        |
|    learning_rate        | 0.000286     |
|    loss                 | -0.00514     |
|    n_updates            | 1840         |
|    policy_gradient_loss | -0.00136     |
|    value_loss           | 0.000143     |
------------------------------------------
-----------------------------------------
| rollout/                |             |
|    ep_len_mean          | 4.32e+04    |
|    ep_rew_mean          | 0.0431      |
| time/                   |             |
|    fps                  | 1141        |
|    iterations           | 186         |
|    time_elapsed         | 2001        |
|    total_timesteps      | 2285568     |
| train/                  |             |
|    approx_kl            | 0.002788419 |
|    clip_fraction        | 0.014       |
|    clip_range           | 0.2         |
|    entropy_loss         | -0.547      |
|    explained_variance   | 0.333       |
|    learning_rate        | 0.000286    |
|    loss                 | -0.00631    |
|    n_updates            | 1850        |
|    policy_gradient_loss | -0.000896   |
|    value_loss           | 6.6e-05     |
-----------------------------------------
----------------------------------------
| rollout/                |            |
|    ep_len_mean          | 4.32e+04   |
|    ep_rew_mean          | 0.0431     |
| time/                   |            |
|    fps                  | 1146       |
|    iterations           | 187        |
|    time_elapsed         | 2004       |
|    total_timesteps      | 2297856    |
| train/                  |            |
|    approx_kl            | 0.00411927 |
|    clip_fraction        | 0.0289     |
|    clip_range           | 0.2        |
|    entropy_loss         | -0.567     |
|    explained_variance   | 0.354      |
|    learning_rate        | 0.000286   |
|    loss                 | -0.00616   |
|    n_updates            | 1860       |
|    policy_gradient_loss | -0.0016    |
|    value_loss           | 6.46e-05   |
----------------------------------------
-----------------------------------------
| rollout/                |             |
|    ep_len_mean          | 4.32e+04    |
|    ep_rew_mean          | 0.0431      |
| time/                   |             |
|    fps                  | 1150        |
|    iterations           | 188         |
|    time_elapsed         | 2007        |
|    total_timesteps      | 2310144     |
| train/                  |             |
|    approx_kl            | 0.005972236 |
|    clip_fraction        | 0.0288      |
|    clip_range           | 0.2         |
|    entropy_loss         | -0.578      |
|    explained_variance   | 0.407       |
|    learning_rate        | 0.000286    |
|    loss                 | -0.00811    |
|    n_updates            | 1870        |
|    policy_gradient_loss | -0.00174    |
|    value_loss           | 4.25e-05    |
-----------------------------------------
------------------------------------------
| rollout/                |              |
|    ep_len_mean          | 4.32e+04     |
|    ep_rew_mean          | 0.0431       |
| time/                   |              |
|    fps                  | 1155         |
|    iterations           | 189          |
|    time_elapsed         | 2010         |
|    total_timesteps      | 2322432      |
| train/                  |              |
|    approx_kl            | 0.0022001837 |
|    clip_fraction        | 0.0127       |
|    clip_range           | 0.2          |
|    entropy_loss         | -0.564       |
|    explained_variance   | 0.361        |
|    learning_rate        | 0.000286     |
|    loss                 | -0.00312     |
|    n_updates            | 1880         |
|    policy_gradient_loss | -0.00125     |
|    value_loss           | 4.76e-05     |
------------------------------------------
------------------------------------------
| rollout/                |              |
|    ep_len_mean          | 4.32e+04     |
|    ep_rew_mean          | 0.0894       |
| time/                   |              |
|    fps                  | 1159         |
|    iterations           | 190          |
|    time_elapsed         | 2013         |
|    total_timesteps      | 2334720      |
| train/                  |              |
|    approx_kl            | 0.0041671377 |
|    clip_fraction        | 0.021        |
|    clip_range           | 0.2          |
|    entropy_loss         | -0.559       |
|    explained_variance   | 0.386        |
|    learning_rate        | 0.000286     |
|    loss                 | -0.0143      |
|    n_updates            | 1890         |
|    policy_gradient_loss | -0.00179     |
|    value_loss           | 3.91e-05     |
------------------------------------------
-----------------------------------------
| rollout/                |             |
|    ep_len_mean          | 4.32e+04    |
|    ep_rew_mean          | 0.0894      |
| time/                   |             |
|    fps                  | 1163        |
|    iterations           | 191         |
|    time_elapsed         | 2016        |
|    total_timesteps      | 2347008     |
| train/                  |             |
|    approx_kl            | 0.004655579 |
|    clip_fraction        | 0.0335      |
|    clip_range           | 0.2         |
|    entropy_loss         | -0.577      |
|    explained_variance   | 0.363       |
|    learning_rate        | 0.000286    |
|    loss                 | -0.00415    |
|    n_updates            | 1900        |
|    policy_gradient_loss | -0.00167    |
|    value_loss           | 4.77e-05    |
-----------------------------------------
------------------------------------------
| rollout/                |              |
|    ep_len_mean          | 4.32e+04     |
|    ep_rew_mean          | 0.0894       |
| time/                   |              |
|    fps                  | 1167         |
|    iterations           | 192          |
|    time_elapsed         | 2019         |
|    total_timesteps      | 2359296      |
| train/                  |              |
|    approx_kl            | 0.0051961355 |
|    clip_fraction        | 0.0243       |
|    clip_range           | 0.2          |
|    entropy_loss         | -0.598       |
|    explained_variance   | 0.501        |
|    learning_rate        | 0.000286     |
|    loss                 | -0.00781     |
|    n_updates            | 1910         |
|    policy_gradient_loss | -0.00167     |
|    value_loss           | 0.000133     |
------------------------------------------
------------------------------------------
| rollout/                |              |
|    ep_len_mean          | 4.32e+04     |
|    ep_rew_mean          | 0.0894       |
| time/                   |              |
|    fps                  | 1172         |
|    iterations           | 193          |
|    time_elapsed         | 2023         |
|    total_timesteps      | 2371584      |
| train/                  |              |
|    approx_kl            | 0.0056779482 |
|    clip_fraction        | 0.0326       |
|    clip_range           | 0.2          |
|    entropy_loss         | -0.596       |
|    explained_variance   | 0.462        |
|    learning_rate        | 0.000286     |
|    loss                 | -0.00904     |
|    n_updates            | 1920         |
|    policy_gradient_loss | -0.00204     |
|    value_loss           | 8.38e-05     |
------------------------------------------
------------------------------------------
| rollout/                |              |
|    ep_len_mean          | 4.32e+04     |
|    ep_rew_mean          | 0.0894       |
| time/                   |              |
|    fps                  | 1176         |
|    iterations           | 194          |
|    time_elapsed         | 2026         |
|    total_timesteps      | 2383872      |
| train/                  |              |
|    approx_kl            | 0.0020605403 |
|    clip_fraction        | 0.0141       |
|    clip_range           | 0.2          |
|    entropy_loss         | -0.564       |
|    explained_variance   | 0.556        |
|    learning_rate        | 0.000286     |
|    loss                 | -0.0109      |
|    n_updates            | 1930         |
|    policy_gradient_loss | -0.00176     |
|    value_loss           | 0.000162     |
------------------------------------------
------------------------------------------
| rollout/                |              |
|    ep_len_mean          | 4.32e+04     |
|    ep_rew_mean          | 0.0894       |
| time/                   |              |
|    fps                  | 1180         |
|    iterations           | 195          |
|    time_elapsed         | 2029         |
|    total_timesteps      | 2396160      |
| train/                  |              |
|    approx_kl            | 0.0055181035 |
|    clip_fraction        | 0.0434       |
|    clip_range           | 0.2          |
|    entropy_loss         | -0.596       |
|    explained_variance   | 0.428        |
|    learning_rate        | 0.000286     |
|    loss                 | -0.00804     |
|    n_updates            | 1940         |
|    policy_gradient_loss | -0.0032      |
|    value_loss           | 0.000102     |
------------------------------------------
------------------------------------------
| rollout/                |              |
|    ep_len_mean          | 4.32e+04     |
|    ep_rew_mean          | 0.0894       |
| time/                   |              |
|    fps                  | 1185         |
|    iterations           | 196          |
|    time_elapsed         | 2032         |
|    total_timesteps      | 2408448      |
| train/                  |              |
|    approx_kl            | 0.0040703896 |
|    clip_fraction        | 0.0265       |
|    clip_range           | 0.2          |
|    entropy_loss         | -0.613       |
|    explained_variance   | 0.444        |
|    learning_rate        | 0.000286     |
|    loss                 | -0.00556     |
|    n_updates            | 1950         |
|    policy_gradient_loss | -0.00182     |
|    value_loss           | 4.57e-05     |
------------------------------------------
------------------------------------------
| rollout/                |              |
|    ep_len_mean          | 4.32e+04     |
|    ep_rew_mean          | 0.0894       |
| time/                   |              |
|    fps                  | 1189         |
|    iterations           | 197          |
|    time_elapsed         | 2035         |
|    total_timesteps      | 2420736      |
| train/                  |              |
|    approx_kl            | 0.0035572385 |
|    clip_fraction        | 0.0158       |
|    clip_range           | 0.2          |
|    entropy_loss         | -0.587       |
|    explained_variance   | 0.462        |
|    learning_rate        | 0.000286     |
|    loss                 | -0.00471     |
|    n_updates            | 1960         |
|    policy_gradient_loss | -0.00169     |
|    value_loss           | 5.44e-05     |
------------------------------------------
------------------------------------------
| rollout/                |              |
|    ep_len_mean          | 4.32e+04     |
|    ep_rew_mean          | 0.0894       |
| time/                   |              |
|    fps                  | 1193         |
|    iterations           | 198          |
|    time_elapsed         | 2038         |
|    total_timesteps      | 2433024      |
| train/                  |              |
|    approx_kl            | 0.0030884182 |
|    clip_fraction        | 0.0243       |
|    clip_range           | 0.2          |
|    entropy_loss         | -0.545       |
|    explained_variance   | 0.475        |
|    learning_rate        | 0.000285     |
|    loss                 | -0.00277     |
|    n_updates            | 1970         |
|    policy_gradient_loss | -0.00261     |
|    value_loss           | 5.48e-05     |
------------------------------------------
------------------------------------------
| rollout/                |              |
|    ep_len_mean          | 4.32e+04     |
|    ep_rew_mean          | 0.0894       |
| time/                   |              |
|    fps                  | 1197         |
|    iterations           | 199          |
|    time_elapsed         | 2041         |
|    total_timesteps      | 2445312      |
| train/                  |              |
|    approx_kl            | 0.0035983955 |
|    clip_fraction        | 0.0159       |
|    clip_range           | 0.2          |
|    entropy_loss         | -0.557       |
|    explained_variance   | 0.338        |
|    learning_rate        | 0.000285     |
|    loss                 | -0.0119      |
|    n_updates            | 1980         |
|    policy_gradient_loss | -0.00142     |
|    value_loss           | 6.52e-05     |
------------------------------------------
------------------------------------------
| rollout/                |              |
|    ep_len_mean          | 4.32e+04     |
|    ep_rew_mean          | 0.0894       |
| time/                   |              |
|    fps                  | 1202         |
|    iterations           | 200          |
|    time_elapsed         | 2044         |
|    total_timesteps      | 2457600      |
| train/                  |              |
|    approx_kl            | 0.0024869593 |
|    clip_fraction        | 0.0109       |
|    clip_range           | 0.2          |
|    entropy_loss         | -0.589       |
|    explained_variance   | 0.32         |
|    learning_rate        | 0.000285     |
|    loss                 | -0.00559     |
|    n_updates            | 1990         |
|    policy_gradient_loss | -0.00116     |
|    value_loss           | 5.6e-05      |
------------------------------------------
------------------------------------------
| rollout/                |              |
|    ep_len_mean          | 4.32e+04     |
|    ep_rew_mean          | 0.0894       |
| time/                   |              |
|    fps                  | 1206         |
|    iterations           | 201          |
|    time_elapsed         | 2047         |
|    total_timesteps      | 2469888      |
| train/                  |              |
|    approx_kl            | 0.0029331583 |
|    clip_fraction        | 0.0195       |
|    clip_range           | 0.2          |
|    entropy_loss         | -0.584       |
|    explained_variance   | 0.315        |
|    learning_rate        | 0.000285     |
|    loss                 | -0.0113      |
|    n_updates            | 2000         |
|    policy_gradient_loss | -0.00194     |
|    value_loss           | 4.11e-05     |
------------------------------------------
-----------------------------------------
| rollout/                |             |
|    ep_len_mean          | 4.32e+04    |
|    ep_rew_mean          | 0.0894      |
| time/                   |             |
|    fps                  | 1210        |
|    iterations           | 202         |
|    time_elapsed         | 2050        |
|    total_timesteps      | 2482176     |
| train/                  |             |
|    approx_kl            | 0.002614364 |
|    clip_fraction        | 0.022       |
|    clip_range           | 0.2         |
|    entropy_loss         | -0.577      |
|    explained_variance   | 0.231       |
|    learning_rate        | 0.000285    |
|    loss                 | -0.00577    |
|    n_updates            | 2010        |
|    policy_gradient_loss | -0.00209    |
|    value_loss           | 5.64e-05    |
-----------------------------------------
------------------------------------------
| rollout/                |              |
|    ep_len_mean          | 4.32e+04     |
|    ep_rew_mean          | 0.0894       |
| time/                   |              |
|    fps                  | 1214         |
|    iterations           | 203          |
|    time_elapsed         | 2053         |
|    total_timesteps      | 2494464      |
| train/                  |              |
|    approx_kl            | 0.0040948074 |
|    clip_fraction        | 0.0194       |
|    clip_range           | 0.2          |
|    entropy_loss         | -0.593       |
|    explained_variance   | 0.185        |
|    learning_rate        | 0.000285     |
|    loss                 | -0.00936     |
|    n_updates            | 2020         |
|    policy_gradient_loss | -0.00174     |
|    value_loss           | 3.93e-05     |
------------------------------------------
----------------------------------------------------
| rollout/                           |             |
|    ep_len_mean                     | 4.32e+04    |
|    ep_rew_mean                     | 0.0894      |
| time/                              |             |
|    fps                             | 1029        |
|    iterations                      | 204         |
|    time_elapsed                    | 2435        |
|    total_timesteps                 | 2506752     |
| train/                             |             |
|    approx_kl                       | 0.003140279 |
|    clip_fraction                   | 0.0223      |
|    clip_range                      | 0.2         |
|    entropy_loss                    | -0.583      |
|    explained_variance              | 0.314       |
|    learning_rate                   | 0.000285    |
|    loss                            | -0.0138     |
|    n_updates                       | 2030        |
|    policy_gradient_loss            | -0.00222    |
|    value_loss                      | 3.53e-05    |
| valid/                             |             |
|    BTC-USDT-SWAP/compound_mdd_pct  | 41.9        |
|    BTC-USDT-SWAP/compound_multiple | 2.66        |
|    BTC-USDT-SWAP/max_single_loss   | -41.4       |
|    BTC-USDT-SWAP/near_liq_n        | 0           |
|    BTC-USDT-SWAP/near_liq_pct      | 0           |
|    BTC-USDT-SWAP/pnl_std           | 21.2        |
|    BTC-USDT-SWAP/sel_monthly_log   | -0.2        |
|    BTC-USDT-SWAP/total_pnl         | 155         |
|    BTC-USDT-SWAP/trades            | 28          |
|    BTC-USDT-SWAP/trades_per_month  | 2.37        |
|    BTC-USDT-SWAP/v9_score          | 646         |
|    BTC-USDT-SWAP/win_rate          | 0.571       |
|    ETH-USDT-SWAP/compound_mdd_pct  | 0.695       |
|    ETH-USDT-SWAP/compound_multiple | 0           |
|    ETH-USDT-SWAP/max_single_loss   | -100        |
|    ETH-USDT-SWAP/near_liq_n        | 3           |
|    ETH-USDT-SWAP/near_liq_pct      | 0.0625      |
|    ETH-USDT-SWAP/pnl_std           | 41.1        |
|    ETH-USDT-SWAP/total_pnl         | 163         |
|    ETH-USDT-SWAP/trades            | 48          |
|    ETH-USDT-SWAP/trades_per_month  | 4.06        |
|    ETH-USDT-SWAP/v9_score          | 686         |
|    ETH-USDT-SWAP/win_rate          | 0.646       |
|    min_v9_score                    | 646         |
----------------------------------------------------
------------------------------------------
| rollout/                |              |
|    ep_len_mean          | 4.32e+04     |
|    ep_rew_mean          | 0.0894       |
| time/                   |              |
|    fps                  | 1032         |
|    iterations           | 205          |
|    time_elapsed         | 2439         |
|    total_timesteps      | 2519040      |
| train/                  |              |
|    approx_kl            | 0.0033403495 |
|    clip_fraction        | 0.0175       |
|    clip_range           | 0.2          |
|    entropy_loss         | -0.575       |
|    explained_variance   | 0.246        |
|    learning_rate        | 0.000285     |
|    loss                 | -0.0105      |
|    n_updates            | 2040         |
|    policy_gradient_loss | -0.00168     |
|    value_loss           | 5.07e-05     |
------------------------------------------
------------------------------------------
| rollout/                |              |
|    ep_len_mean          | 4.32e+04     |
|    ep_rew_mean          | 0.0894       |
| time/                   |              |
|    fps                  | 1036         |
|    iterations           | 206          |
|    time_elapsed         | 2442         |
|    total_timesteps      | 2531328      |
| train/                  |              |
|    approx_kl            | 0.0034807895 |
|    clip_fraction        | 0.0245       |
|    clip_range           | 0.2          |
|    entropy_loss         | -0.58        |
|    explained_variance   | 0.204        |
|    learning_rate        | 0.000285     |
|    loss                 | -0.00757     |
|    n_updates            | 2050         |
|    policy_gradient_loss | -0.00219     |
|    value_loss           | 3.79e-05     |
------------------------------------------
------------------------------------------
| rollout/                |              |
|    ep_len_mean          | 4.32e+04     |
|    ep_rew_mean          | 0.0894       |
| time/                   |              |
|    fps                  | 1039         |
|    iterations           | 207          |
|    time_elapsed         | 2445         |
|    total_timesteps      | 2543616      |
| train/                  |              |
|    approx_kl            | 0.0029949564 |
|    clip_fraction        | 0.0221       |
|    clip_range           | 0.2          |
|    entropy_loss         | -0.568       |
|    explained_variance   | 0.289        |
|    learning_rate        | 0.000285     |
|    loss                 | -0.0156      |
|    n_updates            | 2060         |
|    policy_gradient_loss | -0.00191     |
|    value_loss           | 2.05e-05     |
------------------------------------------
------------------------------------------
| rollout/                |              |
|    ep_len_mean          | 4.32e+04     |
|    ep_rew_mean          | 0.0894       |
| time/                   |              |
|    fps                  | 1043         |
|    iterations           | 208          |
|    time_elapsed         | 2449         |
|    total_timesteps      | 2555904      |
| train/                  |              |
|    approx_kl            | 0.0038418516 |
|    clip_fraction        | 0.0294       |
|    clip_range           | 0.2          |
|    entropy_loss         | -0.557       |
|    explained_variance   | 0.148        |
|    learning_rate        | 0.000285     |
|    loss                 | -0.0113      |
|    n_updates            | 2070         |
|    policy_gradient_loss | -0.00242     |
|    value_loss           | 3.63e-05     |
------------------------------------------
------------------------------------------
| rollout/                |              |
|    ep_len_mean          | 4.32e+04     |
|    ep_rew_mean          | 0.0894       |
| time/                   |              |
|    fps                  | 1047         |
|    iterations           | 209          |
|    time_elapsed         | 2452         |
|    total_timesteps      | 2568192      |
| train/                  |              |
|    approx_kl            | 0.0035982374 |
|    clip_fraction        | 0.0207       |
|    clip_range           | 0.2          |
|    entropy_loss         | -0.586       |
|    explained_variance   | 0.273        |
|    learning_rate        | 0.000285     |
|    loss                 | -0.0108      |
|    n_updates            | 2080         |
|    policy_gradient_loss | -0.00209     |
|    value_loss           | 1.92e-05     |
------------------------------------------
------------------------------------------
| rollout/                |              |
|    ep_len_mean          | 4.32e+04     |
|    ep_rew_mean          | 0.0894       |
| time/                   |              |
|    fps                  | 1050         |
|    iterations           | 210          |
|    time_elapsed         | 2455         |
|    total_timesteps      | 2580480      |
| train/                  |              |
|    approx_kl            | 0.0025582006 |
|    clip_fraction        | 0.0125       |
|    clip_range           | 0.2          |
|    entropy_loss         | -0.565       |
|    explained_variance   | 0.243        |
|    learning_rate        | 0.000285     |
|    loss                 | -0.00702     |
|    n_updates            | 2090         |
|    policy_gradient_loss | -0.00133     |
|    value_loss           | 3.69e-05     |
------------------------------------------
-----------------------------------------
| rollout/                |             |
|    ep_len_mean          | 4.32e+04    |
|    ep_rew_mean          | 0.105       |
| time/                   |             |
|    fps                  | 1054        |
|    iterations           | 211         |
|    time_elapsed         | 2458        |
|    total_timesteps      | 2592768     |
| train/                  |             |
|    approx_kl            | 0.004842703 |
|    clip_fraction        | 0.0319      |
|    clip_range           | 0.2         |
|    entropy_loss         | -0.534      |
|    explained_variance   | 0.406       |
|    learning_rate        | 0.000285    |
|    loss                 | -0.0107     |
|    n_updates            | 2100        |
|    policy_gradient_loss | -0.00196    |
|    value_loss           | 3.53e-05    |
-----------------------------------------
------------------------------------------
| rollout/                |              |
|    ep_len_mean          | 4.32e+04     |
|    ep_rew_mean          | 0.105        |
| time/                   |              |
|    fps                  | 1058         |
|    iterations           | 212          |
|    time_elapsed         | 2461         |
|    total_timesteps      | 2605056      |
| train/                  |              |
|    approx_kl            | 0.0022591876 |
|    clip_fraction        | 0.017        |
|    clip_range           | 0.2          |
|    entropy_loss         | -0.557       |
|    explained_variance   | 0.305        |
|    learning_rate        | 0.000284     |
|    loss                 | -0.013       |
|    n_updates            | 2110         |
|    policy_gradient_loss | -0.00229     |
|    value_loss           | 3.19e-05     |
------------------------------------------
-----------------------------------------
| rollout/                |             |
|    ep_len_mean          | 4.32e+04    |
|    ep_rew_mean          | 0.105       |
| time/                   |             |
|    fps                  | 1061        |
|    iterations           | 213         |
|    time_elapsed         | 2464        |
|    total_timesteps      | 2617344     |
| train/                  |             |
|    approx_kl            | 0.002437385 |
|    clip_fraction        | 0.0139      |
|    clip_range           | 0.2         |
|    entropy_loss         | -0.531      |
|    explained_variance   | 0.264       |
|    learning_rate        | 0.000284    |
|    loss                 | -0.00646    |
|    n_updates            | 2120        |
|    policy_gradient_loss | -0.00119    |
|    value_loss           | 3.68e-05    |
-----------------------------------------
------------------------------------------
| rollout/                |              |
|    ep_len_mean          | 4.32e+04     |
|    ep_rew_mean          | 0.105        |
| time/                   |              |
|    fps                  | 1065         |
|    iterations           | 214          |
|    time_elapsed         | 2467         |
|    total_timesteps      | 2629632      |
| train/                  |              |
|    approx_kl            | 0.0043739076 |
|    clip_fraction        | 0.0288       |
|    clip_range           | 0.2          |
|    entropy_loss         | -0.509       |
|    explained_variance   | 0.462        |
|    learning_rate        | 0.000284     |
|    loss                 | -0.00467     |
|    n_updates            | 2130         |
|    policy_gradient_loss | -0.00151     |
|    value_loss           | 2.55e-05     |
------------------------------------------
------------------------------------------
| rollout/                |              |
|    ep_len_mean          | 4.32e+04     |
|    ep_rew_mean          | 0.105        |
| time/                   |              |
|    fps                  | 1069         |
|    iterations           | 215          |
|    time_elapsed         | 2471         |
|    total_timesteps      | 2641920      |
| train/                  |              |
|    approx_kl            | 0.0042966944 |
|    clip_fraction        | 0.0363       |
|    clip_range           | 0.2          |
|    entropy_loss         | -0.529       |
|    explained_variance   | 0.237        |
|    learning_rate        | 0.000284     |
|    loss                 | -0.00669     |
|    n_updates            | 2140         |
|    policy_gradient_loss | -0.00218     |
|    value_loss           | 4.45e-05     |
------------------------------------------
-----------------------------------------
| rollout/                |             |
|    ep_len_mean          | 4.32e+04    |
|    ep_rew_mean          | 0.105       |
| time/                   |             |
|    fps                  | 1072        |
|    iterations           | 216         |
|    time_elapsed         | 2474        |
|    total_timesteps      | 2654208     |
| train/                  |             |
|    approx_kl            | 0.003090468 |
|    clip_fraction        | 0.0187      |
|    clip_range           | 0.2         |
|    entropy_loss         | -0.51       |
|    explained_variance   | 0.315       |
|    learning_rate        | 0.000284    |
|    loss                 | -0.017      |
|    n_updates            | 2150        |
|    policy_gradient_loss | -0.00165    |
|    value_loss           | 3.23e-05    |
-----------------------------------------
------------------------------------------
| rollout/                |              |
|    ep_len_mean          | 4.32e+04     |
|    ep_rew_mean          | 0.105        |
| time/                   |              |
|    fps                  | 1076         |
|    iterations           | 217          |
|    time_elapsed         | 2477         |
|    total_timesteps      | 2666496      |
| train/                  |              |
|    approx_kl            | 0.0022587422 |
|    clip_fraction        | 0.0163       |
|    clip_range           | 0.2          |
|    entropy_loss         | -0.506       |
|    explained_variance   | 0.29         |
|    learning_rate        | 0.000284     |
|    loss                 | -0.00895     |
|    n_updates            | 2160         |
|    policy_gradient_loss | -0.000977    |
|    value_loss           | 3.77e-05     |
------------------------------------------
------------------------------------------
| rollout/                |              |
|    ep_len_mean          | 4.32e+04     |
|    ep_rew_mean          | 0.105        |
| time/                   |              |
|    fps                  | 1079         |
|    iterations           | 218          |
|    time_elapsed         | 2480         |
|    total_timesteps      | 2678784      |
| train/                  |              |
|    approx_kl            | 0.0025065038 |
|    clip_fraction        | 0.0178       |
|    clip_range           | 0.2          |
|    entropy_loss         | -0.544       |
|    explained_variance   | 0.455        |
|    learning_rate        | 0.000284     |
|    loss                 | -5.15e-06    |
|    n_updates            | 2170         |
|    policy_gradient_loss | -0.00167     |
|    value_loss           | 3.09e-05     |
------------------------------------------
------------------------------------------
| rollout/                |              |
|    ep_len_mean          | 4.32e+04     |
|    ep_rew_mean          | 0.105        |
| time/                   |              |
|    fps                  | 1083         |
|    iterations           | 219          |
|    time_elapsed         | 2483         |
|    total_timesteps      | 2691072      |
| train/                  |              |
|    approx_kl            | 0.0026296359 |
|    clip_fraction        | 0.0195       |
|    clip_range           | 0.2          |
|    entropy_loss         | -0.5         |
|    explained_variance   | 0.375        |
|    learning_rate        | 0.000284     |
|    loss                 | -0.00684     |
|    n_updates            | 2180         |
|    policy_gradient_loss | -0.002       |
|    value_loss           | 3.41e-05     |
------------------------------------------
------------------------------------------
| rollout/                |              |
|    ep_len_mean          | 4.32e+04     |
|    ep_rew_mean          | 0.105        |
| time/                   |              |
|    fps                  | 1087         |
|    iterations           | 220          |
|    time_elapsed         | 2486         |
|    total_timesteps      | 2703360      |
| train/                  |              |
|    approx_kl            | 0.0029448401 |
|    clip_fraction        | 0.0226       |
|    clip_range           | 0.2          |
|    entropy_loss         | -0.536       |
|    explained_variance   | 0.294        |
|    learning_rate        | 0.000284     |
|    loss                 | -0.0134      |
|    n_updates            | 2190         |
|    policy_gradient_loss | -0.00209     |
|    value_loss           | 3.29e-05     |
------------------------------------------
------------------------------------------
| rollout/                |              |
|    ep_len_mean          | 4.32e+04     |
|    ep_rew_mean          | 0.105        |
| time/                   |              |
|    fps                  | 1090         |
|    iterations           | 221          |
|    time_elapsed         | 2489         |
|    total_timesteps      | 2715648      |
| train/                  |              |
|    approx_kl            | 0.0030044715 |
|    clip_fraction        | 0.0171       |
|    clip_range           | 0.2          |
|    entropy_loss         | -0.522       |
|    explained_variance   | 0.0948       |
|    learning_rate        | 0.000284     |
|    loss                 | -0.00318     |
|    n_updates            | 2200         |
|    policy_gradient_loss | -0.00129     |
|    value_loss           | 2.99e-05     |
------------------------------------------
-----------------------------------------
| rollout/                |             |
|    ep_len_mean          | 4.32e+04    |
|    ep_rew_mean          | 0.105       |
| time/                   |             |
|    fps                  | 1094        |
|    iterations           | 222         |
|    time_elapsed         | 2492        |
|    total_timesteps      | 2727936     |
| train/                  |             |
|    approx_kl            | 0.003293961 |
|    clip_fraction        | 0.0162      |
|    clip_range           | 0.2         |
|    entropy_loss         | -0.547      |
|    explained_variance   | 0.215       |
|    learning_rate        | 0.000284    |
|    loss                 | -0.00391    |
|    n_updates            | 2210        |
|    policy_gradient_loss | -0.00103    |
|    value_loss           | 3.99e-05    |
-----------------------------------------
------------------------------------------
| rollout/                |              |
|    ep_len_mean          | 4.32e+04     |
|    ep_rew_mean          | 0.105        |
| time/                   |              |
|    fps                  | 1097         |
|    iterations           | 223          |
|    time_elapsed         | 2495         |
|    total_timesteps      | 2740224      |
| train/                  |              |
|    approx_kl            | 0.0022260991 |
|    clip_fraction        | 0.0132       |
|    clip_range           | 0.2          |
|    entropy_loss         | -0.552       |
|    explained_variance   | 0.449        |
|    learning_rate        | 0.000284     |
|    loss                 | -0.00294     |
|    n_updates            | 2220         |
|    policy_gradient_loss | -0.000972    |
|    value_loss           | 2.68e-05     |
------------------------------------------
------------------------------------------
| rollout/                |              |
|    ep_len_mean          | 4.32e+04     |
|    ep_rew_mean          | 0.105        |
| time/                   |              |
|    fps                  | 1101         |
|    iterations           | 224          |
|    time_elapsed         | 2498         |
|    total_timesteps      | 2752512      |
| train/                  |              |
|    approx_kl            | 0.0029277056 |
|    clip_fraction        | 0.018        |
|    clip_range           | 0.2          |
|    entropy_loss         | -0.561       |
|    explained_variance   | 0.405        |
|    learning_rate        | 0.000284     |
|    loss                 | -0.00821     |
|    n_updates            | 2230         |
|    policy_gradient_loss | -0.00172     |
|    value_loss           | 3.02e-05     |
------------------------------------------
-----------------------------------------
| rollout/                |             |
|    ep_len_mean          | 4.32e+04    |
|    ep_rew_mean          | 0.105       |
| time/                   |             |
|    fps                  | 1104        |
|    iterations           | 225         |
|    time_elapsed         | 2502        |
|    total_timesteps      | 2764800     |
| train/                  |             |
|    approx_kl            | 0.003990793 |
|    clip_fraction        | 0.0195      |
|    clip_range           | 0.2         |
|    entropy_loss         | -0.553      |
|    explained_variance   | 0.54        |
|    learning_rate        | 0.000283    |
|    loss                 | -0.00912    |
|    n_updates            | 2240        |
|    policy_gradient_loss | -0.00152    |
|    value_loss           | 2.91e-05    |
-----------------------------------------
-----------------------------------------
| rollout/                |             |
|    ep_len_mean          | 4.32e+04    |
|    ep_rew_mean          | 0.105       |
| time/                   |             |
|    fps                  | 1108        |
|    iterations           | 226         |
|    time_elapsed         | 2505        |
|    total_timesteps      | 2777088     |
| train/                  |             |
|    approx_kl            | 0.002596291 |
|    clip_fraction        | 0.0179      |
|    clip_range           | 0.2         |
|    entropy_loss         | -0.586      |
|    explained_variance   | 0.365       |
|    learning_rate        | 0.000283    |
|    loss                 | -0.0154     |
|    n_updates            | 2250        |
|    policy_gradient_loss | -0.00135    |
|    value_loss           | 2.19e-05    |
-----------------------------------------
------------------------------------------
| rollout/                |              |
|    ep_len_mean          | 4.32e+04     |
|    ep_rew_mean          | 0.105        |
| time/                   |              |
|    fps                  | 1111         |
|    iterations           | 227          |
|    time_elapsed         | 2508         |
|    total_timesteps      | 2789376      |
| train/                  |              |
|    approx_kl            | 0.0032373506 |
|    clip_fraction        | 0.0223       |
|    clip_range           | 0.2          |
|    entropy_loss         | -0.488       |
|    explained_variance   | 0.366        |
|    learning_rate        | 0.000283     |
|    loss                 | -0.00692     |
|    n_updates            | 2260         |
|    policy_gradient_loss | -0.00202     |
|    value_loss           | 7.76e-05     |
------------------------------------------
-----------------------------------------
| rollout/                |             |
|    ep_len_mean          | 4.32e+04    |
|    ep_rew_mean          | 0.105       |
| time/                   |             |
|    fps                  | 1115        |
|    iterations           | 228         |
|    time_elapsed         | 2511        |
|    total_timesteps      | 2801664     |
| train/                  |             |
|    approx_kl            | 0.004153695 |
|    clip_fraction        | 0.0303      |
|    clip_range           | 0.2         |
|    entropy_loss         | -0.572      |
|    explained_variance   | 0.165       |
|    learning_rate        | 0.000283    |
|    loss                 | -0.00956    |
|    n_updates            | 2270        |
|    policy_gradient_loss | -0.0029     |
|    value_loss           | 5.06e-05    |
-----------------------------------------
------------------------------------------
| rollout/                |              |
|    ep_len_mean          | 4.32e+04     |
|    ep_rew_mean          | 0.105        |
| time/                   |              |
|    fps                  | 1119         |
|    iterations           | 229          |
|    time_elapsed         | 2514         |
|    total_timesteps      | 2813952      |
| train/                  |              |
|    approx_kl            | 0.0034612447 |
|    clip_fraction        | 0.0233       |
|    clip_range           | 0.2          |
|    entropy_loss         | -0.564       |
|    explained_variance   | 0.308        |
|    learning_rate        | 0.000283     |
|    loss                 | -0.00899     |
|    n_updates            | 2280         |
|    policy_gradient_loss | -0.00159     |
|    value_loss           | 7.17e-05     |
------------------------------------------
------------------------------------------
| rollout/                |              |
|    ep_len_mean          | 4.32e+04     |
|    ep_rew_mean          | 0.105        |
| time/                   |              |
|    fps                  | 1122         |
|    iterations           | 230          |
|    time_elapsed         | 2517         |
|    total_timesteps      | 2826240      |
| train/                  |              |
|    approx_kl            | 0.0029952545 |
|    clip_fraction        | 0.0171       |
|    clip_range           | 0.2          |
|    entropy_loss         | -0.528       |
|    explained_variance   | 0.242        |
|    learning_rate        | 0.000283     |
|    loss                 | -0.00519     |
|    n_updates            | 2290         |
|    policy_gradient_loss | -0.00175     |
|    value_loss           | 4.2e-05      |
------------------------------------------
------------------------------------------
| rollout/                |              |
|    ep_len_mean          | 4.32e+04     |
|    ep_rew_mean          | 0.105        |
| time/                   |              |
|    fps                  | 1126         |
|    iterations           | 231          |
|    time_elapsed         | 2520         |
|    total_timesteps      | 2838528      |
| train/                  |              |
|    approx_kl            | 0.0035030663 |
|    clip_fraction        | 0.0187       |
|    clip_range           | 0.2          |
|    entropy_loss         | -0.539       |
|    explained_variance   | 0.303        |
|    learning_rate        | 0.000283     |
|    loss                 | -0.00485     |
|    n_updates            | 2300         |
|    policy_gradient_loss | -0.00194     |
|    value_loss           | 5.69e-05     |
------------------------------------------
------------------------------------------
| rollout/                |              |
|    ep_len_mean          | 4.32e+04     |
|    ep_rew_mean          | 0.105        |
| time/                   |              |
|    fps                  | 1129         |
|    iterations           | 232          |
|    time_elapsed         | 2523         |
|    total_timesteps      | 2850816      |
| train/                  |              |
|    approx_kl            | 0.0032986135 |
|    clip_fraction        | 0.0218       |
|    clip_range           | 0.2          |
|    entropy_loss         | -0.481       |
|    explained_variance   | 0.368        |
|    learning_rate        | 0.000283     |
|    loss                 | -0.007       |
|    n_updates            | 2310         |
|    policy_gradient_loss | -0.00171     |
|    value_loss           | 8.33e-05     |
------------------------------------------
------------------------------------------
| rollout/                |              |
|    ep_len_mean          | 4.32e+04     |
|    ep_rew_mean          | 0.139        |
| time/                   |              |
|    fps                  | 1133         |
|    iterations           | 233          |
|    time_elapsed         | 2526         |
|    total_timesteps      | 2863104      |
| train/                  |              |
|    approx_kl            | 0.0034432944 |
|    clip_fraction        | 0.0204       |
|    clip_range           | 0.2          |
|    entropy_loss         | -0.533       |
|    explained_variance   | 0.359        |
|    learning_rate        | 0.000283     |
|    loss                 | -0.00557     |
|    n_updates            | 2320         |
|    policy_gradient_loss | -0.00189     |
|    value_loss           | 7.29e-05     |
------------------------------------------
------------------------------------------
| rollout/                |              |
|    ep_len_mean          | 4.32e+04     |
|    ep_rew_mean          | 0.139        |
| time/                   |              |
|    fps                  | 1136         |
|    iterations           | 234          |
|    time_elapsed         | 2529         |
|    total_timesteps      | 2875392      |
| train/                  |              |
|    approx_kl            | 0.0045842757 |
|    clip_fraction        | 0.0279       |
|    clip_range           | 0.2          |
|    entropy_loss         | -0.554       |
|    explained_variance   | 0.232        |
|    learning_rate        | 0.000283     |
|    loss                 | -0.0033      |
|    n_updates            | 2330         |
|    policy_gradient_loss | -0.00223     |
|    value_loss           | 4e-05        |
------------------------------------------
------------------------------------------
| rollout/                |              |
|    ep_len_mean          | 4.32e+04     |
|    ep_rew_mean          | 0.139        |
| time/                   |              |
|    fps                  | 1140         |
|    iterations           | 235          |
|    time_elapsed         | 2532         |
|    total_timesteps      | 2887680      |
| train/                  |              |
|    approx_kl            | 0.0034507301 |
|    clip_fraction        | 0.0353       |
|    clip_range           | 0.2          |
|    entropy_loss         | -0.491       |
|    explained_variance   | 0.206        |
|    learning_rate        | 0.000283     |
|    loss                 | -0.00932     |
|    n_updates            | 2340         |
|    policy_gradient_loss | -0.00189     |
|    value_loss           | 4.75e-05     |
------------------------------------------
------------------------------------------
| rollout/                |              |
|    ep_len_mean          | 4.32e+04     |
|    ep_rew_mean          | 0.139        |
| time/                   |              |
|    fps                  | 1143         |
|    iterations           | 236          |
|    time_elapsed         | 2535         |
|    total_timesteps      | 2899968      |
| train/                  |              |
|    approx_kl            | 0.0029702585 |
|    clip_fraction        | 0.0178       |
|    clip_range           | 0.2          |
|    entropy_loss         | -0.501       |
|    explained_variance   | 0.327        |
|    learning_rate        | 0.000283     |
|    loss                 | -0.0046      |
|    n_updates            | 2350         |
|    policy_gradient_loss | -0.00124     |
|    value_loss           | 4.13e-05     |
------------------------------------------
------------------------------------------
| rollout/                |              |
|    ep_len_mean          | 4.32e+04     |
|    ep_rew_mean          | 0.139        |
| time/                   |              |
|    fps                  | 1147         |
|    iterations           | 237          |
|    time_elapsed         | 2538         |
|    total_timesteps      | 2912256      |
| train/                  |              |
|    approx_kl            | 0.0021006977 |
|    clip_fraction        | 0.0209       |
|    clip_range           | 0.2          |
|    entropy_loss         | -0.504       |
|    explained_variance   | 0.329        |
|    learning_rate        | 0.000283     |
|    loss                 | -0.00724     |
|    n_updates            | 2360         |
|    policy_gradient_loss | -0.00137     |
|    value_loss           | 4.39e-05     |
------------------------------------------
------------------------------------------
| rollout/                |              |
|    ep_len_mean          | 4.32e+04     |
|    ep_rew_mean          | 0.139        |
| time/                   |              |
|    fps                  | 1150         |
|    iterations           | 238          |
|    time_elapsed         | 2541         |
|    total_timesteps      | 2924544      |
| train/                  |              |
|    approx_kl            | 0.0033291553 |
|    clip_fraction        | 0.0324       |
|    clip_range           | 0.2          |
|    entropy_loss         | -0.564       |
|    explained_variance   | 0.379        |
|    learning_rate        | 0.000283     |
|    loss                 | -0.00438     |
|    n_updates            | 2370         |
|    policy_gradient_loss | -0.00213     |
|    value_loss           | 4.3e-05      |
------------------------------------------
------------------------------------------
| rollout/                |              |
|    ep_len_mean          | 4.32e+04     |
|    ep_rew_mean          | 0.139        |
| time/                   |              |
|    fps                  | 1153         |
|    iterations           | 239          |
|    time_elapsed         | 2544         |
|    total_timesteps      | 2936832      |
| train/                  |              |
|    approx_kl            | 0.0033393167 |
|    clip_fraction        | 0.0254       |
|    clip_range           | 0.2          |
|    entropy_loss         | -0.489       |
|    explained_variance   | 0.222        |
|    learning_rate        | 0.000282     |
|    loss                 | -0.00771     |
|    n_updates            | 2380         |
|    policy_gradient_loss | -0.00159     |
|    value_loss           | 5.55e-05     |
------------------------------------------
------------------------------------------
| rollout/                |              |
|    ep_len_mean          | 4.32e+04     |
|    ep_rew_mean          | 0.139        |
| time/                   |              |
|    fps                  | 1157         |
|    iterations           | 240          |
|    time_elapsed         | 2547         |
|    total_timesteps      | 2949120      |
| train/                  |              |
|    approx_kl            | 0.0014524466 |
|    clip_fraction        | 0.0105       |
|    clip_range           | 0.2          |
|    entropy_loss         | -0.495       |
|    explained_variance   | 0.28         |
|    learning_rate        | 0.000282     |
|    loss                 | -0.00543     |
|    n_updates            | 2390         |
|    policy_gradient_loss | -0.00142     |
|    value_loss           | 7.66e-05     |
------------------------------------------
-----------------------------------------
| rollout/                |             |
|    ep_len_mean          | 4.32e+04    |
|    ep_rew_mean          | 0.139       |
| time/                   |             |
|    fps                  | 1160        |
|    iterations           | 241         |
|    time_elapsed         | 2550        |
|    total_timesteps      | 2961408     |
| train/                  |             |
|    approx_kl            | 0.002476867 |
|    clip_fraction        | 0.0261      |
|    clip_range           | 0.2         |
|    entropy_loss         | -0.461      |
|    explained_variance   | -0.0216     |
|    learning_rate        | 0.000282    |
|    loss                 | -0.00186    |
|    n_updates            | 2400        |
|    policy_gradient_loss | -0.00151    |
|    value_loss           | 7.3e-05     |
-----------------------------------------
------------------------------------------
| rollout/                |              |
|    ep_len_mean          | 4.32e+04     |
|    ep_rew_mean          | 0.139        |
| time/                   |              |
|    fps                  | 1164         |
|    iterations           | 242          |
|    time_elapsed         | 2554         |
|    total_timesteps      | 2973696      |
| train/                  |              |
|    approx_kl            | 0.0027539916 |
|    clip_fraction        | 0.0192       |
|    clip_range           | 0.2          |
|    entropy_loss         | -0.461       |
|    explained_variance   | 0.267        |
|    learning_rate        | 0.000282     |
|    loss                 | -0.00858     |
|    n_updates            | 2410         |
|    policy_gradient_loss | -0.00176     |
|    value_loss           | 5.62e-05     |
------------------------------------------
-----------------------------------------
| rollout/                |             |
|    ep_len_mean          | 4.32e+04    |
|    ep_rew_mean          | 0.139       |
| time/                   |             |
|    fps                  | 1167        |
|    iterations           | 243         |
|    time_elapsed         | 2557        |
|    total_timesteps      | 2985984     |
| train/                  |             |
|    approx_kl            | 0.004451489 |
|    clip_fraction        | 0.0316      |
|    clip_range           | 0.2         |
|    entropy_loss         | -0.481      |
|    explained_variance   | 0.259       |
|    learning_rate        | 0.000282    |
|    loss                 | -0.00667    |
|    n_updates            | 2420        |
|    policy_gradient_loss | -0.0017     |
|    value_loss           | 4.51e-05    |
-----------------------------------------
------------------------------------------
| rollout/                |              |
|    ep_len_mean          | 4.32e+04     |
|    ep_rew_mean          | 0.139        |
| time/                   |              |
|    fps                  | 1170         |
|    iterations           | 244          |
|    time_elapsed         | 2560         |
|    total_timesteps      | 2998272      |
| train/                  |              |
|    approx_kl            | 0.0026528772 |
|    clip_fraction        | 0.022        |
|    clip_range           | 0.2          |
|    entropy_loss         | -0.43        |
|    explained_variance   | 0.286        |
|    learning_rate        | 0.000282     |
|    loss                 | -0.00164     |
|    n_updates            | 2430         |
|    policy_gradient_loss | -0.00206     |
|    value_loss           | 7.91e-05     |
------------------------------------------
-----------------------------------------------------
| rollout/                           |              |
|    ep_len_mean                     | 4.32e+04     |
|    ep_rew_mean                     | 0.139        |
| time/                              |              |
|    fps                             | 1021         |
|    iterations                      | 245          |
|    time_elapsed                    | 2947         |
|    total_timesteps                 | 3010560      |
| train/                             |              |
|    approx_kl                       | 0.0022895187 |
|    clip_fraction                   | 0.014        |
|    clip_range                      | 0.2          |
|    entropy_loss                    | -0.503       |
|    explained_variance              | 0.258        |
|    learning_rate                   | 0.000282     |
|    loss                            | -0.00227     |
|    n_updates                       | 2440         |
|    policy_gradient_loss            | -0.00157     |
|    value_loss                      | 5.43e-05     |
| valid/                             |              |
|    BTC-USDT-SWAP/compound_mdd_pct  | 27.9         |
|    BTC-USDT-SWAP/compound_multiple | 2.42         |
|    BTC-USDT-SWAP/max_single_loss   | -27.9        |
|    BTC-USDT-SWAP/near_liq_n        | 0            |
|    BTC-USDT-SWAP/near_liq_pct      | 0            |
|    BTC-USDT-SWAP/pnl_std           | 48.1         |
|    BTC-USDT-SWAP/sel_monthly_log   | -0.179       |
|    BTC-USDT-SWAP/total_pnl         | 145          |
|    BTC-USDT-SWAP/trades            | 7            |
|    BTC-USDT-SWAP/trades_per_month  | 0.592        |
|    BTC-USDT-SWAP/v9_score          | 728          |
|    BTC-USDT-SWAP/win_rate          | 0.714        |
|    ETH-USDT-SWAP/compound_mdd_pct  | 0            |
|    ETH-USDT-SWAP/compound_multiple | 0            |
|    ETH-USDT-SWAP/max_single_loss   | -100         |
|    ETH-USDT-SWAP/near_liq_n        | 3            |
|    ETH-USDT-SWAP/near_liq_pct      | 0.143        |
|    ETH-USDT-SWAP/pnl_std           | 69.2         |
|    ETH-USDT-SWAP/total_pnl         | 172          |
|    ETH-USDT-SWAP/trades            | 21           |
|    ETH-USDT-SWAP/trades_per_month  | 1.78         |
|    ETH-USDT-SWAP/v9_score          | 549          |
|    ETH-USDT-SWAP/win_rate          | 0.571        |
|    min_v9_score                    | 549          |
-----------------------------------------------------
-----------------------------------------
| rollout/                |             |
|    ep_len_mean          | 4.32e+04    |
|    ep_rew_mean          | 0.139       |
| time/                   |             |
|    fps                  | 1024        |
|    iterations           | 246         |
|    time_elapsed         | 2950        |
|    total_timesteps      | 3022848     |
| train/                  |             |
|    approx_kl            | 0.003588478 |
|    clip_fraction        | 0.0306      |
|    clip_range           | 0.2         |
|    entropy_loss         | -0.503      |
|    explained_variance   | 0.468       |
|    learning_rate        | 0.000282    |
|    loss                 | -0.00873    |
|    n_updates            | 2450        |
|    policy_gradient_loss | -0.00212    |
|    value_loss           | 4.16e-05    |
-----------------------------------------
-----------------------------------------
| rollout/                |             |
|    ep_len_mean          | 4.32e+04    |
|    ep_rew_mean          | 0.139       |
| time/                   |             |
|    fps                  | 1027        |
|    iterations           | 247         |
|    time_elapsed         | 2953        |
|    total_timesteps      | 3035136     |
| train/                  |             |
|    approx_kl            | 0.002893498 |
|    clip_fraction        | 0.0209      |
|    clip_range           | 0.2         |
|    entropy_loss         | -0.483      |
|    explained_variance   | 0.267       |
|    learning_rate        | 0.000282    |
|    loss                 | -0.00942    |
|    n_updates            | 2460        |
|    policy_gradient_loss | -0.00128    |
|    value_loss           | 3.22e-05    |
-----------------------------------------
----------------------------------------
| rollout/                |            |
|    ep_len_mean          | 4.32e+04   |
|    ep_rew_mean          | 0.139      |
| time/                   |            |
|    fps                  | 1030       |
|    iterations           | 248        |
|    time_elapsed         | 2956       |
|    total_timesteps      | 3047424    |
| train/                  |            |
|    approx_kl            | 0.00300652 |
|    clip_fraction        | 0.0166     |
|    clip_range           | 0.2        |
|    entropy_loss         | -0.474     |
|    explained_variance   | 0.453      |
|    learning_rate        | 0.000282   |
|    loss                 | -0.00735   |
|    n_updates            | 2470       |
|    policy_gradient_loss | -0.00152   |
|    value_loss           | 3.1e-05    |
----------------------------------------
------------------------------------------
| rollout/                |              |
|    ep_len_mean          | 4.32e+04     |
|    ep_rew_mean          | 0.139        |
| time/                   |              |
|    fps                  | 1034         |
|    iterations           | 249          |
|    time_elapsed         | 2959         |
|    total_timesteps      | 3059712      |
| train/                  |              |
|    approx_kl            | 0.0024510727 |
|    clip_fraction        | 0.0144       |
|    clip_range           | 0.2          |
|    entropy_loss         | -0.48        |
|    explained_variance   | 0.18         |
|    learning_rate        | 0.000282     |
|    loss                 | -0.00652     |
|    n_updates            | 2480         |
|    policy_gradient_loss | -0.000751    |
|    value_loss           | 5.11e-05     |
------------------------------------------
------------------------------------------
| rollout/                |              |
|    ep_len_mean          | 4.32e+04     |
|    ep_rew_mean          | 0.139        |
| time/                   |              |
|    fps                  | 1037         |
|    iterations           | 250          |
|    time_elapsed         | 2962         |
|    total_timesteps      | 3072000      |
| train/                  |              |
|    approx_kl            | 0.0023665337 |
|    clip_fraction        | 0.0167       |
|    clip_range           | 0.2          |
|    entropy_loss         | -0.466       |
|    explained_variance   | 0.268        |
|    learning_rate        | 0.000282     |
|    loss                 | -0.00358     |
|    n_updates            | 2490         |
|    policy_gradient_loss | -0.00144     |
|    value_loss           | 4.84e-05     |
------------------------------------------
-----------------------------------------
| rollout/                |             |
|    ep_len_mean          | 4.32e+04    |
|    ep_rew_mean          | 0.139       |
| time/                   |             |
|    fps                  | 1040        |
|    iterations           | 251         |
|    time_elapsed         | 2965        |
|    total_timesteps      | 3084288     |
| train/                  |             |
|    approx_kl            | 0.002669281 |
|    clip_fraction        | 0.0184      |
|    clip_range           | 0.2         |
|    entropy_loss         | -0.469      |
|    explained_variance   | 0.281       |
|    learning_rate        | 0.000282    |
|    loss                 | -0.00754    |
|    n_updates            | 2500        |
|    policy_gradient_loss | -0.00168    |
|    value_loss           | 5.84e-05    |
-----------------------------------------
------------------------------------------
| rollout/                |              |
|    ep_len_mean          | 4.32e+04     |
|    ep_rew_mean          | 0.139        |
| time/                   |              |
|    fps                  | 1043         |
|    iterations           | 252          |
|    time_elapsed         | 2968         |
|    total_timesteps      | 3096576      |
| train/                  |              |
|    approx_kl            | 0.0032961604 |
|    clip_fraction        | 0.0273       |
|    clip_range           | 0.2          |
|    entropy_loss         | -0.468       |
|    explained_variance   | 0.264        |
|    learning_rate        | 0.000281     |
|    loss                 | -0.00651     |
|    n_updates            | 2510         |
|    policy_gradient_loss | -0.00206     |
|    value_loss           | 6.73e-05     |
------------------------------------------
------------------------------------------
| rollout/                |              |
|    ep_len_mean          | 4.32e+04     |
|    ep_rew_mean          | 0.139        |
| time/                   |              |
|    fps                  | 1046         |
|    iterations           | 253          |
|    time_elapsed         | 2971         |
|    total_timesteps      | 3108864      |
| train/                  |              |
|    approx_kl            | 0.0031669308 |
|    clip_fraction        | 0.0247       |
|    clip_range           | 0.2          |
|    entropy_loss         | -0.52        |
|    explained_variance   | 0.335        |
|    learning_rate        | 0.000281     |
|    loss                 | -0.0109      |
|    n_updates            | 2520         |
|    policy_gradient_loss | -0.00242     |
|    value_loss           | 3.81e-05     |
------------------------------------------
------------------------------------------
| rollout/                |              |
|    ep_len_mean          | 4.32e+04     |
|    ep_rew_mean          | 0.176        |
| time/                   |              |
|    fps                  | 1049         |
|    iterations           | 254          |
|    time_elapsed         | 2974         |
|    total_timesteps      | 3121152      |
| train/                  |              |
|    approx_kl            | 0.0029455647 |
|    clip_fraction        | 0.0196       |
|    clip_range           | 0.2          |
|    entropy_loss         | -0.507       |
|    explained_variance   | 0.434        |
|    learning_rate        | 0.000281     |
|    loss                 | -0.00604     |
|    n_updates            | 2530         |
|    policy_gradient_loss | -0.00239     |
|    value_loss           | 7.25e-05     |
------------------------------------------
-----------------------------------------
| rollout/                |             |
|    ep_len_mean          | 4.32e+04    |
|    ep_rew_mean          | 0.176       |
| time/                   |             |
|    fps                  | 1052        |
|    iterations           | 255         |
|    time_elapsed         | 2977        |
|    total_timesteps      | 3133440     |
| train/                  |             |
|    approx_kl            | 0.003652988 |
|    clip_fraction        | 0.0362      |
|    clip_range           | 0.2         |
|    entropy_loss         | -0.47       |
|    explained_variance   | 0.595       |
|    learning_rate        | 0.000281    |
|    loss                 | -0.00968    |
|    n_updates            | 2540        |
|    policy_gradient_loss | -0.00221    |
|    value_loss           | 4.28e-05    |
-----------------------------------------
----------------------------------------
| rollout/                |            |
|    ep_len_mean          | 4.32e+04   |
|    ep_rew_mean          | 0.176      |
| time/                   |            |
|    fps                  | 1055       |
|    iterations           | 256        |
|    time_elapsed         | 2980       |
|    total_timesteps      | 3145728    |
| train/                  |            |
|    approx_kl            | 0.00302203 |
|    clip_fraction        | 0.0177     |
|    clip_range           | 0.2        |
|    entropy_loss         | -0.497     |
|    explained_variance   | 0.575      |
|    learning_rate        | 0.000281   |
|    loss                 | -0.00801   |
|    n_updates            | 2550       |
|    policy_gradient_loss | -0.00129   |
|    value_loss           | 3.63e-05   |
----------------------------------------
------------------------------------------
| rollout/                |              |
|    ep_len_mean          | 4.32e+04     |
|    ep_rew_mean          | 0.176        |
| time/                   |              |
|    fps                  | 1058         |
|    iterations           | 257          |
|    time_elapsed         | 2983         |
|    total_timesteps      | 3158016      |
| train/                  |              |
|    approx_kl            | 0.0035548452 |
|    clip_fraction        | 0.0314       |
|    clip_range           | 0.2          |
|    entropy_loss         | -0.507       |
|    explained_variance   | 0.578        |
|    learning_rate        | 0.000281     |
|    loss                 | -0.00828     |
|    n_updates            | 2560         |
|    policy_gradient_loss | -0.00226     |
|    value_loss           | 3.1e-05      |
------------------------------------------
-----------------------------------------
| rollout/                |             |
|    ep_len_mean          | 4.32e+04    |
|    ep_rew_mean          | 0.176       |
| time/                   |             |
|    fps                  | 1061        |
|    iterations           | 258         |
|    time_elapsed         | 2986        |
|    total_timesteps      | 3170304     |
| train/                  |             |
|    approx_kl            | 0.002477961 |
|    clip_fraction        | 0.0142      |
|    clip_range           | 0.2         |
|    entropy_loss         | -0.482      |
|    explained_variance   | 0.577       |
|    learning_rate        | 0.000281    |
|    loss                 | -0.0047     |
|    n_updates            | 2570        |
|    policy_gradient_loss | -0.00198    |
|    value_loss           | 3.67e-05    |
-----------------------------------------
------------------------------------------
| rollout/                |              |
|    ep_len_mean          | 4.32e+04     |
|    ep_rew_mean          | 0.176        |
| time/                   |              |
|    fps                  | 1064         |
|    iterations           | 259          |
|    time_elapsed         | 2990         |
|    total_timesteps      | 3182592      |
| train/                  |              |
|    approx_kl            | 0.0037468032 |
|    clip_fraction        | 0.0235       |
|    clip_range           | 0.2          |
|    entropy_loss         | -0.494       |
|    explained_variance   | 0.554        |
|    learning_rate        | 0.000281     |
|    loss                 | -0.00412     |
|    n_updates            | 2580         |
|    policy_gradient_loss | -0.00221     |
|    value_loss           | 3.07e-05     |
------------------------------------------
------------------------------------------
| rollout/                |              |
|    ep_len_mean          | 4.32e+04     |
|    ep_rew_mean          | 0.176        |
| time/                   |              |
|    fps                  | 1067         |
|    iterations           | 260          |
|    time_elapsed         | 2993         |
|    total_timesteps      | 3194880      |
| train/                  |              |
|    approx_kl            | 0.0028672556 |
|    clip_fraction        | 0.0122       |
|    clip_range           | 0.2          |
|    entropy_loss         | -0.477       |
|    explained_variance   | 0.407        |
|    learning_rate        | 0.000281     |
|    loss                 | -0.0113      |
|    n_updates            | 2590         |
|    policy_gradient_loss | -0.00127     |
|    value_loss           | 4.75e-05     |
------------------------------------------
------------------------------------------
| rollout/                |              |
|    ep_len_mean          | 4.32e+04     |
|    ep_rew_mean          | 0.176        |
| time/                   |              |
|    fps                  | 1070         |
|    iterations           | 261          |
|    time_elapsed         | 2996         |
|    total_timesteps      | 3207168      |
| train/                  |              |
|    approx_kl            | 0.0038364418 |
|    clip_fraction        | 0.0243       |
|    clip_range           | 0.2          |
|    entropy_loss         | -0.471       |
|    explained_variance   | 0.283        |
|    learning_rate        | 0.000281     |
|    loss                 | -0.0104      |
|    n_updates            | 2600         |
|    policy_gradient_loss | -0.00254     |
|    value_loss           | 4.37e-05     |
------------------------------------------
------------------------------------------
| rollout/                |              |
|    ep_len_mean          | 4.32e+04     |
|    ep_rew_mean          | 0.176        |
| time/                   |              |
|    fps                  | 1073         |
|    iterations           | 262          |
|    time_elapsed         | 2999         |
|    total_timesteps      | 3219456      |
| train/                  |              |
|    approx_kl            | 0.0025385953 |
|    clip_fraction        | 0.0192       |
|    clip_range           | 0.2          |
|    entropy_loss         | -0.44        |
|    explained_variance   | 0.373        |
|    learning_rate        | 0.000281     |
|    loss                 | -0.00655     |
|    n_updates            | 2610         |
|    policy_gradient_loss | -0.00162     |
|    value_loss           | 4.44e-05     |
------------------------------------------
------------------------------------------
| rollout/                |              |
|    ep_len_mean          | 4.32e+04     |
|    ep_rew_mean          | 0.176        |
| time/                   |              |
|    fps                  | 1076         |
|    iterations           | 263          |
|    time_elapsed         | 3002         |
|    total_timesteps      | 3231744      |
| train/                  |              |
|    approx_kl            | 0.0024188443 |
|    clip_fraction        | 0.0254       |
|    clip_range           | 0.2          |
|    entropy_loss         | -0.495       |
|    explained_variance   | 0.531        |
|    learning_rate        | 0.000281     |
|    loss                 | -0.00992     |
|    n_updates            | 2620         |
|    policy_gradient_loss | -0.00172     |
|    value_loss           | 2.63e-05     |
------------------------------------------
-----------------------------------------
| rollout/                |             |
|    ep_len_mean          | 4.32e+04    |
|    ep_rew_mean          | 0.176       |
| time/                   |             |
|    fps                  | 1079        |
|    iterations           | 264         |
|    time_elapsed         | 3005        |
|    total_timesteps      | 3244032     |
| train/                  |             |
|    approx_kl            | 0.002266934 |
|    clip_fraction        | 0.0154      |
|    clip_range           | 0.2         |
|    entropy_loss         | -0.47       |
|    explained_variance   | 0.422       |
|    learning_rate        | 0.000281    |
|    loss                 | -0.000815   |
|    n_updates            | 2630        |
|    policy_gradient_loss | -0.00142    |
|    value_loss           | 3.24e-05    |
-----------------------------------------
------------------------------------------
| rollout/                |              |
|    ep_len_mean          | 4.32e+04     |
|    ep_rew_mean          | 0.176        |
| time/                   |              |
|    fps                  | 1082         |
|    iterations           | 265          |
|    time_elapsed         | 3008         |
|    total_timesteps      | 3256320      |
| train/                  |              |
|    approx_kl            | 0.0023420758 |
|    clip_fraction        | 0.0143       |
|    clip_range           | 0.2          |
|    entropy_loss         | -0.479       |
|    explained_variance   | 0.431        |
|    learning_rate        | 0.000281     |
|    loss                 | -0.00645     |
|    n_updates            | 2640         |
|    policy_gradient_loss | -0.00146     |
|    value_loss           | 3.35e-05     |
------------------------------------------
------------------------------------------
| rollout/                |              |
|    ep_len_mean          | 4.32e+04     |
|    ep_rew_mean          | 0.176        |
| time/                   |              |
|    fps                  | 1085         |
|    iterations           | 266          |
|    time_elapsed         | 3011         |
|    total_timesteps      | 3268608      |
| train/                  |              |
|    approx_kl            | 0.0019232418 |
|    clip_fraction        | 0.0167       |
|    clip_range           | 0.2          |
|    entropy_loss         | -0.455       |
|    explained_variance   | 0.517        |
|    learning_rate        | 0.00028      |
|    loss                 | -0.00515     |
|    n_updates            | 2650         |
|    policy_gradient_loss | -0.00155     |
|    value_loss           | 3.79e-05     |
------------------------------------------
-----------------------------------------
| rollout/                |             |
|    ep_len_mean          | 4.32e+04    |
|    ep_rew_mean          | 0.176       |
| time/                   |             |
|    fps                  | 1088        |
|    iterations           | 267         |
|    time_elapsed         | 3014        |
|    total_timesteps      | 3280896     |
| train/                  |             |
|    approx_kl            | 0.002651078 |
|    clip_fraction        | 0.0245      |
|    clip_range           | 0.2         |
|    entropy_loss         | -0.467      |
|    explained_variance   | 0.466       |
|    learning_rate        | 0.00028     |
|    loss                 | -0.0075     |
|    n_updates            | 2660        |
|    policy_gradient_loss | -0.00162    |
|    value_loss           | 3.27e-05    |
-----------------------------------------
------------------------------------------
| rollout/                |              |
|    ep_len_mean          | 4.32e+04     |
|    ep_rew_mean          | 0.176        |
| time/                   |              |
|    fps                  | 1091         |
|    iterations           | 268          |
|    time_elapsed         | 3017         |
|    total_timesteps      | 3293184      |
| train/                  |              |
|    approx_kl            | 0.0029854644 |
|    clip_fraction        | 0.0257       |
|    clip_range           | 0.2          |
|    entropy_loss         | -0.474       |
|    explained_variance   | 0.545        |
|    learning_rate        | 0.00028      |
|    loss                 | -0.0104      |
|    n_updates            | 2670         |
|    policy_gradient_loss | -0.00244     |
|    value_loss           | 2.58e-05     |
------------------------------------------
-----------------------------------------
| rollout/                |             |
|    ep_len_mean          | 4.32e+04    |
|    ep_rew_mean          | 0.176       |
| time/                   |             |
|    fps                  | 1094        |
|    iterations           | 269         |
|    time_elapsed         | 3020        |
|    total_timesteps      | 3305472     |
| train/                  |             |
|    approx_kl            | 0.003559948 |
|    clip_fraction        | 0.0224      |
|    clip_range           | 0.2         |
|    entropy_loss         | -0.443      |
|    explained_variance   | 0.494       |
|    learning_rate        | 0.00028     |
|    loss                 | -0.0064     |
|    n_updates            | 2680        |
|    policy_gradient_loss | -0.00171    |
|    value_loss           | 2.88e-05    |
-----------------------------------------
------------------------------------------
| rollout/                |              |
|    ep_len_mean          | 4.32e+04     |
|    ep_rew_mean          | 0.176        |
| time/                   |              |
|    fps                  | 1097         |
|    iterations           | 270          |
|    time_elapsed         | 3023         |
|    total_timesteps      | 3317760      |
| train/                  |              |
|    approx_kl            | 0.0027522305 |
|    clip_fraction        | 0.0155       |
|    clip_range           | 0.2          |
|    entropy_loss         | -0.473       |
|    explained_variance   | 0.365        |
|    learning_rate        | 0.00028      |
|    loss                 | -0.00964     |
|    n_updates            | 2690         |
|    policy_gradient_loss | -0.0011      |
|    value_loss           | 2.74e-05     |
------------------------------------------
------------------------------------------
| rollout/                |              |
|    ep_len_mean          | 4.32e+04     |
|    ep_rew_mean          | 0.176        |
| time/                   |              |
|    fps                  | 1100         |
|    iterations           | 271          |
|    time_elapsed         | 3026         |
|    total_timesteps      | 3330048      |
| train/                  |              |
|    approx_kl            | 0.0031474086 |
|    clip_fraction        | 0.0254       |
|    clip_range           | 0.2          |
|    entropy_loss         | -0.447       |
|    explained_variance   | 0.157        |
|    learning_rate        | 0.00028      |
|    loss                 | -0.00868     |
|    n_updates            | 2700         |
|    policy_gradient_loss | -0.00173     |
|    value_loss           | 8.04e-05     |
------------------------------------------
------------------------------------------
| rollout/                |              |
|    ep_len_mean          | 4.32e+04     |
|    ep_rew_mean          | 0.176        |
| time/                   |              |
|    fps                  | 1103         |
|    iterations           | 272          |
|    time_elapsed         | 3029         |
|    total_timesteps      | 3342336      |
| train/                  |              |
|    approx_kl            | 0.0035668202 |
|    clip_fraction        | 0.0277       |
|    clip_range           | 0.2          |
|    entropy_loss         | -0.485       |
|    explained_variance   | 0.264        |
|    learning_rate        | 0.00028      |
|    loss                 | -0.0126      |
|    n_updates            | 2710         |
|    policy_gradient_loss | -0.0024      |
|    value_loss           | 6.05e-05     |
------------------------------------------
-----------------------------------------
| rollout/                |             |
|    ep_len_mean          | 4.32e+04    |
|    ep_rew_mean          | 0.176       |
| time/                   |             |
|    fps                  | 1106        |
|    iterations           | 273         |
|    time_elapsed         | 3032        |
|    total_timesteps      | 3354624     |
| train/                  |             |
|    approx_kl            | 0.002493783 |
|    clip_fraction        | 0.0188      |
|    clip_range           | 0.2         |
|    entropy_loss         | -0.474      |
|    explained_variance   | 0.155       |
|    learning_rate        | 0.00028     |
|    loss                 | -0.0127     |
|    n_updates            | 2720        |
|    policy_gradient_loss | -0.0016     |
|    value_loss           | 7.83e-05    |
-----------------------------------------
------------------------------------------
| rollout/                |              |
|    ep_len_mean          | 4.32e+04     |
|    ep_rew_mean          | 0.176        |
| time/                   |              |
|    fps                  | 1108         |
|    iterations           | 274          |
|    time_elapsed         | 3036         |
|    total_timesteps      | 3366912      |
| train/                  |              |
|    approx_kl            | 0.0026632817 |
|    clip_fraction        | 0.0158       |
|    clip_range           | 0.2          |
|    entropy_loss         | -0.468       |
|    explained_variance   | 0.22         |
|    learning_rate        | 0.00028      |
|    loss                 | -0.0129      |
|    n_updates            | 2730         |
|    policy_gradient_loss | -0.00156     |
|    value_loss           | 5.39e-05     |
------------------------------------------
------------------------------------------
| rollout/                |              |
|    ep_len_mean          | 4.32e+04     |
|    ep_rew_mean          | 0.18         |
| time/                   |              |
|    fps                  | 1111         |
|    iterations           | 275          |
|    time_elapsed         | 3039         |
|    total_timesteps      | 3379200      |
| train/                  |              |
|    approx_kl            | 0.0035704088 |
|    clip_fraction        | 0.0226       |
|    clip_range           | 0.2          |
|    entropy_loss         | -0.451       |
|    explained_variance   | 0.228        |
|    learning_rate        | 0.00028      |
|    loss                 | -0.00817     |
|    n_updates            | 2740         |
|    policy_gradient_loss | -0.00197     |
|    value_loss           | 6.46e-05     |
------------------------------------------
-----------------------------------------
| rollout/                |             |
|    ep_len_mean          | 4.32e+04    |
|    ep_rew_mean          | 0.18        |
| time/                   |             |
|    fps                  | 1114        |
|    iterations           | 276         |
|    time_elapsed         | 3043        |
|    total_timesteps      | 3391488     |
| train/                  |             |
|    approx_kl            | 0.002684298 |
|    clip_fraction        | 0.0162      |
|    clip_range           | 0.2         |
|    entropy_loss         | -0.453      |
|    explained_variance   | 0.121       |
|    learning_rate        | 0.00028     |
|    loss                 | -0.0104     |
|    n_updates            | 2750        |
|    policy_gradient_loss | -0.00134    |
|    value_loss           | 9.25e-05    |
-----------------------------------------
------------------------------------------
| rollout/                |              |
|    ep_len_mean          | 4.32e+04     |
|    ep_rew_mean          | 0.18         |
| time/                   |              |
|    fps                  | 1117         |
|    iterations           | 277          |
|    time_elapsed         | 3046         |
|    total_timesteps      | 3403776      |
| train/                  |              |
|    approx_kl            | 0.0022575494 |
|    clip_fraction        | 0.0149       |
|    clip_range           | 0.2          |
|    entropy_loss         | -0.424       |
|    explained_variance   | 0.216        |
|    learning_rate        | 0.00028      |
|    loss                 | -0.00859     |
|    n_updates            | 2760         |
|    policy_gradient_loss | -0.00093     |
|    value_loss           | 5.02e-05     |
------------------------------------------
------------------------------------------
| rollout/                |              |
|    ep_len_mean          | 4.32e+04     |
|    ep_rew_mean          | 0.18         |
| time/                   |              |
|    fps                  | 1120         |
|    iterations           | 278          |
|    time_elapsed         | 3049         |
|    total_timesteps      | 3416064      |
| train/                  |              |
|    approx_kl            | 0.0026593953 |
|    clip_fraction        | 0.0145       |
|    clip_range           | 0.2          |
|    entropy_loss         | -0.468       |
|    explained_variance   | 0.307        |
|    learning_rate        | 0.00028      |
|    loss                 | -0.00441     |
|    n_updates            | 2770         |
|    policy_gradient_loss | -0.00123     |
|    value_loss           | 5.63e-05     |
------------------------------------------
------------------------------------------
| rollout/                |              |
|    ep_len_mean          | 4.32e+04     |
|    ep_rew_mean          | 0.18         |
| time/                   |              |
|    fps                  | 1123         |
|    iterations           | 279          |
|    time_elapsed         | 3052         |
|    total_timesteps      | 3428352      |
| train/                  |              |
|    approx_kl            | 0.0024182112 |
|    clip_fraction        | 0.0198       |
|    clip_range           | 0.2          |
|    entropy_loss         | -0.479       |
|    explained_variance   | 0.348        |
|    learning_rate        | 0.00028      |
|    loss                 | -0.00741     |
|    n_updates            | 2780         |
|    policy_gradient_loss | -0.00184     |
|    value_loss           | 2.64e-05     |
------------------------------------------
-----------------------------------------
| rollout/                |             |
|    ep_len_mean          | 4.32e+04    |
|    ep_rew_mean          | 0.18        |
| time/                   |             |
|    fps                  | 1125        |
|    iterations           | 280         |
|    time_elapsed         | 3055        |
|    total_timesteps      | 3440640     |
| train/                  |             |
|    approx_kl            | 0.002606409 |
|    clip_fraction        | 0.0201      |
|    clip_range           | 0.2         |
|    entropy_loss         | -0.442      |
|    explained_variance   | 0.171       |
|    learning_rate        | 0.000279    |
|    loss                 | -0.00513    |
|    n_updates            | 2790        |
|    policy_gradient_loss | -0.00147    |
|    value_loss           | 7.32e-05    |
-----------------------------------------
------------------------------------------
| rollout/                |              |
|    ep_len_mean          | 4.32e+04     |
|    ep_rew_mean          | 0.18         |
| time/                   |              |
|    fps                  | 1128         |
|    iterations           | 281          |
|    time_elapsed         | 3058         |
|    total_timesteps      | 3452928      |
| train/                  |              |
|    approx_kl            | 0.0025831254 |
|    clip_fraction        | 0.0194       |
|    clip_range           | 0.2          |
|    entropy_loss         | -0.473       |
|    explained_variance   | 0.36         |
|    learning_rate        | 0.000279     |
|    loss                 | -0.00563     |
|    n_updates            | 2800         |
|    policy_gradient_loss | -0.00161     |
|    value_loss           | 4.45e-05     |
------------------------------------------
-----------------------------------------
| rollout/                |             |
|    ep_len_mean          | 4.32e+04    |
|    ep_rew_mean          | 0.18        |
| time/                   |             |
|    fps                  | 1131        |
|    iterations           | 282         |
|    time_elapsed         | 3061        |
|    total_timesteps      | 3465216     |
| train/                  |             |
|    approx_kl            | 0.003691448 |
|    clip_fraction        | 0.0335      |
|    clip_range           | 0.2         |
|    entropy_loss         | -0.441      |
|    explained_variance   | 0.318       |
|    learning_rate        | 0.000279    |
|    loss                 | -0.0106     |
|    n_updates            | 2810        |
|    policy_gradient_loss | -0.00263    |
|    value_loss           | 5.67e-05    |
-----------------------------------------
-----------------------------------------
| rollout/                |             |
|    ep_len_mean          | 4.32e+04    |
|    ep_rew_mean          | 0.18        |
| time/                   |             |
|    fps                  | 1134        |
|    iterations           | 283         |
|    time_elapsed         | 3064        |
|    total_timesteps      | 3477504     |
| train/                  |             |
|    approx_kl            | 0.003288166 |
|    clip_fraction        | 0.0269      |
|    clip_range           | 0.2         |
|    entropy_loss         | -0.467      |
|    explained_variance   | 0.525       |
|    learning_rate        | 0.000279    |
|    loss                 | -0.00628    |
|    n_updates            | 2820        |
|    policy_gradient_loss | -0.00155    |
|    value_loss           | 4.42e-05    |
-----------------------------------------
------------------------------------------
| rollout/                |              |
|    ep_len_mean          | 4.32e+04     |
|    ep_rew_mean          | 0.18         |
| time/                   |              |
|    fps                  | 1137         |
|    iterations           | 284          |
|    time_elapsed         | 3068         |
|    total_timesteps      | 3489792      |
| train/                  |              |
|    approx_kl            | 0.0031809572 |
|    clip_fraction        | 0.0322       |
|    clip_range           | 0.2          |
|    entropy_loss         | -0.476       |
|    explained_variance   | 0.561        |
|    learning_rate        | 0.000279     |
|    loss                 | -0.00401     |
|    n_updates            | 2830         |
|    policy_gradient_loss | -0.00183     |
|    value_loss           | 3.72e-05     |
------------------------------------------
-----------------------------------------------------
| rollout/                           |              |
|    ep_len_mean                     | 4.32e+04     |
|    ep_rew_mean                     | 0.18         |
| time/                              |              |
|    fps                             | 1015         |
|    iterations                      | 285          |
|    time_elapsed                    | 3448         |
|    total_timesteps                 | 3502080      |
| train/                             |              |
|    approx_kl                       | 0.0029489445 |
|    clip_fraction                   | 0.0243       |
|    clip_range                      | 0.2          |
|    entropy_loss                    | -0.493       |
|    explained_variance              | 0.587        |
|    learning_rate                   | 0.000279     |
|    loss                            | -0.00454     |
|    n_updates                       | 2840         |
|    policy_gradient_loss            | -0.00151     |
|    value_loss                      | 2.3e-05      |
| valid/                             |              |
|    BTC-USDT-SWAP/compound_mdd_pct  | 0            |
|    BTC-USDT-SWAP/compound_multiple | 3.89         |
|    BTC-USDT-SWAP/max_single_loss   | 0            |
|    BTC-USDT-SWAP/near_liq_n        | 0            |
|    BTC-USDT-SWAP/near_liq_pct      | 0            |
|    BTC-USDT-SWAP/pnl_std           | 5.02         |
|    BTC-USDT-SWAP/sel_monthly_log   | -0.141       |
|    BTC-USDT-SWAP/total_pnl         | 194          |
|    BTC-USDT-SWAP/trades            | 2            |
|    BTC-USDT-SWAP/trades_per_month  | 0.169        |
|    BTC-USDT-SWAP/v9_score          | 1.09e+03     |
|    BTC-USDT-SWAP/win_rate          | 1            |
|    ETH-USDT-SWAP/compound_mdd_pct  | 0            |
|    ETH-USDT-SWAP/compound_multiple | 0            |
|    ETH-USDT-SWAP/max_single_loss   | -100         |
|    ETH-USDT-SWAP/near_liq_n        | 3            |
|    ETH-USDT-SWAP/near_liq_pct      | 0.273        |
|    ETH-USDT-SWAP/pnl_std           | 99.5         |
|    ETH-USDT-SWAP/total_pnl         | 102          |
|    ETH-USDT-SWAP/trades            | 11           |
|    ETH-USDT-SWAP/trades_per_month  | 0.93         |
|    ETH-USDT-SWAP/v9_score          | 211          |
|    ETH-USDT-SWAP/win_rate          | 0.364        |
|    min_v9_score                    | 211          |
-----------------------------------------------------
------------------------------------------
| rollout/                |              |
|    ep_len_mean          | 4.32e+04     |
|    ep_rew_mean          | 0.18         |
| time/                   |              |
|    fps                  | 1018         |
|    iterations           | 286          |
|    time_elapsed         | 3451         |
|    total_timesteps      | 3514368      |
| train/                  |              |
|    approx_kl            | 0.0031220242 |
|    clip_fraction        | 0.0242       |
|    clip_range           | 0.2          |
|    entropy_loss         | -0.448       |
|    explained_variance   | 0.465        |
|    learning_rate        | 0.000279     |
|    loss                 | -0.00885     |
|    n_updates            | 2850         |
|    policy_gradient_loss | -0.00158     |
|    value_loss           | 4.46e-05     |
------------------------------------------
Process SpawnProcess-5:
Traceback (most recent call last):
Process SpawnProcess-6:
  File "/usr/lib/python3.12/multiprocessing/process.py", line 314, in _bootstrap
    self.run()
  File "/usr/lib/python3.12/multiprocessing/process.py", line 108, in run
    self._target(*self._args, **self._kwargs)
  File "/home/henjigcp/git/quant_real_RL/venv/lib/python3.12/site-packages/stable_baselines3/common/vec_env/subproc_vec_env.py", line 33, in _worker
    cmd, data = remote.recv()
                ^^^^^^^^^^^^^
  File "/usr/lib/python3.12/multiprocessing/connection.py", line 250, in recv
    buf = self._recv_bytes()
          ^^^^^^^^^^^^^^^^^^
  File "/usr/lib/python3.12/multiprocessing/connection.py", line 430, in _recv_bytes
    buf = self._recv(4)
          ^^^^^^^^^^^^^
  File "/usr/lib/python3.12/multiprocessing/connection.py", line 395, in _recv
    chunk = read(handle, remaining)
            ^^^^^^^^^^^^^^^^^^^^^^^
ConnectionResetError: [Errno 104] Connection reset by peer
Traceback (most recent call last):
  File "/usr/lib/python3.12/multiprocessing/process.py", line 314, in _bootstrap
    self.run()
  File "/usr/lib/python3.12/multiprocessing/process.py", line 108, in run
    self._target(*self._args, **self._kwargs)
  File "/home/henjigcp/git/quant_real_RL/venv/lib/python3.12/site-packages/stable_baselines3/common/vec_env/subproc_vec_env.py", line 33, in _worker
    cmd, data = remote.recv()
                ^^^^^^^^^^^^^
  File "/usr/lib/python3.12/multiprocessing/connection.py", line 250, in recv
    buf = self._recv_bytes()
          ^^^^^^^^^^^^^^^^^^
  File "/usr/lib/python3.12/multiprocessing/connection.py", line 430, in _recv_bytes
    buf = self._recv(4)
          ^^^^^^^^^^^^^
  File "/usr/lib/python3.12/multiprocessing/connection.py", line 395, in _recv
    chunk = read(handle, remaining)
            ^^^^^^^^^^^^^^^^^^^^^^^
ConnectionResetError: [Errno 104] Connection reset by peer
