nohup: ignoring input
[CPU Affinity] Main process -> Core 0 | DummyVecEnv: 14 envs 전부 메인에서 순차 실행 (워커 핀 없음)
run_name: v10_maskablerl_seed0_0803-0053
Using cpu device
Logging to /home/henjigcp/git/quant_real_RL/logs/v10_maskablerl/v10_maskablerl_seed0_0803-0053
------------------------------
| time/              |       |
|    fps             | 33537 |
|    iterations      | 1     |
|    time_elapsed    | 0     |
|    total_timesteps | 28672 |
------------------------------
----------------------------------------
| time/                   |            |
|    fps                  | 20218      |
|    iterations           | 2          |
|    time_elapsed         | 2          |
|    total_timesteps      | 57344      |
| train/                  |            |
|    approx_kl            | 0.01855263 |
|    clip_fraction        | 0.0741     |
|    clip_range           | 0.2        |
|    entropy_loss         | -0.678     |
|    explained_variance   | -1.3       |
|    learning_rate        | 0.0003     |
|    loss                 | -0.024     |
|    n_updates            | 10         |
|    policy_gradient_loss | -0.00602   |
|    value_loss           | 0.00589    |
----------------------------------------
-----------------------------------------
| time/                   |             |
|    fps                  | 17865       |
|    iterations           | 3           |
|    time_elapsed         | 4           |
|    total_timesteps      | 86016       |
| train/                  |             |
|    approx_kl            | 0.008953582 |
|    clip_fraction        | 0.0291      |
|    clip_range           | 0.2         |
|    entropy_loss         | -0.654      |
|    explained_variance   | 0.688       |
|    learning_rate        | 0.0003      |
|    loss                 | -0.00773    |
|    n_updates            | 20          |
|    policy_gradient_loss | -0.00174    |
|    value_loss           | 0.00124     |
-----------------------------------------
----------------------------------------
| time/                   |            |
|    fps                  | 16907      |
|    iterations           | 4          |
|    time_elapsed         | 6          |
|    total_timesteps      | 114688     |
| train/                  |            |
|    approx_kl            | 0.00852899 |
|    clip_fraction        | 0.0438     |
|    clip_range           | 0.2        |
|    entropy_loss         | -0.629     |
|    explained_variance   | 0.795      |
|    learning_rate        | 0.0003     |
|    loss                 | -0.0107    |
|    n_updates            | 30         |
|    policy_gradient_loss | -0.00255   |
|    value_loss           | 0.000669   |
----------------------------------------
-----------------------------------------
| time/                   |             |
|    fps                  | 16363       |
|    iterations           | 5           |
|    time_elapsed         | 8           |
|    total_timesteps      | 143360      |
| train/                  |             |
|    approx_kl            | 0.007366252 |
|    clip_fraction        | 0.0272      |
|    clip_range           | 0.2         |
|    entropy_loss         | -0.593      |
|    explained_variance   | 0.784       |
|    learning_rate        | 0.0003      |
|    loss                 | -0.0136     |
|    n_updates            | 40          |
|    policy_gradient_loss | -0.00192    |
|    value_loss           | 0.000398    |
-----------------------------------------
------------------------------------------
| time/                   |              |
|    fps                  | 16041        |
|    iterations           | 6            |
|    time_elapsed         | 10           |
|    total_timesteps      | 172032       |
| train/                  |              |
|    approx_kl            | 0.0035691075 |
|    clip_fraction        | 0.0177       |
|    clip_range           | 0.2          |
|    entropy_loss         | -0.57        |
|    explained_variance   | 0.806        |
|    learning_rate        | 0.0003       |
|    loss                 | -0.0101      |
|    n_updates            | 50           |
|    policy_gradient_loss | -0.00164     |
|    value_loss           | 0.000222     |
------------------------------------------
------------------------------------------
| time/                   |              |
|    fps                  | 15769        |
|    iterations           | 7            |
|    time_elapsed         | 12           |
|    total_timesteps      | 200704       |
| train/                  |              |
|    approx_kl            | 0.0075853607 |
|    clip_fraction        | 0.0323       |
|    clip_range           | 0.2          |
|    entropy_loss         | -0.528       |
|    explained_variance   | 0.797        |
|    learning_rate        | 0.000299     |
|    loss                 | -0.0138      |
|    n_updates            | 60           |
|    policy_gradient_loss | -0.00253     |
|    value_loss           | 0.000156     |
------------------------------------------
-----------------------------------------
| time/                   |             |
|    fps                  | 15616       |
|    iterations           | 8           |
|    time_elapsed         | 14          |
|    total_timesteps      | 229376      |
| train/                  |             |
|    approx_kl            | 0.005618818 |
|    clip_fraction        | 0.0258      |
|    clip_range           | 0.2         |
|    entropy_loss         | -0.477      |
|    explained_variance   | 0.885       |
|    learning_rate        | 0.000299    |
|    loss                 | -0.00789    |
|    n_updates            | 70          |
|    policy_gradient_loss | -0.00232    |
|    value_loss           | 0.000107    |
-----------------------------------------
------------------------------------------
| time/                   |              |
|    fps                  | 15494        |
|    iterations           | 9            |
|    time_elapsed         | 16           |
|    total_timesteps      | 258048       |
| train/                  |              |
|    approx_kl            | 0.0031244585 |
|    clip_fraction        | 0.0164       |
|    clip_range           | 0.2          |
|    entropy_loss         | -0.438       |
|    explained_variance   | 0.916        |
|    learning_rate        | 0.000299     |
|    loss                 | -0.00399     |
|    n_updates            | 80           |
|    policy_gradient_loss | -0.00161     |
|    value_loss           | 8.17e-05     |
------------------------------------------
------------------------------------------
| time/                   |              |
|    fps                  | 15392        |
|    iterations           | 10           |
|    time_elapsed         | 18           |
|    total_timesteps      | 286720       |
| train/                  |              |
|    approx_kl            | 0.0020269721 |
|    clip_fraction        | 0.0149       |
|    clip_range           | 0.2          |
|    entropy_loss         | -0.402       |
|    explained_variance   | 0.861        |
|    learning_rate        | 0.000299     |
|    loss                 | -0.00795     |
|    n_updates            | 90           |
|    policy_gradient_loss | -0.00136     |
|    value_loss           | 7.63e-05     |
------------------------------------------
------------------------------------------
| time/                   |              |
|    fps                  | 15332        |
|    iterations           | 11           |
|    time_elapsed         | 20           |
|    total_timesteps      | 315392       |
| train/                  |              |
|    approx_kl            | 0.0023023025 |
|    clip_fraction        | 0.0218       |
|    clip_range           | 0.2          |
|    entropy_loss         | -0.369       |
|    explained_variance   | 0.881        |
|    learning_rate        | 0.000299     |
|    loss                 | -0.00392     |
|    n_updates            | 100          |
|    policy_gradient_loss | -0.00211     |
|    value_loss           | 5.16e-05     |
------------------------------------------
-----------------------------------------
| time/                   |             |
|    fps                  | 15275       |
|    iterations           | 12          |
|    time_elapsed         | 22          |
|    total_timesteps      | 344064      |
| train/                  |             |
|    approx_kl            | 0.002650075 |
|    clip_fraction        | 0.0245      |
|    clip_range           | 0.2         |
|    entropy_loss         | -0.352      |
|    explained_variance   | 0.84        |
|    learning_rate        | 0.000299    |
|    loss                 | -0.00833    |
|    n_updates            | 110         |
|    policy_gradient_loss | -0.00211    |
|    value_loss           | 5.56e-05    |
-----------------------------------------
------------------------------------------
| time/                   |              |
|    fps                  | 15239        |
|    iterations           | 13           |
|    time_elapsed         | 24           |
|    total_timesteps      | 372736       |
| train/                  |              |
|    approx_kl            | 0.0017114932 |
|    clip_fraction        | 0.0215       |
|    clip_range           | 0.2          |
|    entropy_loss         | -0.31        |
|    explained_variance   | 0.917        |
|    learning_rate        | 0.000299     |
|    loss                 | -0.00266     |
|    n_updates            | 120          |
|    policy_gradient_loss | -0.00182     |
|    value_loss           | 4.19e-05     |
------------------------------------------
------------------------------------------
| time/                   |              |
|    fps                  | 15217        |
|    iterations           | 14           |
|    time_elapsed         | 26           |
|    total_timesteps      | 401408       |
| train/                  |              |
|    approx_kl            | 0.0016000585 |
|    clip_fraction        | 0.0194       |
|    clip_range           | 0.2          |
|    entropy_loss         | -0.269       |
|    explained_variance   | 0.931        |
|    learning_rate        | 0.000299     |
|    loss                 | -0.00399     |
|    n_updates            | 130          |
|    policy_gradient_loss | -0.00172     |
|    value_loss           | 4.95e-05     |
------------------------------------------
------------------------------------------
| time/                   |              |
|    fps                  | 15194        |
|    iterations           | 15           |
|    time_elapsed         | 28           |
|    total_timesteps      | 430080       |
| train/                  |              |
|    approx_kl            | 0.0016198877 |
|    clip_fraction        | 0.0174       |
|    clip_range           | 0.2          |
|    entropy_loss         | -0.245       |
|    explained_variance   | 0.894        |
|    learning_rate        | 0.000299     |
|    loss                 | -0.00373     |
|    n_updates            | 140          |
|    policy_gradient_loss | -0.00149     |
|    value_loss           | 4.71e-05     |
------------------------------------------
-------------------------------------------
| time/                   |               |
|    fps                  | 15164         |
|    iterations           | 16            |
|    time_elapsed         | 30            |
|    total_timesteps      | 458752        |
| train/                  |               |
|    approx_kl            | 0.00095121015 |
|    clip_fraction        | 0.00838       |
|    clip_range           | 0.2           |
|    entropy_loss         | -0.211        |
|    explained_variance   | 0.901         |
|    learning_rate        | 0.000299      |
|    loss                 | -0.00349      |
|    n_updates            | 150           |
|    policy_gradient_loss | -0.00082      |
|    value_loss           | 3.53e-05      |
-------------------------------------------
-----------------------------------------
| time/                   |             |
|    fps                  | 15114       |
|    iterations           | 17          |
|    time_elapsed         | 32          |
|    total_timesteps      | 487424      |
| train/                  |             |
|    approx_kl            | 0.001104317 |
|    clip_fraction        | 0.0106      |
|    clip_range           | 0.2         |
|    entropy_loss         | -0.188      |
|    explained_variance   | 0.892       |
|    learning_rate        | 0.000299    |
|    loss                 | -0.00296    |
|    n_updates            | 160         |
|    policy_gradient_loss | -0.0012     |
|    value_loss           | 3.45e-05    |
-----------------------------------------
[valid @500,010] BTC-USDT-SWAP: trades=0 pnl=+0.0
[valid @500,010] ETH-USDT-SWAP: trades=0 pnl=+0.0
------------------------------------------------------
| time/                               |              |
|    fps                              | 12067        |
|    iterations                       | 18           |
|    time_elapsed                     | 42           |
|    total_timesteps                  | 516096       |
| train/                              |              |
|    approx_kl                        | 0.0009790154 |
|    clip_fraction                    | 0.0103       |
|    clip_range                       | 0.2          |
|    entropy_loss                     | -0.169       |
|    explained_variance               | 0.89         |
|    learning_rate                    | 0.000299     |
|    loss                             | -0.00558     |
|    n_updates                        | 170          |
|    policy_gradient_loss             | -0.00122     |
|    value_loss                       | 2.55e-05     |
| valid/                              |              |
|    BTC-USDT-SWAP/compound_mdd_pct   | 0            |
|    BTC-USDT-SWAP/compound_multiple  | 1            |
|    BTC-USDT-SWAP/geo_mean_per_trade | 0            |
|    BTC-USDT-SWAP/max_single_loss    | 0            |
|    BTC-USDT-SWAP/max_upnl           | 0            |
|    BTC-USDT-SWAP/monthly_growth     | 1            |
|    BTC-USDT-SWAP/near_liq_n         | 0            |
|    BTC-USDT-SWAP/near_liq_pct       | 0            |
|    BTC-USDT-SWAP/pnl_std            | 0            |
|    BTC-USDT-SWAP/sel_monthly_log    | 0            |
|    BTC-USDT-SWAP/total_pnl          | 0            |
|    BTC-USDT-SWAP/trades             | 0            |
|    BTC-USDT-SWAP/trades_per_month   | 0            |
|    BTC-USDT-SWAP/v9_kpi             | 1.32         |
|    BTC-USDT-SWAP/v9_kpi_smoothed    | 1.32         |
|    BTC-USDT-SWAP/v9_kpi_z_mdd       | 4.12         |
|    BTC-USDT-SWAP/v9_kpi_z_msl       | 2.5          |
|    BTC-USDT-SWAP/v9_kpi_z_sel       | 0            |
|    BTC-USDT-SWAP/win_rate           | 0            |
|    ETH-USDT-SWAP/compound_mdd_pct   | 0            |
|    ETH-USDT-SWAP/compound_multiple  | 1            |
|    ETH-USDT-SWAP/geo_mean_per_trade | 0            |
|    ETH-USDT-SWAP/max_single_loss    | 0            |
|    ETH-USDT-SWAP/max_upnl           | 0            |
|    ETH-USDT-SWAP/monthly_growth     | 1            |
|    ETH-USDT-SWAP/near_liq_n         | 0            |
|    ETH-USDT-SWAP/near_liq_pct       | 0            |
|    ETH-USDT-SWAP/pnl_std            | 0            |
|    ETH-USDT-SWAP/total_pnl          | 0            |
|    ETH-USDT-SWAP/trades             | 0            |
|    ETH-USDT-SWAP/trades_per_month   | 0            |
|    ETH-USDT-SWAP/win_rate           | 0            |
------------------------------------------------------
------------------------------------------
| time/                   |              |
|    fps                  | 12189        |
|    iterations           | 19           |
|    time_elapsed         | 44           |
|    total_timesteps      | 544768       |
| train/                  |              |
|    approx_kl            | 0.0010006384 |
|    clip_fraction        | 0.0114       |
|    clip_range           | 0.2          |
|    entropy_loss         | -0.152       |
|    explained_variance   | 0.849        |
|    learning_rate        | 0.000298     |
|    loss                 | -0.00198     |
|    n_updates            | 180          |
|    policy_gradient_loss | -0.00142     |
|    value_loss           | 3.52e-05     |
------------------------------------------
-------------------------------------------
| time/                   |               |
|    fps                  | 12305         |
|    iterations           | 20            |
|    time_elapsed         | 46            |
|    total_timesteps      | 573440        |
| train/                  |               |
|    approx_kl            | 0.00066774496 |
|    clip_fraction        | 0.0108        |
|    clip_range           | 0.2           |
|    entropy_loss         | -0.128        |
|    explained_variance   | 0.853         |
|    learning_rate        | 0.000298      |
|    loss                 | -0.00249      |
|    n_updates            | 190           |
|    policy_gradient_loss | -0.000923     |
|    value_loss           | 2.64e-05      |
-------------------------------------------
------------------------------------------
| time/                   |              |
|    fps                  | 12410        |
|    iterations           | 21           |
|    time_elapsed         | 48           |
|    total_timesteps      | 602112       |
| train/                  |              |
|    approx_kl            | 0.0004111899 |
|    clip_fraction        | 0.00444      |
|    clip_range           | 0.2          |
|    entropy_loss         | -0.12        |
|    explained_variance   | 0.823        |
|    learning_rate        | 0.000298     |
|    loss                 | -0.00106     |
|    n_updates            | 200          |
|    policy_gradient_loss | -0.000543    |
|    value_loss           | 2.34e-05     |
------------------------------------------
-------------------------------------------
| rollout/                |               |
|    ep_len_mean          | 4.32e+04      |
|    ep_rew_mean          | -4.98         |
| time/                   |               |
|    fps                  | 12498         |
|    iterations           | 22            |
|    time_elapsed         | 50            |
|    total_timesteps      | 630784        |
| train/                  |               |
|    approx_kl            | 0.00057029113 |
|    clip_fraction        | 0.00729       |
|    clip_range           | 0.2           |
|    entropy_loss         | -0.109        |
|    explained_variance   | 0.849         |
|    learning_rate        | 0.000298      |
|    loss                 | -0.00169      |
|    n_updates            | 210           |
|    policy_gradient_loss | -0.000922     |
|    value_loss           | 2.18e-05      |
-------------------------------------------
------------------------------------------
| rollout/                |              |
|    ep_len_mean          | 4.32e+04     |
|    ep_rew_mean          | -4.98        |
| time/                   |              |
|    fps                  | 12594        |
|    iterations           | 23           |
|    time_elapsed         | 52           |
|    total_timesteps      | 659456       |
| train/                  |              |
|    approx_kl            | 0.0004683426 |
|    clip_fraction        | 0.00472      |
|    clip_range           | 0.2          |
|    entropy_loss         | -0.104       |
|    explained_variance   | 0.831        |
|    learning_rate        | 0.000298     |
|    loss                 | -0.00211     |
|    n_updates            | 220          |
|    policy_gradient_loss | -0.000494    |
|    value_loss           | 2.49e-05     |
------------------------------------------
------------------------------------------
| rollout/                |              |
|    ep_len_mean          | 4.32e+04     |
|    ep_rew_mean          | -4.98        |
| time/                   |              |
|    fps                  | 12683        |
|    iterations           | 24           |
|    time_elapsed         | 54           |
|    total_timesteps      | 688128       |
| train/                  |              |
|    approx_kl            | 0.0006527564 |
|    clip_fraction        | 0.00773      |
|    clip_range           | 0.2          |
|    entropy_loss         | -0.0892      |
|    explained_variance   | 0.883        |
|    learning_rate        | 0.000298     |
|    loss                 | -0.00245     |
|    n_updates            | 230          |
|    policy_gradient_loss | -0.00114     |
|    value_loss           | 2.44e-05     |
------------------------------------------
-------------------------------------------
| rollout/                |               |
|    ep_len_mean          | 4.32e+04      |
|    ep_rew_mean          | -4.98         |
| time/                   |               |
|    fps                  | 12763         |
|    iterations           | 25            |
|    time_elapsed         | 56            |
|    total_timesteps      | 716800        |
| train/                  |               |
|    approx_kl            | 0.00032446548 |
|    clip_fraction        | 0.00519       |
|    clip_range           | 0.2           |
|    entropy_loss         | -0.079        |
|    explained_variance   | 0.926         |
|    learning_rate        | 0.000298      |
|    loss                 | -0.00402      |
|    n_updates            | 240           |
|    policy_gradient_loss | -0.000793     |
|    value_loss           | 2.63e-05      |
-------------------------------------------
------------------------------------------
| rollout/                |              |
|    ep_len_mean          | 4.32e+04     |
|    ep_rew_mean          | -4.98        |
| time/                   |              |
|    fps                  | 12834        |
|    iterations           | 26           |
|    time_elapsed         | 58           |
|    total_timesteps      | 745472       |
| train/                  |              |
|    approx_kl            | 0.0003597917 |
|    clip_fraction        | 0.00544      |
|    clip_range           | 0.2          |
|    entropy_loss         | -0.0743      |
|    explained_variance   | 0.885        |
|    learning_rate        | 0.000298     |
|    loss                 | -0.00165     |
|    n_updates            | 250          |
|    policy_gradient_loss | -0.000734    |
|    value_loss           | 2.32e-05     |
------------------------------------------
------------------------------------------
| rollout/                |              |
|    ep_len_mean          | 4.32e+04     |
|    ep_rew_mean          | -4.98        |
| time/                   |              |
|    fps                  | 12897        |
|    iterations           | 27           |
|    time_elapsed         | 60           |
|    total_timesteps      | 774144       |
| train/                  |              |
|    approx_kl            | 0.0005161989 |
|    clip_fraction        | 0.00732      |
|    clip_range           | 0.2          |
|    entropy_loss         | -0.083       |
|    explained_variance   | 0.903        |
|    learning_rate        | 0.000298     |
|    loss                 | -0.00319     |
|    n_updates            | 260          |
|    policy_gradient_loss | -0.00108     |
|    value_loss           | 2.64e-05     |
------------------------------------------
-------------------------------------------
| rollout/                |               |
|    ep_len_mean          | 4.32e+04      |
|    ep_rew_mean          | -4.98         |
| time/                   |               |
|    fps                  | 12959         |
|    iterations           | 28            |
|    time_elapsed         | 61            |
|    total_timesteps      | 802816        |
| train/                  |               |
|    approx_kl            | 0.00036698446 |
|    clip_fraction        | 0.00473       |
|    clip_range           | 0.2           |
|    entropy_loss         | -0.0784       |
|    explained_variance   | 0.846         |
|    learning_rate        | 0.000298      |
|    loss                 | -0.00113      |
|    n_updates            | 270           |
|    policy_gradient_loss | -0.000376     |
|    value_loss           | 5.4e-05       |
-------------------------------------------
-------------------------------------------
| rollout/                |               |
|    ep_len_mean          | 4.32e+04      |
|    ep_rew_mean          | -4.98         |
| time/                   |               |
|    fps                  | 13019         |
|    iterations           | 29            |
|    time_elapsed         | 63            |
|    total_timesteps      | 831488        |
| train/                  |               |
|    approx_kl            | 0.00088073063 |
|    clip_fraction        | 0.00409       |
|    clip_range           | 0.2           |
|    entropy_loss         | -0.0687       |
|    explained_variance   | 0.859         |
|    learning_rate        | 0.000298      |
|    loss                 | 0.000623      |
|    n_updates            | 280           |
|    policy_gradient_loss | -0.000512     |
|    value_loss           | 5.62e-05      |
-------------------------------------------
-------------------------------------------
| rollout/                |               |
|    ep_len_mean          | 4.32e+04      |
|    ep_rew_mean          | -4.98         |
| time/                   |               |
|    fps                  | 13075         |
|    iterations           | 30            |
|    time_elapsed         | 65            |
|    total_timesteps      | 860160        |
| train/                  |               |
|    approx_kl            | 0.00030788235 |
|    clip_fraction        | 0.00418       |
|    clip_range           | 0.2           |
|    entropy_loss         | -0.0638       |
|    explained_variance   | 0.713         |
|    learning_rate        | 0.000298      |
|    loss                 | -0.00172      |
|    n_updates            | 290           |
|    policy_gradient_loss | -0.000503     |
|    value_loss           | 3.76e-05      |
-------------------------------------------
-------------------------------------------
| rollout/                |               |
|    ep_len_mean          | 4.32e+04      |
|    ep_rew_mean          | -4.98         |
| time/                   |               |
|    fps                  | 13128         |
|    iterations           | 31            |
|    time_elapsed         | 67            |
|    total_timesteps      | 888832        |
| train/                  |               |
|    approx_kl            | 0.00065603614 |
|    clip_fraction        | 0.00601       |
|    clip_range           | 0.2           |
|    entropy_loss         | -0.0592       |
|    explained_variance   | 0.654         |
|    learning_rate        | 0.000297      |
|    loss                 | -0.00179      |
|    n_updates            | 300           |
|    policy_gradient_loss | -0.000572     |
|    value_loss           | 2.41e-05      |
-------------------------------------------
------------------------------------------
| rollout/                |              |
|    ep_len_mean          | 4.32e+04     |
|    ep_rew_mean          | -4.98        |
| time/                   |              |
|    fps                  | 13184        |
|    iterations           | 32           |
|    time_elapsed         | 69           |
|    total_timesteps      | 917504       |
| train/                  |              |
|    approx_kl            | 0.0009233187 |
|    clip_fraction        | 0.00597      |
|    clip_range           | 0.2          |
|    entropy_loss         | -0.0554      |
|    explained_variance   | 0.804        |
|    learning_rate        | 0.000297     |
|    loss                 | -0.00561     |
|    n_updates            | 310          |
|    policy_gradient_loss | -0.000966    |
|    value_loss           | 2.12e-05     |
------------------------------------------
-------------------------------------------
| rollout/                |               |
|    ep_len_mean          | 4.32e+04      |
|    ep_rew_mean          | -4.98         |
| time/                   |               |
|    fps                  | 13225         |
|    iterations           | 33            |
|    time_elapsed         | 71            |
|    total_timesteps      | 946176        |
| train/                  |               |
|    approx_kl            | 0.00071335427 |
|    clip_fraction        | 0.00619       |
|    clip_range           | 0.2           |
|    entropy_loss         | -0.0491       |
|    explained_variance   | 0.712         |
|    learning_rate        | 0.000297      |
|    loss                 | -0.00104      |
|    n_updates            | 320           |
|    policy_gradient_loss | -0.000968     |
|    value_loss           | 2.51e-05      |
-------------------------------------------
-------------------------------------------
| rollout/                |               |
|    ep_len_mean          | 4.32e+04      |
|    ep_rew_mean          | -4.98         |
| time/                   |               |
|    fps                  | 13272         |
|    iterations           | 34            |
|    time_elapsed         | 73            |
|    total_timesteps      | 974848        |
| train/                  |               |
|    approx_kl            | 0.00030356873 |
|    clip_fraction        | 0.00441       |
|    clip_range           | 0.2           |
|    entropy_loss         | -0.0452       |
|    explained_variance   | 0.61          |
|    learning_rate        | 0.000297      |
|    loss                 | -0.00306      |
|    n_updates            | 330           |
|    policy_gradient_loss | -0.000612     |
|    value_loss           | 2.26e-05      |
-------------------------------------------
[valid @1,000,020] BTC-USDT-SWAP: trades=0 pnl=+0.0
[valid @1,000,020] ETH-USDT-SWAP: trades=0 pnl=+0.0
------------------------------------------------------
| rollout/                            |              |
|    ep_len_mean                      | 4.32e+04     |
|    ep_rew_mean                      | -4.98        |
| time/                               |              |
|    fps                              | 11974        |
|    iterations                       | 35           |
|    time_elapsed                     | 83           |
|    total_timesteps                  | 1003520      |
| train/                              |              |
|    approx_kl                        | 0.0020622485 |
|    clip_fraction                    | 0.00506      |
|    clip_range                       | 0.2          |
|    entropy_loss                     | -0.0428      |
|    explained_variance               | 0.761        |
|    learning_rate                    | 0.000297     |
|    loss                             | -0.00159     |
|    n_updates                        | 340          |
|    policy_gradient_loss             | -0.000777    |
|    value_loss                       | 1.79e-05     |
| valid/                              |              |
|    BTC-USDT-SWAP/compound_mdd_pct   | 0            |
|    BTC-USDT-SWAP/compound_multiple  | 1            |
|    BTC-USDT-SWAP/geo_mean_per_trade | 0            |
|    BTC-USDT-SWAP/max_single_loss    | 0            |
|    BTC-USDT-SWAP/max_upnl           | 0            |
|    BTC-USDT-SWAP/monthly_growth     | 1            |
|    BTC-USDT-SWAP/near_liq_n         | 0            |
|    BTC-USDT-SWAP/near_liq_pct       | 0            |
|    BTC-USDT-SWAP/pnl_std            | 0            |
|    BTC-USDT-SWAP/sel_monthly_log    | 0            |
|    BTC-USDT-SWAP/total_pnl          | 0            |
|    BTC-USDT-SWAP/trades             | 0            |
|    BTC-USDT-SWAP/trades_per_month   | 0            |
|    BTC-USDT-SWAP/v9_kpi             | 1.32         |
|    BTC-USDT-SWAP/v9_kpi_smoothed    | 1.32         |
|    BTC-USDT-SWAP/v9_kpi_z_mdd       | 4.12         |
|    BTC-USDT-SWAP/v9_kpi_z_msl       | 2.5          |
|    BTC-USDT-SWAP/v9_kpi_z_sel       | 0            |
|    BTC-USDT-SWAP/win_rate           | 0            |
|    ETH-USDT-SWAP/compound_mdd_pct   | 0            |
|    ETH-USDT-SWAP/compound_multiple  | 1            |
|    ETH-USDT-SWAP/geo_mean_per_trade | 0            |
|    ETH-USDT-SWAP/max_single_loss    | 0            |
|    ETH-USDT-SWAP/max_upnl           | 0            |
|    ETH-USDT-SWAP/monthly_growth     | 1            |
|    ETH-USDT-SWAP/near_liq_n         | 0            |
|    ETH-USDT-SWAP/near_liq_pct       | 0            |
|    ETH-USDT-SWAP/pnl_std            | 0            |
|    ETH-USDT-SWAP/total_pnl          | 0            |
|    ETH-USDT-SWAP/trades             | 0            |
|    ETH-USDT-SWAP/trades_per_month   | 0            |
|    ETH-USDT-SWAP/win_rate           | 0            |
------------------------------------------------------
------------------------------------------
| rollout/                |              |
|    ep_len_mean          | 4.32e+04     |
|    ep_rew_mean          | -4.98        |
| time/                   |              |
|    fps                  | 12042        |
|    iterations           | 36           |
|    time_elapsed         | 85           |
|    total_timesteps      | 1032192      |
| train/                  |              |
|    approx_kl            | 0.0003101805 |
|    clip_fraction        | 0.00262      |
|    clip_range           | 0.2          |
|    entropy_loss         | -0.0471      |
|    explained_variance   | 0.657        |
|    learning_rate        | 0.000297     |
|    loss                 | -0.000689    |
|    n_updates            | 350          |
|    policy_gradient_loss | -0.000196    |
|    value_loss           | 2.86e-05     |
------------------------------------------
-------------------------------------------
| rollout/                |               |
|    ep_len_mean          | 4.32e+04      |
|    ep_rew_mean          | -4.98         |
| time/                   |               |
|    fps                  | 12109         |
|    iterations           | 37            |
|    time_elapsed         | 87            |
|    total_timesteps      | 1060864       |
| train/                  |               |
|    approx_kl            | 0.00028835167 |
|    clip_fraction        | 0.00431       |
|    clip_range           | 0.2           |
|    entropy_loss         | -0.0522       |
|    explained_variance   | 0.781         |
|    learning_rate        | 0.000297      |
|    loss                 | -0.00203      |
|    n_updates            | 360           |
|    policy_gradient_loss | -0.000464     |
|    value_loss           | 3.39e-05      |
-------------------------------------------
-------------------------------------------
| rollout/                |               |
|    ep_len_mean          | 4.32e+04      |
|    ep_rew_mean          | -4.98         |
| time/                   |               |
|    fps                  | 12169         |
|    iterations           | 38            |
|    time_elapsed         | 89            |
|    total_timesteps      | 1089536       |
| train/                  |               |
|    approx_kl            | 0.00029459602 |
|    clip_fraction        | 0.0037        |
|    clip_range           | 0.2           |
|    entropy_loss         | -0.0456       |
|    explained_variance   | 0.707         |
|    learning_rate        | 0.000297      |
|    loss                 | -0.003        |
|    n_updates            | 370           |
|    policy_gradient_loss | -0.000305     |
|    value_loss           | 3.1e-05       |
-------------------------------------------
------------------------------------------
| rollout/                |              |
|    ep_len_mean          | 4.32e+04     |
|    ep_rew_mean          | -4.98        |
| time/                   |              |
|    fps                  | 12224        |
|    iterations           | 39           |
|    time_elapsed         | 91           |
|    total_timesteps      | 1118208      |
| train/                  |              |
|    approx_kl            | 0.0003544333 |
|    clip_fraction        | 0.0042       |
|    clip_range           | 0.2          |
|    entropy_loss         | -0.0468      |
|    explained_variance   | 0.7          |
|    learning_rate        | 0.000297     |
|    loss                 | -0.000599    |
|    n_updates            | 380          |
|    policy_gradient_loss | -0.00039     |
|    value_loss           | 5.22e-05     |
------------------------------------------
-------------------------------------------
| rollout/                |               |
|    ep_len_mean          | 4.32e+04      |
|    ep_rew_mean          | -4.98         |
| time/                   |               |
|    fps                  | 12264         |
|    iterations           | 40            |
|    time_elapsed         | 93            |
|    total_timesteps      | 1146880       |
| train/                  |               |
|    approx_kl            | 0.00050632405 |
|    clip_fraction        | 0.00414       |
|    clip_range           | 0.2           |
|    entropy_loss         | -0.0393       |
|    explained_variance   | 0.639         |
|    learning_rate        | 0.000297      |
|    loss                 | 0.00531       |
|    n_updates            | 390           |
|    policy_gradient_loss | -0.000273     |
|    value_loss           | 7.41e-05      |
-------------------------------------------
-------------------------------------------
| rollout/                |               |
|    ep_len_mean          | 4.32e+04      |
|    ep_rew_mean          | -4.98         |
| time/                   |               |
|    fps                  | 12322         |
|    iterations           | 41            |
|    time_elapsed         | 95            |
|    total_timesteps      | 1175552       |
| train/                  |               |
|    approx_kl            | 0.00019392106 |
|    clip_fraction        | 0.00308       |
|    clip_range           | 0.2           |
|    entropy_loss         | -0.0365       |
|    explained_variance   | 0.698         |
|    learning_rate        | 0.000297      |
|    loss                 | -0.00162      |
|    n_updates            | 400           |
|    policy_gradient_loss | -0.000277     |
|    value_loss           | 3.63e-05      |
-------------------------------------------
-----------------------------------------
| rollout/                |             |
|    ep_len_mean          | 4.32e+04    |
|    ep_rew_mean          | -4.98       |
| time/                   |             |
|    fps                  | 12377       |
|    iterations           | 42          |
|    time_elapsed         | 97          |
|    total_timesteps      | 1204224     |
| train/                  |             |
|    approx_kl            | 0.000274756 |
|    clip_fraction        | 0.00265     |
|    clip_range           | 0.2         |
|    entropy_loss         | -0.0363     |
|    explained_variance   | 0.612       |
|    learning_rate        | 0.000296    |
|    loss                 | -0.00284    |
|    n_updates            | 410         |
|    policy_gradient_loss | -0.000199   |
|    value_loss           | 4.17e-05    |
-----------------------------------------
------------------------------------------
| rollout/                |              |
|    ep_len_mean          | 4.32e+04     |
|    ep_rew_mean          | -2.69        |
| time/                   |              |
|    fps                  | 12427        |
|    iterations           | 43           |
|    time_elapsed         | 99           |
|    total_timesteps      | 1232896      |
| train/                  |              |
|    approx_kl            | 0.0002683343 |
|    clip_fraction        | 0.00291      |
|    clip_range           | 0.2          |
|    entropy_loss         | -0.0362      |
|    explained_variance   | 0.726        |
|    learning_rate        | 0.000296     |
|    loss                 | 8.73e-05     |
|    n_updates            | 420          |
|    policy_gradient_loss | -0.000474    |
|    value_loss           | 4.75e-05     |
------------------------------------------
------------------------------------------
| rollout/                |              |
|    ep_len_mean          | 4.32e+04     |
|    ep_rew_mean          | -2.69        |
| time/                   |              |
|    fps                  | 12481        |
|    iterations           | 44           |
|    time_elapsed         | 101          |
|    total_timesteps      | 1261568      |
| train/                  |              |
|    approx_kl            | 0.0002531419 |
|    clip_fraction        | 0.00269      |
|    clip_range           | 0.2          |
|    entropy_loss         | -0.0321      |
|    explained_variance   | 0.704        |
|    learning_rate        | 0.000296     |
|    loss                 | -0.000695    |
|    n_updates            | 430          |
|    policy_gradient_loss | -0.000491    |
|    value_loss           | 1.46e-05     |
------------------------------------------
------------------------------------------
| rollout/                |              |
|    ep_len_mean          | 4.32e+04     |
|    ep_rew_mean          | -2.69        |
| time/                   |              |
|    fps                  | 12531        |
|    iterations           | 45           |
|    time_elapsed         | 102          |
|    total_timesteps      | 1290240      |
| train/                  |              |
|    approx_kl            | 0.0002016667 |
|    clip_fraction        | 0.00331      |
|    clip_range           | 0.2          |
|    entropy_loss         | -0.0274      |
|    explained_variance   | 0.764        |
|    learning_rate        | 0.000296     |
|    loss                 | 0.00319      |
|    n_updates            | 440          |
|    policy_gradient_loss | -0.000387    |
|    value_loss           | 1.73e-05     |
------------------------------------------
-----------------------------------------
| rollout/                |             |
|    ep_len_mean          | 4.32e+04    |
|    ep_rew_mean          | -2.69       |
| time/                   |             |
|    fps                  | 12581       |
|    iterations           | 46          |
|    time_elapsed         | 104         |
|    total_timesteps      | 1318912     |
| train/                  |             |
|    approx_kl            | 0.000563725 |
|    clip_fraction        | 0.00383     |
|    clip_range           | 0.2         |
|    entropy_loss         | -0.0282     |
|    explained_variance   | 0.635       |
|    learning_rate        | 0.000296    |
|    loss                 | 0.000491    |
|    n_updates            | 450         |
|    policy_gradient_loss | -0.00048    |
|    value_loss           | 1.36e-05    |
-----------------------------------------
------------------------------------------
| rollout/                |              |
|    ep_len_mean          | 4.32e+04     |
|    ep_rew_mean          | -2.69        |
| time/                   |              |
|    fps                  | 12627        |
|    iterations           | 47           |
|    time_elapsed         | 106          |
|    total_timesteps      | 1347584      |
| train/                  |              |
|    approx_kl            | 0.0003484372 |
|    clip_fraction        | 0.00322      |
|    clip_range           | 0.2          |
|    entropy_loss         | -0.032       |
|    explained_variance   | 0.752        |
|    learning_rate        | 0.000296     |
|    loss                 | -0.00101     |
|    n_updates            | 460          |
|    policy_gradient_loss | -0.00063     |
|    value_loss           | 3.5e-05      |
------------------------------------------
-------------------------------------------
| rollout/                |               |
|    ep_len_mean          | 4.32e+04      |
|    ep_rew_mean          | -2.69         |
| time/                   |               |
|    fps                  | 12673         |
|    iterations           | 48            |
|    time_elapsed         | 108           |
|    total_timesteps      | 1376256       |
| train/                  |               |
|    approx_kl            | 0.00021503333 |
|    clip_fraction        | 0.00292       |
|    clip_range           | 0.2           |
|    entropy_loss         | -0.0293       |
|    explained_variance   | 0.695         |
|    learning_rate        | 0.000296      |
|    loss                 | -0.00385      |
|    n_updates            | 470           |
|    policy_gradient_loss | -0.000528     |
|    value_loss           | 1.57e-05      |
-------------------------------------------
-------------------------------------------
| rollout/                |               |
|    ep_len_mean          | 4.32e+04      |
|    ep_rew_mean          | -2.69         |
| time/                   |               |
|    fps                  | 12718         |
|    iterations           | 49            |
|    time_elapsed         | 110           |
|    total_timesteps      | 1404928       |
| train/                  |               |
|    approx_kl            | 0.00034254533 |
|    clip_fraction        | 0.00399       |
|    clip_range           | 0.2           |
|    entropy_loss         | -0.0277       |
|    explained_variance   | 0.592         |
|    learning_rate        | 0.000296      |
|    loss                 | -0.00136      |
|    n_updates            | 480           |
|    policy_gradient_loss | -0.000938     |
|    value_loss           | 1.08e-05      |
-------------------------------------------
-------------------------------------------
| rollout/                |               |
|    ep_len_mean          | 4.32e+04      |
|    ep_rew_mean          | -2.69         |
| time/                   |               |
|    fps                  | 12765         |
|    iterations           | 50            |
|    time_elapsed         | 112           |
|    total_timesteps      | 1433600       |
| train/                  |               |
|    approx_kl            | 0.00021756733 |
|    clip_fraction        | 0.00252       |
|    clip_range           | 0.2           |
|    entropy_loss         | -0.0285       |
|    explained_variance   | 0.718         |
|    learning_rate        | 0.000296      |
|    loss                 | 0.00247       |
|    n_updates            | 490           |
|    policy_gradient_loss | -0.000418     |
|    value_loss           | 7.9e-06       |
-------------------------------------------
-------------------------------------------
| rollout/                |               |
|    ep_len_mean          | 4.32e+04      |
|    ep_rew_mean          | -2.69         |
| time/                   |               |
|    fps                  | 12808         |
|    iterations           | 51            |
|    time_elapsed         | 114           |
|    total_timesteps      | 1462272       |
| train/                  |               |
|    approx_kl            | 0.00030121356 |
|    clip_fraction        | 0.00272       |
|    clip_range           | 0.2           |
|    entropy_loss         | -0.0285       |
|    explained_variance   | 0.54          |
|    learning_rate        | 0.000296      |
|    loss                 | -0.00317      |
|    n_updates            | 500           |
|    policy_gradient_loss | -0.000529     |
|    value_loss           | 9.6e-06       |
-------------------------------------------
------------------------------------------
| rollout/                |              |
|    ep_len_mean          | 4.32e+04     |
|    ep_rew_mean          | -2.69        |
| time/                   |              |
|    fps                  | 12852        |
|    iterations           | 52           |
|    time_elapsed         | 116          |
|    total_timesteps      | 1490944      |
| train/                  |              |
|    approx_kl            | 0.0008794057 |
|    clip_fraction        | 0.00413      |
|    clip_range           | 0.2          |
|    entropy_loss         | -0.0324      |
|    explained_variance   | 0.538        |
|    learning_rate        | 0.000296     |
|    loss                 | 0.00517      |
|    n_updates            | 510          |
|    policy_gradient_loss | -0.000839    |
|    value_loss           | 8.89e-06     |
------------------------------------------
[valid @1,500,030] BTC-USDT-SWAP: trades=52 pnl=+178.8
[valid @1,500,030] ETH-USDT-SWAP: trades=76 pnl=+33.9
-------------------------------------------------------
| rollout/                            |               |
|    ep_len_mean                      | 4.32e+04      |
|    ep_rew_mean                      | -2.69         |
| time/                               |               |
|    fps                              | 11689         |
|    iterations                       | 53            |
|    time_elapsed                     | 129           |
|    total_timesteps                  | 1519616       |
| train/                              |               |
|    approx_kl                        | 0.00030273697 |
|    clip_fraction                    | 0.00395       |
|    clip_range                       | 0.2           |
|    entropy_loss                     | -0.0197       |
|    explained_variance               | 0.463         |
|    learning_rate                    | 0.000296      |
|    loss                             | -0.00083      |
|    n_updates                        | 520           |
|    policy_gradient_loss             | -0.000678     |
|    value_loss                       | 1e-05         |
| valid/                              |               |
|    BTC-USDT-SWAP/compound_mdd_pct   | 45.1          |
|    BTC-USDT-SWAP/compound_multiple  | 3.44          |
|    BTC-USDT-SWAP/geo_mean_per_trade | 0.024         |
|    BTC-USDT-SWAP/max_single_loss    | -27.5         |
|    BTC-USDT-SWAP/max_upnl           | 0.503         |
|    BTC-USDT-SWAP/monthly_growth     | 1.11          |
|    BTC-USDT-SWAP/near_liq_n         | 0             |
|    BTC-USDT-SWAP/near_liq_pct       | 0             |
|    BTC-USDT-SWAP/pnl_std            | 14.5          |
|    BTC-USDT-SWAP/sel_monthly_log    | -0.128        |
|    BTC-USDT-SWAP/total_pnl          | 179           |
|    BTC-USDT-SWAP/trades             | 52            |
|    BTC-USDT-SWAP/trades_per_month   | 4.4           |
|    BTC-USDT-SWAP/v9_kpi             | 0.181         |
|    BTC-USDT-SWAP/v9_kpi_smoothed    | 0.943         |
|    BTC-USDT-SWAP/v9_kpi_z_mdd       | 1.46          |
|    BTC-USDT-SWAP/v9_kpi_z_msl       | 0.21          |
|    BTC-USDT-SWAP/v9_kpi_z_sel       | -0.255        |
|    BTC-USDT-SWAP/win_rate           | 0.654         |
|    ETH-USDT-SWAP/compound_mdd_pct   | 100           |
|    ETH-USDT-SWAP/compound_multiple  | 0             |
|    ETH-USDT-SWAP/geo_mean_per_trade | -1            |
|    ETH-USDT-SWAP/max_single_loss    | -100          |
|    ETH-USDT-SWAP/max_upnl           | 1.58          |
|    ETH-USDT-SWAP/monthly_growth     | 0             |
|    ETH-USDT-SWAP/near_liq_n         | 1             |
|    ETH-USDT-SWAP/near_liq_pct       | 0.0132        |
|    ETH-USDT-SWAP/pnl_std            | 24.3          |
|    ETH-USDT-SWAP/total_pnl          | 33.9          |
|    ETH-USDT-SWAP/trades             | 76            |
|    ETH-USDT-SWAP/trades_per_month   | 6.43          |
|    ETH-USDT-SWAP/win_rate           | 0.553         |
-------------------------------------------------------
-------------------------------------------
| rollout/                |               |
|    ep_len_mean          | 4.32e+04      |
|    ep_rew_mean          | -2.69         |
| time/                   |               |
|    fps                  | 11741         |
|    iterations           | 54            |
|    time_elapsed         | 131           |
|    total_timesteps      | 1548288       |
| train/                  |               |
|    approx_kl            | 0.00031412812 |
|    clip_fraction        | 0.00254       |
|    clip_range           | 0.2           |
|    entropy_loss         | -0.0206       |
|    explained_variance   | 0.618         |
|    learning_rate        | 0.000295      |
|    loss                 | -0.00169      |
|    n_updates            | 530           |
|    policy_gradient_loss | -0.000708     |
|    value_loss           | 1.32e-05      |
-------------------------------------------
-------------------------------------------
| rollout/                |               |
|    ep_len_mean          | 4.32e+04      |
|    ep_rew_mean          | -2.69         |
| time/                   |               |
|    fps                  | 11792         |
|    iterations           | 55            |
|    time_elapsed         | 133           |
|    total_timesteps      | 1576960       |
| train/                  |               |
|    approx_kl            | 0.00028935305 |
|    clip_fraction        | 0.00265       |
|    clip_range           | 0.2           |
|    entropy_loss         | -0.0172       |
|    explained_variance   | 0.584         |
|    learning_rate        | 0.000295      |
|    loss                 | -0.00194      |
|    n_updates            | 540           |
|    policy_gradient_loss | -0.000741     |
|    value_loss           | 1.18e-05      |
-------------------------------------------
-------------------------------------------
| rollout/                |               |
|    ep_len_mean          | 4.32e+04      |
|    ep_rew_mean          | -2.69         |
| time/                   |               |
|    fps                  | 11840         |
|    iterations           | 56            |
|    time_elapsed         | 135           |
|    total_timesteps      | 1605632       |
| train/                  |               |
|    approx_kl            | 0.00014078374 |
|    clip_fraction        | 0.00177       |
|    clip_range           | 0.2           |
|    entropy_loss         | -0.0177       |
|    explained_variance   | 0.616         |
|    learning_rate        | 0.000295      |
|    loss                 | -0.00128      |
|    n_updates            | 550           |
|    policy_gradient_loss | -0.000378     |
|    value_loss           | 5.45e-06      |
-------------------------------------------
-------------------------------------------
| rollout/                |               |
|    ep_len_mean          | 4.32e+04      |
|    ep_rew_mean          | -2.69         |
| time/                   |               |
|    fps                  | 11886         |
|    iterations           | 57            |
|    time_elapsed         | 137           |
|    total_timesteps      | 1634304       |
| train/                  |               |
|    approx_kl            | 0.00037408128 |
|    clip_fraction        | 0.00254       |
|    clip_range           | 0.2           |
|    entropy_loss         | -0.0212       |
|    explained_variance   | 0.508         |
|    learning_rate        | 0.000295      |
|    loss                 | 0.000368      |
|    n_updates            | 560           |
|    policy_gradient_loss | -0.000514     |
|    value_loss           | 1.2e-05       |
-------------------------------------------
-------------------------------------------
| rollout/                |               |
|    ep_len_mean          | 4.32e+04      |
|    ep_rew_mean          | -2.69         |
| time/                   |               |
|    fps                  | 11932         |
|    iterations           | 58            |
|    time_elapsed         | 139           |
|    total_timesteps      | 1662976       |
| train/                  |               |
|    approx_kl            | 0.00033345114 |
|    clip_fraction        | 0.00313       |
|    clip_range           | 0.2           |
|    entropy_loss         | -0.0179       |
|    explained_variance   | 0.494         |
|    learning_rate        | 0.000295      |
|    loss                 | -3.35e-05     |
|    n_updates            | 570           |
|    policy_gradient_loss | -0.000694     |
|    value_loss           | 1.34e-05      |
-------------------------------------------
-------------------------------------------
| rollout/                |               |
|    ep_len_mean          | 4.32e+04      |
|    ep_rew_mean          | -2.69         |
| time/                   |               |
|    fps                  | 11977         |
|    iterations           | 59            |
|    time_elapsed         | 141           |
|    total_timesteps      | 1691648       |
| train/                  |               |
|    approx_kl            | 0.00016471765 |
|    clip_fraction        | 0.00227       |
|    clip_range           | 0.2           |
|    entropy_loss         | -0.0147       |
|    explained_variance   | 0.591         |
|    learning_rate        | 0.000295      |
|    loss                 | -0.00159      |
|    n_updates            | 580           |
|    policy_gradient_loss | -0.000311     |
|    value_loss           | 1.06e-05      |
-------------------------------------------
-------------------------------------------
| rollout/                |               |
|    ep_len_mean          | 4.32e+04      |
|    ep_rew_mean          | -2.69         |
| time/                   |               |
|    fps                  | 12021         |
|    iterations           | 60            |
|    time_elapsed         | 143           |
|    total_timesteps      | 1720320       |
| train/                  |               |
|    approx_kl            | 0.00032046018 |
|    clip_fraction        | 0.00301       |
|    clip_range           | 0.2           |
|    entropy_loss         | -0.0243       |
|    explained_variance   | 0.463         |
|    learning_rate        | 0.000295      |
|    loss                 | -0.000953     |
|    n_updates            | 590           |
|    policy_gradient_loss | -0.000461     |
|    value_loss           | 4.69e-05      |
-------------------------------------------
-------------------------------------------
| rollout/                |               |
|    ep_len_mean          | 4.32e+04      |
|    ep_rew_mean          | -2.69         |
| time/                   |               |
|    fps                  | 12064         |
|    iterations           | 61            |
|    time_elapsed         | 144           |
|    total_timesteps      | 1748992       |
| train/                  |               |
|    approx_kl            | 0.00019584666 |
|    clip_fraction        | 0.00203       |
|    clip_range           | 0.2           |
|    entropy_loss         | -0.0187       |
|    explained_variance   | 0.357         |
|    learning_rate        | 0.000295      |
|    loss                 | -0.00118      |
|    n_updates            | 600           |
|    policy_gradient_loss | -0.000167     |
|    value_loss           | 1.49e-05      |
-------------------------------------------
-------------------------------------------
| rollout/                |               |
|    ep_len_mean          | 4.32e+04      |
|    ep_rew_mean          | -2.69         |
| time/                   |               |
|    fps                  | 12106         |
|    iterations           | 62            |
|    time_elapsed         | 146           |
|    total_timesteps      | 1777664       |
| train/                  |               |
|    approx_kl            | 0.00025133285 |
|    clip_fraction        | 0.00266       |
|    clip_range           | 0.2           |
|    entropy_loss         | -0.0201       |
|    explained_variance   | 0.417         |
|    learning_rate        | 0.000295      |
|    loss                 | -0.00147      |
|    n_updates            | 610           |
|    policy_gradient_loss | -0.00023      |
|    value_loss           | 1.54e-05      |
-------------------------------------------
--------------------------------------------
| rollout/                |                |
|    ep_len_mean          | 4.32e+04       |
|    ep_rew_mean          | -2.69          |
| time/                   |                |
|    fps                  | 12144          |
|    iterations           | 63             |
|    time_elapsed         | 148            |
|    total_timesteps      | 1806336        |
| train/                  |                |
|    approx_kl            | 0.000118414326 |
|    clip_fraction        | 0.000949       |
|    clip_range           | 0.2            |
|    entropy_loss         | -0.0206        |
|    explained_variance   | 0.193          |
|    learning_rate        | 0.000295       |
|    loss                 | -3.37e-06      |
|    n_updates            | 620            |
|    policy_gradient_loss | -0.000336      |
|    value_loss           | 1.84e-05       |
--------------------------------------------
-------------------------------------------
| rollout/                |               |
|    ep_len_mean          | 4.32e+04      |
|    ep_rew_mean          | -1.85         |
| time/                   |               |
|    fps                  | 12183         |
|    iterations           | 64            |
|    time_elapsed         | 150           |
|    total_timesteps      | 1835008       |
| train/                  |               |
|    approx_kl            | 0.00061782665 |
|    clip_fraction        | 0.00319       |
|    clip_range           | 0.2           |
|    entropy_loss         | -0.0246       |
|    explained_variance   | 0.32          |
|    learning_rate        | 0.000295      |
|    loss                 | -0.00044      |
|    n_updates            | 630           |
|    policy_gradient_loss | -0.000564     |
|    value_loss           | 1.38e-05      |
-------------------------------------------
-------------------------------------------
| rollout/                |               |
|    ep_len_mean          | 4.32e+04      |
|    ep_rew_mean          | -1.85         |
| time/                   |               |
|    fps                  | 12212         |
|    iterations           | 65            |
|    time_elapsed         | 152           |
|    total_timesteps      | 1863680       |
| train/                  |               |
|    approx_kl            | 0.00049762183 |
|    clip_fraction        | 0.00301       |
|    clip_range           | 0.2           |
|    entropy_loss         | -0.0284       |
|    explained_variance   | 0.295         |
|    learning_rate        | 0.000294      |
|    loss                 | 0.00108       |
|    n_updates            | 640           |
|    policy_gradient_loss | -0.000379     |
|    value_loss           | 1.75e-05      |
-------------------------------------------
-------------------------------------------
| rollout/                |               |
|    ep_len_mean          | 4.32e+04      |
|    ep_rew_mean          | -1.85         |
| time/                   |               |
|    fps                  | 12245         |
|    iterations           | 66            |
|    time_elapsed         | 154           |
|    total_timesteps      | 1892352       |
| train/                  |               |
|    approx_kl            | 0.00054136623 |
|    clip_fraction        | 0.00285       |
|    clip_range           | 0.2           |
|    entropy_loss         | -0.0229       |
|    explained_variance   | 0.531         |
|    learning_rate        | 0.000294      |
|    loss                 | -0.00422      |
|    n_updates            | 650           |
|    policy_gradient_loss | -0.000761     |
|    value_loss           | 8.65e-06      |
-------------------------------------------
-------------------------------------------
| rollout/                |               |
|    ep_len_mean          | 4.32e+04      |
|    ep_rew_mean          | -1.85         |
| time/                   |               |
|    fps                  | 12283         |
|    iterations           | 67            |
|    time_elapsed         | 156           |
|    total_timesteps      | 1921024       |
| train/                  |               |
|    approx_kl            | 0.00042110667 |
|    clip_fraction        | 0.00356       |
|    clip_range           | 0.2           |
|    entropy_loss         | -0.0277       |
|    explained_variance   | 0.422         |
|    learning_rate        | 0.000294      |
|    loss                 | -0.000151     |
|    n_updates            | 660           |
|    policy_gradient_loss | -0.000481     |
|    value_loss           | 2.15e-05      |
-------------------------------------------
-------------------------------------------
| rollout/                |               |
|    ep_len_mean          | 4.32e+04      |
|    ep_rew_mean          | -1.85         |
| time/                   |               |
|    fps                  | 12317         |
|    iterations           | 68            |
|    time_elapsed         | 158           |
|    total_timesteps      | 1949696       |
| train/                  |               |
|    approx_kl            | 0.00050141563 |
|    clip_fraction        | 0.00377       |
|    clip_range           | 0.2           |
|    entropy_loss         | -0.0284       |
|    explained_variance   | 0.426         |
|    learning_rate        | 0.000294      |
|    loss                 | -0.000699     |
|    n_updates            | 670           |
|    policy_gradient_loss | -0.00159      |
|    value_loss           | 2.66e-05      |
-------------------------------------------
------------------------------------------
| rollout/                |              |
|    ep_len_mean          | 4.32e+04     |
|    ep_rew_mean          | -1.85        |
| time/                   |              |
|    fps                  | 12351        |
|    iterations           | 69           |
|    time_elapsed         | 160          |
|    total_timesteps      | 1978368      |
| train/                  |              |
|    approx_kl            | 0.0003289121 |
|    clip_fraction        | 0.00373      |
|    clip_range           | 0.2          |
|    entropy_loss         | -0.0261      |
|    explained_variance   | 0.21         |
|    learning_rate        | 0.000294     |
|    loss                 | -0.00468     |
|    n_updates            | 680          |
|    policy_gradient_loss | -0.000902    |
|    value_loss           | 2.07e-05     |
------------------------------------------
[valid @2,000,040] BTC-USDT-SWAP: trades=192 pnl=-15.2
[valid @2,000,040] ETH-USDT-SWAP: trades=319 pnl=-193.2
[valid] new best (BTC v9_kpi +0.2661, smoothed +0.5903 | sel -0.1940 mdd 43.5% msl -18.8) -> /home/henjigcp/git/quant_real_RL/models/v10_maskablerl/v10_maskablerl_seed0_0803-0053/v10_maskablerl_seed0_0803-0053_best.zip
-------------------------------------------------------
| rollout/                            |               |
|    ep_len_mean                      | 4.32e+04      |
|    ep_rew_mean                      | -1.85         |
| time/                               |               |
|    fps                              | 11725         |
|    iterations                       | 70            |
|    time_elapsed                     | 171           |
|    total_timesteps                  | 2007040       |
| train/                              |               |
|    approx_kl                        | 0.00037473606 |
|    clip_fraction                    | 0.00256       |
|    clip_range                       | 0.2           |
|    entropy_loss                     | -0.0237       |
|    explained_variance               | 0.354         |
|    learning_rate                    | 0.000294      |
|    loss                             | -0.00284      |
|    n_updates                        | 690           |
|    policy_gradient_loss             | -0.000618     |
|    value_loss                       | 1.11e-05      |
| valid/                              |               |
|    BTC-USDT-SWAP/compound_mdd_pct   | 43.5          |
|    BTC-USDT-SWAP/compound_multiple  | 0.773         |
|    BTC-USDT-SWAP/geo_mean_per_trade | -0.00134      |
|    BTC-USDT-SWAP/max_single_loss    | -18.8         |
|    BTC-USDT-SWAP/max_upnl           | 0.0808        |
|    BTC-USDT-SWAP/monthly_growth     | 0.978         |
|    BTC-USDT-SWAP/near_liq_n         | 0             |
|    BTC-USDT-SWAP/near_liq_pct       | 0             |
|    BTC-USDT-SWAP/pnl_std            | 3.25          |
|    BTC-USDT-SWAP/sel_monthly_log    | -0.194        |
|    BTC-USDT-SWAP/total_pnl          | -15.2         |
|    BTC-USDT-SWAP/trades             | 192           |
|    BTC-USDT-SWAP/trades_per_month   | 16.2          |
|    BTC-USDT-SWAP/v9_kpi             | 0.266         |
|    BTC-USDT-SWAP/v9_kpi_smoothed    | 0.59          |
|    BTC-USDT-SWAP/v9_kpi_z_mdd       | 1.56          |
|    BTC-USDT-SWAP/v9_kpi_z_msl       | 0.935         |
|    BTC-USDT-SWAP/v9_kpi_z_sel       | -0.388        |
|    BTC-USDT-SWAP/win_rate           | 0.594         |
|    ETH-USDT-SWAP/compound_mdd_pct   | 95.2          |
|    ETH-USDT-SWAP/compound_multiple  | 0.0697        |
|    ETH-USDT-SWAP/geo_mean_per_trade | -0.00831      |
|    ETH-USDT-SWAP/max_single_loss    | -39.3         |
|    ETH-USDT-SWAP/max_upnl           | 0.136         |
|    ETH-USDT-SWAP/monthly_growth     | 0.798         |
|    ETH-USDT-SWAP/near_liq_n         | 0             |
|    ETH-USDT-SWAP/near_liq_pct       | 0             |
|    ETH-USDT-SWAP/pnl_std            | 6.31          |
|    ETH-USDT-SWAP/total_pnl          | -193          |
|    ETH-USDT-SWAP/trades             | 319           |
|    ETH-USDT-SWAP/trades_per_month   | 27            |
|    ETH-USDT-SWAP/win_rate           | 0.592         |
-------------------------------------------------------
-------------------------------------------
| rollout/                |               |
|    ep_len_mean          | 4.32e+04      |
|    ep_rew_mean          | -1.85         |
| time/                   |               |
|    fps                  | 11762         |
|    iterations           | 71            |
|    time_elapsed         | 173           |
|    total_timesteps      | 2035712       |
| train/                  |               |
|    approx_kl            | 0.00050743803 |
|    clip_fraction        | 0.00448       |
|    clip_range           | 0.2           |
|    entropy_loss         | -0.0257       |
|    explained_variance   | 0.163         |
|    learning_rate        | 0.000294      |
|    loss                 | -1.66e-05     |
|    n_updates            | 700           |
|    policy_gradient_loss | -0.000743     |
|    value_loss           | 3.42e-05      |
-------------------------------------------
-------------------------------------------
| rollout/                |               |
|    ep_len_mean          | 4.32e+04      |
|    ep_rew_mean          | -1.85         |
| time/                   |               |
|    fps                  | 11798         |
|    iterations           | 72            |
|    time_elapsed         | 174           |
|    total_timesteps      | 2064384       |
| train/                  |               |
|    approx_kl            | 0.00016788114 |
|    clip_fraction        | 0.00202       |
|    clip_range           | 0.2           |
|    entropy_loss         | -0.0221       |
|    explained_variance   | 0.263         |
|    learning_rate        | 0.000294      |
|    loss                 | -0.000985     |
|    n_updates            | 710           |
|    policy_gradient_loss | -0.000235     |
|    value_loss           | 2.51e-05      |
-------------------------------------------
------------------------------------------
| rollout/                |              |
|    ep_len_mean          | 4.32e+04     |
|    ep_rew_mean          | -1.85        |
| time/                   |              |
|    fps                  | 11834        |
|    iterations           | 73           |
|    time_elapsed         | 176          |
|    total_timesteps      | 2093056      |
| train/                  |              |
|    approx_kl            | 0.0002415288 |
|    clip_fraction        | 0.00336      |
|    clip_range           | 0.2          |
|    entropy_loss         | -0.0234      |
|    explained_variance   | 0.203        |
|    learning_rate        | 0.000294     |
|    loss                 | 0.000228     |
|    n_updates            | 720          |
|    policy_gradient_loss | -0.000298    |
|    value_loss           | 2.48e-05     |
------------------------------------------
-------------------------------------------
| rollout/                |               |
|    ep_len_mean          | 4.32e+04      |
|    ep_rew_mean          | -1.85         |
| time/                   |               |
|    fps                  | 11870         |
|    iterations           | 74            |
|    time_elapsed         | 178           |
|    total_timesteps      | 2121728       |
| train/                  |               |
|    approx_kl            | 0.00032330304 |
|    clip_fraction        | 0.00346       |
|    clip_range           | 0.2           |
|    entropy_loss         | -0.026        |
|    explained_variance   | 0.178         |
|    learning_rate        | 0.000294      |
|    loss                 | 0.000535      |
|    n_updates            | 730           |
|    policy_gradient_loss | -0.000628     |
|    value_loss           | 3.06e-05      |
-------------------------------------------
-------------------------------------------
| rollout/                |               |
|    ep_len_mean          | 4.32e+04      |
|    ep_rew_mean          | -1.85         |
| time/                   |               |
|    fps                  | 11905         |
|    iterations           | 75            |
|    time_elapsed         | 180           |
|    total_timesteps      | 2150400       |
| train/                  |               |
|    approx_kl            | 0.00077853777 |
|    clip_fraction        | 0.00433       |
|    clip_range           | 0.2           |
|    entropy_loss         | -0.0224       |
|    explained_variance   | 0.258         |
|    learning_rate        | 0.000294      |
|    loss                 | 0.00011       |
|    n_updates            | 740           |
|    policy_gradient_loss | -0.000945     |
|    value_loss           | 3.11e-05      |
-------------------------------------------
-------------------------------------------
| rollout/                |               |
|    ep_len_mean          | 4.32e+04      |
|    ep_rew_mean          | -1.85         |
| time/                   |               |
|    fps                  | 11941         |
|    iterations           | 76            |
|    time_elapsed         | 182           |
|    total_timesteps      | 2179072       |
| train/                  |               |
|    approx_kl            | 0.00033044335 |
|    clip_fraction        | 0.00274       |
|    clip_range           | 0.2           |
|    entropy_loss         | -0.0183       |
|    explained_variance   | 0.344         |
|    learning_rate        | 0.000294      |
|    loss                 | 0.000103      |
|    n_updates            | 750           |
|    policy_gradient_loss | -0.000423     |
|    value_loss           | 1.48e-05      |
-------------------------------------------
--------------------------------------------
| rollout/                |                |
|    ep_len_mean          | 4.32e+04       |
|    ep_rew_mean          | -1.85          |
| time/                   |                |
|    fps                  | 11974          |
|    iterations           | 77             |
|    time_elapsed         | 184            |
|    total_timesteps      | 2207744        |
| train/                  |                |
|    approx_kl            | 0.000118788856 |
|    clip_fraction        | 0.00116        |
|    clip_range           | 0.2            |
|    entropy_loss         | -0.0183        |
|    explained_variance   | 0.367          |
|    learning_rate        | 0.000293       |
|    loss                 | -0.000224      |
|    n_updates            | 760            |
|    policy_gradient_loss | -0.000129      |
|    value_loss           | 1.83e-05       |
--------------------------------------------
------------------------------------------
| rollout/                |              |
|    ep_len_mean          | 4.32e+04     |
|    ep_rew_mean          | -1.85        |
| time/                   |              |
|    fps                  | 12007        |
|    iterations           | 78           |
|    time_elapsed         | 186          |
|    total_timesteps      | 2236416      |
| train/                  |              |
|    approx_kl            | 0.0003374814 |
|    clip_fraction        | 0.00221      |
|    clip_range           | 0.2          |
|    entropy_loss         | -0.0232      |
|    explained_variance   | 0.377        |
|    learning_rate        | 0.000293     |
|    loss                 | -0.00219     |
|    n_updates            | 770          |
|    policy_gradient_loss | -0.000254    |
|    value_loss           | 2.2e-05      |
------------------------------------------
-------------------------------------------
| rollout/                |               |
|    ep_len_mean          | 4.32e+04      |
|    ep_rew_mean          | -1.85         |
| time/                   |               |
|    fps                  | 12038         |
|    iterations           | 79            |
|    time_elapsed         | 188           |
|    total_timesteps      | 2265088       |
| train/                  |               |
|    approx_kl            | 0.00024150607 |
|    clip_fraction        | 0.00213       |
|    clip_range           | 0.2           |
|    entropy_loss         | -0.0258       |
|    explained_variance   | 0.347         |
|    learning_rate        | 0.000293      |
|    loss                 | -1.02e-05     |
|    n_updates            | 780           |
|    policy_gradient_loss | -0.000143     |
|    value_loss           | 2.64e-05      |
-------------------------------------------
-------------------------------------------
| rollout/                |               |
|    ep_len_mean          | 4.32e+04      |
|    ep_rew_mean          | -1.85         |
| time/                   |               |
|    fps                  | 12070         |
|    iterations           | 80            |
|    time_elapsed         | 190           |
|    total_timesteps      | 2293760       |
| train/                  |               |
|    approx_kl            | 0.00035878536 |
|    clip_fraction        | 0.0025        |
|    clip_range           | 0.2           |
|    entropy_loss         | -0.0206       |
|    explained_variance   | 0.447         |
|    learning_rate        | 0.000293      |
|    loss                 | -0.00116      |
|    n_updates            | 790           |
|    policy_gradient_loss | -0.000363     |
|    value_loss           | 1.82e-05      |
-------------------------------------------
-------------------------------------------
| rollout/                |               |
|    ep_len_mean          | 4.32e+04      |
|    ep_rew_mean          | -1.85         |
| time/                   |               |
|    fps                  | 12099         |
|    iterations           | 81            |
|    time_elapsed         | 191           |
|    total_timesteps      | 2322432       |
| train/                  |               |
|    approx_kl            | 0.00021789211 |
|    clip_fraction        | 0.00266       |
|    clip_range           | 0.2           |
|    entropy_loss         | -0.0232       |
|    explained_variance   | 0.451         |
|    learning_rate        | 0.000293      |
|    loss                 | -0.000228     |
|    n_updates            | 800           |
|    policy_gradient_loss | -0.000547     |
|    value_loss           | 1.63e-05      |
-------------------------------------------
-------------------------------------------
| rollout/                |               |
|    ep_len_mean          | 4.32e+04      |
|    ep_rew_mean          | -1.85         |
| time/                   |               |
|    fps                  | 12127         |
|    iterations           | 82            |
|    time_elapsed         | 193           |
|    total_timesteps      | 2351104       |
| train/                  |               |
|    approx_kl            | 0.00076859724 |
|    clip_fraction        | 0.00607       |
|    clip_range           | 0.2           |
|    entropy_loss         | -0.0285       |
|    explained_variance   | 0.439         |
|    learning_rate        | 0.000293      |
|    loss                 | -0.00191      |
|    n_updates            | 810           |
|    policy_gradient_loss | -0.00106      |
|    value_loss           | 2.16e-05      |
-------------------------------------------
-------------------------------------------
| rollout/                |               |
|    ep_len_mean          | 4.32e+04      |
|    ep_rew_mean          | -1.85         |
| time/                   |               |
|    fps                  | 12158         |
|    iterations           | 83            |
|    time_elapsed         | 195           |
|    total_timesteps      | 2379776       |
| train/                  |               |
|    approx_kl            | 0.00025144973 |
|    clip_fraction        | 0.00312       |
|    clip_range           | 0.2           |
|    entropy_loss         | -0.0244       |
|    explained_variance   | 0.528         |
|    learning_rate        | 0.000293      |
|    loss                 | -0.000703     |
|    n_updates            | 820           |
|    policy_gradient_loss | -0.000401     |
|    value_loss           | 1.86e-05      |
-------------------------------------------
-------------------------------------------
| rollout/                |               |
|    ep_len_mean          | 4.32e+04      |
|    ep_rew_mean          | -1.85         |
| time/                   |               |
|    fps                  | 12187         |
|    iterations           | 84            |
|    time_elapsed         | 197           |
|    total_timesteps      | 2408448       |
| train/                  |               |
|    approx_kl            | 0.00022773129 |
|    clip_fraction        | 0.0037        |
|    clip_range           | 0.2           |
|    entropy_loss         | -0.0259       |
|    explained_variance   | 0.609         |
|    learning_rate        | 0.000293      |
|    loss                 | -0.00109      |
|    n_updates            | 830           |
|    policy_gradient_loss | -0.000473     |
|    value_loss           | 5.99e-05      |
-------------------------------------------
-----------------------------------------
| rollout/                |             |
|    ep_len_mean          | 4.32e+04    |
|    ep_rew_mean          | -1.39       |
| time/                   |             |
|    fps                  | 12215       |
|    iterations           | 85          |
|    time_elapsed         | 199         |
|    total_timesteps      | 2437120     |
| train/                  |             |
|    approx_kl            | 0.001183127 |
|    clip_fraction        | 0.00462     |
|    clip_range           | 0.2         |
|    entropy_loss         | -0.0237     |
|    explained_variance   | 0.522       |
|    learning_rate        | 0.000293    |
|    loss                 | -0.00149    |
|    n_updates            | 840         |
|    policy_gradient_loss | -0.00129    |
|    value_loss           | 2.45e-05    |
-----------------------------------------
-----------------------------------------
| rollout/                |             |
|    ep_len_mean          | 4.32e+04    |
|    ep_rew_mean          | -1.39       |
| time/                   |             |
|    fps                  | 12244       |
|    iterations           | 86          |
|    time_elapsed         | 201         |
|    total_timesteps      | 2465792     |
| train/                  |             |
|    approx_kl            | 0.000644369 |
|    clip_fraction        | 0.00486     |
|    clip_range           | 0.2         |
|    entropy_loss         | -0.0225     |
|    explained_variance   | 0.557       |
|    learning_rate        | 0.000293    |
|    loss                 | 0.000246    |
|    n_updates            | 850         |
|    policy_gradient_loss | -0.000819   |
|    value_loss           | 1.54e-05    |
-----------------------------------------
-------------------------------------------
| rollout/                |               |
|    ep_len_mean          | 4.32e+04      |
|    ep_rew_mean          | -1.39         |
| time/                   |               |
|    fps                  | 12272         |
|    iterations           | 87            |
|    time_elapsed         | 203           |
|    total_timesteps      | 2494464       |
| train/                  |               |
|    approx_kl            | 0.00032276748 |
|    clip_fraction        | 0.00318       |
|    clip_range           | 0.2           |
|    entropy_loss         | -0.0196       |
|    explained_variance   | 0.547         |
|    learning_rate        | 0.000293      |
|    loss                 | -0.00392      |
|    n_updates            | 860           |
|    policy_gradient_loss | -0.000551     |
|    value_loss           | 9.77e-06      |
-------------------------------------------
[valid @2,500,050] BTC-USDT-SWAP: trades=99 pnl=+70.8
[valid @2,500,050] ETH-USDT-SWAP: trades=271 pnl=+3.3
------------------------------------------------------
| rollout/                            |              |
|    ep_len_mean                      | 4.32e+04     |
|    ep_rew_mean                      | -1.39        |
| time/                               |              |
|    fps                              | 11760        |
|    iterations                       | 88           |
|    time_elapsed                     | 214          |
|    total_timesteps                  | 2523136      |
| train/                              |              |
|    approx_kl                        | 0.0003597683 |
|    clip_fraction                    | 0.00238      |
|    clip_range                       | 0.2          |
|    entropy_loss                     | -0.0233      |
|    explained_variance               | 0.366        |
|    learning_rate                    | 0.000293     |
|    loss                             | -0.000206    |
|    n_updates                        | 870          |
|    policy_gradient_loss             | -0.000312    |
|    value_loss                       | 1.71e-05     |
| valid/                              |              |
|    BTC-USDT-SWAP/compound_mdd_pct   | 31.9         |
|    BTC-USDT-SWAP/compound_multiple  | 1.75         |
|    BTC-USDT-SWAP/geo_mean_per_trade | 0.00568      |
|    BTC-USDT-SWAP/max_single_loss    | -18.8        |
|    BTC-USDT-SWAP/max_upnl           | 0.128        |
|    BTC-USDT-SWAP/monthly_growth     | 1.05         |
|    BTC-USDT-SWAP/near_liq_n         | 0            |
|    BTC-USDT-SWAP/near_liq_pct       | 0            |
|    BTC-USDT-SWAP/pnl_std            | 5.36         |
|    BTC-USDT-SWAP/sel_monthly_log    | -0.126       |
|    BTC-USDT-SWAP/total_pnl          | 70.8         |
|    BTC-USDT-SWAP/trades             | 99           |
|    BTC-USDT-SWAP/trades_per_month   | 8.37         |
|    BTC-USDT-SWAP/v9_kpi             | 0.484        |
|    BTC-USDT-SWAP/v9_kpi_smoothed    | 0.31         |
|    BTC-USDT-SWAP/v9_kpi_z_mdd       | 2.24         |
|    BTC-USDT-SWAP/v9_kpi_z_msl       | 0.935        |
|    BTC-USDT-SWAP/v9_kpi_z_sel       | -0.252       |
|    BTC-USDT-SWAP/win_rate           | 0.616        |
|    ETH-USDT-SWAP/compound_mdd_pct   | 79.9         |
|    ETH-USDT-SWAP/compound_multiple  | 0.469        |
|    ETH-USDT-SWAP/geo_mean_per_trade | -0.00279     |
|    ETH-USDT-SWAP/max_single_loss    | -39.3        |
|    ETH-USDT-SWAP/max_upnl           | 0.16         |
|    ETH-USDT-SWAP/monthly_growth     | 0.938        |
|    ETH-USDT-SWAP/near_liq_n         | 0            |
|    ETH-USDT-SWAP/near_liq_pct       | 0            |
|    ETH-USDT-SWAP/pnl_std            | 7.22         |
|    ETH-USDT-SWAP/total_pnl          | 3.25         |
|    ETH-USDT-SWAP/trades             | 271          |
|    ETH-USDT-SWAP/trades_per_month   | 22.9         |
|    ETH-USDT-SWAP/win_rate           | 0.572        |
------------------------------------------------------
-------------------------------------------
| rollout/                |               |
|    ep_len_mean          | 4.32e+04      |
|    ep_rew_mean          | -1.39         |
| time/                   |               |
|    fps                  | 11790         |
|    iterations           | 89            |
|    time_elapsed         | 216           |
|    total_timesteps      | 2551808       |
| train/                  |               |
|    approx_kl            | 0.00036912932 |
|    clip_fraction        | 0.00271       |
|    clip_range           | 0.2           |
|    entropy_loss         | -0.0222       |
|    explained_variance   | 0.453         |
|    learning_rate        | 0.000292      |
|    loss                 | -0.0043       |
|    n_updates            | 880           |
|    policy_gradient_loss | -0.000432     |
|    value_loss           | 1.22e-05      |
-------------------------------------------
-------------------------------------------
| rollout/                |               |
|    ep_len_mean          | 4.32e+04      |
|    ep_rew_mean          | -1.39         |
| time/                   |               |
|    fps                  | 11820         |
|    iterations           | 90            |
|    time_elapsed         | 218           |
|    total_timesteps      | 2580480       |
| train/                  |               |
|    approx_kl            | 0.00035960297 |
|    clip_fraction        | 0.00304       |
|    clip_range           | 0.2           |
|    entropy_loss         | -0.0219       |
|    explained_variance   | 0.592         |
|    learning_rate        | 0.000292      |
|    loss                 | -0.000831     |
|    n_updates            | 890           |
|    policy_gradient_loss | -0.000535     |
|    value_loss           | 1.95e-05      |
-------------------------------------------
------------------------------------------
| rollout/                |              |
|    ep_len_mean          | 4.32e+04     |
|    ep_rew_mean          | -1.39        |
| time/                   |              |
|    fps                  | 11850        |
|    iterations           | 91           |
|    time_elapsed         | 220          |
|    total_timesteps      | 2609152      |
| train/                  |              |
|    approx_kl            | 0.0006012543 |
|    clip_fraction        | 0.00305      |
|    clip_range           | 0.2          |
|    entropy_loss         | -0.0217      |
|    explained_variance   | 0.425        |
|    learning_rate        | 0.000292     |
|    loss                 | -0.00356     |
|    n_updates            | 900          |
|    policy_gradient_loss | -0.000522    |
|    value_loss           | 1.2e-05      |
------------------------------------------
-------------------------------------------
| rollout/                |               |
|    ep_len_mean          | 4.32e+04      |
|    ep_rew_mean          | -1.39         |
| time/                   |               |
|    fps                  | 11880         |
|    iterations           | 92            |
|    time_elapsed         | 222           |
|    total_timesteps      | 2637824       |
| train/                  |               |
|    approx_kl            | 0.00025193638 |
|    clip_fraction        | 0.00279       |
|    clip_range           | 0.2           |
|    entropy_loss         | -0.0185       |
|    explained_variance   | 0.405         |
|    learning_rate        | 0.000292      |
|    loss                 | -0.000794     |
|    n_updates            | 910           |
|    policy_gradient_loss | -0.000553     |
|    value_loss           | 1.29e-05      |
-------------------------------------------
-------------------------------------------
| rollout/                |               |
|    ep_len_mean          | 4.32e+04      |
|    ep_rew_mean          | -1.39         |
| time/                   |               |
|    fps                  | 11909         |
|    iterations           | 93            |
|    time_elapsed         | 223           |
|    total_timesteps      | 2666496       |
| train/                  |               |
|    approx_kl            | 0.00022165151 |
|    clip_fraction        | 0.00249       |
|    clip_range           | 0.2           |
|    entropy_loss         | -0.0133       |
|    explained_variance   | 0.549         |
|    learning_rate        | 0.000292      |
|    loss                 | -0.000835     |
|    n_updates            | 920           |
|    policy_gradient_loss | -0.000348     |
|    value_loss           | 8.85e-06      |
-------------------------------------------
------------------------------------------
| rollout/                |              |
|    ep_len_mean          | 4.32e+04     |
|    ep_rew_mean          | -1.39        |
| time/                   |              |
|    fps                  | 11939        |
|    iterations           | 94           |
|    time_elapsed         | 225          |
|    total_timesteps      | 2695168      |
| train/                  |              |
|    approx_kl            | 0.0018308008 |
|    clip_fraction        | 0.00594      |
|    clip_range           | 0.2          |
|    entropy_loss         | -0.0244      |
|    explained_variance   | 0.355        |
|    learning_rate        | 0.000292     |
|    loss                 | -0.0114      |
|    n_updates            | 930          |
|    policy_gradient_loss | -0.00217     |
|    value_loss           | 3.83e-05     |
------------------------------------------
------------------------------------------
| rollout/                |              |
|    ep_len_mean          | 4.32e+04     |
|    ep_rew_mean          | -1.39        |
| time/                   |              |
|    fps                  | 11967        |
|    iterations           | 95           |
|    time_elapsed         | 227          |
|    total_timesteps      | 2723840      |
| train/                  |              |
|    approx_kl            | 0.0003239567 |
|    clip_fraction        | 0.00445      |
|    clip_range           | 0.2          |
|    entropy_loss         | -0.0215      |
|    explained_variance   | 0.402        |
|    learning_rate        | 0.000292     |
|    loss                 | 0.00251      |
|    n_updates            | 940          |
|    policy_gradient_loss | -0.000746    |
|    value_loss           | 1.9e-05      |
------------------------------------------
------------------------------------------
| rollout/                |              |
|    ep_len_mean          | 4.32e+04     |
|    ep_rew_mean          | -1.39        |
| time/                   |              |
|    fps                  | 11994        |
|    iterations           | 96           |
|    time_elapsed         | 229          |
|    total_timesteps      | 2752512      |
| train/                  |              |
|    approx_kl            | 0.0003296143 |
|    clip_fraction        | 0.00382      |
|    clip_range           | 0.2          |
|    entropy_loss         | -0.021       |
|    explained_variance   | 0.595        |
|    learning_rate        | 0.000292     |
|    loss                 | -0.00146     |
|    n_updates            | 950          |
|    policy_gradient_loss | -0.00108     |
|    value_loss           | 1.44e-05     |
------------------------------------------
-------------------------------------------
| rollout/                |               |
|    ep_len_mean          | 4.32e+04      |
|    ep_rew_mean          | -1.39         |
| time/                   |               |
|    fps                  | 12021         |
|    iterations           | 97            |
|    time_elapsed         | 231           |
|    total_timesteps      | 2781184       |
| train/                  |               |
|    approx_kl            | 0.00038273557 |
|    clip_fraction        | 0.00232       |
|    clip_range           | 0.2           |
|    entropy_loss         | -0.0209       |
|    explained_variance   | 0.519         |
|    learning_rate        | 0.000292      |
|    loss                 | -0.00248      |
|    n_updates            | 960           |
|    policy_gradient_loss | -0.000608     |
|    value_loss           | 2.24e-05      |
-------------------------------------------
------------------------------------------
| rollout/                |              |
|    ep_len_mean          | 4.32e+04     |
|    ep_rew_mean          | -1.39        |
| time/                   |              |
|    fps                  | 12047        |
|    iterations           | 98           |
|    time_elapsed         | 233          |
|    total_timesteps      | 2809856      |
| train/                  |              |
|    approx_kl            | 0.0005193679 |
|    clip_fraction        | 0.00328      |
|    clip_range           | 0.2          |
|    entropy_loss         | -0.0209      |
|    explained_variance   | 0.564        |
|    learning_rate        | 0.000292     |
|    loss                 | -0.000281    |
|    n_updates            | 970          |
|    policy_gradient_loss | -0.000719    |
|    value_loss           | 1.53e-05     |
------------------------------------------
-------------------------------------------
| rollout/                |               |
|    ep_len_mean          | 4.32e+04      |
|    ep_rew_mean          | -1.39         |
| time/                   |               |
|    fps                  | 12073         |
|    iterations           | 99            |
|    time_elapsed         | 235           |
|    total_timesteps      | 2838528       |
| train/                  |               |
|    approx_kl            | 0.00024441298 |
|    clip_fraction        | 0.00205       |
|    clip_range           | 0.2           |
|    entropy_loss         | -0.0163       |
|    explained_variance   | 0.455         |
|    learning_rate        | 0.000292      |
|    loss                 | 0.000167      |
|    n_updates            | 980           |
|    policy_gradient_loss | -0.000405     |
|    value_loss           | 1.13e-05      |
-------------------------------------------
-------------------------------------------
| rollout/                |               |
|    ep_len_mean          | 4.32e+04      |
|    ep_rew_mean          | -1.39         |
| time/                   |               |
|    fps                  | 12098         |
|    iterations           | 100           |
|    time_elapsed         | 236           |
|    total_timesteps      | 2867200       |
| train/                  |               |
|    approx_kl            | 0.00052221987 |
|    clip_fraction        | 0.00377       |
|    clip_range           | 0.2           |
|    entropy_loss         | -0.0269       |
|    explained_variance   | -0.157        |
|    learning_rate        | 0.000291      |
|    loss                 | -1.95e-05     |
|    n_updates            | 990           |
|    policy_gradient_loss | -0.000763     |
|    value_loss           | 0.000152      |
-------------------------------------------
------------------------------------------
| rollout/                |              |
|    ep_len_mean          | 4.32e+04     |
|    ep_rew_mean          | -1.39        |
| time/                   |              |
|    fps                  | 12123        |
|    iterations           | 101          |
|    time_elapsed         | 238          |
|    total_timesteps      | 2895872      |
| train/                  |              |
|    approx_kl            | 0.0003672045 |
|    clip_fraction        | 0.0043       |
|    clip_range           | 0.2          |
|    entropy_loss         | -0.0362      |
|    explained_variance   | 0.121        |
|    learning_rate        | 0.000291     |
|    loss                 | 0.00253      |
|    n_updates            | 1000         |
|    policy_gradient_loss | -0.00114     |
|    value_loss           | 0.00027      |
------------------------------------------
-------------------------------------------
| rollout/                |               |
|    ep_len_mean          | 4.32e+04      |
|    ep_rew_mean          | -1.39         |
| time/                   |               |
|    fps                  | 12148         |
|    iterations           | 102           |
|    time_elapsed         | 240           |
|    total_timesteps      | 2924544       |
| train/                  |               |
|    approx_kl            | 0.00026232318 |
|    clip_fraction        | 0.00295       |
|    clip_range           | 0.2           |
|    entropy_loss         | -0.0252       |
|    explained_variance   | 0.109         |
|    learning_rate        | 0.000291      |
|    loss                 | -0.00072      |
|    n_updates            | 1010          |
|    policy_gradient_loss | -0.000621     |
|    value_loss           | 4.69e-05      |
-------------------------------------------
-------------------------------------------
| rollout/                |               |
|    ep_len_mean          | 4.32e+04      |
|    ep_rew_mean          | -1.39         |
| time/                   |               |
|    fps                  | 12172         |
|    iterations           | 103           |
|    time_elapsed         | 242           |
|    total_timesteps      | 2953216       |
| train/                  |               |
|    approx_kl            | 0.00034635322 |
|    clip_fraction        | 0.00364       |
|    clip_range           | 0.2           |
|    entropy_loss         | -0.0267       |
|    explained_variance   | 0.0697        |
|    learning_rate        | 0.000291      |
|    loss                 | 0.000315      |
|    n_updates            | 1020          |
|    policy_gradient_loss | -0.000632     |
|    value_loss           | 2.92e-05      |
-------------------------------------------
-------------------------------------------
| rollout/                |               |
|    ep_len_mean          | 4.32e+04      |
|    ep_rew_mean          | -1.39         |
| time/                   |               |
|    fps                  | 12196         |
|    iterations           | 104           |
|    time_elapsed         | 244           |
|    total_timesteps      | 2981888       |
| train/                  |               |
|    approx_kl            | 0.00016328608 |
|    clip_fraction        | 0.00206       |
|    clip_range           | 0.2           |
|    entropy_loss         | -0.0228       |
|    explained_variance   | 0.157         |
|    learning_rate        | 0.000291      |
|    loss                 | -0.00132      |
|    n_updates            | 1030          |
|    policy_gradient_loss | 4.15e-05      |
|    value_loss           | 1.75e-05      |
-------------------------------------------
[valid @3,000,060] BTC-USDT-SWAP: trades=274 pnl=-7.0
[valid @3,000,060] ETH-USDT-SWAP: trades=382 pnl=-134.7
------------------------------------------------------
| rollout/                            |              |
|    ep_len_mean                      | 4.32e+04     |
|    ep_rew_mean                      | -1.39        |
| time/                               |              |
|    fps                              | 11786        |
|    iterations                       | 105          |
|    time_elapsed                     | 255          |
|    total_timesteps                  | 3010560      |
| train/                              |              |
|    approx_kl                        | 0.0003657581 |
|    clip_fraction                    | 0.00353      |
|    clip_range                       | 0.2          |
|    entropy_loss                     | -0.0235      |
|    explained_variance               | 0.207        |
|    learning_rate                    | 0.000291     |
|    loss                             | -0.000977    |
|    n_updates                        | 1040         |
|    policy_gradient_loss             | -0.00132     |
|    value_loss                       | 2.02e-05     |
| valid/                              |              |
|    BTC-USDT-SWAP/compound_mdd_pct   | 35.2         |
|    BTC-USDT-SWAP/compound_multiple  | 0.849        |
|    BTC-USDT-SWAP/geo_mean_per_trade | -0.000599    |
|    BTC-USDT-SWAP/max_single_loss    | -18.8        |
|    BTC-USDT-SWAP/max_upnl           | 0.126        |
|    BTC-USDT-SWAP/monthly_growth     | 0.986        |
|    BTC-USDT-SWAP/near_liq_n         | 0            |
|    BTC-USDT-SWAP/near_liq_pct       | 0            |
|    BTC-USDT-SWAP/pnl_std            | 2.57         |
|    BTC-USDT-SWAP/sel_monthly_log    | -0.131       |
|    BTC-USDT-SWAP/total_pnl          | -7.04        |
|    BTC-USDT-SWAP/trades             | 274          |
|    BTC-USDT-SWAP/trades_per_month   | 23.2         |
|    BTC-USDT-SWAP/v9_kpi             | 0.44         |
|    BTC-USDT-SWAP/v9_kpi_smoothed    | 0.397        |
|    BTC-USDT-SWAP/v9_kpi_z_mdd       | 2.05         |
|    BTC-USDT-SWAP/v9_kpi_z_msl       | 0.935        |
|    BTC-USDT-SWAP/v9_kpi_z_sel       | -0.261       |
|    BTC-USDT-SWAP/win_rate           | 0.58         |
|    ETH-USDT-SWAP/compound_mdd_pct   | 88.7         |
|    ETH-USDT-SWAP/compound_multiple  | 0.164        |
|    ETH-USDT-SWAP/geo_mean_per_trade | -0.00472     |
|    ETH-USDT-SWAP/max_single_loss    | -39.3        |
|    ETH-USDT-SWAP/max_upnl           | 0.135        |
|    ETH-USDT-SWAP/monthly_growth     | 0.858        |
|    ETH-USDT-SWAP/near_liq_n         | 0            |
|    ETH-USDT-SWAP/near_liq_pct       | 0            |
|    ETH-USDT-SWAP/pnl_std            | 4.63         |
|    ETH-USDT-SWAP/total_pnl          | -135         |
|    ETH-USDT-SWAP/trades             | 382          |
|    ETH-USDT-SWAP/trades_per_month   | 32.3         |
|    ETH-USDT-SWAP/win_rate           | 0.558        |
------------------------------------------------------
------------------------------------------
| rollout/                |              |
|    ep_len_mean          | 4.32e+04     |
|    ep_rew_mean          | -1.13        |
| time/                   |              |
|    fps                  | 11812        |
|    iterations           | 106          |
|    time_elapsed         | 257          |
|    total_timesteps      | 3039232      |
| train/                  |              |
|    approx_kl            | 0.0006502577 |
|    clip_fraction        | 0.00592      |
|    clip_range           | 0.2          |
|    entropy_loss         | -0.0243      |
|    explained_variance   | 0.0671       |
|    learning_rate        | 0.000291     |
|    loss                 | -0.00332     |
|    n_updates            | 1050         |
|    policy_gradient_loss | -0.000953    |
|    value_loss           | 4.21e-05     |
------------------------------------------
-------------------------------------------
| rollout/                |               |
|    ep_len_mean          | 4.32e+04      |
|    ep_rew_mean          | -1.13         |
| time/                   |               |
|    fps                  | 11838         |
|    iterations           | 107           |
|    time_elapsed         | 259           |
|    total_timesteps      | 3067904       |
| train/                  |               |
|    approx_kl            | 0.00015974541 |
|    clip_fraction        | 0.00159       |
|    clip_range           | 0.2           |
|    entropy_loss         | -0.0162       |
|    explained_variance   | 0.231         |
|    learning_rate        | 0.000291      |
|    loss                 | -0.004        |
|    n_updates            | 1060          |
|    policy_gradient_loss | -0.000387     |
|    value_loss           | 2.21e-05      |
-------------------------------------------
-------------------------------------------
| rollout/                |               |
|    ep_len_mean          | 4.32e+04      |
|    ep_rew_mean          | -1.13         |
| time/                   |               |
|    fps                  | 11864         |
|    iterations           | 108           |
|    time_elapsed         | 260           |
|    total_timesteps      | 3096576       |
| train/                  |               |
|    approx_kl            | 0.00047639132 |
|    clip_fraction        | 0.00279       |
|    clip_range           | 0.2           |
|    entropy_loss         | -0.0266       |
|    explained_variance   | 0.485         |
|    learning_rate        | 0.000291      |
|    loss                 | 0.00045       |
|    n_updates            | 1070          |
|    policy_gradient_loss | -0.000642     |
|    value_loss           | 6.96e-06      |
-------------------------------------------
-------------------------------------------
| rollout/                |               |
|    ep_len_mean          | 4.32e+04      |
|    ep_rew_mean          | -1.13         |
| time/                   |               |
|    fps                  | 11890         |
|    iterations           | 109           |
|    time_elapsed         | 262           |
|    total_timesteps      | 3125248       |
| train/                  |               |
|    approx_kl            | 0.00016174752 |
|    clip_fraction        | 0.00175       |
|    clip_range           | 0.2           |
|    entropy_loss         | -0.0208       |
|    explained_variance   | 0.578         |
|    learning_rate        | 0.000291      |
|    loss                 | -0.00171      |
|    n_updates            | 1080          |
|    policy_gradient_loss | -0.000431     |
|    value_loss           | 6.06e-06      |
-------------------------------------------
-------------------------------------------
| rollout/                |               |
|    ep_len_mean          | 4.32e+04      |
|    ep_rew_mean          | -1.13         |
| time/                   |               |
|    fps                  | 11914         |
|    iterations           | 110           |
|    time_elapsed         | 264           |
|    total_timesteps      | 3153920       |
| train/                  |               |
|    approx_kl            | 0.00028289077 |
|    clip_fraction        | 0.00259       |
|    clip_range           | 0.2           |
|    entropy_loss         | -0.014        |
|    explained_variance   | 0.534         |
|    learning_rate        | 0.000291      |
|    loss                 | -0.000708     |
|    n_updates            | 1090          |
|    policy_gradient_loss | -0.000652     |
|    value_loss           | 5.74e-06      |
-------------------------------------------
-------------------------------------------
| rollout/                |               |
|    ep_len_mean          | 4.32e+04      |
|    ep_rew_mean          | -1.13         |
| time/                   |               |
|    fps                  | 11938         |
|    iterations           | 111           |
|    time_elapsed         | 266           |
|    total_timesteps      | 3182592       |
| train/                  |               |
|    approx_kl            | 0.00013399278 |
|    clip_fraction        | 0.00131       |
|    clip_range           | 0.2           |
|    entropy_loss         | -0.0199       |
|    explained_variance   | 0.539         |
|    learning_rate        | 0.000291      |
|    loss                 | -0.000309     |
|    n_updates            | 1100          |
|    policy_gradient_loss | -8.05e-05     |
|    value_loss           | 8.77e-06      |
-------------------------------------------
-------------------------------------------
| rollout/                |               |
|    ep_len_mean          | 4.32e+04      |
|    ep_rew_mean          | -1.13         |
| time/                   |               |
|    fps                  | 11963         |
|    iterations           | 112           |
|    time_elapsed         | 268           |
|    total_timesteps      | 3211264       |
| train/                  |               |
|    approx_kl            | 0.00023396678 |
|    clip_fraction        | 0.00234       |
|    clip_range           | 0.2           |
|    entropy_loss         | -0.018        |
|    explained_variance   | 0.481         |
|    learning_rate        | 0.00029       |
|    loss                 | -9.02e-06     |
|    n_updates            | 1110          |
|    policy_gradient_loss | -0.000414     |
|    value_loss           | 6.61e-06      |
-------------------------------------------
-------------------------------------------
| rollout/                |               |
|    ep_len_mean          | 4.32e+04      |
|    ep_rew_mean          | -1.13         |
| time/                   |               |
|    fps                  | 11988         |
|    iterations           | 113           |
|    time_elapsed         | 270           |
|    total_timesteps      | 3239936       |
| train/                  |               |
|    approx_kl            | 0.00021231933 |
|    clip_fraction        | 0.00135       |
|    clip_range           | 0.2           |
|    entropy_loss         | -0.012        |
|    explained_variance   | 0.245         |
|    learning_rate        | 0.00029       |
|    loss                 | 0.00181       |
|    n_updates            | 1120          |
|    policy_gradient_loss | -0.000309     |
|    value_loss           | 1.3e-05       |
-------------------------------------------
-------------------------------------------
| rollout/                |               |
|    ep_len_mean          | 4.32e+04      |
|    ep_rew_mean          | -1.13         |
| time/                   |               |
|    fps                  | 12011         |
|    iterations           | 114           |
|    time_elapsed         | 272           |
|    total_timesteps      | 3268608       |
| train/                  |               |
|    approx_kl            | 0.00037627018 |
|    clip_fraction        | 0.00324       |
|    clip_range           | 0.2           |
|    entropy_loss         | -0.016        |
|    explained_variance   | 0.448         |
|    learning_rate        | 0.00029       |
|    loss                 | -0.00274      |
|    n_updates            | 1130          |
|    policy_gradient_loss | -0.000583     |
|    value_loss           | 6.52e-06      |
-------------------------------------------
------------------------------------------
| rollout/                |              |
|    ep_len_mean          | 4.32e+04     |
|    ep_rew_mean          | -1.13        |
| time/                   |              |
|    fps                  | 12030        |
|    iterations           | 115          |
|    time_elapsed         | 274          |
|    total_timesteps      | 3297280      |
| train/                  |              |
|    approx_kl            | 0.0012974127 |
|    clip_fraction        | 0.00477      |
|    clip_range           | 0.2          |
|    entropy_loss         | -0.0131      |
|    explained_variance   | 0.271        |
|    learning_rate        | 0.00029      |
|    loss                 | 0.000638     |
|    n_updates            | 1140         |
|    policy_gradient_loss | -0.00379     |
|    value_loss           | 8.33e-06     |
------------------------------------------
-------------------------------------------
| rollout/                |               |
|    ep_len_mean          | 4.32e+04      |
|    ep_rew_mean          | -1.13         |
| time/                   |               |
|    fps                  | 12053         |
|    iterations           | 116           |
|    time_elapsed         | 275           |
|    total_timesteps      | 3325952       |
| train/                  |               |
|    approx_kl            | 0.00033876972 |
|    clip_fraction        | 0.00293       |
|    clip_range           | 0.2           |
|    entropy_loss         | -0.0135       |
|    explained_variance   | 0.558         |
|    learning_rate        | 0.00029       |
|    loss                 | -0.00401      |
|    n_updates            | 1150          |
|    policy_gradient_loss | -0.00105      |
|    value_loss           | 3.45e-06      |
-------------------------------------------
------------------------------------------
| rollout/                |              |
|    ep_len_mean          | 4.32e+04     |
|    ep_rew_mean          | -1.13        |
| time/                   |              |
|    fps                  | 12077        |
|    iterations           | 117          |
|    time_elapsed         | 277          |
|    total_timesteps      | 3354624      |
| train/                  |              |
|    approx_kl            | 0.0002366643 |
|    clip_fraction        | 0.00258      |
|    clip_range           | 0.2          |
|    entropy_loss         | -0.0186      |
|    explained_variance   | 0.415        |
|    learning_rate        | 0.00029      |
|    loss                 | -0.007       |
|    n_updates            | 1160         |
|    policy_gradient_loss | -0.000296    |
|    value_loss           | 7.59e-06     |
------------------------------------------
-------------------------------------------
| rollout/                |               |
|    ep_len_mean          | 4.32e+04      |
|    ep_rew_mean          | -1.13         |
| time/                   |               |
|    fps                  | 12101         |
|    iterations           | 118           |
|    time_elapsed         | 279           |
|    total_timesteps      | 3383296       |
| train/                  |               |
|    approx_kl            | 0.00036373208 |
|    clip_fraction        | 0.00313       |
|    clip_range           | 0.2           |
|    entropy_loss         | -0.0201       |
|    explained_variance   | 0.0979        |
|    learning_rate        | 0.00029       |
|    loss                 | 0.000464      |
|    n_updates            | 1170          |
|    policy_gradient_loss | -0.000548     |
|    value_loss           | 2.2e-05       |
-------------------------------------------
-------------------------------------------
| rollout/                |               |
|    ep_len_mean          | 4.32e+04      |
|    ep_rew_mean          | -1.13         |
| time/                   |               |
|    fps                  | 12124         |
|    iterations           | 119           |
|    time_elapsed         | 281           |
|    total_timesteps      | 3411968       |
| train/                  |               |
|    approx_kl            | 0.00023366392 |
|    clip_fraction        | 0.0028        |
|    clip_range           | 0.2           |
|    entropy_loss         | -0.0152       |
|    explained_variance   | 0.0693        |
|    learning_rate        | 0.00029       |
|    loss                 | 0.00388       |
|    n_updates            | 1180          |
|    policy_gradient_loss | -0.000765     |
|    value_loss           | 2.36e-05      |
-------------------------------------------
------------------------------------------
| rollout/                |              |
|    ep_len_mean          | 4.32e+04     |
|    ep_rew_mean          | -1.13        |
| time/                   |              |
|    fps                  | 12146        |
|    iterations           | 120          |
|    time_elapsed         | 283          |
|    total_timesteps      | 3440640      |
| train/                  |              |
|    approx_kl            | 0.0001721777 |
|    clip_fraction        | 0.00216      |
|    clip_range           | 0.2          |
|    entropy_loss         | -0.0172      |
|    explained_variance   | 0.128        |
|    learning_rate        | 0.00029      |
|    loss                 | 0.00028      |
|    n_updates            | 1190         |
|    policy_gradient_loss | -0.000382    |
|    value_loss           | 6.5e-05      |
------------------------------------------
-------------------------------------------
| rollout/                |               |
|    ep_len_mean          | 4.32e+04      |
|    ep_rew_mean          | -1.13         |
| time/                   |               |
|    fps                  | 12169         |
|    iterations           | 121           |
|    time_elapsed         | 285           |
|    total_timesteps      | 3469312       |
| train/                  |               |
|    approx_kl            | 0.00057738286 |
|    clip_fraction        | 0.00562       |
|    clip_range           | 0.2           |
|    entropy_loss         | -0.0267       |
|    explained_variance   | 0.127         |
|    learning_rate        | 0.00029       |
|    loss                 | -0.00339      |
|    n_updates            | 1200          |
|    policy_gradient_loss | -0.00124      |
|    value_loss           | 0.000182      |
-------------------------------------------
-------------------------------------------
| rollout/                |               |
|    ep_len_mean          | 4.32e+04      |
|    ep_rew_mean          | -1.13         |
| time/                   |               |
|    fps                  | 12191         |
|    iterations           | 122           |
|    time_elapsed         | 286           |
|    total_timesteps      | 3497984       |
| train/                  |               |
|    approx_kl            | 0.00023462145 |
|    clip_fraction        | 0.00208       |
|    clip_range           | 0.2           |
|    entropy_loss         | -0.0136       |
|    explained_variance   | 0.159         |
|    learning_rate        | 0.00029       |
|    loss                 | -0.000879     |
|    n_updates            | 1210          |
|    policy_gradient_loss | -0.000751     |
|    value_loss           | 1.63e-05      |
-------------------------------------------
[valid @3,500,070] BTC-USDT-SWAP: trades=233 pnl=+4.6
[valid @3,500,070] ETH-USDT-SWAP: trades=440 pnl=-222.6
-------------------------------------------------------
| rollout/                            |               |
|    ep_len_mean                      | 4.32e+04      |
|    ep_rew_mean                      | -1.13         |
| time/                               |               |
|    fps                              | 11846         |
|    iterations                       | 123           |
|    time_elapsed                     | 297           |
|    total_timesteps                  | 3526656       |
| train/                              |               |
|    approx_kl                        | 0.00039375163 |
|    clip_fraction                    | 0.00406       |
|    clip_range                       | 0.2           |
|    entropy_loss                     | -0.0251       |
|    explained_variance               | 0.301         |
|    learning_rate                    | 0.00029       |
|    loss                             | -0.000113     |
|    n_updates                        | 1220          |
|    policy_gradient_loss             | -0.00105      |
|    value_loss                       | 3.67e-05      |
| valid/                              |               |
|    BTC-USDT-SWAP/compound_mdd_pct   | 32.2          |
|    BTC-USDT-SWAP/compound_multiple  | 0.963         |
|    BTC-USDT-SWAP/geo_mean_per_trade | -0.000162     |
|    BTC-USDT-SWAP/max_single_loss    | -18.8         |
|    BTC-USDT-SWAP/max_upnl           | 0.0802        |
|    BTC-USDT-SWAP/monthly_growth     | 0.997         |
|    BTC-USDT-SWAP/near_liq_n         | 0             |
|    BTC-USDT-SWAP/near_liq_pct       | 0             |
|    BTC-USDT-SWAP/pnl_std            | 2.62          |
|    BTC-USDT-SWAP/sel_monthly_log    | -0.118        |
|    BTC-USDT-SWAP/total_pnl          | 4.6           |
|    BTC-USDT-SWAP/trades             | 233           |
|    BTC-USDT-SWAP/trades_per_month   | 19.7          |
|    BTC-USDT-SWAP/v9_kpi             | 0.49          |
|    BTC-USDT-SWAP/v9_kpi_smoothed    | 0.471         |
|    BTC-USDT-SWAP/v9_kpi_z_mdd       | 2.22          |
|    BTC-USDT-SWAP/v9_kpi_z_msl       | 0.935         |
|    BTC-USDT-SWAP/v9_kpi_z_sel       | -0.236        |
|    BTC-USDT-SWAP/win_rate           | 0.567         |
|    ETH-USDT-SWAP/compound_mdd_pct   | 95.3          |
|    ETH-USDT-SWAP/compound_multiple  | 0.0687        |
|    ETH-USDT-SWAP/geo_mean_per_trade | -0.00607      |
|    ETH-USDT-SWAP/max_single_loss    | -39.3         |
|    ETH-USDT-SWAP/max_upnl           | 0.115         |
|    ETH-USDT-SWAP/monthly_growth     | 0.797         |
|    ETH-USDT-SWAP/near_liq_n         | 0             |
|    ETH-USDT-SWAP/near_liq_pct       | 0             |
|    ETH-USDT-SWAP/pnl_std            | 4.26          |
|    ETH-USDT-SWAP/total_pnl          | -223          |
|    ETH-USDT-SWAP/trades             | 440           |
|    ETH-USDT-SWAP/trades_per_month   | 37.2          |
|    ETH-USDT-SWAP/win_rate           | 0.498         |
-------------------------------------------------------
------------------------------------------
| rollout/                |              |
|    ep_len_mean          | 4.32e+04     |
|    ep_rew_mean          | -1.13        |
| time/                   |              |
|    fps                  | 11869        |
|    iterations           | 124          |
|    time_elapsed         | 299          |
|    total_timesteps      | 3555328      |
| train/                  |              |
|    approx_kl            | 0.0001705237 |
|    clip_fraction        | 0.00173      |
|    clip_range           | 0.2          |
|    entropy_loss         | -0.0118      |
|    explained_variance   | 0.471        |
|    learning_rate        | 0.000289     |
|    loss                 | -0.00269     |
|    n_updates            | 1230         |
|    policy_gradient_loss | -0.000377    |
|    value_loss           | 8.25e-06     |
------------------------------------------
------------------------------------------
| rollout/                |              |
|    ep_len_mean          | 4.32e+04     |
|    ep_rew_mean          | -1.13        |
| time/                   |              |
|    fps                  | 11891        |
|    iterations           | 125          |
|    time_elapsed         | 301          |
|    total_timesteps      | 3584000      |
| train/                  |              |
|    approx_kl            | 0.0004954309 |
|    clip_fraction        | 0.00391      |
|    clip_range           | 0.2          |
|    entropy_loss         | -0.0171      |
|    explained_variance   | 0.509        |
|    learning_rate        | 0.000289     |
|    loss                 | -0.00162     |
|    n_updates            | 1240         |
|    policy_gradient_loss | -0.000644    |
|    value_loss           | 3.46e-06     |
------------------------------------------
-------------------------------------------
| rollout/                |               |
|    ep_len_mean          | 4.32e+04      |
|    ep_rew_mean          | -1.13         |
| time/                   |               |
|    fps                  | 11914         |
|    iterations           | 126           |
|    time_elapsed         | 303           |
|    total_timesteps      | 3612672       |
| train/                  |               |
|    approx_kl            | 0.00015194039 |
|    clip_fraction        | 0.00183       |
|    clip_range           | 0.2           |
|    entropy_loss         | -0.0137       |
|    explained_variance   | 0.406         |
|    learning_rate        | 0.000289      |
|    loss                 | 0.000389      |
|    n_updates            | 1250          |
|    policy_gradient_loss | -0.000434     |
|    value_loss           | 9.93e-06      |
-------------------------------------------
-------------------------------------------
| rollout/                |               |
|    ep_len_mean          | 4.32e+04      |
|    ep_rew_mean          | -0.968        |
| time/                   |               |
|    fps                  | 11936         |
|    iterations           | 127           |
|    time_elapsed         | 305           |
|    total_timesteps      | 3641344       |
| train/                  |               |
|    approx_kl            | 0.00017807265 |
|    clip_fraction        | 0.00189       |
|    clip_range           | 0.2           |
|    entropy_loss         | -0.00945      |
|    explained_variance   | 0.489         |
|    learning_rate        | 0.000289      |
|    loss                 | -0.000521     |
|    n_updates            | 1260          |
|    policy_gradient_loss | -0.000955     |
|    value_loss           | 5.81e-06      |
-------------------------------------------
-----------------------------------------
| rollout/                |             |
|    ep_len_mean          | 4.32e+04    |
|    ep_rew_mean          | -0.968      |
| time/                   |             |
|    fps                  | 11958       |
|    iterations           | 128         |
|    time_elapsed         | 306         |
|    total_timesteps      | 3670016     |
| train/                  |             |
|    approx_kl            | 0.000276719 |
|    clip_fraction        | 0.00261     |
|    clip_range           | 0.2         |
|    entropy_loss         | -0.00774    |
|    explained_variance   | 0.323       |
|    learning_rate        | 0.000289    |
|    loss                 | -0.00139    |
|    n_updates            | 1270        |
|    policy_gradient_loss | -0.00182    |
|    value_loss           | 3.78e-06    |
-----------------------------------------
-------------------------------------------
| rollout/                |               |
|    ep_len_mean          | 4.32e+04      |
|    ep_rew_mean          | -0.968        |
| time/                   |               |
|    fps                  | 11980         |
|    iterations           | 129           |
|    time_elapsed         | 308           |
|    total_timesteps      | 3698688       |
| train/                  |               |
|    approx_kl            | 0.00026208133 |
|    clip_fraction        | 0.0021        |
|    clip_range           | 0.2           |
|    entropy_loss         | -0.0128       |
|    explained_variance   | 0.215         |
|    learning_rate        | 0.000289      |
|    loss                 | -0.00509      |
|    n_updates            | 1280          |
|    policy_gradient_loss | -0.000491     |
|    value_loss           | 7.71e-06      |
-------------------------------------------
-------------------------------------------
| rollout/                |               |
|    ep_len_mean          | 4.32e+04      |
|    ep_rew_mean          | -0.968        |
| time/                   |               |
|    fps                  | 12002         |
|    iterations           | 130           |
|    time_elapsed         | 310           |
|    total_timesteps      | 3727360       |
| train/                  |               |
|    approx_kl            | 0.00019716269 |
|    clip_fraction        | 0.00119       |
|    clip_range           | 0.2           |
|    entropy_loss         | -0.00496      |
|    explained_variance   | 0.514         |
|    learning_rate        | 0.000289      |
|    loss                 | -0.00637      |
|    n_updates            | 1290          |
|    policy_gradient_loss | -0.000482     |
|    value_loss           | 3.04e-06      |
-------------------------------------------
-------------------------------------------
| rollout/                |               |
|    ep_len_mean          | 4.32e+04      |
|    ep_rew_mean          | -0.968        |
| time/                   |               |
|    fps                  | 12022         |
|    iterations           | 131           |
|    time_elapsed         | 312           |
|    total_timesteps      | 3756032       |
| train/                  |               |
|    approx_kl            | 0.00013421223 |
|    clip_fraction        | 0.00131       |
|    clip_range           | 0.2           |
|    entropy_loss         | -0.00534      |
|    explained_variance   | 0.597         |
|    learning_rate        | 0.000289      |
|    loss                 | -7.78e-06     |
|    n_updates            | 1300          |
|    policy_gradient_loss | -0.000602     |
|    value_loss           | 1.91e-06      |
-------------------------------------------
-------------------------------------------
| rollout/                |               |
|    ep_len_mean          | 4.32e+04      |
|    ep_rew_mean          | -0.968        |
| time/                   |               |
|    fps                  | 12042         |
|    iterations           | 132           |
|    time_elapsed         | 314           |
|    total_timesteps      | 3784704       |
| train/                  |               |
|    approx_kl            | 0.00010583678 |
|    clip_fraction        | 0.000893      |
|    clip_range           | 0.2           |
|    entropy_loss         | -0.00514      |
|    explained_variance   | 0.644         |
|    learning_rate        | 0.000289      |
|    loss                 | 0.00073       |
|    n_updates            | 1310          |
|    policy_gradient_loss | -0.000181     |
|    value_loss           | 2.42e-06      |
-------------------------------------------
-------------------------------------------
| rollout/                |               |
|    ep_len_mean          | 4.32e+04      |
|    ep_rew_mean          | -0.968        |
| time/                   |               |
|    fps                  | 12062         |
|    iterations           | 133           |
|    time_elapsed         | 316           |
|    total_timesteps      | 3813376       |
| train/                  |               |
|    approx_kl            | 0.00014950472 |
|    clip_fraction        | 0.000785      |
|    clip_range           | 0.2           |
|    entropy_loss         | -0.00435      |
|    explained_variance   | 0.583         |
|    learning_rate        | 0.000289      |
|    loss                 | -0.000666     |
|    n_updates            | 1320          |
|    policy_gradient_loss | -0.000304     |
|    value_loss           | 3.24e-06      |
-------------------------------------------
-------------------------------------------
| rollout/                |               |
|    ep_len_mean          | 4.32e+04      |
|    ep_rew_mean          | -0.968        |
| time/                   |               |
|    fps                  | 12083         |
|    iterations           | 134           |
|    time_elapsed         | 317           |
|    total_timesteps      | 3842048       |
| train/                  |               |
|    approx_kl            | 0.00023582058 |
|    clip_fraction        | 0.0015        |
|    clip_range           | 0.2           |
|    entropy_loss         | -0.00528      |
|    explained_variance   | 0.672         |
|    learning_rate        | 0.000289      |
|    loss                 | -0.000104     |
|    n_updates            | 1330          |
|    policy_gradient_loss | -0.000825     |
|    value_loss           | 3.45e-06      |
-------------------------------------------
-------------------------------------------
| rollout/                |               |
|    ep_len_mean          | 4.32e+04      |
|    ep_rew_mean          | -0.968        |
| time/                   |               |
|    fps                  | 12103         |
|    iterations           | 135           |
|    time_elapsed         | 319           |
|    total_timesteps      | 3870720       |
| train/                  |               |
|    approx_kl            | 3.1087704e-05 |
|    clip_fraction        | 0.000488      |
|    clip_range           | 0.2           |
|    entropy_loss         | -0.00381      |
|    explained_variance   | 0.643         |
|    learning_rate        | 0.000288      |
|    loss                 | -0.000439     |
|    n_updates            | 1340          |
|    policy_gradient_loss | -0.000225     |
|    value_loss           | 3.19e-06      |
-------------------------------------------
-------------------------------------------
| rollout/                |               |
|    ep_len_mean          | 4.32e+04      |
|    ep_rew_mean          | -0.968        |
| time/                   |               |
|    fps                  | 12122         |
|    iterations           | 136           |
|    time_elapsed         | 321           |
|    total_timesteps      | 3899392       |
| train/                  |               |
|    approx_kl            | 8.6002634e-05 |
|    clip_fraction        | 0.000875      |
|    clip_range           | 0.2           |
|    entropy_loss         | -0.00618      |
|    explained_variance   | 0.275         |
|    learning_rate        | 0.000288      |
|    loss                 | -6.41e-05     |
|    n_updates            | 1350          |
|    policy_gradient_loss | -0.000269     |
|    value_loss           | 7.98e-06      |
-------------------------------------------
-------------------------------------------
| rollout/                |               |
|    ep_len_mean          | 4.32e+04      |
|    ep_rew_mean          | -0.968        |
| time/                   |               |
|    fps                  | 12141         |
|    iterations           | 137           |
|    time_elapsed         | 323           |
|    total_timesteps      | 3928064       |
| train/                  |               |
|    approx_kl            | 0.00019716995 |
|    clip_fraction        | 0.000781      |
|    clip_range           | 0.2           |
|    entropy_loss         | -0.00598      |
|    explained_variance   | 0.398         |
|    learning_rate        | 0.000288      |
|    loss                 | -0.0016       |
|    n_updates            | 1360          |
|    policy_gradient_loss | -0.00067      |
|    value_loss           | 6.29e-06      |
-------------------------------------------
-------------------------------------------
| rollout/                |               |
|    ep_len_mean          | 4.32e+04      |
|    ep_rew_mean          | -0.968        |
| time/                   |               |
|    fps                  | 12159         |
|    iterations           | 138           |
|    time_elapsed         | 325           |
|    total_timesteps      | 3956736       |
| train/                  |               |
|    approx_kl            | 0.00039757157 |
|    clip_fraction        | 0.00165       |
|    clip_range           | 0.2           |
|    entropy_loss         | -0.0087       |
|    explained_variance   | 0.136         |
|    learning_rate        | 0.000288      |
|    loss                 | -0.00101      |
|    n_updates            | 1370          |
|    policy_gradient_loss | -0.000236     |
|    value_loss           | 6.98e-06      |
-------------------------------------------
-------------------------------------------
| rollout/                |               |
|    ep_len_mean          | 4.32e+04      |
|    ep_rew_mean          | -0.968        |
| time/                   |               |
|    fps                  | 12178         |
|    iterations           | 139           |
|    time_elapsed         | 327           |
|    total_timesteps      | 3985408       |
| train/                  |               |
|    approx_kl            | 0.00043018084 |
|    clip_fraction        | 0.00438       |
|    clip_range           | 0.2           |
|    entropy_loss         | -0.0194       |
|    explained_variance   | 0.117         |
|    learning_rate        | 0.000288      |
|    loss                 | 0.000593      |
|    n_updates            | 1380          |
|    policy_gradient_loss | -0.000706     |
|    value_loss           | 4.41e-05      |
-------------------------------------------
[valid @4,000,080] BTC-USDT-SWAP: trades=155 pnl=+38.8
[valid @4,000,080] ETH-USDT-SWAP: trades=340 pnl=-59.3
------------------------------------------------------
| rollout/                            |              |
|    ep_len_mean                      | 4.32e+04     |
|    ep_rew_mean                      | -0.968       |
| time/                               |              |
|    fps                              | 11864        |
|    iterations                       | 140          |
|    time_elapsed                     | 338          |
|    total_timesteps                  | 4014080      |
| train/                              |              |
|    approx_kl                        | 0.0007611421 |
|    clip_fraction                    | 0.00364      |
|    clip_range                       | 0.2          |
|    entropy_loss                     | -0.0145      |
|    explained_variance               | 0.199        |
|    learning_rate                    | 0.000288     |
|    loss                             | 0.000675     |
|    n_updates                        | 1390         |
|    policy_gradient_loss             | -0.000987    |
|    value_loss                       | 2.24e-05     |
| valid/                              |              |
|    BTC-USDT-SWAP/compound_mdd_pct   | 31.6         |
|    BTC-USDT-SWAP/compound_multiple  | 1.35         |
|    BTC-USDT-SWAP/geo_mean_per_trade | 0.00196      |
|    BTC-USDT-SWAP/max_single_loss    | -11.2        |
|    BTC-USDT-SWAP/max_upnl           | 0.135        |
|    BTC-USDT-SWAP/monthly_growth     | 1.03         |
|    BTC-USDT-SWAP/near_liq_n         | 0            |
|    BTC-USDT-SWAP/near_liq_pct       | 0            |
|    BTC-USDT-SWAP/pnl_std            | 3.28         |
|    BTC-USDT-SWAP/sel_monthly_log    | -0.103       |
|    BTC-USDT-SWAP/total_pnl          | 38.8         |
|    BTC-USDT-SWAP/trades             | 155          |
|    BTC-USDT-SWAP/trades_per_month   | 13.1         |
|    BTC-USDT-SWAP/v9_kpi             | 0.642        |
|    BTC-USDT-SWAP/v9_kpi_smoothed    | 0.524        |
|    BTC-USDT-SWAP/v9_kpi_z_mdd       | 2.26         |
|    BTC-USDT-SWAP/v9_kpi_z_msl       | 1.57         |
|    BTC-USDT-SWAP/v9_kpi_z_sel       | -0.206       |
|    BTC-USDT-SWAP/win_rate           | 0.613        |
|    ETH-USDT-SWAP/compound_mdd_pct   | 80.8         |
|    ETH-USDT-SWAP/compound_multiple  | 0.299        |
|    ETH-USDT-SWAP/geo_mean_per_trade | -0.00355     |
|    ETH-USDT-SWAP/max_single_loss    | -39.3        |
|    ETH-USDT-SWAP/max_upnl           | 0.328        |
|    ETH-USDT-SWAP/monthly_growth     | 0.903        |
|    ETH-USDT-SWAP/near_liq_n         | 0            |
|    ETH-USDT-SWAP/near_liq_pct       | 0            |
|    ETH-USDT-SWAP/pnl_std            | 5.7          |
|    ETH-USDT-SWAP/total_pnl          | -59.3        |
|    ETH-USDT-SWAP/trades             | 340          |
|    ETH-USDT-SWAP/trades_per_month   | 28.8         |
|    ETH-USDT-SWAP/win_rate           | 0.568        |
------------------------------------------------------
-------------------------------------------
| rollout/                |               |
|    ep_len_mean          | 4.32e+04      |
|    ep_rew_mean          | -0.968        |
| time/                   |               |
|    fps                  | 11884         |
|    iterations           | 141           |
|    time_elapsed         | 340           |
|    total_timesteps      | 4042752       |
| train/                  |               |
|    approx_kl            | 9.9166224e-05 |
|    clip_fraction        | 0.00107       |
|    clip_range           | 0.2           |
|    entropy_loss         | -0.00877      |
|    explained_variance   | 0.4           |
|    learning_rate        | 0.000288      |
|    loss                 | -0.00117      |
|    n_updates            | 1400          |
|    policy_gradient_loss | -0.000114     |
|    value_loss           | 7.61e-06      |
-------------------------------------------
-------------------------------------------
| rollout/                |               |
|    ep_len_mean          | 4.32e+04      |
|    ep_rew_mean          | -0.968        |
| time/                   |               |
|    fps                  | 11903         |
|    iterations           | 142           |
|    time_elapsed         | 342           |
|    total_timesteps      | 4071424       |
| train/                  |               |
|    approx_kl            | 0.00087126665 |
|    clip_fraction        | 0.00363       |
|    clip_range           | 0.2           |
|    entropy_loss         | -0.0162       |
|    explained_variance   | 0.243         |
|    learning_rate        | 0.000288      |
|    loss                 | -0.00759      |
|    n_updates            | 1410          |
|    policy_gradient_loss | -0.000895     |
|    value_loss           | 9.2e-06       |
-------------------------------------------
-------------------------------------------
| rollout/                |               |
|    ep_len_mean          | 4.32e+04      |
|    ep_rew_mean          | -0.968        |
| time/                   |               |
|    fps                  | 11921         |
|    iterations           | 143           |
|    time_elapsed         | 343           |
|    total_timesteps      | 4100096       |
| train/                  |               |
|    approx_kl            | 0.00036841692 |
|    clip_fraction        | 0.00314       |
|    clip_range           | 0.2           |
|    entropy_loss         | -0.0166       |
|    explained_variance   | 0.178         |
|    learning_rate        | 0.000288      |
|    loss                 | 0.000639      |
|    n_updates            | 1420          |
|    policy_gradient_loss | -0.000877     |
|    value_loss           | 1.92e-05      |
-------------------------------------------
-------------------------------------------
| rollout/                |               |
|    ep_len_mean          | 4.32e+04      |
|    ep_rew_mean          | -0.968        |
| time/                   |               |
|    fps                  | 11939         |
|    iterations           | 144           |
|    time_elapsed         | 345           |
|    total_timesteps      | 4128768       |
| train/                  |               |
|    approx_kl            | 0.00017915035 |
|    clip_fraction        | 0.00163       |
|    clip_range           | 0.2           |
|    entropy_loss         | -0.0157       |
|    explained_variance   | 0.342         |
|    learning_rate        | 0.000288      |
|    loss                 | 0.00115       |
|    n_updates            | 1430          |
|    policy_gradient_loss | -0.000257     |
|    value_loss           | 1.04e-05      |
-------------------------------------------
-------------------------------------------
| rollout/                |               |
|    ep_len_mean          | 4.32e+04      |
|    ep_rew_mean          | -0.968        |
| time/                   |               |
|    fps                  | 11957         |
|    iterations           | 145           |
|    time_elapsed         | 347           |
|    total_timesteps      | 4157440       |
| train/                  |               |
|    approx_kl            | 0.00014226488 |
|    clip_fraction        | 0.0018        |
|    clip_range           | 0.2           |
|    entropy_loss         | -0.0149       |
|    explained_variance   | 0.33          |
|    learning_rate        | 0.000288      |
|    loss                 | 0.000923      |
|    n_updates            | 1440          |
|    policy_gradient_loss | -0.000265     |
|    value_loss           | 8.21e-06      |
-------------------------------------------
------------------------------------------
| rollout/                |              |
|    ep_len_mean          | 4.32e+04     |
|    ep_rew_mean          | -0.968       |
| time/                   |              |
|    fps                  | 11975        |
|    iterations           | 146          |
|    time_elapsed         | 349          |
|    total_timesteps      | 4186112      |
| train/                  |              |
|    approx_kl            | 0.0003914693 |
|    clip_fraction        | 0.00322      |
|    clip_range           | 0.2          |
|    entropy_loss         | -0.0199      |
|    explained_variance   | 0.328        |
|    learning_rate        | 0.000288     |
|    loss                 | -0.00169     |
|    n_updates            | 1450         |
|    policy_gradient_loss | -0.000688    |
|    value_loss           | 1.63e-05     |
------------------------------------------
------------------------------------------
| rollout/                |              |
|    ep_len_mean          | 4.32e+04     |
|    ep_rew_mean          | -0.968       |
| time/                   |              |
|    fps                  | 11993        |
|    iterations           | 147          |
|    time_elapsed         | 351          |
|    total_timesteps      | 4214784      |
| train/                  |              |
|    approx_kl            | 0.0002718393 |
|    clip_fraction        | 0.00265      |
|    clip_range           | 0.2          |
|    entropy_loss         | -0.0237      |
|    explained_variance   | 0.124        |
|    learning_rate        | 0.000287     |
|    loss                 | 0.00393      |
|    n_updates            | 1460         |
|    policy_gradient_loss | -0.000292    |
|    value_loss           | 1.3e-05      |
------------------------------------------
-------------------------------------------
| rollout/                |               |
|    ep_len_mean          | 4.32e+04      |
|    ep_rew_mean          | -0.845        |
| time/                   |               |
|    fps                  | 12011         |
|    iterations           | 148           |
|    time_elapsed         | 353           |
|    total_timesteps      | 4243456       |
| train/                  |               |
|    approx_kl            | 0.00029974576 |
|    clip_fraction        | 0.00321       |
|    clip_range           | 0.2           |
|    entropy_loss         | -0.0158       |
|    explained_variance   | 0.296         |
|    learning_rate        | 0.000287      |
|    loss                 | -0.00205      |
|    n_updates            | 1470          |
|    policy_gradient_loss | -0.000486     |
|    value_loss           | 1.21e-05      |
-------------------------------------------
------------------------------------------
| rollout/                |              |
|    ep_len_mean          | 4.32e+04     |
|    ep_rew_mean          | -0.845       |
| time/                   |              |
|    fps                  | 12028        |
|    iterations           | 149          |
|    time_elapsed         | 355          |
|    total_timesteps      | 4272128      |
| train/                  |              |
|    approx_kl            | 0.0001639077 |
|    clip_fraction        | 0.00223      |
|    clip_range           | 0.2          |
|    entropy_loss         | -0.0126      |
|    explained_variance   | 0.23         |
|    learning_rate        | 0.000287     |
|    loss                 | 0.000276     |
|    n_updates            | 1480         |
|    policy_gradient_loss | -0.000407    |
|    value_loss           | 8.12e-06     |
------------------------------------------
-------------------------------------------
| rollout/                |               |
|    ep_len_mean          | 4.32e+04      |
|    ep_rew_mean          | -0.845        |
| time/                   |               |
|    fps                  | 12046         |
|    iterations           | 150           |
|    time_elapsed         | 357           |
|    total_timesteps      | 4300800       |
| train/                  |               |
|    approx_kl            | 0.00028526777 |
|    clip_fraction        | 0.00289       |
|    clip_range           | 0.2           |
|    entropy_loss         | -0.0127       |
|    explained_variance   | 0.25          |
|    learning_rate        | 0.000287      |
|    loss                 | -0.00391      |
|    n_updates            | 1490          |
|    policy_gradient_loss | -0.000663     |
|    value_loss           | 9.96e-06      |
-------------------------------------------
-------------------------------------------
| rollout/                |               |
|    ep_len_mean          | 4.32e+04      |
|    ep_rew_mean          | -0.845        |
| time/                   |               |
|    fps                  | 12063         |
|    iterations           | 151           |
|    time_elapsed         | 358           |
|    total_timesteps      | 4329472       |
| train/                  |               |
|    approx_kl            | 0.00025005444 |
|    clip_fraction        | 0.00272       |
|    clip_range           | 0.2           |
|    entropy_loss         | -0.0145       |
|    explained_variance   | 0.377         |
|    learning_rate        | 0.000287      |
|    loss                 | -0.000388     |
|    n_updates            | 1500          |
|    policy_gradient_loss | -0.000398     |
|    value_loss           | 1.08e-05      |
-------------------------------------------
-------------------------------------------
| rollout/                |               |
|    ep_len_mean          | 4.32e+04      |
|    ep_rew_mean          | -0.845        |
| time/                   |               |
|    fps                  | 12081         |
|    iterations           | 152           |
|    time_elapsed         | 360           |
|    total_timesteps      | 4358144       |
| train/                  |               |
|    approx_kl            | 0.00012549823 |
|    clip_fraction        | 0.00139       |
|    clip_range           | 0.2           |
|    entropy_loss         | -0.0122       |
|    explained_variance   | 0.454         |
|    learning_rate        | 0.000287      |
|    loss                 | 0.00119       |
|    n_updates            | 1510          |
|    policy_gradient_loss | -9.88e-05     |
|    value_loss           | 5.83e-06      |
-------------------------------------------
-------------------------------------------
| rollout/                |               |
|    ep_len_mean          | 4.32e+04      |
|    ep_rew_mean          | -0.845        |
| time/                   |               |
|    fps                  | 12098         |
|    iterations           | 153           |
|    time_elapsed         | 362           |
|    total_timesteps      | 4386816       |
| train/                  |               |
|    approx_kl            | 0.00029031056 |
|    clip_fraction        | 0.00254       |
|    clip_range           | 0.2           |
|    entropy_loss         | -0.0151       |
|    explained_variance   | 0.343         |
|    learning_rate        | 0.000287      |
|    loss                 | -0.00136      |
|    n_updates            | 1520          |
|    policy_gradient_loss | -0.000105     |
|    value_loss           | 1.84e-05      |
-------------------------------------------
-------------------------------------------
| rollout/                |               |
|    ep_len_mean          | 4.32e+04      |
|    ep_rew_mean          | -0.845        |
| time/                   |               |
|    fps                  | 12115         |
|    iterations           | 154           |
|    time_elapsed         | 364           |
|    total_timesteps      | 4415488       |
| train/                  |               |
|    approx_kl            | 0.00025649345 |
|    clip_fraction        | 0.00269       |
|    clip_range           | 0.2           |
|    entropy_loss         | -0.0162       |
|    explained_variance   | 0.475         |
|    learning_rate        | 0.000287      |
|    loss                 | -0.0035       |
|    n_updates            | 1530          |
|    policy_gradient_loss | -0.000715     |
|    value_loss           | 2.69e-05      |
-------------------------------------------
--------------------------------------------
| rollout/                |                |
|    ep_len_mean          | 4.32e+04       |
|    ep_rew_mean          | -0.845         |
| time/                   |                |
|    fps                  | 12132          |
|    iterations           | 155            |
|    time_elapsed         | 366            |
|    total_timesteps      | 4444160        |
| train/                  |                |
|    approx_kl            | 0.000120131815 |
|    clip_fraction        | 0.00167        |
|    clip_range           | 0.2            |
|    entropy_loss         | -0.012         |
|    explained_variance   | 0.445          |
|    learning_rate        | 0.000287       |
|    loss                 | 0.00116        |
|    n_updates            | 1540           |
|    policy_gradient_loss | -0.000285      |
|    value_loss           | 9.67e-06       |
--------------------------------------------
-------------------------------------------
| rollout/                |               |
|    ep_len_mean          | 4.32e+04      |
|    ep_rew_mean          | -0.845        |
| time/                   |               |
|    fps                  | 12149         |
|    iterations           | 156           |
|    time_elapsed         | 368           |
|    total_timesteps      | 4472832       |
| train/                  |               |
|    approx_kl            | 0.00022359715 |
|    clip_fraction        | 0.00198       |
|    clip_range           | 0.2           |
|    entropy_loss         | -0.0144       |
|    explained_variance   | 0.461         |
|    learning_rate        | 0.000287      |
|    loss                 | 0.000174      |
|    n_updates            | 1550          |
|    policy_gradient_loss | -0.000348     |
|    value_loss           | 1.81e-05      |
-------------------------------------------
[valid @4,500,090] BTC-USDT-SWAP: trades=161 pnl=+69.6
[valid @4,500,090] ETH-USDT-SWAP: trades=365 pnl=-40.9
[valid] new best (BTC v9_kpi +0.8215, smoothed +0.6513 | sel -0.0657 mdd 19.3% msl -11.8) -> /home/henjigcp/git/quant_real_RL/models/v10_maskablerl/v10_maskablerl_seed0_0803-0053/v10_maskablerl_seed0_0803-0053_best.zip
------------------------------------------------------
| rollout/                            |              |
|    ep_len_mean                      | 4.32e+04     |
|    ep_rew_mean                      | -0.845       |
| time/                               |              |
|    fps                              | 11880        |
|    iterations                       | 157          |
|    time_elapsed                     | 378          |
|    total_timesteps                  | 4501504      |
| train/                              |              |
|    approx_kl                        | 0.0006492353 |
|    clip_fraction                    | 0.00253      |
|    clip_range                       | 0.2          |
|    entropy_loss                     | -0.0112      |
|    explained_variance               | 0.561        |
|    learning_rate                    | 0.000287     |
|    loss                             | -0.00718     |
|    n_updates                        | 1560         |
|    policy_gradient_loss             | -0.0011      |
|    value_loss                       | 2.21e-05     |
| valid/                              |              |
|    BTC-USDT-SWAP/compound_mdd_pct   | 19.3         |
|    BTC-USDT-SWAP/compound_multiple  | 1.92         |
|    BTC-USDT-SWAP/geo_mean_per_trade | 0.00405      |
|    BTC-USDT-SWAP/max_single_loss    | -11.8        |
|    BTC-USDT-SWAP/max_upnl           | 0.126        |
|    BTC-USDT-SWAP/monthly_growth     | 1.06         |
|    BTC-USDT-SWAP/near_liq_n         | 0            |
|    BTC-USDT-SWAP/near_liq_pct       | 0            |
|    BTC-USDT-SWAP/pnl_std            | 2.34         |
|    BTC-USDT-SWAP/sel_monthly_log    | -0.0657      |
|    BTC-USDT-SWAP/total_pnl          | 69.6         |
|    BTC-USDT-SWAP/trades             | 161          |
|    BTC-USDT-SWAP/trades_per_month   | 13.6         |
|    BTC-USDT-SWAP/v9_kpi             | 0.822        |
|    BTC-USDT-SWAP/v9_kpi_smoothed    | 0.651        |
|    BTC-USDT-SWAP/v9_kpi_z_mdd       | 2.98         |
|    BTC-USDT-SWAP/v9_kpi_z_msl       | 1.52         |
|    BTC-USDT-SWAP/v9_kpi_z_sel       | -0.131       |
|    BTC-USDT-SWAP/win_rate           | 0.658        |
|    ETH-USDT-SWAP/compound_mdd_pct   | 75.3         |
|    ETH-USDT-SWAP/compound_multiple  | 0.454        |
|    ETH-USDT-SWAP/geo_mean_per_trade | -0.00216     |
|    ETH-USDT-SWAP/max_single_loss    | -38.9        |
|    ETH-USDT-SWAP/max_upnl           | 0.115        |
|    ETH-USDT-SWAP/monthly_growth     | 0.935        |
|    ETH-USDT-SWAP/near_liq_n         | 0            |
|    ETH-USDT-SWAP/near_liq_pct       | 0            |
|    ETH-USDT-SWAP/pnl_std            | 4.31         |
|    ETH-USDT-SWAP/total_pnl          | -40.9        |
|    ETH-USDT-SWAP/trades             | 365          |
|    ETH-USDT-SWAP/trades_per_month   | 30.9         |
|    ETH-USDT-SWAP/win_rate           | 0.597        |
------------------------------------------------------
------------------------------------------
| rollout/                |              |
|    ep_len_mean          | 4.32e+04     |
|    ep_rew_mean          | -0.845       |
| time/                   |              |
|    fps                  | 11896        |
|    iterations           | 158          |
|    time_elapsed         | 380          |
|    total_timesteps      | 4530176      |
| train/                  |              |
|    approx_kl            | 0.0002655823 |
|    clip_fraction        | 0.00286      |
|    clip_range           | 0.2          |
|    entropy_loss         | -0.0178      |
|    explained_variance   | 0.479        |
|    learning_rate        | 0.000286     |
|    loss                 | -0.00347     |
|    n_updates            | 1570         |
|    policy_gradient_loss | -0.000387    |
|    value_loss           | 3.56e-05     |
------------------------------------------
-------------------------------------------
| rollout/                |               |
|    ep_len_mean          | 4.32e+04      |
|    ep_rew_mean          | -0.845        |
| time/                   |               |
|    fps                  | 11913         |
|    iterations           | 159           |
|    time_elapsed         | 382           |
|    total_timesteps      | 4558848       |
| train/                  |               |
|    approx_kl            | 0.00022505726 |
|    clip_fraction        | 0.00221       |
|    clip_range           | 0.2           |
|    entropy_loss         | -0.0175       |
|    explained_variance   | 0.591         |
|    learning_rate        | 0.000286      |
|    loss                 | 0.00596       |
|    n_updates            | 1580          |
|    policy_gradient_loss | -0.000256     |
|    value_loss           | 3.77e-05      |
-------------------------------------------
-------------------------------------------
| rollout/                |               |
|    ep_len_mean          | 4.32e+04      |
|    ep_rew_mean          | -0.845        |
| time/                   |               |
|    fps                  | 11931         |
|    iterations           | 160           |
|    time_elapsed         | 384           |
|    total_timesteps      | 4587520       |
| train/                  |               |
|    approx_kl            | 0.00029909468 |
|    clip_fraction        | 0.00314       |
|    clip_range           | 0.2           |
|    entropy_loss         | -0.0144       |
|    explained_variance   | 0.56          |
|    learning_rate        | 0.000286      |
|    loss                 | -0.00206      |
|    n_updates            | 1590          |
|    policy_gradient_loss | -0.000758     |
|    value_loss           | 2.91e-05      |
-------------------------------------------
-------------------------------------------
| rollout/                |               |
|    ep_len_mean          | 4.32e+04      |
|    ep_rew_mean          | -0.845        |
| time/                   |               |
|    fps                  | 11947         |
|    iterations           | 161           |
|    time_elapsed         | 386           |
|    total_timesteps      | 4616192       |
| train/                  |               |
|    approx_kl            | 0.00036717992 |
|    clip_fraction        | 0.00198       |
|    clip_range           | 0.2           |
|    entropy_loss         | -0.0154       |
|    explained_variance   | 0.447         |
|    learning_rate        | 0.000286      |
|    loss                 | -0.00142      |
|    n_updates            | 1600          |
|    policy_gradient_loss | -0.000589     |
|    value_loss           | 2.08e-05      |
-------------------------------------------
------------------------------------------
| rollout/                |              |
|    ep_len_mean          | 4.32e+04     |
|    ep_rew_mean          | -0.845       |
| time/                   |              |
|    fps                  | 11965        |
|    iterations           | 162          |
|    time_elapsed         | 388          |
|    total_timesteps      | 4644864      |
| train/                  |              |
|    approx_kl            | 0.0001914013 |
|    clip_fraction        | 0.002        |
|    clip_range           | 0.2          |
|    entropy_loss         | -0.0143      |
|    explained_variance   | 0.477        |
|    learning_rate        | 0.000286     |
|    loss                 | -0.00214     |
|    n_updates            | 1610         |
|    policy_gradient_loss | -0.000267    |
|    value_loss           | 1.4e-05      |
------------------------------------------
------------------------------------------
| rollout/                |              |
|    ep_len_mean          | 4.32e+04     |
|    ep_rew_mean          | -0.845       |
| time/                   |              |
|    fps                  | 11981        |
|    iterations           | 163          |
|    time_elapsed         | 390          |
|    total_timesteps      | 4673536      |
| train/                  |              |
|    approx_kl            | 0.0001118513 |
|    clip_fraction        | 0.00155      |
|    clip_range           | 0.2          |
|    entropy_loss         | -0.00867     |
|    explained_variance   | 0.525        |
|    learning_rate        | 0.000286     |
|    loss                 | 0.000293     |
|    n_updates            | 1620         |
|    policy_gradient_loss | -0.000218    |
|    value_loss           | 1.1e-05      |
------------------------------------------
-------------------------------------------
| rollout/                |               |
|    ep_len_mean          | 4.32e+04      |
|    ep_rew_mean          | -0.845        |
| time/                   |               |
|    fps                  | 11997         |
|    iterations           | 164           |
|    time_elapsed         | 391           |
|    total_timesteps      | 4702208       |
| train/                  |               |
|    approx_kl            | 0.00020760101 |
|    clip_fraction        | 0.00162       |
|    clip_range           | 0.2           |
|    entropy_loss         | -0.00943      |
|    explained_variance   | 0.514         |
|    learning_rate        | 0.000286      |
|    loss                 | -0.00182      |
|    n_updates            | 1630          |
|    policy_gradient_loss | -0.000613     |
|    value_loss           | 6.73e-06      |
-------------------------------------------
-------------------------------------------
| rollout/                |               |
|    ep_len_mean          | 4.32e+04      |
|    ep_rew_mean          | -0.845        |
| time/                   |               |
|    fps                  | 12010         |
|    iterations           | 165           |
|    time_elapsed         | 393           |
|    total_timesteps      | 4730880       |
| train/                  |               |
|    approx_kl            | 0.00015226609 |
|    clip_fraction        | 0.00184       |
|    clip_range           | 0.2           |
|    entropy_loss         | -0.00962      |
|    explained_variance   | 0.48          |
|    learning_rate        | 0.000286      |
|    loss                 | -0.000801     |
|    n_updates            | 1640          |
|    policy_gradient_loss | -0.000325     |
|    value_loss           | 1.2e-05       |
-------------------------------------------
-------------------------------------------
| rollout/                |               |
|    ep_len_mean          | 4.32e+04      |
|    ep_rew_mean          | -0.845        |
| time/                   |               |
|    fps                  | 12026         |
|    iterations           | 166           |
|    time_elapsed         | 395           |
|    total_timesteps      | 4759552       |
| train/                  |               |
|    approx_kl            | 0.00014227683 |
|    clip_fraction        | 0.00152       |
|    clip_range           | 0.2           |
|    entropy_loss         | -0.00795      |
|    explained_variance   | 0.656         |
|    learning_rate        | 0.000286      |
|    loss                 | -0.00203      |
|    n_updates            | 1650          |
|    policy_gradient_loss | -0.00023      |
|    value_loss           | 1.44e-05      |
-------------------------------------------
-------------------------------------------
| rollout/                |               |
|    ep_len_mean          | 4.32e+04      |
|    ep_rew_mean          | -0.845        |
| time/                   |               |
|    fps                  | 12041         |
|    iterations           | 167           |
|    time_elapsed         | 397           |
|    total_timesteps      | 4788224       |
| train/                  |               |
|    approx_kl            | 0.00012381306 |
|    clip_fraction        | 0.000896      |
|    clip_range           | 0.2           |
|    entropy_loss         | -0.00888      |
|    explained_variance   | 0.457         |
|    learning_rate        | 0.000286      |
|    loss                 | -0.000253     |
|    n_updates            | 1660          |
|    policy_gradient_loss | 8.77e-05      |
|    value_loss           | 8.25e-06      |
-------------------------------------------
-------------------------------------------
| rollout/                |               |
|    ep_len_mean          | 4.32e+04      |
|    ep_rew_mean          | -0.845        |
| time/                   |               |
|    fps                  | 12058         |
|    iterations           | 168           |
|    time_elapsed         | 399           |
|    total_timesteps      | 4816896       |
| train/                  |               |
|    approx_kl            | 0.00024805992 |
|    clip_fraction        | 0.00211       |
|    clip_range           | 0.2           |
|    entropy_loss         | -0.0123       |
|    explained_variance   | 0.55          |
|    learning_rate        | 0.000286      |
|    loss                 | 0.00233       |
|    n_updates            | 1670          |
|    policy_gradient_loss | -0.000126     |
|    value_loss           | 2.28e-05      |
-------------------------------------------
-------------------------------------------
| rollout/                |               |
|    ep_len_mean          | 4.32e+04      |
|    ep_rew_mean          | -0.218        |
| time/                   |               |
|    fps                  | 12073         |
|    iterations           | 169           |
|    time_elapsed         | 401           |
|    total_timesteps      | 4845568       |
| train/                  |               |
|    approx_kl            | 0.00020339274 |
|    clip_fraction        | 0.00186       |
|    clip_range           | 0.2           |
|    entropy_loss         | -0.00948      |
|    explained_variance   | 0.622         |
|    learning_rate        | 0.000286      |
|    loss                 | 0.000348      |
|    n_updates            | 1680          |
|    policy_gradient_loss | -0.000384     |
|    value_loss           | 1.03e-05      |
-------------------------------------------
------------------------------------------
| rollout/                |              |
|    ep_len_mean          | 4.32e+04     |
|    ep_rew_mean          | -0.218       |
| time/                   |              |
|    fps                  | 12088        |
|    iterations           | 170          |
|    time_elapsed         | 403          |
|    total_timesteps      | 4874240      |
| train/                  |              |
|    approx_kl            | 0.0005535352 |
|    clip_fraction        | 0.00288      |
|    clip_range           | 0.2          |
|    entropy_loss         | -0.0124      |
|    explained_variance   | 0.685        |
|    learning_rate        | 0.000285     |
|    loss                 | -0.00413     |
|    n_updates            | 1690         |
|    policy_gradient_loss | -0.000958    |
|    value_loss           | 1.27e-05     |
------------------------------------------
-------------------------------------------
| rollout/                |               |
|    ep_len_mean          | 4.32e+04      |
|    ep_rew_mean          | -0.218        |
| time/                   |               |
|    fps                  | 12104         |
|    iterations           | 171           |
|    time_elapsed         | 405           |
|    total_timesteps      | 4902912       |
| train/                  |               |
|    approx_kl            | 0.00018755416 |
|    clip_fraction        | 0.00213       |
|    clip_range           | 0.2           |
|    entropy_loss         | -0.0127       |
|    explained_variance   | 0.683         |
|    learning_rate        | 0.000285      |
|    loss                 | 0.000292      |
|    n_updates            | 1700          |
|    policy_gradient_loss | -0.000397     |
|    value_loss           | 1.19e-05      |
-------------------------------------------
------------------------------------------
| rollout/                |              |
|    ep_len_mean          | 4.32e+04     |
|    ep_rew_mean          | -0.218       |
| time/                   |              |
|    fps                  | 12119        |
|    iterations           | 172          |
|    time_elapsed         | 406          |
|    total_timesteps      | 4931584      |
| train/                  |              |
|    approx_kl            | 0.0001533473 |
|    clip_fraction        | 0.0018       |
|    clip_range           | 0.2          |
|    entropy_loss         | -0.0122      |
|    explained_variance   | 0.569        |
|    learning_rate        | 0.000285     |
|    loss                 | -0.00094     |
|    n_updates            | 1710         |
|    policy_gradient_loss | -0.000246    |
|    value_loss           | 1.99e-05     |
------------------------------------------
-------------------------------------------
| rollout/                |               |
|    ep_len_mean          | 4.32e+04      |
|    ep_rew_mean          | -0.218        |
| time/                   |               |
|    fps                  | 12135         |
|    iterations           | 173           |
|    time_elapsed         | 408           |
|    total_timesteps      | 4960256       |
| train/                  |               |
|    approx_kl            | 0.00022126369 |
|    clip_fraction        | 0.00193       |
|    clip_range           | 0.2           |
|    entropy_loss         | -0.0127       |
|    explained_variance   | 0.734         |
|    learning_rate        | 0.000285      |
|    loss                 | -0.0023       |
|    n_updates            | 1720          |
|    policy_gradient_loss | -0.000545     |
|    value_loss           | 1.18e-05      |
-------------------------------------------
------------------------------------------
| rollout/                |              |
|    ep_len_mean          | 4.32e+04     |
|    ep_rew_mean          | -0.218       |
| time/                   |              |
|    fps                  | 12150        |
|    iterations           | 174          |
|    time_elapsed         | 410          |
|    total_timesteps      | 4988928      |
| train/                  |              |
|    approx_kl            | 0.0001375123 |
|    clip_fraction        | 0.00188      |
|    clip_range           | 0.2          |
|    entropy_loss         | -0.00704     |
|    explained_variance   | 0.631        |
|    learning_rate        | 0.000285     |
|    loss                 | -0.000876    |
|    n_updates            | 1730         |
|    policy_gradient_loss | -0.000371    |
|    value_loss           | 7.93e-06     |
------------------------------------------
[valid @5,000,100] BTC-USDT-SWAP: trades=188 pnl=+54.6
[valid @5,000,100] ETH-USDT-SWAP: trades=401 pnl=-49.0
[valid] new best (BTC v9_kpi +0.5917, smoothed +0.6851 | sel -0.0961 mdd 29.3% msl -16.3) -> /home/henjigcp/git/quant_real_RL/models/v10_maskablerl/v10_maskablerl_seed0_0803-0053/v10_maskablerl_seed0_0803-0053_best.zip
-------------------------------------------------------
| rollout/                            |               |
|    ep_len_mean                      | 4.32e+04      |
|    ep_rew_mean                      | -0.218        |
| time/                               |               |
|    fps                              | 11910         |
|    iterations                       | 175           |
|    time_elapsed                     | 421           |
|    total_timesteps                  | 5017600       |
| train/                              |               |
|    approx_kl                        | 0.00020128781 |
|    clip_fraction                    | 0.00175       |
|    clip_range                       | 0.2           |
|    entropy_loss                     | -0.00854      |
|    explained_variance               | 0.602         |
|    learning_rate                    | 0.000285      |
|    loss                             | -0.00107      |
|    n_updates                        | 1740          |
|    policy_gradient_loss             | -0.000517     |
|    value_loss                       | 5.74e-06      |
| valid/                              |               |
|    BTC-USDT-SWAP/compound_mdd_pct   | 29.3          |
|    BTC-USDT-SWAP/compound_multiple  | 1.62          |
|    BTC-USDT-SWAP/geo_mean_per_trade | 0.00258       |
|    BTC-USDT-SWAP/max_single_loss    | -16.3         |
|    BTC-USDT-SWAP/max_upnl           | 0.126         |
|    BTC-USDT-SWAP/monthly_growth     | 1.04          |
|    BTC-USDT-SWAP/near_liq_n         | 0             |
|    BTC-USDT-SWAP/near_liq_pct       | 0             |
|    BTC-USDT-SWAP/pnl_std            | 2.49          |
|    BTC-USDT-SWAP/sel_monthly_log    | -0.0961       |
|    BTC-USDT-SWAP/total_pnl          | 54.6          |
|    BTC-USDT-SWAP/trades             | 188           |
|    BTC-USDT-SWAP/trades_per_month   | 15.9          |
|    BTC-USDT-SWAP/v9_kpi             | 0.592         |
|    BTC-USDT-SWAP/v9_kpi_smoothed    | 0.685         |
|    BTC-USDT-SWAP/v9_kpi_z_mdd       | 2.4           |
|    BTC-USDT-SWAP/v9_kpi_z_msl       | 1.14          |
|    BTC-USDT-SWAP/v9_kpi_z_sel       | -0.192        |
|    BTC-USDT-SWAP/win_rate           | 0.649         |
|    ETH-USDT-SWAP/compound_mdd_pct   | 69.6          |
|    ETH-USDT-SWAP/compound_multiple  | 0.408         |
|    ETH-USDT-SWAP/geo_mean_per_trade | -0.00223      |
|    ETH-USDT-SWAP/max_single_loss    | -42.3         |
|    ETH-USDT-SWAP/max_upnl           | 0.135         |
|    ETH-USDT-SWAP/monthly_growth     | 0.927         |
|    ETH-USDT-SWAP/near_liq_n         | 0             |
|    ETH-USDT-SWAP/near_liq_pct       | 0             |
|    ETH-USDT-SWAP/pnl_std            | 4.2           |
|    ETH-USDT-SWAP/total_pnl          | -49           |
|    ETH-USDT-SWAP/trades             | 401           |
|    ETH-USDT-SWAP/trades_per_month   | 33.9          |
|    ETH-USDT-SWAP/win_rate           | 0.626         |
-------------------------------------------------------
-------------------------------------------
| rollout/                |               |
|    ep_len_mean          | 4.32e+04      |
|    ep_rew_mean          | -0.218        |
| time/                   |               |
|    fps                  | 11925         |
|    iterations           | 176           |
|    time_elapsed         | 423           |
|    total_timesteps      | 5046272       |
| train/                  |               |
|    approx_kl            | 0.00018123204 |
|    clip_fraction        | 0.00114       |
|    clip_range           | 0.2           |
|    entropy_loss         | -0.011        |
|    explained_variance   | 0.513         |
|    learning_rate        | 0.000285      |
|    loss                 | 0.000355      |
|    n_updates            | 1750          |
|    policy_gradient_loss | -0.000147     |
|    value_loss           | 1.04e-05      |
-------------------------------------------
-------------------------------------------
| rollout/                |               |
|    ep_len_mean          | 4.32e+04      |
|    ep_rew_mean          | -0.218        |
| time/                   |               |
|    fps                  | 11942         |
|    iterations           | 177           |
|    time_elapsed         | 424           |
|    total_timesteps      | 5074944       |
| train/                  |               |
|    approx_kl            | 0.00024591084 |
|    clip_fraction        | 0.00277       |
|    clip_range           | 0.2           |
|    entropy_loss         | -0.0166       |
|    explained_variance   | 0.575         |
|    learning_rate        | 0.000285      |
|    loss                 | 0.000622      |
|    n_updates            | 1760          |
|    policy_gradient_loss | -0.000327     |
|    value_loss           | 1.16e-05      |
-------------------------------------------
-------------------------------------------
| rollout/                |               |
|    ep_len_mean          | 4.32e+04      |
|    ep_rew_mean          | -0.218        |
| time/                   |               |
|    fps                  | 11957         |
|    iterations           | 178           |
|    time_elapsed         | 426           |
|    total_timesteps      | 5103616       |
| train/                  |               |
|    approx_kl            | 0.00021019159 |
|    clip_fraction        | 0.00193       |
|    clip_range           | 0.2           |
|    entropy_loss         | -0.0109       |
|    explained_variance   | 0.667         |
|    learning_rate        | 0.000285      |
|    loss                 | -0.000143     |
|    n_updates            | 1770          |
|    policy_gradient_loss | -0.000646     |
|    value_loss           | 3.13e-06      |
-------------------------------------------
------------------------------------------
| rollout/                |              |
|    ep_len_mean          | 4.32e+04     |
|    ep_rew_mean          | -0.218       |
| time/                   |              |
|    fps                  | 11972        |
|    iterations           | 179          |
|    time_elapsed         | 428          |
|    total_timesteps      | 5132288      |
| train/                  |              |
|    approx_kl            | 0.0002267206 |
|    clip_fraction        | 0.00217      |
|    clip_range           | 0.2          |
|    entropy_loss         | -0.0131      |
|    explained_variance   | 0.231        |
|    learning_rate        | 0.000285     |
|    loss                 | 5.76e-05     |
|    n_updates            | 1780         |
|    policy_gradient_loss | -0.000146    |
|    value_loss           | 7.36e-05     |
------------------------------------------
-------------------------------------------
| rollout/                |               |
|    ep_len_mean          | 4.32e+04      |
|    ep_rew_mean          | -0.218        |
| time/                   |               |
|    fps                  | 11987         |
|    iterations           | 180           |
|    time_elapsed         | 430           |
|    total_timesteps      | 5160960       |
| train/                  |               |
|    approx_kl            | 0.00049785053 |
|    clip_fraction        | 0.0042        |
|    clip_range           | 0.2           |
|    entropy_loss         | -0.0233       |
|    explained_variance   | 0.343         |
|    learning_rate        | 0.000285      |
|    loss                 | -0.000689     |
|    n_updates            | 1790          |
|    policy_gradient_loss | -0.000577     |
|    value_loss           | 0.000284      |
-------------------------------------------
-------------------------------------------
| rollout/                |               |
|    ep_len_mean          | 4.32e+04      |
|    ep_rew_mean          | -0.218        |
| time/                   |               |
|    fps                  | 12001         |
|    iterations           | 181           |
|    time_elapsed         | 432           |
|    total_timesteps      | 5189632       |
| train/                  |               |
|    approx_kl            | 0.00013743255 |
|    clip_fraction        | 0.00146       |
|    clip_range           | 0.2           |
|    entropy_loss         | -0.0107       |
|    explained_variance   | 0.0602        |
|    learning_rate        | 0.000285      |
|    loss                 | -8.42e-05     |
|    n_updates            | 1800          |
|    policy_gradient_loss | -0.000311     |
|    value_loss           | 1.06e-05      |
-------------------------------------------
-------------------------------------------
| rollout/                |               |
|    ep_len_mean          | 4.32e+04      |
|    ep_rew_mean          | -0.218        |
| time/                   |               |
|    fps                  | 12016         |
|    iterations           | 182           |
|    time_elapsed         | 434           |
|    total_timesteps      | 5218304       |
| train/                  |               |
|    approx_kl            | 0.00032348238 |
|    clip_fraction        | 0.00307       |
|    clip_range           | 0.2           |
|    entropy_loss         | -0.0185       |
|    explained_variance   | 0.466         |
|    learning_rate        | 0.000284      |
|    loss                 | -0.00206      |
|    n_updates            | 1810          |
|    policy_gradient_loss | -0.000532     |
|    value_loss           | 4.5e-05       |
-------------------------------------------
-------------------------------------------
| rollout/                |               |
|    ep_len_mean          | 4.32e+04      |
|    ep_rew_mean          | -0.218        |
| time/                   |               |
|    fps                  | 12031         |
|    iterations           | 183           |
|    time_elapsed         | 436           |
|    total_timesteps      | 5246976       |
| train/                  |               |
|    approx_kl            | 0.00017661999 |
|    clip_fraction        | 0.00138       |
|    clip_range           | 0.2           |
|    entropy_loss         | -0.01         |
|    explained_variance   | 0.345         |
|    learning_rate        | 0.000284      |
|    loss                 | -0.000129     |
|    n_updates            | 1820          |
|    policy_gradient_loss | -0.000385     |
|    value_loss           | 1.46e-05      |
-------------------------------------------
-------------------------------------------
| rollout/                |               |
|    ep_len_mean          | 4.32e+04      |
|    ep_rew_mean          | -0.218        |
| time/                   |               |
|    fps                  | 12045         |
|    iterations           | 184           |
|    time_elapsed         | 437           |
|    total_timesteps      | 5275648       |
| train/                  |               |
|    approx_kl            | 0.00018502389 |
|    clip_fraction        | 0.00253       |
|    clip_range           | 0.2           |
|    entropy_loss         | -0.0126       |
|    explained_variance   | 0.477         |
|    learning_rate        | 0.000284      |
|    loss                 | 0.000264      |
|    n_updates            | 1830          |
|    policy_gradient_loss | -0.000557     |
|    value_loss           | 1.29e-05      |
-------------------------------------------
-------------------------------------------
| rollout/                |               |
|    ep_len_mean          | 4.32e+04      |
|    ep_rew_mean          | -0.218        |
| time/                   |               |
|    fps                  | 12060         |
|    iterations           | 185           |
|    time_elapsed         | 439           |
|    total_timesteps      | 5304320       |
| train/                  |               |
|    approx_kl            | 0.00022282242 |
|    clip_fraction        | 0.00188       |
|    clip_range           | 0.2           |
|    entropy_loss         | -0.0146       |
|    explained_variance   | 0.644         |
|    learning_rate        | 0.000284      |
|    loss                 | -6.59e-05     |
|    n_updates            | 1840          |
|    policy_gradient_loss | -0.000271     |
|    value_loss           | 1.59e-05      |
-------------------------------------------
-------------------------------------------
| rollout/                |               |
|    ep_len_mean          | 4.32e+04      |
|    ep_rew_mean          | -0.218        |
| time/                   |               |
|    fps                  | 12074         |
|    iterations           | 186           |
|    time_elapsed         | 441           |
|    total_timesteps      | 5332992       |
| train/                  |               |
|    approx_kl            | 0.00019519324 |
|    clip_fraction        | 0.00179       |
|    clip_range           | 0.2           |
|    entropy_loss         | -0.012        |
|    explained_variance   | 0.502         |
|    learning_rate        | 0.000284      |
|    loss                 | -0.000364     |
|    n_updates            | 1850          |
|    policy_gradient_loss | -0.000175     |
|    value_loss           | 5.66e-06      |
-------------------------------------------
-------------------------------------------
| rollout/                |               |
|    ep_len_mean          | 4.32e+04      |
|    ep_rew_mean          | -0.218        |
| time/                   |               |
|    fps                  | 12088         |
|    iterations           | 187           |
|    time_elapsed         | 443           |
|    total_timesteps      | 5361664       |
| train/                  |               |
|    approx_kl            | 0.00016046406 |
|    clip_fraction        | 0.00175       |
|    clip_range           | 0.2           |
|    entropy_loss         | -0.0108       |
|    explained_variance   | 0.437         |
|    learning_rate        | 0.000284      |
|    loss                 | 6.23e-05      |
|    n_updates            | 1860          |
|    policy_gradient_loss | -0.000408     |
|    value_loss           | 1.05e-05      |
-------------------------------------------
-------------------------------------------
| rollout/                |               |
|    ep_len_mean          | 4.32e+04      |
|    ep_rew_mean          | -0.218        |
| time/                   |               |
|    fps                  | 12102         |
|    iterations           | 188           |
|    time_elapsed         | 445           |
|    total_timesteps      | 5390336       |
| train/                  |               |
|    approx_kl            | 0.00017892805 |
|    clip_fraction        | 0.00255       |
|    clip_range           | 0.2           |
|    entropy_loss         | -0.0122       |
|    explained_variance   | 0.517         |
|    learning_rate        | 0.000284      |
|    loss                 | -0.00195      |
|    n_updates            | 1870          |
|    policy_gradient_loss | -0.000563     |
|    value_loss           | 5.71e-06      |
-------------------------------------------
-------------------------------------------
| rollout/                |               |
|    ep_len_mean          | 4.32e+04      |
|    ep_rew_mean          | -0.218        |
| time/                   |               |
|    fps                  | 12117         |
|    iterations           | 189           |
|    time_elapsed         | 447           |
|    total_timesteps      | 5419008       |
| train/                  |               |
|    approx_kl            | 0.00023320108 |
|    clip_fraction        | 0.00193       |
|    clip_range           | 0.2           |
|    entropy_loss         | -0.00924      |
|    explained_variance   | 0.492         |
|    learning_rate        | 0.000284      |
|    loss                 | -0.00085      |
|    n_updates            | 1880          |
|    policy_gradient_loss | -0.000236     |
|    value_loss           | 5.54e-06      |
-------------------------------------------
-------------------------------------------
| rollout/                |               |
|    ep_len_mean          | 4.32e+04      |
|    ep_rew_mean          | -0.0744       |
| time/                   |               |
|    fps                  | 12130         |
|    iterations           | 190           |
|    time_elapsed         | 449           |
|    total_timesteps      | 5447680       |
| train/                  |               |
|    approx_kl            | 0.00016433184 |
|    clip_fraction        | 0.00197       |
|    clip_range           | 0.2           |
|    entropy_loss         | -0.0115       |
|    explained_variance   | 0.296         |
|    learning_rate        | 0.000284      |
|    loss                 | -0.000184     |
|    n_updates            | 1890          |
|    policy_gradient_loss | -0.00056      |
|    value_loss           | 5.84e-06      |
-------------------------------------------
------------------------------------------
| rollout/                |              |
|    ep_len_mean          | 4.32e+04     |
|    ep_rew_mean          | -0.0744      |
| time/                   |              |
|    fps                  | 12144        |
|    iterations           | 191          |
|    time_elapsed         | 450          |
|    total_timesteps      | 5476352      |
| train/                  |              |
|    approx_kl            | 0.0001620536 |
|    clip_fraction        | 0.00183      |
|    clip_range           | 0.2          |
|    entropy_loss         | -0.0103      |
|    explained_variance   | 0.451        |
|    learning_rate        | 0.000284     |
|    loss                 | -0.00207     |
|    n_updates            | 1900         |
|    policy_gradient_loss | -0.00022     |
|    value_loss           | 9.19e-06     |
------------------------------------------
[valid @5,500,110] BTC-USDT-SWAP: trades=306 pnl=+0.8
[valid @5,500,110] ETH-USDT-SWAP: trades=636 pnl=-195.0
-------------------------------------------------------
| rollout/                            |               |
|    ep_len_mean                      | 4.32e+04      |
|    ep_rew_mean                      | -0.0744       |
| time/                               |               |
|    fps                              | 11921         |
|    iterations                       | 192           |
|    time_elapsed                     | 461           |
|    total_timesteps                  | 5505024       |
| train/                              |               |
|    approx_kl                        | 0.00043613795 |
|    clip_fraction                    | 0.00338       |
|    clip_range                       | 0.2           |
|    entropy_loss                     | -0.0167       |
|    explained_variance               | 0.79          |
|    learning_rate                    | 0.000284      |
|    loss                             | -0.0042       |
|    n_updates                        | 1910          |
|    policy_gradient_loss             | -0.000585     |
|    value_loss                       | 2.05e-05      |
| valid/                              |               |
|    BTC-USDT-SWAP/compound_mdd_pct   | 35.2          |
|    BTC-USDT-SWAP/compound_multiple  | 0.95          |
|    BTC-USDT-SWAP/geo_mean_per_trade | -0.000167     |
|    BTC-USDT-SWAP/max_single_loss    | -11           |
|    BTC-USDT-SWAP/max_upnl           | 0.126         |
|    BTC-USDT-SWAP/monthly_growth     | 0.996         |
|    BTC-USDT-SWAP/near_liq_n         | 0             |
|    BTC-USDT-SWAP/near_liq_pct       | 0             |
|    BTC-USDT-SWAP/pnl_std            | 1.96          |
|    BTC-USDT-SWAP/sel_monthly_log    | -0.156        |
|    BTC-USDT-SWAP/total_pnl          | 0.85          |
|    BTC-USDT-SWAP/trades             | 306           |
|    BTC-USDT-SWAP/trades_per_month   | 25.9          |
|    BTC-USDT-SWAP/v9_kpi             | 0.539         |
|    BTC-USDT-SWAP/v9_kpi_smoothed    | 0.651         |
|    BTC-USDT-SWAP/v9_kpi_z_mdd       | 2.05          |
|    BTC-USDT-SWAP/v9_kpi_z_msl       | 1.58          |
|    BTC-USDT-SWAP/v9_kpi_z_sel       | -0.313        |
|    BTC-USDT-SWAP/win_rate           | 0.592         |
|    ETH-USDT-SWAP/compound_mdd_pct   | 92.5          |
|    ETH-USDT-SWAP/compound_multiple  | 0.0982        |
|    ETH-USDT-SWAP/geo_mean_per_trade | -0.00364      |
|    ETH-USDT-SWAP/max_single_loss    | -34.5         |
|    ETH-USDT-SWAP/max_upnl           | 0.135         |
|    ETH-USDT-SWAP/monthly_growth     | 0.822         |
|    ETH-USDT-SWAP/near_liq_n         | 0             |
|    ETH-USDT-SWAP/near_liq_pct       | 0             |
|    ETH-USDT-SWAP/pnl_std            | 3.25          |
|    ETH-USDT-SWAP/total_pnl          | -195          |
|    ETH-USDT-SWAP/trades             | 636           |
|    ETH-USDT-SWAP/trades_per_month   | 53.8          |
|    ETH-USDT-SWAP/win_rate           | 0.571         |
-------------------------------------------------------
-------------------------------------------
| rollout/                |               |
|    ep_len_mean          | 4.32e+04      |
|    ep_rew_mean          | -0.0744       |
| time/                   |               |
|    fps                  | 11935         |
|    iterations           | 193           |
|    time_elapsed         | 463           |
|    total_timesteps      | 5533696       |
| train/                  |               |
|    approx_kl            | 0.00042178947 |
|    clip_fraction        | 0.00193       |
|    clip_range           | 0.2           |
|    entropy_loss         | -0.0104       |
|    explained_variance   | 0.734         |
|    learning_rate        | 0.000283      |
|    loss                 | -0.000653     |
|    n_updates            | 1920          |
|    policy_gradient_loss | -0.00106      |
|    value_loss           | 1.52e-05      |
-------------------------------------------
-------------------------------------------
| rollout/                |               |
|    ep_len_mean          | 4.32e+04      |
|    ep_rew_mean          | -0.0744       |
| time/                   |               |
|    fps                  | 11949         |
|    iterations           | 194           |
|    time_elapsed         | 465           |
|    total_timesteps      | 5562368       |
| train/                  |               |
|    approx_kl            | 0.00045196738 |
|    clip_fraction        | 0.00279       |
|    clip_range           | 0.2           |
|    entropy_loss         | -0.0165       |
|    explained_variance   | 0.807         |
|    learning_rate        | 0.000283      |
|    loss                 | 0.00106       |
|    n_updates            | 1930          |
|    policy_gradient_loss | -0.000755     |
|    value_loss           | 2.85e-05      |
-------------------------------------------
-------------------------------------------
| rollout/                |               |
|    ep_len_mean          | 4.32e+04      |
|    ep_rew_mean          | -0.0744       |
| time/                   |               |
|    fps                  | 11964         |
|    iterations           | 195           |
|    time_elapsed         | 467           |
|    total_timesteps      | 5591040       |
| train/                  |               |
|    approx_kl            | 0.00016423888 |
|    clip_fraction        | 0.00162       |
|    clip_range           | 0.2           |
|    entropy_loss         | -0.00861      |
|    explained_variance   | 0.564         |
|    learning_rate        | 0.000283      |
|    loss                 | 0.00436       |
|    n_updates            | 1940          |
|    policy_gradient_loss | -0.000586     |
|    value_loss           | 2.06e-05      |
-------------------------------------------
-------------------------------------------
| rollout/                |               |
|    ep_len_mean          | 4.32e+04      |
|    ep_rew_mean          | -0.0744       |
| time/                   |               |
|    fps                  | 11978         |
|    iterations           | 196           |
|    time_elapsed         | 469           |
|    total_timesteps      | 5619712       |
| train/                  |               |
|    approx_kl            | 0.00018279384 |
|    clip_fraction        | 0.00144       |
|    clip_range           | 0.2           |
|    entropy_loss         | -0.00889      |
|    explained_variance   | 0.459         |
|    learning_rate        | 0.000283      |
|    loss                 | 0.00328       |
|    n_updates            | 1950          |
|    policy_gradient_loss | -0.00014      |
|    value_loss           | 7.68e-06      |
-------------------------------------------
-------------------------------------------
| rollout/                |               |
|    ep_len_mean          | 4.32e+04      |
|    ep_rew_mean          | -0.0744       |
| time/                   |               |
|    fps                  | 11992         |
|    iterations           | 197           |
|    time_elapsed         | 470           |
|    total_timesteps      | 5648384       |
| train/                  |               |
|    approx_kl            | 0.00020900166 |
|    clip_fraction        | 0.0021        |
|    clip_range           | 0.2           |
|    entropy_loss         | -0.0136       |
|    explained_variance   | 0.402         |
|    learning_rate        | 0.000283      |
|    loss                 | 0.013         |
|    n_updates            | 1960          |
|    policy_gradient_loss | -0.000285     |
|    value_loss           | 1.09e-05      |
-------------------------------------------
-------------------------------------------
| rollout/                |               |
|    ep_len_mean          | 4.32e+04      |
|    ep_rew_mean          | -0.0744       |
| time/                   |               |
|    fps                  | 12005         |
|    iterations           | 198           |
|    time_elapsed         | 472           |
|    total_timesteps      | 5677056       |
| train/                  |               |
|    approx_kl            | 0.00020405733 |
|    clip_fraction        | 0.00232       |
|    clip_range           | 0.2           |
|    entropy_loss         | -0.0137       |
|    explained_variance   | 0.379         |
|    learning_rate        | 0.000283      |
|    loss                 | -0.000413     |
|    n_updates            | 1970          |
|    policy_gradient_loss | -0.000353     |
|    value_loss           | 3.4e-05       |
-------------------------------------------
------------------------------------------
| rollout/                |              |
|    ep_len_mean          | 4.32e+04     |
|    ep_rew_mean          | -0.0744      |
| time/                   |              |
|    fps                  | 12019        |
|    iterations           | 199          |
|    time_elapsed         | 474          |
|    total_timesteps      | 5705728      |
| train/                  |              |
|    approx_kl            | 0.0002496076 |
|    clip_fraction        | 0.00257      |
|    clip_range           | 0.2          |
|    entropy_loss         | -0.0139      |
|    explained_variance   | 0.403        |
|    learning_rate        | 0.000283     |
|    loss                 | 8.1e-06      |
|    n_updates            | 1980         |
|    policy_gradient_loss | -0.000446    |
|    value_loss           | 1.96e-05     |
------------------------------------------
-------------------------------------------
| rollout/                |               |
|    ep_len_mean          | 4.32e+04      |
|    ep_rew_mean          | -0.0744       |
| time/                   |               |
|    fps                  | 12033         |
|    iterations           | 200           |
|    time_elapsed         | 476           |
|    total_timesteps      | 5734400       |
| train/                  |               |
|    approx_kl            | 0.00037516674 |
|    clip_fraction        | 0.0033        |
|    clip_range           | 0.2           |
|    entropy_loss         | -0.0145       |
|    explained_variance   | 0.532         |
|    learning_rate        | 0.000283      |
|    loss                 | -0.00436      |
|    n_updates            | 1990          |
|    policy_gradient_loss | -0.000651     |
|    value_loss           | 2.64e-05      |
-------------------------------------------
------------------------------------------
| rollout/                |              |
|    ep_len_mean          | 4.32e+04     |
|    ep_rew_mean          | -0.0744      |
| time/                   |              |
|    fps                  | 12047        |
|    iterations           | 201          |
|    time_elapsed         | 478          |
|    total_timesteps      | 5763072      |
| train/                  |              |
|    approx_kl            | 0.0001905302 |
|    clip_fraction        | 0.00195      |
|    clip_range           | 0.2          |
|    entropy_loss         | -0.0128      |
|    explained_variance   | 0.0437       |
|    learning_rate        | 0.000283     |
|    loss                 | -0.00342     |
|    n_updates            | 2000         |
|    policy_gradient_loss | -0.000584    |
|    value_loss           | 8.39e-06     |
------------------------------------------
-------------------------------------------
| rollout/                |               |
|    ep_len_mean          | 4.32e+04      |
|    ep_rew_mean          | -0.0744       |
| time/                   |               |
|    fps                  | 12060         |
|    iterations           | 202           |
|    time_elapsed         | 480           |
|    total_timesteps      | 5791744       |
| train/                  |               |
|    approx_kl            | 0.00022011962 |
|    clip_fraction        | 0.00256       |
|    clip_range           | 0.2           |
|    entropy_loss         | -0.0104       |
|    explained_variance   | 0.311         |
|    learning_rate        | 0.000283      |
|    loss                 | -0.000158     |
|    n_updates            | 2010          |
|    policy_gradient_loss | -0.000407     |
|    value_loss           | 1.38e-05      |
-------------------------------------------
--------------------------------------------
| rollout/                |                |
|    ep_len_mean          | 4.32e+04       |
|    ep_rew_mean          | -0.0744        |
| time/                   |                |
|    fps                  | 12073          |
|    iterations           | 203            |
|    time_elapsed         | 482            |
|    total_timesteps      | 5820416        |
| train/                  |                |
|    approx_kl            | 0.000113437054 |
|    clip_fraction        | 0.00127        |
|    clip_range           | 0.2            |
|    entropy_loss         | -0.00878       |
|    explained_variance   | 0.522          |
|    learning_rate        | 0.000283       |
|    loss                 | 0.00368        |
|    n_updates            | 2020           |
|    policy_gradient_loss | -0.000129      |
|    value_loss           | 8.46e-06       |
--------------------------------------------
-------------------------------------------
| rollout/                |               |
|    ep_len_mean          | 4.32e+04      |
|    ep_rew_mean          | -0.0744       |
| time/                   |               |
|    fps                  | 12086         |
|    iterations           | 204           |
|    time_elapsed         | 483           |
|    total_timesteps      | 5849088       |
| train/                  |               |
|    approx_kl            | 0.00032903554 |
|    clip_fraction        | 0.00263       |
|    clip_range           | 0.2           |
|    entropy_loss         | -0.0173       |
|    explained_variance   | 0.472         |
|    learning_rate        | 0.000283      |
|    loss                 | 0.00189       |
|    n_updates            | 2030          |
|    policy_gradient_loss | 5.81e-06      |
|    value_loss           | 0.000163      |
-------------------------------------------
-------------------------------------------
| rollout/                |               |
|    ep_len_mean          | 4.32e+04      |
|    ep_rew_mean          | -0.0744       |
| time/                   |               |
|    fps                  | 12099         |
|    iterations           | 205           |
|    time_elapsed         | 485           |
|    total_timesteps      | 5877760       |
| train/                  |               |
|    approx_kl            | 0.00022959439 |
|    clip_fraction        | 0.0032        |
|    clip_range           | 0.2           |
|    entropy_loss         | -0.0202       |
|    explained_variance   | 0.653         |
|    learning_rate        | 0.000282      |
|    loss                 | -0.00142      |
|    n_updates            | 2040          |
|    policy_gradient_loss | -0.000488     |
|    value_loss           | 2.68e-05      |
-------------------------------------------
-------------------------------------------
| rollout/                |               |
|    ep_len_mean          | 4.32e+04      |
|    ep_rew_mean          | -0.0744       |
| time/                   |               |
|    fps                  | 12112         |
|    iterations           | 206           |
|    time_elapsed         | 487           |
|    total_timesteps      | 5906432       |
| train/                  |               |
|    approx_kl            | 0.00022298672 |
|    clip_fraction        | 0.00208       |
|    clip_range           | 0.2           |
|    entropy_loss         | -0.0128       |
|    explained_variance   | 0.456         |
|    learning_rate        | 0.000282      |
|    loss                 | 0.000471      |
|    n_updates            | 2050          |
|    policy_gradient_loss | -0.000429     |
|    value_loss           | 3.01e-05      |
-------------------------------------------
------------------------------------------
| rollout/                |              |
|    ep_len_mean          | 4.32e+04     |
|    ep_rew_mean          | -0.0744      |
| time/                   |              |
|    fps                  | 12125        |
|    iterations           | 207          |
|    time_elapsed         | 489          |
|    total_timesteps      | 5935104      |
| train/                  |              |
|    approx_kl            | 0.0001696879 |
|    clip_fraction        | 0.00177      |
|    clip_range           | 0.2          |
|    entropy_loss         | -0.0103      |
|    explained_variance   | 0.669        |
|    learning_rate        | 0.000282     |
|    loss                 | -0.00139     |
|    n_updates            | 2060         |
|    policy_gradient_loss | -0.000351    |
|    value_loss           | 1.71e-05     |
------------------------------------------
-------------------------------------------
| rollout/                |               |
|    ep_len_mean          | 4.32e+04      |
|    ep_rew_mean          | -0.0744       |
| time/                   |               |
|    fps                  | 12138         |
|    iterations           | 208           |
|    time_elapsed         | 491           |
|    total_timesteps      | 5963776       |
| train/                  |               |
|    approx_kl            | 0.00023297667 |
|    clip_fraction        | 0.00207       |
|    clip_range           | 0.2           |
|    entropy_loss         | -0.0077       |
|    explained_variance   | 0.278         |
|    learning_rate        | 0.000282      |
|    loss                 | -0.000249     |
|    n_updates            | 2070          |
|    policy_gradient_loss | -0.000786     |
|    value_loss           | 1.19e-05      |
-------------------------------------------
-------------------------------------------
| rollout/                |               |
|    ep_len_mean          | 4.32e+04      |
|    ep_rew_mean          | -0.0744       |
| time/                   |               |
|    fps                  | 12150         |
|    iterations           | 209           |
|    time_elapsed         | 493           |
|    total_timesteps      | 5992448       |
| train/                  |               |
|    approx_kl            | 0.00023863018 |
|    clip_fraction        | 0.00138       |
|    clip_range           | 0.2           |
|    entropy_loss         | -0.00816      |
|    explained_variance   | 0.121         |
|    learning_rate        | 0.000282      |
|    loss                 | -0.000547     |
|    n_updates            | 2080          |
|    policy_gradient_loss | -0.000289     |
|    value_loss           | 6.93e-06      |
-------------------------------------------
[valid @6,000,120] BTC-USDT-SWAP: trades=331 pnl=-8.8
[valid @6,000,120] ETH-USDT-SWAP: trades=644 pnl=-203.9
------------------------------------------------------
| rollout/                            |              |
|    ep_len_mean                      | 4.32e+04     |
|    ep_rew_mean                      | -0.0744      |
| time/                               |              |
|    fps                              | 11949        |
|    iterations                       | 210          |
|    time_elapsed                     | 503          |
|    total_timesteps                  | 6021120      |
| train/                              |              |
|    approx_kl                        | 0.0001564387 |
|    clip_fraction                    | 0.00213      |
|    clip_range                       | 0.2          |
|    entropy_loss                     | -0.00895     |
|    explained_variance               | 0.0556       |
|    learning_rate                    | 0.000282     |
|    loss                             | -0.00186     |
|    n_updates                        | 2090         |
|    policy_gradient_loss             | -0.000394    |
|    value_loss                       | 1.17e-05     |
| valid/                              |              |
|    BTC-USDT-SWAP/compound_mdd_pct   | 33.1         |
|    BTC-USDT-SWAP/compound_multiple  | 0.862        |
|    BTC-USDT-SWAP/geo_mean_per_trade | -0.000447    |
|    BTC-USDT-SWAP/max_single_loss    | -11.8        |
|    BTC-USDT-SWAP/max_upnl           | 0.0624       |
|    BTC-USDT-SWAP/monthly_growth     | 0.988        |
|    BTC-USDT-SWAP/near_liq_n         | 0            |
|    BTC-USDT-SWAP/near_liq_pct       | 0            |
|    BTC-USDT-SWAP/pnl_std            | 1.89         |
|    BTC-USDT-SWAP/sel_monthly_log    | -0.135       |
|    BTC-USDT-SWAP/total_pnl          | -8.77        |
|    BTC-USDT-SWAP/trades             | 331          |
|    BTC-USDT-SWAP/trades_per_month   | 28           |
|    BTC-USDT-SWAP/v9_kpi             | 0.576        |
|    BTC-USDT-SWAP/v9_kpi_smoothed    | 0.569        |
|    BTC-USDT-SWAP/v9_kpi_z_mdd       | 2.17         |
|    BTC-USDT-SWAP/v9_kpi_z_msl       | 1.52         |
|    BTC-USDT-SWAP/v9_kpi_z_sel       | -0.27        |
|    BTC-USDT-SWAP/win_rate           | 0.589        |
|    ETH-USDT-SWAP/compound_mdd_pct   | 93.4         |
|    ETH-USDT-SWAP/compound_multiple  | 0.0851       |
|    ETH-USDT-SWAP/geo_mean_per_trade | -0.00382     |
|    ETH-USDT-SWAP/max_single_loss    | -39.3        |
|    ETH-USDT-SWAP/max_upnl           | 0.135        |
|    ETH-USDT-SWAP/monthly_growth     | 0.812        |
|    ETH-USDT-SWAP/near_liq_n         | 0            |
|    ETH-USDT-SWAP/near_liq_pct       | 0            |
|    ETH-USDT-SWAP/pnl_std            | 3.42         |
|    ETH-USDT-SWAP/total_pnl          | -204         |
|    ETH-USDT-SWAP/trades             | 644          |
|    ETH-USDT-SWAP/trades_per_month   | 54.5         |
|    ETH-USDT-SWAP/win_rate           | 0.534        |
------------------------------------------------------
-------------------------------------------
| rollout/                |               |
|    ep_len_mean          | 4.32e+04      |
|    ep_rew_mean          | -0.0616       |
| time/                   |               |
|    fps                  | 11962         |
|    iterations           | 211           |
|    time_elapsed         | 505           |
|    total_timesteps      | 6049792       |
| train/                  |               |
|    approx_kl            | 0.00029379982 |
|    clip_fraction        | 0.00175       |
|    clip_range           | 0.2           |
|    entropy_loss         | -0.0113       |
|    explained_variance   | 0.146         |
|    learning_rate        | 0.000282      |
|    loss                 | 0.00215       |
|    n_updates            | 2100          |
|    policy_gradient_loss | -0.000134     |
|    value_loss           | 1.83e-05      |
-------------------------------------------
-------------------------------------------
| rollout/                |               |
|    ep_len_mean          | 4.32e+04      |
|    ep_rew_mean          | -0.0622       |
| time/                   |               |
|    fps                  | 11975         |
|    iterations           | 212           |
|    time_elapsed         | 507           |
|    total_timesteps      | 6078464       |
| train/                  |               |
|    approx_kl            | 0.00024735156 |
|    clip_fraction        | 0.00206       |
|    clip_range           | 0.2           |
|    entropy_loss         | -0.0103       |
|    explained_variance   | 0.152         |
|    learning_rate        | 0.000282      |
|    loss                 | 0.00176       |
|    n_updates            | 2110          |
|    policy_gradient_loss | -0.000518     |
|    value_loss           | 9.04e-06      |
-------------------------------------------
-------------------------------------------
| rollout/                |               |
|    ep_len_mean          | 4.32e+04      |
|    ep_rew_mean          | -0.0622       |
| time/                   |               |
|    fps                  | 11988         |
|    iterations           | 213           |
|    time_elapsed         | 509           |
|    total_timesteps      | 6107136       |
| train/                  |               |
|    approx_kl            | 0.00032213118 |
|    clip_fraction        | 0.00308       |
|    clip_range           | 0.2           |
|    entropy_loss         | -0.0157       |
|    explained_variance   | 0.341         |
|    learning_rate        | 0.000282      |
|    loss                 | 0.00136       |
|    n_updates            | 2120          |
|    policy_gradient_loss | -0.000358     |
|    value_loss           | 6.6e-06       |
-------------------------------------------
-------------------------------------------
| rollout/                |               |
|    ep_len_mean          | 4.32e+04      |
|    ep_rew_mean          | -0.0622       |
| time/                   |               |
|    fps                  | 12001         |
|    iterations           | 214           |
|    time_elapsed         | 511           |
|    total_timesteps      | 6135808       |
| train/                  |               |
|    approx_kl            | 0.00026073385 |
|    clip_fraction        | 0.00137       |
|    clip_range           | 0.2           |
|    entropy_loss         | -0.00702      |
|    explained_variance   | 0.379         |
|    learning_rate        | 0.000282      |
|    loss                 | 0.000975      |
|    n_updates            | 2130          |
|    policy_gradient_loss | -0.00042      |
|    value_loss           | 3.49e-06      |
-------------------------------------------
-------------------------------------------
| rollout/                |               |
|    ep_len_mean          | 4.32e+04      |
|    ep_rew_mean          | -0.0622       |
| time/                   |               |
|    fps                  | 12011         |
|    iterations           | 215           |
|    time_elapsed         | 513           |
|    total_timesteps      | 6164480       |
| train/                  |               |
|    approx_kl            | 0.00015405426 |
|    clip_fraction        | 0.00155       |
|    clip_range           | 0.2           |
|    entropy_loss         | -0.0112       |
|    explained_variance   | 0.237         |
|    learning_rate        | 0.000282      |
|    loss                 | -0.00236      |
|    n_updates            | 2140          |
|    policy_gradient_loss | -0.000496     |
|    value_loss           | 8.98e-06      |
-------------------------------------------
------------------------------------------
| rollout/                |              |
|    ep_len_mean          | 4.32e+04     |
|    ep_rew_mean          | -0.0622      |
| time/                   |              |
|    fps                  | 12024        |
|    iterations           | 216          |
|    time_elapsed         | 515          |
|    total_timesteps      | 6193152      |
| train/                  |              |
|    approx_kl            | 0.0003041814 |
|    clip_fraction        | 0.00285      |
|    clip_range           | 0.2          |
|    entropy_loss         | -0.0105      |
|    explained_variance   | 0.218        |
|    learning_rate        | 0.000282     |
|    loss                 | -0.00182     |
|    n_updates            | 2150         |
|    policy_gradient_loss | -0.00138     |
|    value_loss           | 3.8e-06      |
------------------------------------------
-------------------------------------------
| rollout/                |               |
|    ep_len_mean          | 4.32e+04      |
|    ep_rew_mean          | -0.0622       |
| time/                   |               |
|    fps                  | 12036         |
|    iterations           | 217           |
|    time_elapsed         | 516           |
|    total_timesteps      | 6221824       |
| train/                  |               |
|    approx_kl            | 0.00033948218 |
|    clip_fraction        | 0.00241       |
|    clip_range           | 0.2           |
|    entropy_loss         | -0.0109       |
|    explained_variance   | 0.163         |
|    learning_rate        | 0.000281      |
|    loss                 | 0.000509      |
|    n_updates            | 2160          |
|    policy_gradient_loss | -0.000713     |
|    value_loss           | 5.38e-05      |
-------------------------------------------
-------------------------------------------
| rollout/                |               |
|    ep_len_mean          | 4.32e+04      |
|    ep_rew_mean          | -0.0622       |
| time/                   |               |
|    fps                  | 12049         |
|    iterations           | 218           |
|    time_elapsed         | 518           |
|    total_timesteps      | 6250496       |
| train/                  |               |
|    approx_kl            | 0.00044848296 |
|    clip_fraction        | 0.0049        |
|    clip_range           | 0.2           |
|    entropy_loss         | -0.0177       |
|    explained_variance   | 0.152         |
|    learning_rate        | 0.000281      |
|    loss                 | -0.000401     |
|    n_updates            | 2170          |
|    policy_gradient_loss | -0.00106      |
|    value_loss           | 0.00017       |
-------------------------------------------
-------------------------------------------
| rollout/                |               |
|    ep_len_mean          | 4.32e+04      |
|    ep_rew_mean          | -0.0622       |
| time/                   |               |
|    fps                  | 12061         |
|    iterations           | 219           |
|    time_elapsed         | 520           |
|    total_timesteps      | 6279168       |
| train/                  |               |
|    approx_kl            | 0.00015350022 |
|    clip_fraction        | 0.00187       |
|    clip_range           | 0.2           |
|    entropy_loss         | -0.00849      |
|    explained_variance   | 0.189         |
|    learning_rate        | 0.000281      |
|    loss                 | -0.00116      |
|    n_updates            | 2180          |
|    policy_gradient_loss | -0.000588     |
|    value_loss           | 2.01e-05      |
-------------------------------------------
------------------------------------------
| rollout/                |              |
|    ep_len_mean          | 4.32e+04     |
|    ep_rew_mean          | -0.0622      |
| time/                   |              |
|    fps                  | 12074        |
|    iterations           | 220          |
|    time_elapsed         | 522          |
|    total_timesteps      | 6307840      |
| train/                  |              |
|    approx_kl            | 0.0001343713 |
|    clip_fraction        | 0.00125      |
|    clip_range           | 0.2          |
|    entropy_loss         | -0.0164      |
|    explained_variance   | 0.32         |
|    learning_rate        | 0.000281     |
|    loss                 | -0.00072     |
|    n_updates            | 2190         |
|    policy_gradient_loss | -0.000137    |
|    value_loss           | 2.62e-05     |
------------------------------------------
-------------------------------------------
| rollout/                |               |
|    ep_len_mean          | 4.32e+04      |
|    ep_rew_mean          | -0.0622       |
| time/                   |               |
|    fps                  | 12086         |
|    iterations           | 221           |
|    time_elapsed         | 524           |
|    total_timesteps      | 6336512       |
| train/                  |               |
|    approx_kl            | 0.00015789554 |
|    clip_fraction        | 0.00164       |
|    clip_range           | 0.2           |
|    entropy_loss         | -0.00754      |
|    explained_variance   | 0.129         |
|    learning_rate        | 0.000281      |
|    loss                 | -0.00066      |
|    n_updates            | 2200          |
|    policy_gradient_loss | -0.000315     |
|    value_loss           | 3.25e-05      |
-------------------------------------------
------------------------------------------
| rollout/                |              |
|    ep_len_mean          | 4.32e+04     |
|    ep_rew_mean          | -0.0622      |
| time/                   |              |
|    fps                  | 12098        |
|    iterations           | 222          |
|    time_elapsed         | 526          |
|    total_timesteps      | 6365184      |
| train/                  |              |
|    approx_kl            | 9.556095e-05 |
|    clip_fraction        | 0.00136      |
|    clip_range           | 0.2          |
|    entropy_loss         | -0.00839     |
|    explained_variance   | 0.313        |
|    learning_rate        | 0.000281     |
|    loss                 | -0.000566    |
|    n_updates            | 2210         |
|    policy_gradient_loss | -0.000148    |
|    value_loss           | 1.14e-05     |
------------------------------------------
-------------------------------------------
| rollout/                |               |
|    ep_len_mean          | 4.32e+04      |
|    ep_rew_mean          | -0.0622       |
| time/                   |               |
|    fps                  | 12111         |
|    iterations           | 223           |
|    time_elapsed         | 527           |
|    total_timesteps      | 6393856       |
| train/                  |               |
|    approx_kl            | 0.00024498728 |
|    clip_fraction        | 0.0029        |
|    clip_range           | 0.2           |
|    entropy_loss         | -0.014        |
|    explained_variance   | 0.337         |
|    learning_rate        | 0.000281      |
|    loss                 | -0.0031       |
|    n_updates            | 2220          |
|    policy_gradient_loss | -0.000583     |
|    value_loss           | 1.18e-05      |
-------------------------------------------
-------------------------------------------
| rollout/                |               |
|    ep_len_mean          | 4.32e+04      |
|    ep_rew_mean          | -0.0622       |
| time/                   |               |
|    fps                  | 12122         |
|    iterations           | 224           |
|    time_elapsed         | 529           |
|    total_timesteps      | 6422528       |
| train/                  |               |
|    approx_kl            | 0.00033975946 |
|    clip_fraction        | 0.0022        |
|    clip_range           | 0.2           |
|    entropy_loss         | -0.0118       |
|    explained_variance   | 0.408         |
|    learning_rate        | 0.000281      |
|    loss                 | 0.00137       |
|    n_updates            | 2230          |
|    policy_gradient_loss | -0.00071      |
|    value_loss           | 1.37e-05      |
-------------------------------------------
-------------------------------------------
| rollout/                |               |
|    ep_len_mean          | 4.32e+04      |
|    ep_rew_mean          | -0.0622       |
| time/                   |               |
|    fps                  | 12133         |
|    iterations           | 225           |
|    time_elapsed         | 531           |
|    total_timesteps      | 6451200       |
| train/                  |               |
|    approx_kl            | 0.00015101054 |
|    clip_fraction        | 0.00203       |
|    clip_range           | 0.2           |
|    entropy_loss         | -0.00991      |
|    explained_variance   | 0.479         |
|    learning_rate        | 0.000281      |
|    loss                 | -0.00111      |
|    n_updates            | 2240          |
|    policy_gradient_loss | -0.000566     |
|    value_loss           | 8e-06         |
-------------------------------------------
-------------------------------------------
| rollout/                |               |
|    ep_len_mean          | 4.32e+04      |
|    ep_rew_mean          | -0.0622       |
| time/                   |               |
|    fps                  | 12145         |
|    iterations           | 226           |
|    time_elapsed         | 533           |
|    total_timesteps      | 6479872       |
| train/                  |               |
|    approx_kl            | 0.00027263415 |
|    clip_fraction        | 0.00183       |
|    clip_range           | 0.2           |
|    entropy_loss         | -0.0101       |
|    explained_variance   | 0.326         |
|    learning_rate        | 0.000281      |
|    loss                 | -1.01e-05     |
|    n_updates            | 2250          |
|    policy_gradient_loss | -0.000252     |
|    value_loss           | 8.91e-06      |
-------------------------------------------
[valid @6,500,130] BTC-USDT-SWAP: trades=334 pnl=-39.9
[valid @6,500,130] ETH-USDT-SWAP: trades=573 pnl=-168.4
------------------------------------------------------
| rollout/                            |              |
|    ep_len_mean                      | 4.32e+04     |
|    ep_rew_mean                      | -0.0622      |
| time/                               |              |
|    fps                              | 11957        |
|    iterations                       | 227          |
|    time_elapsed                     | 544          |
|    total_timesteps                  | 6508544      |
| train/                              |              |
|    approx_kl                        | 0.0001558738 |
|    clip_fraction                    | 0.00202      |
|    clip_range                       | 0.2          |
|    entropy_loss                     | -0.00989     |
|    explained_variance               | 0.152        |
|    learning_rate                    | 0.000281     |
|    loss                             | 0.000108     |
|    n_updates                        | 2260         |
|    policy_gradient_loss             | -0.000401    |
|    value_loss                       | 4.38e-05     |
| valid/                              |              |
|    BTC-USDT-SWAP/compound_mdd_pct   | 43.3         |
|    BTC-USDT-SWAP/compound_multiple  | 0.622        |
|    BTC-USDT-SWAP/geo_mean_per_trade | -0.00142     |
|    BTC-USDT-SWAP/max_single_loss    | -13          |
|    BTC-USDT-SWAP/max_upnl           | 0.0577       |
|    BTC-USDT-SWAP/monthly_growth     | 0.961        |
|    BTC-USDT-SWAP/near_liq_n         | 0            |
|    BTC-USDT-SWAP/near_liq_pct       | 0            |
|    BTC-USDT-SWAP/pnl_std            | 2.1          |
|    BTC-USDT-SWAP/sel_monthly_log    | -0.177       |
|    BTC-USDT-SWAP/total_pnl          | -39.9        |
|    BTC-USDT-SWAP/trades             | 334          |
|    BTC-USDT-SWAP/trades_per_month   | 28.3         |
|    BTC-USDT-SWAP/v9_kpi             | 0.386        |
|    BTC-USDT-SWAP/v9_kpi_smoothed    | 0.5          |
|    BTC-USDT-SWAP/v9_kpi_z_mdd       | 1.57         |
|    BTC-USDT-SWAP/v9_kpi_z_msl       | 1.42         |
|    BTC-USDT-SWAP/v9_kpi_z_sel       | -0.353       |
|    BTC-USDT-SWAP/win_rate           | 0.581        |
|    ETH-USDT-SWAP/compound_mdd_pct   | 91.1         |
|    ETH-USDT-SWAP/compound_multiple  | 0.122        |
|    ETH-USDT-SWAP/geo_mean_per_trade | -0.00366     |
|    ETH-USDT-SWAP/max_single_loss    | -34.5        |
|    ETH-USDT-SWAP/max_upnl           | 0.135        |
|    ETH-USDT-SWAP/monthly_growth     | 0.837        |
|    ETH-USDT-SWAP/near_liq_n         | 0            |
|    ETH-USDT-SWAP/near_liq_pct       | 0            |
|    ETH-USDT-SWAP/pnl_std            | 3.65         |
|    ETH-USDT-SWAP/total_pnl          | -168         |
|    ETH-USDT-SWAP/trades             | 573          |
|    ETH-USDT-SWAP/trades_per_month   | 48.5         |
|    ETH-USDT-SWAP/win_rate           | 0.567        |
------------------------------------------------------
-------------------------------------------
| rollout/                |               |
|    ep_len_mean          | 4.32e+04      |
|    ep_rew_mean          | -0.0622       |
| time/                   |               |
|    fps                  | 11969         |
|    iterations           | 228           |
|    time_elapsed         | 546           |
|    total_timesteps      | 6537216       |
| train/                  |               |
|    approx_kl            | 0.00019602485 |
|    clip_fraction        | 0.00158       |
|    clip_range           | 0.2           |
|    entropy_loss         | -0.00805      |
|    explained_variance   | 0.24          |
|    learning_rate        | 0.00028       |
|    loss                 | -0.0034       |
|    n_updates            | 2270          |
|    policy_gradient_loss | -0.00035      |
|    value_loss           | 1.34e-05      |
-------------------------------------------
------------------------------------------
| rollout/                |              |
|    ep_len_mean          | 4.32e+04     |
|    ep_rew_mean          | -0.0622      |
| time/                   |              |
|    fps                  | 11981        |
|    iterations           | 229          |
|    time_elapsed         | 548          |
|    total_timesteps      | 6565888      |
| train/                  |              |
|    approx_kl            | 0.0001329185 |
|    clip_fraction        | 0.00111      |
|    clip_range           | 0.2          |
|    entropy_loss         | -0.00631     |
|    explained_variance   | 0.387        |
|    learning_rate        | 0.00028      |
|    loss                 | -0.000127    |
|    n_updates            | 2280         |
|    policy_gradient_loss | -0.000244    |
|    value_loss           | 2.45e-05     |
------------------------------------------
------------------------------------------
| rollout/                |              |
|    ep_len_mean          | 4.32e+04     |
|    ep_rew_mean          | -0.0622      |
| time/                   |              |
|    fps                  | 11993        |
|    iterations           | 230          |
|    time_elapsed         | 549          |
|    total_timesteps      | 6594560      |
| train/                  |              |
|    approx_kl            | 0.0001736446 |
|    clip_fraction        | 0.00139      |
|    clip_range           | 0.2          |
|    entropy_loss         | -0.00672     |
|    explained_variance   | 0.43         |
|    learning_rate        | 0.00028      |
|    loss                 | 3.07e-06     |
|    n_updates            | 2290         |
|    policy_gradient_loss | -0.000468    |
|    value_loss           | 8.74e-06     |
------------------------------------------
------------------------------------------
| rollout/                |              |
|    ep_len_mean          | 4.32e+04     |
|    ep_rew_mean          | -0.0622      |
| time/                   |              |
|    fps                  | 12004        |
|    iterations           | 231          |
|    time_elapsed         | 551          |
|    total_timesteps      | 6623232      |
| train/                  |              |
|    approx_kl            | 6.689611e-05 |
|    clip_fraction        | 0.00125      |
|    clip_range           | 0.2          |
|    entropy_loss         | -0.00797     |
|    explained_variance   | 0.305        |
|    learning_rate        | 0.00028      |
|    loss                 | 0.000587     |
|    n_updates            | 2300         |
|    policy_gradient_loss | -8.86e-05    |
|    value_loss           | 8.89e-06     |
------------------------------------------
------------------------------------------
| rollout/                |              |
|    ep_len_mean          | 4.32e+04     |
|    ep_rew_mean          | -0.0622      |
| time/                   |              |
|    fps                  | 12015        |
|    iterations           | 232          |
|    time_elapsed         | 553          |
|    total_timesteps      | 6651904      |
| train/                  |              |
|    approx_kl            | 0.0003832244 |
|    clip_fraction        | 0.00282      |
|    clip_range           | 0.2          |
|    entropy_loss         | -0.00932     |
|    explained_variance   | 0.407        |
|    learning_rate        | 0.00028      |
|    loss                 | 0.00074      |
|    n_updates            | 2310         |
|    policy_gradient_loss | -0.000728    |
|    value_loss           | 1.44e-05     |
------------------------------------------
-------------------------------------------
| rollout/                |               |
|    ep_len_mean          | 4.32e+04      |
|    ep_rew_mean          | -0.0713       |
| time/                   |               |
|    fps                  | 12027         |
|    iterations           | 233           |
|    time_elapsed         | 555           |
|    total_timesteps      | 6680576       |
| train/                  |               |
|    approx_kl            | 0.00010533734 |
|    clip_fraction        | 0.00148       |
|    clip_range           | 0.2           |
|    entropy_loss         | -0.00718      |
|    explained_variance   | 0.514         |
|    learning_rate        | 0.00028       |
|    loss                 | -0.00081      |
|    n_updates            | 2320          |
|    policy_gradient_loss | -0.000387     |
|    value_loss           | 1.16e-05      |
-------------------------------------------
-------------------------------------------
| rollout/                |               |
|    ep_len_mean          | 4.32e+04      |
|    ep_rew_mean          | -0.0713       |
| time/                   |               |
|    fps                  | 12038         |
|    iterations           | 234           |
|    time_elapsed         | 557           |
|    total_timesteps      | 6709248       |
| train/                  |               |
|    approx_kl            | 0.00023515233 |
|    clip_fraction        | 0.00176       |
|    clip_range           | 0.2           |
|    entropy_loss         | -0.00865      |
|    explained_variance   | 0.613         |
|    learning_rate        | 0.00028       |
|    loss                 | -0.00139      |
|    n_updates            | 2330          |
|    policy_gradient_loss | -0.000341     |
|    value_loss           | 5.58e-06      |
-------------------------------------------
-------------------------------------------
| rollout/                |               |
|    ep_len_mean          | 4.32e+04      |
|    ep_rew_mean          | -0.0713       |
| time/                   |               |
|    fps                  | 12050         |
|    iterations           | 235           |
|    time_elapsed         | 559           |
|    total_timesteps      | 6737920       |
| train/                  |               |
|    approx_kl            | 0.00015946382 |
|    clip_fraction        | 0.00174       |
|    clip_range           | 0.2           |
|    entropy_loss         | -0.00633      |
|    explained_variance   | 0.433         |
|    learning_rate        | 0.00028       |
|    loss                 | 0.000154      |
|    n_updates            | 2340          |
|    policy_gradient_loss | -0.000487     |
|    value_loss           | 8.49e-06      |
-------------------------------------------
-------------------------------------------
| rollout/                |               |
|    ep_len_mean          | 4.32e+04      |
|    ep_rew_mean          | -0.0713       |
| time/                   |               |
|    fps                  | 12061         |
|    iterations           | 236           |
|    time_elapsed         | 560           |
|    total_timesteps      | 6766592       |
| train/                  |               |
|    approx_kl            | 3.3135293e-05 |
|    clip_fraction        | 0.000631      |
|    clip_range           | 0.2           |
|    entropy_loss         | -0.0064       |
|    explained_variance   | 0.611         |
|    learning_rate        | 0.00028       |
|    loss                 | 0.000356      |
|    n_updates            | 2350          |
|    policy_gradient_loss | 1.39e-05      |
|    value_loss           | 7.54e-06      |
-------------------------------------------
-------------------------------------------
| rollout/                |               |
|    ep_len_mean          | 4.32e+04      |
|    ep_rew_mean          | -0.0713       |
| time/                   |               |
|    fps                  | 12072         |
|    iterations           | 237           |
|    time_elapsed         | 562           |
|    total_timesteps      | 6795264       |
| train/                  |               |
|    approx_kl            | 0.00016516361 |
|    clip_fraction        | 0.00153       |
|    clip_range           | 0.2           |
|    entropy_loss         | -0.00586      |
|    explained_variance   | 0.546         |
|    learning_rate        | 0.00028       |
|    loss                 | -0.000919     |
|    n_updates            | 2360          |
|    policy_gradient_loss | -0.000361     |
|    value_loss           | 1.55e-05      |
-------------------------------------------
-------------------------------------------
| rollout/                |               |
|    ep_len_mean          | 4.32e+04      |
|    ep_rew_mean          | -0.0713       |
| time/                   |               |
|    fps                  | 12084         |
|    iterations           | 238           |
|    time_elapsed         | 564           |
|    total_timesteps      | 6823936       |
| train/                  |               |
|    approx_kl            | 0.00024817852 |
|    clip_fraction        | 0.00188       |
|    clip_range           | 0.2           |
|    entropy_loss         | -0.0104       |
|    explained_variance   | 0.548         |
|    learning_rate        | 0.00028       |
|    loss                 | -0.00195      |
|    n_updates            | 2370          |
|    policy_gradient_loss | -0.000266     |
|    value_loss           | 9.87e-06      |
-------------------------------------------
-------------------------------------------
| rollout/                |               |
|    ep_len_mean          | 4.32e+04      |
|    ep_rew_mean          | -0.0713       |
| time/                   |               |
|    fps                  | 12095         |
|    iterations           | 239           |
|    time_elapsed         | 566           |
|    total_timesteps      | 6852608       |
| train/                  |               |
|    approx_kl            | 5.2593117e-05 |
|    clip_fraction        | 0.000617      |
|    clip_range           | 0.2           |
|    entropy_loss         | -0.00516      |
|    explained_variance   | 0.653         |
|    learning_rate        | 0.00028       |
|    loss                 | -4.26e-05     |
|    n_updates            | 2380          |
|    policy_gradient_loss | -9.4e-05      |
|    value_loss           | 1.33e-05      |
-------------------------------------------
-------------------------------------------
| rollout/                |               |
|    ep_len_mean          | 4.32e+04      |
|    ep_rew_mean          | -0.0713       |
| time/                   |               |
|    fps                  | 12106         |
|    iterations           | 240           |
|    time_elapsed         | 568           |
|    total_timesteps      | 6881280       |
| train/                  |               |
|    approx_kl            | 0.00011852208 |
|    clip_fraction        | 0.000963      |
|    clip_range           | 0.2           |
|    entropy_loss         | -0.00591      |
|    explained_variance   | 0.529         |
|    learning_rate        | 0.000279      |
|    loss                 | -0.00149      |
|    n_updates            | 2390          |
|    policy_gradient_loss | -0.000209     |
|    value_loss           | 1.95e-05      |
-------------------------------------------
-------------------------------------------
| rollout/                |               |
|    ep_len_mean          | 4.32e+04      |
|    ep_rew_mean          | -0.0713       |
| time/                   |               |
|    fps                  | 12118         |
|    iterations           | 241           |
|    time_elapsed         | 570           |
|    total_timesteps      | 6909952       |
| train/                  |               |
|    approx_kl            | 0.00027816114 |
|    clip_fraction        | 0.00201       |
|    clip_range           | 0.2           |
|    entropy_loss         | -0.00922      |
|    explained_variance   | 0.658         |
|    learning_rate        | 0.000279      |
|    loss                 | 0.00874       |
|    n_updates            | 2400          |
|    policy_gradient_loss | -0.000319     |
|    value_loss           | 1.15e-05      |
-------------------------------------------
-------------------------------------------
| rollout/                |               |
|    ep_len_mean          | 4.32e+04      |
|    ep_rew_mean          | -0.0713       |
| time/                   |               |
|    fps                  | 12127         |
|    iterations           | 242           |
|    time_elapsed         | 572           |
|    total_timesteps      | 6938624       |
| train/                  |               |
|    approx_kl            | 0.00015466344 |
|    clip_fraction        | 0.00131       |
|    clip_range           | 0.2           |
|    entropy_loss         | -0.0056       |
|    explained_variance   | 0.533         |
|    learning_rate        | 0.000279      |
|    loss                 | -0.00111      |
|    n_updates            | 2410          |
|    policy_gradient_loss | -0.000379     |
|    value_loss           | 2.08e-05      |
-------------------------------------------
-------------------------------------------
| rollout/                |               |
|    ep_len_mean          | 4.32e+04      |
|    ep_rew_mean          | -0.0713       |
| time/                   |               |
|    fps                  | 12136         |
|    iterations           | 243           |
|    time_elapsed         | 574           |
|    total_timesteps      | 6967296       |
| train/                  |               |
|    approx_kl            | 0.00012117516 |
|    clip_fraction        | 0.00137       |
|    clip_range           | 0.2           |
|    entropy_loss         | -0.00595      |
|    explained_variance   | 0.379         |
|    learning_rate        | 0.000279      |
|    loss                 | 0.000341      |
|    n_updates            | 2420          |
|    policy_gradient_loss | -0.000397     |
|    value_loss           | 1.48e-05      |
-------------------------------------------
-------------------------------------------
| rollout/                |               |
|    ep_len_mean          | 4.32e+04      |
|    ep_rew_mean          | -0.0713       |
| time/                   |               |
|    fps                  | 12147         |
|    iterations           | 244           |
|    time_elapsed         | 575           |
|    total_timesteps      | 6995968       |
| train/                  |               |
|    approx_kl            | 0.00031606475 |
|    clip_fraction        | 0.00241       |
|    clip_range           | 0.2           |
|    entropy_loss         | -0.0118       |
|    explained_variance   | 0.631         |
|    learning_rate        | 0.000279      |
|    loss                 | -0.00172      |
|    n_updates            | 2430          |
|    policy_gradient_loss | -0.000597     |
|    value_loss           | 2.27e-05      |
-------------------------------------------
[valid @7,000,140] BTC-USDT-SWAP: trades=331 pnl=-59.2
[valid @7,000,140] ETH-USDT-SWAP: trades=552 pnl=-155.8
-------------------------------------------------------
| rollout/                            |               |
|    ep_len_mean                      | 4.32e+04      |
|    ep_rew_mean                      | -0.0713       |
| time/                               |               |
|    fps                              | 11972         |
|    iterations                       | 245           |
|    time_elapsed                     | 586           |
|    total_timesteps                  | 7024640       |
| train/                              |               |
|    approx_kl                        | 0.00068012736 |
|    clip_fraction                    | 0.00216       |
|    clip_range                       | 0.2           |
|    entropy_loss                     | -0.00672      |
|    explained_variance               | 0.415         |
|    learning_rate                    | 0.000279      |
|    loss                             | -0.000296     |
|    n_updates                        | 2440          |
|    policy_gradient_loss             | -0.000559     |
|    value_loss                       | 9.48e-06      |
| valid/                              |               |
|    BTC-USDT-SWAP/compound_mdd_pct   | 57.9          |
|    BTC-USDT-SWAP/compound_multiple  | 0.514         |
|    BTC-USDT-SWAP/geo_mean_per_trade | -0.00201      |
|    BTC-USDT-SWAP/max_single_loss    | -14.7         |
|    BTC-USDT-SWAP/max_upnl           | 0.0808        |
|    BTC-USDT-SWAP/monthly_growth     | 0.945         |
|    BTC-USDT-SWAP/near_liq_n         | 0             |
|    BTC-USDT-SWAP/near_liq_pct       | 0             |
|    BTC-USDT-SWAP/pnl_std            | 2.06          |
|    BTC-USDT-SWAP/sel_monthly_log    | -0.168        |
|    BTC-USDT-SWAP/total_pnl          | -59.2         |
|    BTC-USDT-SWAP/trades             | 331           |
|    BTC-USDT-SWAP/trades_per_month   | 28            |
|    BTC-USDT-SWAP/v9_kpi             | 0.197         |
|    BTC-USDT-SWAP/v9_kpi_smoothed    | 0.386         |
|    BTC-USDT-SWAP/v9_kpi_z_mdd       | 0.713         |
|    BTC-USDT-SWAP/v9_kpi_z_msl       | 1.28          |
|    BTC-USDT-SWAP/v9_kpi_z_sel       | -0.335        |
|    BTC-USDT-SWAP/win_rate           | 0.592         |
|    ETH-USDT-SWAP/compound_mdd_pct   | 90.1          |
|    ETH-USDT-SWAP/compound_multiple  | 0.141         |
|    ETH-USDT-SWAP/geo_mean_per_trade | -0.00354      |
|    ETH-USDT-SWAP/max_single_loss    | -34.5         |
|    ETH-USDT-SWAP/max_upnl           | 0.135         |
|    ETH-USDT-SWAP/monthly_growth     | 0.847         |
|    ETH-USDT-SWAP/near_liq_n         | 0             |
|    ETH-USDT-SWAP/near_liq_pct       | 0             |
|    ETH-USDT-SWAP/pnl_std            | 3.64          |
|    ETH-USDT-SWAP/total_pnl          | -156          |
|    ETH-USDT-SWAP/trades             | 552           |
|    ETH-USDT-SWAP/trades_per_month   | 46.7          |
|    ETH-USDT-SWAP/win_rate           | 0.565         |
-------------------------------------------------------
-------------------------------------------
| rollout/                |               |
|    ep_len_mean          | 4.32e+04      |
|    ep_rew_mean          | -0.0713       |
| time/                   |               |
|    fps                  | 11983         |
|    iterations           | 246           |
|    time_elapsed         | 588           |
|    total_timesteps      | 7053312       |
| train/                  |               |
|    approx_kl            | 0.00026039238 |
|    clip_fraction        | 0.00242       |
|    clip_range           | 0.2           |
|    entropy_loss         | -0.011        |
|    explained_variance   | 0.449         |
|    learning_rate        | 0.000279      |
|    loss                 | -0.000118     |
|    n_updates            | 2450          |
|    policy_gradient_loss | -0.000303     |
|    value_loss           | 1.21e-05      |
-------------------------------------------
------------------------------------------
| rollout/                |              |
|    ep_len_mean          | 4.32e+04     |
|    ep_rew_mean          | -0.0713      |
| time/                   |              |
|    fps                  | 11994        |
|    iterations           | 247          |
|    time_elapsed         | 590          |
|    total_timesteps      | 7081984      |
| train/                  |              |
|    approx_kl            | 0.0002484911 |
|    clip_fraction        | 0.00179      |
|    clip_range           | 0.2          |
|    entropy_loss         | -0.00798     |
|    explained_variance   | 0.456        |
|    learning_rate        | 0.000279     |
|    loss                 | -0.00178     |
|    n_updates            | 2460         |
|    policy_gradient_loss | -0.000233    |
|    value_loss           | 5.9e-06      |
------------------------------------------
-------------------------------------------
| rollout/                |               |
|    ep_len_mean          | 4.32e+04      |
|    ep_rew_mean          | -0.0713       |
| time/                   |               |
|    fps                  | 12005         |
|    iterations           | 248           |
|    time_elapsed         | 592           |
|    total_timesteps      | 7110656       |
| train/                  |               |
|    approx_kl            | 0.00017733527 |
|    clip_fraction        | 0.00203       |
|    clip_range           | 0.2           |
|    entropy_loss         | -0.00881      |
|    explained_variance   | 0.388         |
|    learning_rate        | 0.000279      |
|    loss                 | 0.000657      |
|    n_updates            | 2470          |
|    policy_gradient_loss | -0.000348     |
|    value_loss           | 1e-05         |
-------------------------------------------
-------------------------------------------
| rollout/                |               |
|    ep_len_mean          | 4.32e+04      |
|    ep_rew_mean          | -0.0713       |
| time/                   |               |
|    fps                  | 12016         |
|    iterations           | 249           |
|    time_elapsed         | 594           |
|    total_timesteps      | 7139328       |
| train/                  |               |
|    approx_kl            | 0.00015831449 |
|    clip_fraction        | 0.0013        |
|    clip_range           | 0.2           |
|    entropy_loss         | -0.00689      |
|    explained_variance   | 0.605         |
|    learning_rate        | 0.000279      |
|    loss                 | -0.000375     |
|    n_updates            | 2480          |
|    policy_gradient_loss | -0.000513     |
|    value_loss           | 8.66e-06      |
-------------------------------------------
-------------------------------------------
| rollout/                |               |
|    ep_len_mean          | 4.32e+04      |
|    ep_rew_mean          | -0.0713       |
| time/                   |               |
|    fps                  | 12027         |
|    iterations           | 250           |
|    time_elapsed         | 595           |
|    total_timesteps      | 7168000       |
| train/                  |               |
|    approx_kl            | 0.00024548415 |
|    clip_fraction        | 0.0013        |
|    clip_range           | 0.2           |
|    entropy_loss         | -0.00618      |
|    explained_variance   | 0.559         |
|    learning_rate        | 0.000279      |
|    loss                 | 0.00146       |
|    n_updates            | 2490          |
|    policy_gradient_loss | -0.000307     |
|    value_loss           | 6.9e-06       |
-------------------------------------------
-------------------------------------------
| rollout/                |               |
|    ep_len_mean          | 4.32e+04      |
|    ep_rew_mean          | -0.0713       |
| time/                   |               |
|    fps                  | 12038         |
|    iterations           | 251           |
|    time_elapsed         | 597           |
|    total_timesteps      | 7196672       |
| train/                  |               |
|    approx_kl            | 0.00028003618 |
|    clip_fraction        | 0.00158       |
|    clip_range           | 0.2           |
|    entropy_loss         | -0.00623      |
|    explained_variance   | 0.428         |
|    learning_rate        | 0.000278      |
|    loss                 | -0.000306     |
|    n_updates            | 2500          |
|    policy_gradient_loss | 2.5e-05       |
|    value_loss           | 1.08e-05      |
-------------------------------------------
-----------------------------------------
| rollout/                |             |
|    ep_len_mean          | 4.32e+04    |
|    ep_rew_mean          | -0.0713     |
| time/                   |             |
|    fps                  | 12049       |
|    iterations           | 252         |
|    time_elapsed         | 599         |
|    total_timesteps      | 7225344     |
| train/                  |             |
|    approx_kl            | 0.001016329 |
|    clip_fraction        | 0.00171     |
|    clip_range           | 0.2         |
|    entropy_loss         | -0.00402    |
|    explained_variance   | 0.333       |
|    learning_rate        | 0.000278    |
|    loss                 | -0.00653    |
|    n_updates            | 2510        |
|    policy_gradient_loss | -0.000454   |
|    value_loss           | 8.71e-06    |
-----------------------------------------
------------------------------------------
| rollout/                |              |
|    ep_len_mean          | 4.32e+04     |
|    ep_rew_mean          | -0.0713      |
| time/                   |              |
|    fps                  | 12061        |
|    iterations           | 253          |
|    time_elapsed         | 601          |
|    total_timesteps      | 7254016      |
| train/                  |              |
|    approx_kl            | 7.261843e-05 |
|    clip_fraction        | 0.000628     |
|    clip_range           | 0.2          |
|    entropy_loss         | -0.00292     |
|    explained_variance   | 0.537        |
|    learning_rate        | 0.000278     |
|    loss                 | 7.63e-06     |
|    n_updates            | 2520         |
|    policy_gradient_loss | -0.000221    |
|    value_loss           | 2.01e-06     |
------------------------------------------
-------------------------------------------
| rollout/                |               |
|    ep_len_mean          | 4.32e+04      |
|    ep_rew_mean          | -0.0476       |
| time/                   |               |
|    fps                  | 12071         |
|    iterations           | 254           |
|    time_elapsed         | 603           |
|    total_timesteps      | 7282688       |
| train/                  |               |
|    approx_kl            | 0.00021324327 |
|    clip_fraction        | 0.00135       |
|    clip_range           | 0.2           |
|    entropy_loss         | -0.00482      |
|    explained_variance   | 0.756         |
|    learning_rate        | 0.000278      |
|    loss                 | -0.00151      |
|    n_updates            | 2530          |
|    policy_gradient_loss | -0.00051      |
|    value_loss           | 4.9e-06       |
-------------------------------------------
------------------------------------------
| rollout/                |              |
|    ep_len_mean          | 4.32e+04     |
|    ep_rew_mean          | -0.0476      |
| time/                   |              |
|    fps                  | 12081        |
|    iterations           | 255          |
|    time_elapsed         | 605          |
|    total_timesteps      | 7311360      |
| train/                  |              |
|    approx_kl            | 0.0001609434 |
|    clip_fraction        | 0.000924     |
|    clip_range           | 0.2          |
|    entropy_loss         | -0.00509     |
|    explained_variance   | 0.708        |
|    learning_rate        | 0.000278     |
|    loss                 | -0.00207     |
|    n_updates            | 2540         |
|    policy_gradient_loss | -0.000276    |
|    value_loss           | 4.88e-06     |
------------------------------------------
-------------------------------------------
| rollout/                |               |
|    ep_len_mean          | 4.32e+04      |
|    ep_rew_mean          | -0.0476       |
| time/                   |               |
|    fps                  | 12092         |
|    iterations           | 256           |
|    time_elapsed         | 606           |
|    total_timesteps      | 7340032       |
| train/                  |               |
|    approx_kl            | 0.00061809784 |
|    clip_fraction        | 0.00189       |
|    clip_range           | 0.2           |
|    entropy_loss         | -0.00534      |
|    explained_variance   | 0.735         |
|    learning_rate        | 0.000278      |
|    loss                 | -0.00304      |
|    n_updates            | 2550          |
|    policy_gradient_loss | -0.000681     |
|    value_loss           | 1.19e-05      |
-------------------------------------------
-------------------------------------------
| rollout/                |               |
|    ep_len_mean          | 4.32e+04      |
|    ep_rew_mean          | -0.0476       |
| time/                   |               |
|    fps                  | 12102         |
|    iterations           | 257           |
|    time_elapsed         | 608           |
|    total_timesteps      | 7368704       |
| train/                  |               |
|    approx_kl            | 0.00010460813 |
|    clip_fraction        | 0.00083       |
|    clip_range           | 0.2           |
|    entropy_loss         | -0.0045       |
|    explained_variance   | 0.642         |
|    learning_rate        | 0.000278      |
|    loss                 | -0.000144     |
|    n_updates            | 2560          |
|    policy_gradient_loss | -0.000131     |
|    value_loss           | 1.35e-05      |
-------------------------------------------
-------------------------------------------
| rollout/                |               |
|    ep_len_mean          | 4.32e+04      |
|    ep_rew_mean          | -0.0476       |
| time/                   |               |
|    fps                  | 12113         |
|    iterations           | 258           |
|    time_elapsed         | 610           |
|    total_timesteps      | 7397376       |
| train/                  |               |
|    approx_kl            | 0.00010905927 |
|    clip_fraction        | 0.00102       |
|    clip_range           | 0.2           |
|    entropy_loss         | -0.00507      |
|    explained_variance   | 0.593         |
|    learning_rate        | 0.000278      |
|    loss                 | -0.00021      |
|    n_updates            | 2570          |
|    policy_gradient_loss | 1.85e-05      |
|    value_loss           | 1.64e-05      |
-------------------------------------------
-------------------------------------------
| rollout/                |               |
|    ep_len_mean          | 4.32e+04      |
|    ep_rew_mean          | -0.0476       |
| time/                   |               |
|    fps                  | 12123         |
|    iterations           | 259           |
|    time_elapsed         | 612           |
|    total_timesteps      | 7426048       |
| train/                  |               |
|    approx_kl            | 0.00014947602 |
|    clip_fraction        | 0.001         |
|    clip_range           | 0.2           |
|    entropy_loss         | -0.00394      |
|    explained_variance   | 0.445         |
|    learning_rate        | 0.000278      |
|    loss                 | -0.0042       |
|    n_updates            | 2580          |
|    policy_gradient_loss | -0.000349     |
|    value_loss           | 8.59e-06      |
-------------------------------------------
-------------------------------------------
| rollout/                |               |
|    ep_len_mean          | 4.32e+04      |
|    ep_rew_mean          | -0.0476       |
| time/                   |               |
|    fps                  | 12133         |
|    iterations           | 260           |
|    time_elapsed         | 614           |
|    total_timesteps      | 7454720       |
| train/                  |               |
|    approx_kl            | 0.00018513312 |
|    clip_fraction        | 0.00112       |
|    clip_range           | 0.2           |
|    entropy_loss         | -0.00419      |
|    explained_variance   | 0.542         |
|    learning_rate        | 0.000278      |
|    loss                 | -0.00362      |
|    n_updates            | 2590          |
|    policy_gradient_loss | -0.000281     |
|    value_loss           | 1.05e-05      |
-------------------------------------------
--------------------------------------------
| rollout/                |                |
|    ep_len_mean          | 4.32e+04       |
|    ep_rew_mean          | -0.0476        |
| time/                   |                |
|    fps                  | 12143          |
|    iterations           | 261            |
|    time_elapsed         | 616            |
|    total_timesteps      | 7483392        |
| train/                  |                |
|    approx_kl            | 0.000106981504 |
|    clip_fraction        | 0.00113        |
|    clip_range           | 0.2            |
|    entropy_loss         | -0.00468       |
|    explained_variance   | 0.636          |
|    learning_rate        | 0.000278       |
|    loss                 | -0.000278      |
|    n_updates            | 2600           |
|    policy_gradient_loss | -0.000332      |
|    value_loss           | 5.06e-06       |
--------------------------------------------
[valid @7,500,150] BTC-USDT-SWAP: trades=228 pnl=-19.1
[valid @7,500,150] ETH-USDT-SWAP: trades=433 pnl=-139.5
------------------------------------------------------
| rollout/                            |              |
|    ep_len_mean                      | 4.32e+04     |
|    ep_rew_mean                      | -0.0476      |
| time/                               |              |
|    fps                              | 11981        |
|    iterations                       | 262          |
|    time_elapsed                     | 626          |
|    total_timesteps                  | 7512064      |
| train/                              |              |
|    approx_kl                        | 0.0002543327 |
|    clip_fraction                    | 0.00161      |
|    clip_range                       | 0.2          |
|    entropy_loss                     | -0.00642     |
|    explained_variance               | 0.298        |
|    learning_rate                    | 0.000278     |
|    loss                             | 0.00104      |
|    n_updates                        | 2610         |
|    policy_gradient_loss             | -0.000423    |
|    value_loss                       | 1.5e-05      |
| valid/                              |              |
|    BTC-USDT-SWAP/compound_mdd_pct   | 37           |
|    BTC-USDT-SWAP/compound_multiple  | 0.769        |
|    BTC-USDT-SWAP/geo_mean_per_trade | -0.00115     |
|    BTC-USDT-SWAP/max_single_loss    | -19.9        |
|    BTC-USDT-SWAP/max_upnl           | 0.0662       |
|    BTC-USDT-SWAP/monthly_growth     | 0.978        |
|    BTC-USDT-SWAP/near_liq_n         | 0            |
|    BTC-USDT-SWAP/near_liq_pct       | 0            |
|    BTC-USDT-SWAP/pnl_std            | 2.43         |
|    BTC-USDT-SWAP/sel_monthly_log    | -0.177       |
|    BTC-USDT-SWAP/total_pnl          | -19.1        |
|    BTC-USDT-SWAP/trades             | 228          |
|    BTC-USDT-SWAP/trades_per_month   | 19.3         |
|    BTC-USDT-SWAP/v9_kpi             | 0.343        |
|    BTC-USDT-SWAP/v9_kpi_smoothed    | 0.309        |
|    BTC-USDT-SWAP/v9_kpi_z_mdd       | 1.94         |
|    BTC-USDT-SWAP/v9_kpi_z_msl       | 0.838        |
|    BTC-USDT-SWAP/v9_kpi_z_sel       | -0.353       |
|    BTC-USDT-SWAP/win_rate           | 0.605        |
|    ETH-USDT-SWAP/compound_mdd_pct   | 88.6         |
|    ETH-USDT-SWAP/compound_multiple  | 0.162        |
|    ETH-USDT-SWAP/geo_mean_per_trade | -0.0042      |
|    ETH-USDT-SWAP/max_single_loss    | -44.9        |
|    ETH-USDT-SWAP/max_upnl           | 0.0713       |
|    ETH-USDT-SWAP/monthly_growth     | 0.857        |
|    ETH-USDT-SWAP/near_liq_n         | 0            |
|    ETH-USDT-SWAP/near_liq_pct       | 0            |
|    ETH-USDT-SWAP/pnl_std            | 4.1          |
|    ETH-USDT-SWAP/total_pnl          | -139         |
|    ETH-USDT-SWAP/trades             | 433          |
|    ETH-USDT-SWAP/trades_per_month   | 36.6         |
|    ETH-USDT-SWAP/win_rate           | 0.626        |
------------------------------------------------------
