[CPU Affinity] Main process -> Core 0 | DummyVecEnv: 14 envs 전부 메인에서 순차 실행 (워커 핀 없음)
run_name: v9_maskablerl_seed0_0728-0847
Using cpu device
Logging to /home/henjigcp/git/quant_real_RL/logs/v9_maskablerl/v9_maskablerl_seed0_0728-0847
------------------------------
| time/              |       |
|    fps             | 34428 |
|    iterations      | 1     |
|    time_elapsed    | 0     |
|    total_timesteps | 28672 |
------------------------------
-----------------------------------------
| time/                   |             |
|    fps                  | 20809       |
|    iterations           | 2           |
|    time_elapsed         | 2           |
|    total_timesteps      | 57344       |
| train/                  |             |
|    approx_kl            | 0.018964568 |
|    clip_fraction        | 0.0806      |
|    clip_range           | 0.2         |
|    entropy_loss         | -0.678      |
|    explained_variance   | -1.52       |
|    learning_rate        | 0.0003      |
|    loss                 | -0.0225     |
|    n_updates            | 10          |
|    policy_gradient_loss | -0.00699    |
|    value_loss           | 0.00511     |
-----------------------------------------
-----------------------------------------
| time/                   |             |
|    fps                  | 18347       |
|    iterations           | 3           |
|    time_elapsed         | 4           |
|    total_timesteps      | 86016       |
| train/                  |             |
|    approx_kl            | 0.009213026 |
|    clip_fraction        | 0.026       |
|    clip_range           | 0.2         |
|    entropy_loss         | -0.67       |
|    explained_variance   | 0.516       |
|    learning_rate        | 0.0003      |
|    loss                 | 0.00156     |
|    n_updates            | 20          |
|    policy_gradient_loss | -0.00173    |
|    value_loss           | 0.00116     |
-----------------------------------------
-----------------------------------------
| time/                   |             |
|    fps                  | 17248       |
|    iterations           | 4           |
|    time_elapsed         | 6           |
|    total_timesteps      | 114688      |
| train/                  |             |
|    approx_kl            | 0.007199896 |
|    clip_fraction        | 0.0209      |
|    clip_range           | 0.2         |
|    entropy_loss         | -0.671      |
|    explained_variance   | 0.53        |
|    learning_rate        | 0.0003      |
|    loss                 | -0.00688    |
|    n_updates            | 30          |
|    policy_gradient_loss | -0.00169    |
|    value_loss           | 0.000607    |
-----------------------------------------
------------------------------------------
| time/                   |              |
|    fps                  | 16646        |
|    iterations           | 5            |
|    time_elapsed         | 8            |
|    total_timesteps      | 143360       |
| train/                  |              |
|    approx_kl            | 0.0056540268 |
|    clip_fraction        | 0.01         |
|    clip_range           | 0.2          |
|    entropy_loss         | -0.669       |
|    explained_variance   | 0.441        |
|    learning_rate        | 0.0003       |
|    loss                 | -0.00508     |
|    n_updates            | 40           |
|    policy_gradient_loss | -0.00105     |
|    value_loss           | 0.000322     |
------------------------------------------
-----------------------------------------
| time/                   |             |
|    fps                  | 16308       |
|    iterations           | 6           |
|    time_elapsed         | 10          |
|    total_timesteps      | 172032      |
| train/                  |             |
|    approx_kl            | 0.007375483 |
|    clip_fraction        | 0.0127      |
|    clip_range           | 0.2         |
|    entropy_loss         | -0.655      |
|    explained_variance   | 0.567       |
|    learning_rate        | 0.0003      |
|    loss                 | -0.0125     |
|    n_updates            | 50          |
|    policy_gradient_loss | -0.00129    |
|    value_loss           | 0.00021     |
-----------------------------------------
------------------------------------------
| time/                   |              |
|    fps                  | 16068        |
|    iterations           | 7            |
|    time_elapsed         | 12           |
|    total_timesteps      | 200704       |
| train/                  |              |
|    approx_kl            | 0.0051504862 |
|    clip_fraction        | 0.00713      |
|    clip_range           | 0.2          |
|    entropy_loss         | -0.653       |
|    explained_variance   | 0.509        |
|    learning_rate        | 0.000299     |
|    loss                 | -0.00503     |
|    n_updates            | 60           |
|    policy_gradient_loss | -0.000586    |
|    value_loss           | 0.000157     |
------------------------------------------
-----------------------------------------
| time/                   |             |
|    fps                  | 15884       |
|    iterations           | 8           |
|    time_elapsed         | 14          |
|    total_timesteps      | 229376      |
| train/                  |             |
|    approx_kl            | 0.004589818 |
|    clip_fraction        | 0.00268     |
|    clip_range           | 0.2         |
|    entropy_loss         | -0.643      |
|    explained_variance   | 0.564       |
|    learning_rate        | 0.000299    |
|    loss                 | -0.00275    |
|    n_updates            | 70          |
|    policy_gradient_loss | -0.000431   |
|    value_loss           | 0.000115    |
-----------------------------------------
------------------------------------------
| time/                   |              |
|    fps                  | 15725        |
|    iterations           | 9            |
|    time_elapsed         | 16           |
|    total_timesteps      | 258048       |
| train/                  |              |
|    approx_kl            | 0.0026863436 |
|    clip_fraction        | 0.00732      |
|    clip_range           | 0.2          |
|    entropy_loss         | -0.633       |
|    explained_variance   | 0.578        |
|    learning_rate        | 0.000299     |
|    loss                 | -0.00466     |
|    n_updates            | 80           |
|    policy_gradient_loss | -0.000987    |
|    value_loss           | 0.000118     |
------------------------------------------
-----------------------------------------
| time/                   |             |
|    fps                  | 15480       |
|    iterations           | 10          |
|    time_elapsed         | 18          |
|    total_timesteps      | 286720      |
| train/                  |             |
|    approx_kl            | 0.003176757 |
|    clip_fraction        | 0.0116      |
|    clip_range           | 0.2         |
|    entropy_loss         | -0.613      |
|    explained_variance   | 0.439       |
|    learning_rate        | 0.000299    |
|    loss                 | -0.00828    |
|    n_updates            | 90          |
|    policy_gradient_loss | -0.0013     |
|    value_loss           | 0.00013     |
-----------------------------------------
-----------------------------------------
| time/                   |             |
|    fps                  | 15346       |
|    iterations           | 11          |
|    time_elapsed         | 20          |
|    total_timesteps      | 315392      |
| train/                  |             |
|    approx_kl            | 0.003358556 |
|    clip_fraction        | 0.0105      |
|    clip_range           | 0.2         |
|    entropy_loss         | -0.605      |
|    explained_variance   | 0.518       |
|    learning_rate        | 0.000299    |
|    loss                 | -0.0122     |
|    n_updates            | 100         |
|    policy_gradient_loss | -0.000717   |
|    value_loss           | 9.73e-05    |
-----------------------------------------
------------------------------------------
| time/                   |              |
|    fps                  | 15287        |
|    iterations           | 12           |
|    time_elapsed         | 22           |
|    total_timesteps      | 344064       |
| train/                  |              |
|    approx_kl            | 0.0052000517 |
|    clip_fraction        | 0.0182       |
|    clip_range           | 0.2          |
|    entropy_loss         | -0.617       |
|    explained_variance   | 0.426        |
|    learning_rate        | 0.000299     |
|    loss                 | -0.00851     |
|    n_updates            | 110          |
|    policy_gradient_loss | -0.00161     |
|    value_loss           | 0.000119     |
------------------------------------------
------------------------------------------
| time/                   |              |
|    fps                  | 15247        |
|    iterations           | 13           |
|    time_elapsed         | 24           |
|    total_timesteps      | 372736       |
| train/                  |              |
|    approx_kl            | 0.0033549045 |
|    clip_fraction        | 0.00987      |
|    clip_range           | 0.2          |
|    entropy_loss         | -0.609       |
|    explained_variance   | 0.534        |
|    learning_rate        | 0.000299     |
|    loss                 | -0.00908     |
|    n_updates            | 120          |
|    policy_gradient_loss | -0.00117     |
|    value_loss           | 7.96e-05     |
------------------------------------------
-----------------------------------------
| time/                   |             |
|    fps                  | 15219       |
|    iterations           | 14          |
|    time_elapsed         | 26          |
|    total_timesteps      | 401408      |
| train/                  |             |
|    approx_kl            | 0.004547254 |
|    clip_fraction        | 0.0227      |
|    clip_range           | 0.2         |
|    entropy_loss         | -0.602      |
|    explained_variance   | 0.552       |
|    learning_rate        | 0.000299    |
|    loss                 | -0.00543    |
|    n_updates            | 130         |
|    policy_gradient_loss | -0.00198    |
|    value_loss           | 9.89e-05    |
-----------------------------------------
------------------------------------------
| time/                   |              |
|    fps                  | 15187        |
|    iterations           | 15           |
|    time_elapsed         | 28           |
|    total_timesteps      | 430080       |
| train/                  |              |
|    approx_kl            | 0.0037129836 |
|    clip_fraction        | 0.02         |
|    clip_range           | 0.2          |
|    entropy_loss         | -0.615       |
|    explained_variance   | 0.472        |
|    learning_rate        | 0.000299     |
|    loss                 | -0.0133      |
|    n_updates            | 140          |
|    policy_gradient_loss | -0.0012      |
|    value_loss           | 8.74e-05     |
------------------------------------------
-----------------------------------------
| time/                   |             |
|    fps                  | 15169       |
|    iterations           | 16          |
|    time_elapsed         | 30          |
|    total_timesteps      | 458752      |
| train/                  |             |
|    approx_kl            | 0.006903509 |
|    clip_fraction        | 0.0255      |
|    clip_range           | 0.2         |
|    entropy_loss         | -0.618      |
|    explained_variance   | 0.413       |
|    learning_rate        | 0.000299    |
|    loss                 | -0.0138     |
|    n_updates            | 150         |
|    policy_gradient_loss | -0.00185    |
|    value_loss           | 0.000105    |
-----------------------------------------
------------------------------------------
| time/                   |              |
|    fps                  | 15135        |
|    iterations           | 17           |
|    time_elapsed         | 32           |
|    total_timesteps      | 487424       |
| train/                  |              |
|    approx_kl            | 0.0053066397 |
|    clip_fraction        | 0.0172       |
|    clip_range           | 0.2          |
|    entropy_loss         | -0.636       |
|    explained_variance   | 0.433        |
|    learning_rate        | 0.000299     |
|    loss                 | -0.0113      |
|    n_updates            | 160          |
|    policy_gradient_loss | -0.00112     |
|    value_loss           | 8.17e-05     |
------------------------------------------
-----------------------------------------------------
| time/                              |              |
|    fps                             | 11126        |
|    iterations                      | 18           |
|    time_elapsed                    | 46           |
|    total_timesteps                 | 516096       |
| train/                             |              |
|    approx_kl                       | 0.0028749716 |
|    clip_fraction                   | 0.00692      |
|    clip_range                      | 0.2          |
|    entropy_loss                    | -0.62        |
|    explained_variance              | 0.509        |
|    learning_rate                   | 0.000299     |
|    loss                            | -0.0069      |
|    n_updates                       | 170          |
|    policy_gradient_loss            | -0.000987    |
|    value_loss                      | 7.57e-05     |
| valid/                             |              |
|    BTC-USDT-SWAP/compound_mdd_pct  | 100          |
|    BTC-USDT-SWAP/compound_multiple | 4.68e-119    |
|    BTC-USDT-SWAP/max_single_loss   | -23.1        |
|    BTC-USDT-SWAP/max_upnl          | 0.344        |
|    BTC-USDT-SWAP/near_liq_n        | 0            |
|    BTC-USDT-SWAP/near_liq_pct      | 0            |
|    BTC-USDT-SWAP/pnl_std           | 0.753        |
|    BTC-USDT-SWAP/sel_monthly_log   | -3           |
|    BTC-USDT-SWAP/total_pnl         | -2.7e+04     |
|    BTC-USDT-SWAP/trades            | 55152        |
|    BTC-USDT-SWAP/trades_per_month  | 4.67e+03     |
|    BTC-USDT-SWAP/v9_kpi            | -2.75        |
|    BTC-USDT-SWAP/v9_kpi_z_mdd      | -1.76        |
|    BTC-USDT-SWAP/v9_kpi_z_msl      | 0.578        |
|    BTC-USDT-SWAP/v9_kpi_z_sel      | -5.99        |
|    BTC-USDT-SWAP/win_rate          | 0.0791       |
|    ETH-USDT-SWAP/compound_mdd_pct  | 100          |
|    ETH-USDT-SWAP/compound_multiple | 0            |
|    ETH-USDT-SWAP/max_single_loss   | -100         |
|    ETH-USDT-SWAP/max_upnl          | 0.884        |
|    ETH-USDT-SWAP/near_liq_n        | 1            |
|    ETH-USDT-SWAP/near_liq_pct      | 1.9e-05      |
|    ETH-USDT-SWAP/pnl_std           | 1.2          |
|    ETH-USDT-SWAP/total_pnl         | -2.54e+04    |
|    ETH-USDT-SWAP/trades            | 52617        |
|    ETH-USDT-SWAP/trades_per_month  | 4.45e+03     |
|    ETH-USDT-SWAP/win_rate          | 0.116        |
-----------------------------------------------------
------------------------------------------
| time/                   |              |
|    fps                  | 11279        |
|    iterations           | 19           |
|    time_elapsed         | 48           |
|    total_timesteps      | 544768       |
| train/                  |              |
|    approx_kl            | 0.0042967414 |
|    clip_fraction        | 0.0152       |
|    clip_range           | 0.2          |
|    entropy_loss         | -0.616       |
|    explained_variance   | 0.306        |
|    learning_rate        | 0.000298     |
|    loss                 | -0.0205      |
|    n_updates            | 180          |
|    policy_gradient_loss | -0.00127     |
|    value_loss           | 0.000103     |
------------------------------------------
------------------------------------------
| time/                   |              |
|    fps                  | 11415        |
|    iterations           | 20           |
|    time_elapsed         | 50           |
|    total_timesteps      | 573440       |
| train/                  |              |
|    approx_kl            | 0.0034486402 |
|    clip_fraction        | 0.00951      |
|    clip_range           | 0.2          |
|    entropy_loss         | -0.627       |
|    explained_variance   | 0.31         |
|    learning_rate        | 0.000298     |
|    loss                 | -0.0108      |
|    n_updates            | 190          |
|    policy_gradient_loss | -0.000506    |
|    value_loss           | 9.98e-05     |
------------------------------------------
------------------------------------------
| time/                   |              |
|    fps                  | 11544        |
|    iterations           | 21           |
|    time_elapsed         | 52           |
|    total_timesteps      | 602112       |
| train/                  |              |
|    approx_kl            | 0.0066571767 |
|    clip_fraction        | 0.0137       |
|    clip_range           | 0.2          |
|    entropy_loss         | -0.627       |
|    explained_variance   | 0.431        |
|    learning_rate        | 0.000298     |
|    loss                 | -0.00702     |
|    n_updates            | 200          |
|    policy_gradient_loss | -0.00108     |
|    value_loss           | 6.68e-05     |
------------------------------------------
-----------------------------------------
| rollout/                |             |
|    ep_len_mean          | 4.32e+04    |
|    ep_rew_mean          | -0.481      |
| time/                   |             |
|    fps                  | 11644       |
|    iterations           | 22          |
|    time_elapsed         | 54          |
|    total_timesteps      | 630784      |
| train/                  |             |
|    approx_kl            | 0.004565637 |
|    clip_fraction        | 0.0159      |
|    clip_range           | 0.2         |
|    entropy_loss         | -0.622      |
|    explained_variance   | 0.435       |
|    learning_rate        | 0.000298    |
|    loss                 | -0.00905    |
|    n_updates            | 210         |
|    policy_gradient_loss | -0.00146    |
|    value_loss           | 9.26e-05    |
-----------------------------------------
------------------------------------------
| rollout/                |              |
|    ep_len_mean          | 4.32e+04     |
|    ep_rew_mean          | -0.481       |
| time/                   |              |
|    fps                  | 11751        |
|    iterations           | 23           |
|    time_elapsed         | 56           |
|    total_timesteps      | 659456       |
| train/                  |              |
|    approx_kl            | 0.0094876615 |
|    clip_fraction        | 0.035        |
|    clip_range           | 0.2          |
|    entropy_loss         | -0.611       |
|    explained_variance   | 0.216        |
|    learning_rate        | 0.000298     |
|    loss                 | -0.0244      |
|    n_updates            | 220          |
|    policy_gradient_loss | -0.00289     |
|    value_loss           | 0.000101     |
------------------------------------------
------------------------------------------
| rollout/                |              |
|    ep_len_mean          | 4.32e+04     |
|    ep_rew_mean          | -0.481       |
| time/                   |              |
|    fps                  | 11853        |
|    iterations           | 24           |
|    time_elapsed         | 58           |
|    total_timesteps      | 688128       |
| train/                  |              |
|    approx_kl            | 0.0036704082 |
|    clip_fraction        | 0.0124       |
|    clip_range           | 0.2          |
|    entropy_loss         | -0.593       |
|    explained_variance   | 0.243        |
|    learning_rate        | 0.000298     |
|    loss                 | -0.0048      |
|    n_updates            | 230          |
|    policy_gradient_loss | -0.0011      |
|    value_loss           | 0.000119     |
------------------------------------------
------------------------------------------
| rollout/                |              |
|    ep_len_mean          | 4.32e+04     |
|    ep_rew_mean          | -0.481       |
| time/                   |              |
|    fps                  | 11955        |
|    iterations           | 25           |
|    time_elapsed         | 59           |
|    total_timesteps      | 716800       |
| train/                  |              |
|    approx_kl            | 0.0031238704 |
|    clip_fraction        | 0.0111       |
|    clip_range           | 0.2          |
|    entropy_loss         | -0.593       |
|    explained_variance   | 0.339        |
|    learning_rate        | 0.000298     |
|    loss                 | -0.0029      |
|    n_updates            | 240          |
|    policy_gradient_loss | -0.00122     |
|    value_loss           | 0.000198     |
------------------------------------------
-----------------------------------------
| rollout/                |             |
|    ep_len_mean          | 4.32e+04    |
|    ep_rew_mean          | -0.481      |
| time/                   |             |
|    fps                  | 12045       |
|    iterations           | 26          |
|    time_elapsed         | 61          |
|    total_timesteps      | 745472      |
| train/                  |             |
|    approx_kl            | 0.003247255 |
|    clip_fraction        | 0.016       |
|    clip_range           | 0.2         |
|    entropy_loss         | -0.579      |
|    explained_variance   | 0.564       |
|    learning_rate        | 0.000298    |
|    loss                 | -0.00182    |
|    n_updates            | 250         |
|    policy_gradient_loss | -0.00145    |
|    value_loss           | 0.000117    |
-----------------------------------------
------------------------------------------
| rollout/                |              |
|    ep_len_mean          | 4.32e+04     |
|    ep_rew_mean          | -0.481       |
| time/                   |              |
|    fps                  | 12121        |
|    iterations           | 27           |
|    time_elapsed         | 63           |
|    total_timesteps      | 774144       |
| train/                  |              |
|    approx_kl            | 0.0024818038 |
|    clip_fraction        | 0.0115       |
|    clip_range           | 0.2          |
|    entropy_loss         | -0.563       |
|    explained_variance   | 0.55         |
|    learning_rate        | 0.000298     |
|    loss                 | -0.00441     |
|    n_updates            | 260          |
|    policy_gradient_loss | -0.000975    |
|    value_loss           | 0.000127     |
------------------------------------------
------------------------------------------
| rollout/                |              |
|    ep_len_mean          | 4.32e+04     |
|    ep_rew_mean          | -0.481       |
| time/                   |              |
|    fps                  | 12195        |
|    iterations           | 28           |
|    time_elapsed         | 65           |
|    total_timesteps      | 802816       |
| train/                  |              |
|    approx_kl            | 0.0027251162 |
|    clip_fraction        | 0.0147       |
|    clip_range           | 0.2          |
|    entropy_loss         | -0.574       |
|    explained_variance   | 0.447        |
|    learning_rate        | 0.000298     |
|    loss                 | -0.00302     |
|    n_updates            | 270          |
|    policy_gradient_loss | -0.000906    |
|    value_loss           | 0.000204     |
------------------------------------------
------------------------------------------
| rollout/                |              |
|    ep_len_mean          | 4.32e+04     |
|    ep_rew_mean          | -0.481       |
| time/                   |              |
|    fps                  | 12278        |
|    iterations           | 29           |
|    time_elapsed         | 67           |
|    total_timesteps      | 831488       |
| train/                  |              |
|    approx_kl            | 0.0054154648 |
|    clip_fraction        | 0.0192       |
|    clip_range           | 0.2          |
|    entropy_loss         | -0.56        |
|    explained_variance   | 0.419        |
|    learning_rate        | 0.000298     |
|    loss                 | -0.0022      |
|    n_updates            | 280          |
|    policy_gradient_loss | -0.0015      |
|    value_loss           | 0.00025      |
------------------------------------------
------------------------------------------
| rollout/                |              |
|    ep_len_mean          | 4.32e+04     |
|    ep_rew_mean          | -0.481       |
| time/                   |              |
|    fps                  | 12357        |
|    iterations           | 30           |
|    time_elapsed         | 69           |
|    total_timesteps      | 860160       |
| train/                  |              |
|    approx_kl            | 0.0044514732 |
|    clip_fraction        | 0.00965      |
|    clip_range           | 0.2          |
|    entropy_loss         | -0.567       |
|    explained_variance   | 0.113        |
|    learning_rate        | 0.000298     |
|    loss                 | -0.0151      |
|    n_updates            | 290          |
|    policy_gradient_loss | -0.00118     |
|    value_loss           | 0.000162     |
------------------------------------------
------------------------------------------
| rollout/                |              |
|    ep_len_mean          | 4.32e+04     |
|    ep_rew_mean          | -0.481       |
| time/                   |              |
|    fps                  | 12430        |
|    iterations           | 31           |
|    time_elapsed         | 71           |
|    total_timesteps      | 888832       |
| train/                  |              |
|    approx_kl            | 0.0040951273 |
|    clip_fraction        | 0.0253       |
|    clip_range           | 0.2          |
|    entropy_loss         | -0.543       |
|    explained_variance   | 0.222        |
|    learning_rate        | 0.000297     |
|    loss                 | -0.00592     |
|    n_updates            | 300          |
|    policy_gradient_loss | -0.00227     |
|    value_loss           | 0.000115     |
------------------------------------------
------------------------------------------
| rollout/                |              |
|    ep_len_mean          | 4.32e+04     |
|    ep_rew_mean          | -0.481       |
| time/                   |              |
|    fps                  | 12500        |
|    iterations           | 32           |
|    time_elapsed         | 73           |
|    total_timesteps      | 917504       |
| train/                  |              |
|    approx_kl            | 0.0034720725 |
|    clip_fraction        | 0.0134       |
|    clip_range           | 0.2          |
|    entropy_loss         | -0.564       |
|    explained_variance   | 0.178        |
|    learning_rate        | 0.000297     |
|    loss                 | -0.00916     |
|    n_updates            | 310          |
|    policy_gradient_loss | -0.000769    |
|    value_loss           | 0.000104     |
------------------------------------------
------------------------------------------
| rollout/                |              |
|    ep_len_mean          | 4.32e+04     |
|    ep_rew_mean          | -0.481       |
| time/                   |              |
|    fps                  | 12560        |
|    iterations           | 33           |
|    time_elapsed         | 75           |
|    total_timesteps      | 946176       |
| train/                  |              |
|    approx_kl            | 0.0034306825 |
|    clip_fraction        | 0.0219       |
|    clip_range           | 0.2          |
|    entropy_loss         | -0.574       |
|    explained_variance   | 0.259        |
|    learning_rate        | 0.000297     |
|    loss                 | -0.0076      |
|    n_updates            | 320          |
|    policy_gradient_loss | -0.00101     |
|    value_loss           | 0.000126     |
------------------------------------------
-----------------------------------------
| rollout/                |             |
|    ep_len_mean          | 4.32e+04    |
|    ep_rew_mean          | -0.481      |
| time/                   |             |
|    fps                  | 12600       |
|    iterations           | 34          |
|    time_elapsed         | 77          |
|    total_timesteps      | 974848      |
| train/                  |             |
|    approx_kl            | 0.004549944 |
|    clip_fraction        | 0.0191      |
|    clip_range           | 0.2         |
|    entropy_loss         | -0.576      |
|    explained_variance   | 0.237       |
|    learning_rate        | 0.000297    |
|    loss                 | -0.00464    |
|    n_updates            | 330         |
|    policy_gradient_loss | -0.00155    |
|    value_loss           | 8.65e-05    |
-----------------------------------------
---------------------------------------------------
| rollout/                           |            |
|    ep_len_mean                     | 4.32e+04   |
|    ep_rew_mean                     | -0.481     |
| time/                              |            |
|    fps                             | 10971      |
|    iterations                      | 35         |
|    time_elapsed                    | 91         |
|    total_timesteps                 | 1003520    |
| train/                             |            |
|    approx_kl                       | 0.00433705 |
|    clip_fraction                   | 0.0247     |
|    clip_range                      | 0.2        |
|    entropy_loss                    | -0.546     |
|    explained_variance              | 0.299      |
|    learning_rate                   | 0.000297   |
|    loss                            | -0.013     |
|    n_updates                       | 340        |
|    policy_gradient_loss            | -0.00169   |
|    value_loss                      | 0.000105   |
| valid/                             |            |
|    BTC-USDT-SWAP/compound_mdd_pct  | 100        |
|    BTC-USDT-SWAP/compound_multiple | 2.26e-20   |
|    BTC-USDT-SWAP/max_single_loss   | -37.7      |
|    BTC-USDT-SWAP/max_upnl          | 0.261      |
|    BTC-USDT-SWAP/near_liq_n        | 0          |
|    BTC-USDT-SWAP/near_liq_pct      | 0          |
|    BTC-USDT-SWAP/pnl_std           | 1.81       |
|    BTC-USDT-SWAP/sel_monthly_log   | -3.27      |
|    BTC-USDT-SWAP/total_pnl         | -4.34e+03  |
|    BTC-USDT-SWAP/trades            | 10328      |
|    BTC-USDT-SWAP/trades_per_month  | 874        |
|    BTC-USDT-SWAP/v9_kpi            | -3.34      |
|    BTC-USDT-SWAP/v9_kpi_z_mdd      | -1.76      |
|    BTC-USDT-SWAP/v9_kpi_z_msl      | -0.638     |
|    BTC-USDT-SWAP/v9_kpi_z_sel      | -6.54      |
|    BTC-USDT-SWAP/win_rate          | 0.254      |
|    ETH-USDT-SWAP/compound_mdd_pct  | 100        |
|    ETH-USDT-SWAP/compound_multiple | 0          |
|    ETH-USDT-SWAP/max_single_loss   | -100       |
|    ETH-USDT-SWAP/max_upnl          | 0.884      |
|    ETH-USDT-SWAP/near_liq_n        | 2          |
|    ETH-USDT-SWAP/near_liq_pct      | 0.000223   |
|    ETH-USDT-SWAP/pnl_std           | 3.2        |
|    ETH-USDT-SWAP/total_pnl         | -2.81e+03  |
|    ETH-USDT-SWAP/trades            | 8988       |
|    ETH-USDT-SWAP/trades_per_month  | 760        |
|    ETH-USDT-SWAP/win_rate          | 0.298      |
---------------------------------------------------
------------------------------------------
| rollout/                |              |
|    ep_len_mean          | 4.32e+04     |
|    ep_rew_mean          | -0.481       |
| time/                   |              |
|    fps                  | 11055        |
|    iterations           | 36           |
|    time_elapsed         | 93           |
|    total_timesteps      | 1032192      |
| train/                  |              |
|    approx_kl            | 0.0034773166 |
|    clip_fraction        | 0.0207       |
|    clip_range           | 0.2          |
|    entropy_loss         | -0.568       |
|    explained_variance   | 0.219        |
|    learning_rate        | 0.000297     |
|    loss                 | -0.00898     |
|    n_updates            | 350          |
|    policy_gradient_loss | -0.00116     |
|    value_loss           | 0.000184     |
------------------------------------------
------------------------------------------
| rollout/                |              |
|    ep_len_mean          | 4.32e+04     |
|    ep_rew_mean          | -0.481       |
| time/                   |              |
|    fps                  | 11135        |
|    iterations           | 37           |
|    time_elapsed         | 95           |
|    total_timesteps      | 1060864      |
| train/                  |              |
|    approx_kl            | 0.0026227252 |
|    clip_fraction        | 0.0114       |
|    clip_range           | 0.2          |
|    entropy_loss         | -0.573       |
|    explained_variance   | 0.383        |
|    learning_rate        | 0.000297     |
|    loss                 | -0.00363     |
|    n_updates            | 360          |
|    policy_gradient_loss | -0.000477    |
|    value_loss           | 0.000165     |
------------------------------------------
------------------------------------------
| rollout/                |              |
|    ep_len_mean          | 4.32e+04     |
|    ep_rew_mean          | -0.481       |
| time/                   |              |
|    fps                  | 11211        |
|    iterations           | 38           |
|    time_elapsed         | 97           |
|    total_timesteps      | 1089536      |
| train/                  |              |
|    approx_kl            | 0.0038493979 |
|    clip_fraction        | 0.0105       |
|    clip_range           | 0.2          |
|    entropy_loss         | -0.552       |
|    explained_variance   | 0.177        |
|    learning_rate        | 0.000297     |
|    loss                 | -0.000862    |
|    n_updates            | 370          |
|    policy_gradient_loss | -0.000741    |
|    value_loss           | 0.000159     |
------------------------------------------
------------------------------------------
| rollout/                |              |
|    ep_len_mean          | 4.32e+04     |
|    ep_rew_mean          | -0.481       |
| time/                   |              |
|    fps                  | 11282        |
|    iterations           | 39           |
|    time_elapsed         | 99           |
|    total_timesteps      | 1118208      |
| train/                  |              |
|    approx_kl            | 0.0034192225 |
|    clip_fraction        | 0.00991      |
|    clip_range           | 0.2          |
|    entropy_loss         | -0.553       |
|    explained_variance   | 0.195        |
|    learning_rate        | 0.000297     |
|    loss                 | -0.00458     |
|    n_updates            | 380          |
|    policy_gradient_loss | -0.000686    |
|    value_loss           | 0.000237     |
------------------------------------------
-----------------------------------------
| rollout/                |             |
|    ep_len_mean          | 4.32e+04    |
|    ep_rew_mean          | -0.481      |
| time/                   |             |
|    fps                  | 11351       |
|    iterations           | 40          |
|    time_elapsed         | 101         |
|    total_timesteps      | 1146880     |
| train/                  |             |
|    approx_kl            | 0.002132139 |
|    clip_fraction        | 0.0109      |
|    clip_range           | 0.2         |
|    entropy_loss         | -0.557      |
|    explained_variance   | 0.208       |
|    learning_rate        | 0.000297    |
|    loss                 | -0.00574    |
|    n_updates            | 390         |
|    policy_gradient_loss | -0.000537   |
|    value_loss           | 0.000191    |
-----------------------------------------
------------------------------------------
| rollout/                |              |
|    ep_len_mean          | 4.32e+04     |
|    ep_rew_mean          | -0.481       |
| time/                   |              |
|    fps                  | 11416        |
|    iterations           | 41           |
|    time_elapsed         | 102          |
|    total_timesteps      | 1175552      |
| train/                  |              |
|    approx_kl            | 0.0025207272 |
|    clip_fraction        | 0.0129       |
|    clip_range           | 0.2          |
|    entropy_loss         | -0.56        |
|    explained_variance   | 0.171        |
|    learning_rate        | 0.000297     |
|    loss                 | -0.0011      |
|    n_updates            | 400          |
|    policy_gradient_loss | -0.00108     |
|    value_loss           | 0.000181     |
------------------------------------------
------------------------------------------
| rollout/                |              |
|    ep_len_mean          | 4.32e+04     |
|    ep_rew_mean          | -0.481       |
| time/                   |              |
|    fps                  | 11480        |
|    iterations           | 42           |
|    time_elapsed         | 104          |
|    total_timesteps      | 1204224      |
| train/                  |              |
|    approx_kl            | 0.0024436307 |
|    clip_fraction        | 0.0167       |
|    clip_range           | 0.2          |
|    entropy_loss         | -0.552       |
|    explained_variance   | 0.112        |
|    learning_rate        | 0.000296     |
|    loss                 | -0.00225     |
|    n_updates            | 410          |
|    policy_gradient_loss | -0.00101     |
|    value_loss           | 0.000215     |
------------------------------------------
------------------------------------------
| rollout/                |              |
|    ep_len_mean          | 4.32e+04     |
|    ep_rew_mean          | -0.658       |
| time/                   |              |
|    fps                  | 11534        |
|    iterations           | 43           |
|    time_elapsed         | 106          |
|    total_timesteps      | 1232896      |
| train/                  |              |
|    approx_kl            | 0.0034115855 |
|    clip_fraction        | 0.0166       |
|    clip_range           | 0.2          |
|    entropy_loss         | -0.565       |
|    explained_variance   | 0.187        |
|    learning_rate        | 0.000296     |
|    loss                 | -0.0124      |
|    n_updates            | 420          |
|    policy_gradient_loss | -0.00122     |
|    value_loss           | 0.000202     |
------------------------------------------
------------------------------------------
| rollout/                |              |
|    ep_len_mean          | 4.32e+04     |
|    ep_rew_mean          | -0.658       |
| time/                   |              |
|    fps                  | 11595        |
|    iterations           | 44           |
|    time_elapsed         | 108          |
|    total_timesteps      | 1261568      |
| train/                  |              |
|    approx_kl            | 0.0029613127 |
|    clip_fraction        | 0.0187       |
|    clip_range           | 0.2          |
|    entropy_loss         | -0.57        |
|    explained_variance   | 0.249        |
|    learning_rate        | 0.000296     |
|    loss                 | -0.0082      |
|    n_updates            | 430          |
|    policy_gradient_loss | -0.00115     |
|    value_loss           | 0.000114     |
------------------------------------------
------------------------------------------
| rollout/                |              |
|    ep_len_mean          | 4.32e+04     |
|    ep_rew_mean          | -0.658       |
| time/                   |              |
|    fps                  | 11655        |
|    iterations           | 45           |
|    time_elapsed         | 110          |
|    total_timesteps      | 1290240      |
| train/                  |              |
|    approx_kl            | 0.0040319813 |
|    clip_fraction        | 0.0242       |
|    clip_range           | 0.2          |
|    entropy_loss         | -0.558       |
|    explained_variance   | 0.12         |
|    learning_rate        | 0.000296     |
|    loss                 | -0.00979     |
|    n_updates            | 440          |
|    policy_gradient_loss | -0.00167     |
|    value_loss           | 0.000135     |
------------------------------------------
------------------------------------------
| rollout/                |              |
|    ep_len_mean          | 4.32e+04     |
|    ep_rew_mean          | -0.658       |
| time/                   |              |
|    fps                  | 11710        |
|    iterations           | 46           |
|    time_elapsed         | 112          |
|    total_timesteps      | 1318912      |
| train/                  |              |
|    approx_kl            | 0.0038584147 |
|    clip_fraction        | 0.0272       |
|    clip_range           | 0.2          |
|    entropy_loss         | -0.558       |
|    explained_variance   | 0.302        |
|    learning_rate        | 0.000296     |
|    loss                 | -0.00573     |
|    n_updates            | 450          |
|    policy_gradient_loss | -0.00185     |
|    value_loss           | 7.09e-05     |
------------------------------------------
------------------------------------------
| rollout/                |              |
|    ep_len_mean          | 4.32e+04     |
|    ep_rew_mean          | -0.658       |
| time/                   |              |
|    fps                  | 11760        |
|    iterations           | 47           |
|    time_elapsed         | 114          |
|    total_timesteps      | 1347584      |
| train/                  |              |
|    approx_kl            | 0.0037458555 |
|    clip_fraction        | 0.0178       |
|    clip_range           | 0.2          |
|    entropy_loss         | -0.577       |
|    explained_variance   | 0.242        |
|    learning_rate        | 0.000296     |
|    loss                 | -0.00256     |
|    n_updates            | 460          |
|    policy_gradient_loss | -0.00133     |
|    value_loss           | 0.000156     |
------------------------------------------
------------------------------------------
| rollout/                |              |
|    ep_len_mean          | 4.32e+04     |
|    ep_rew_mean          | -0.658       |
| time/                   |              |
|    fps                  | 11810        |
|    iterations           | 48           |
|    time_elapsed         | 116          |
|    total_timesteps      | 1376256      |
| train/                  |              |
|    approx_kl            | 0.0028446359 |
|    clip_fraction        | 0.0159       |
|    clip_range           | 0.2          |
|    entropy_loss         | -0.57        |
|    explained_variance   | 0.292        |
|    learning_rate        | 0.000296     |
|    loss                 | -0.0144      |
|    n_updates            | 470          |
|    policy_gradient_loss | -0.00143     |
|    value_loss           | 9.06e-05     |
------------------------------------------
------------------------------------------
| rollout/                |              |
|    ep_len_mean          | 4.32e+04     |
|    ep_rew_mean          | -0.658       |
| time/                   |              |
|    fps                  | 11859        |
|    iterations           | 49           |
|    time_elapsed         | 118          |
|    total_timesteps      | 1404928      |
| train/                  |              |
|    approx_kl            | 0.0038532142 |
|    clip_fraction        | 0.0173       |
|    clip_range           | 0.2          |
|    entropy_loss         | -0.546       |
|    explained_variance   | 0.339        |
|    learning_rate        | 0.000296     |
|    loss                 | -0.00871     |
|    n_updates            | 480          |
|    policy_gradient_loss | -0.00144     |
|    value_loss           | 6.48e-05     |
------------------------------------------
------------------------------------------
| rollout/                |              |
|    ep_len_mean          | 4.32e+04     |
|    ep_rew_mean          | -0.658       |
| time/                   |              |
|    fps                  | 11911        |
|    iterations           | 50           |
|    time_elapsed         | 120          |
|    total_timesteps      | 1433600      |
| train/                  |              |
|    approx_kl            | 0.0041572587 |
|    clip_fraction        | 0.0186       |
|    clip_range           | 0.2          |
|    entropy_loss         | -0.508       |
|    explained_variance   | 0.506        |
|    learning_rate        | 0.000296     |
|    loss                 | -0.00786     |
|    n_updates            | 490          |
|    policy_gradient_loss | -0.00118     |
|    value_loss           | 6.72e-05     |
------------------------------------------
------------------------------------------
| rollout/                |              |
|    ep_len_mean          | 4.32e+04     |
|    ep_rew_mean          | -0.658       |
| time/                   |              |
|    fps                  | 11960        |
|    iterations           | 51           |
|    time_elapsed         | 122          |
|    total_timesteps      | 1462272      |
| train/                  |              |
|    approx_kl            | 0.0024934416 |
|    clip_fraction        | 0.0164       |
|    clip_range           | 0.2          |
|    entropy_loss         | -0.497       |
|    explained_variance   | 0.448        |
|    learning_rate        | 0.000296     |
|    loss                 | -0.00409     |
|    n_updates            | 500          |
|    policy_gradient_loss | -0.00125     |
|    value_loss           | 7.01e-05     |
------------------------------------------
------------------------------------------
| rollout/                |              |
|    ep_len_mean          | 4.32e+04     |
|    ep_rew_mean          | -0.658       |
| time/                   |              |
|    fps                  | 12010        |
|    iterations           | 52           |
|    time_elapsed         | 124          |
|    total_timesteps      | 1490944      |
| train/                  |              |
|    approx_kl            | 0.0037741747 |
|    clip_fraction        | 0.0291       |
|    clip_range           | 0.2          |
|    entropy_loss         | -0.502       |
|    explained_variance   | 0.316        |
|    learning_rate        | 0.000296     |
|    loss                 | -0.00732     |
|    n_updates            | 510          |
|    policy_gradient_loss | -0.00238     |
|    value_loss           | 8.47e-05     |
------------------------------------------
----------------------------------------------------
| rollout/                           |             |
|    ep_len_mean                     | 4.32e+04    |
|    ep_rew_mean                     | -0.658      |
| time/                              |             |
|    fps                             | 11068       |
|    iterations                      | 53          |
|    time_elapsed                    | 137         |
|    total_timesteps                 | 1519616     |
| train/                             |             |
|    approx_kl                       | 0.002130926 |
|    clip_fraction                   | 0.0101      |
|    clip_range                      | 0.2         |
|    entropy_loss                    | -0.466      |
|    explained_variance              | 0.255       |
|    learning_rate                   | 0.000296    |
|    loss                            | -0.00883    |
|    n_updates                       | 520         |
|    policy_gradient_loss            | -0.000839   |
|    value_loss                      | 6.5e-05     |
| valid/                             |             |
|    BTC-USDT-SWAP/compound_mdd_pct  | 100         |
|    BTC-USDT-SWAP/compound_multiple | 1.99e-06    |
|    BTC-USDT-SWAP/max_single_loss   | -27.3       |
|    BTC-USDT-SWAP/max_upnl          | 0.227       |
|    BTC-USDT-SWAP/near_liq_n        | 0           |
|    BTC-USDT-SWAP/near_liq_pct      | 0           |
|    BTC-USDT-SWAP/pnl_std           | 2.35        |
|    BTC-USDT-SWAP/sel_monthly_log   | -1.48       |
|    BTC-USDT-SWAP/total_pnl         | -1.19e+03   |
|    BTC-USDT-SWAP/trades            | 4051        |
|    BTC-USDT-SWAP/trades_per_month  | 343         |
|    BTC-USDT-SWAP/v9_kpi            | -1.64       |
|    BTC-USDT-SWAP/v9_kpi_z_mdd      | -1.76       |
|    BTC-USDT-SWAP/v9_kpi_z_msl      | 0.221       |
|    BTC-USDT-SWAP/v9_kpi_z_sel      | -2.95       |
|    BTC-USDT-SWAP/win_rate          | 0.451       |
|    ETH-USDT-SWAP/compound_mdd_pct  | 100         |
|    ETH-USDT-SWAP/compound_multiple | 0           |
|    ETH-USDT-SWAP/max_single_loss   | -100        |
|    ETH-USDT-SWAP/max_upnl          | 0.873       |
|    ETH-USDT-SWAP/near_liq_n        | 2           |
|    ETH-USDT-SWAP/near_liq_pct      | 0.000529    |
|    ETH-USDT-SWAP/pnl_std           | 4.5         |
|    ETH-USDT-SWAP/total_pnl         | -318        |
|    ETH-USDT-SWAP/trades            | 3779        |
|    ETH-USDT-SWAP/trades_per_month  | 320         |
|    ETH-USDT-SWAP/win_rate          | 0.472       |
----------------------------------------------------
------------------------------------------
| rollout/                |              |
|    ep_len_mean          | 4.32e+04     |
|    ep_rew_mean          | -0.658       |
| time/                   |              |
|    fps                  | 11113        |
|    iterations           | 54           |
|    time_elapsed         | 139          |
|    total_timesteps      | 1548288      |
| train/                  |              |
|    approx_kl            | 0.0024889202 |
|    clip_fraction        | 0.0147       |
|    clip_range           | 0.2          |
|    entropy_loss         | -0.487       |
|    explained_variance   | 0.315        |
|    learning_rate        | 0.000295     |
|    loss                 | -0.00428     |
|    n_updates            | 530          |
|    policy_gradient_loss | -0.000931    |
|    value_loss           | 9.09e-05     |
------------------------------------------
------------------------------------------
| rollout/                |              |
|    ep_len_mean          | 4.32e+04     |
|    ep_rew_mean          | -0.658       |
| time/                   |              |
|    fps                  | 11166        |
|    iterations           | 55           |
|    time_elapsed         | 141          |
|    total_timesteps      | 1576960      |
| train/                  |              |
|    approx_kl            | 0.0024728973 |
|    clip_fraction        | 0.014        |
|    clip_range           | 0.2          |
|    entropy_loss         | -0.502       |
|    explained_variance   | 0.421        |
|    learning_rate        | 0.000295     |
|    loss                 | -0.00041     |
|    n_updates            | 540          |
|    policy_gradient_loss | -0.00121     |
|    value_loss           | 7.51e-05     |
------------------------------------------
------------------------------------------
| rollout/                |              |
|    ep_len_mean          | 4.32e+04     |
|    ep_rew_mean          | -0.658       |
| time/                   |              |
|    fps                  | 11219        |
|    iterations           | 56           |
|    time_elapsed         | 143          |
|    total_timesteps      | 1605632      |
| train/                  |              |
|    approx_kl            | 0.0033783112 |
|    clip_fraction        | 0.0242       |
|    clip_range           | 0.2          |
|    entropy_loss         | -0.507       |
|    explained_variance   | 0.469        |
|    learning_rate        | 0.000295     |
|    loss                 | -0.0113      |
|    n_updates            | 550          |
|    policy_gradient_loss | -0.00161     |
|    value_loss           | 5.28e-05     |
------------------------------------------
------------------------------------------
| rollout/                |              |
|    ep_len_mean          | 4.32e+04     |
|    ep_rew_mean          | -0.658       |
| time/                   |              |
|    fps                  | 11270        |
|    iterations           | 57           |
|    time_elapsed         | 145          |
|    total_timesteps      | 1634304      |
| train/                  |              |
|    approx_kl            | 0.0024395788 |
|    clip_fraction        | 0.0125       |
|    clip_range           | 0.2          |
|    entropy_loss         | -0.505       |
|    explained_variance   | 0.389        |
|    learning_rate        | 0.000295     |
|    loss                 | -0.0124      |
|    n_updates            | 560          |
|    policy_gradient_loss | -0.0012      |
|    value_loss           | 8.44e-05     |
------------------------------------------
------------------------------------------
| rollout/                |              |
|    ep_len_mean          | 4.32e+04     |
|    ep_rew_mean          | -0.658       |
| time/                   |              |
|    fps                  | 11320        |
|    iterations           | 58           |
|    time_elapsed         | 146          |
|    total_timesteps      | 1662976      |
| train/                  |              |
|    approx_kl            | 0.0034985512 |
|    clip_fraction        | 0.0232       |
|    clip_range           | 0.2          |
|    entropy_loss         | -0.474       |
|    explained_variance   | 0.461        |
|    learning_rate        | 0.000295     |
|    loss                 | -0.00404     |
|    n_updates            | 570          |
|    policy_gradient_loss | -0.00181     |
|    value_loss           | 9.04e-05     |
------------------------------------------
------------------------------------------
| rollout/                |              |
|    ep_len_mean          | 4.32e+04     |
|    ep_rew_mean          | -0.658       |
| time/                   |              |
|    fps                  | 11368        |
|    iterations           | 59           |
|    time_elapsed         | 148          |
|    total_timesteps      | 1691648      |
| train/                  |              |
|    approx_kl            | 0.0017086454 |
|    clip_fraction        | 0.00977      |
|    clip_range           | 0.2          |
|    entropy_loss         | -0.486       |
|    explained_variance   | 0.561        |
|    learning_rate        | 0.000295     |
|    loss                 | -0.00337     |
|    n_updates            | 580          |
|    policy_gradient_loss | -0.000696    |
|    value_loss           | 7.07e-05     |
------------------------------------------
-----------------------------------------
| rollout/                |             |
|    ep_len_mean          | 4.32e+04    |
|    ep_rew_mean          | -0.658      |
| time/                   |             |
|    fps                  | 11417       |
|    iterations           | 60          |
|    time_elapsed         | 150         |
|    total_timesteps      | 1720320     |
| train/                  |             |
|    approx_kl            | 0.003542802 |
|    clip_fraction        | 0.0289      |
|    clip_range           | 0.2         |
|    entropy_loss         | -0.47       |
|    explained_variance   | 0.38        |
|    learning_rate        | 0.000295    |
|    loss                 | -0.00686    |
|    n_updates            | 590         |
|    policy_gradient_loss | -0.00231    |
|    value_loss           | 0.000165    |
-----------------------------------------
-----------------------------------------
| rollout/                |             |
|    ep_len_mean          | 4.32e+04    |
|    ep_rew_mean          | -0.658      |
| time/                   |             |
|    fps                  | 11464       |
|    iterations           | 61          |
|    time_elapsed         | 152         |
|    total_timesteps      | 1748992     |
| train/                  |             |
|    approx_kl            | 0.003246593 |
|    clip_fraction        | 0.0251      |
|    clip_range           | 0.2         |
|    entropy_loss         | -0.454      |
|    explained_variance   | 0.294       |
|    learning_rate        | 0.000295    |
|    loss                 | -0.00468    |
|    n_updates            | 600         |
|    policy_gradient_loss | -0.00151    |
|    value_loss           | 8.39e-05    |
-----------------------------------------
-----------------------------------------
| rollout/                |             |
|    ep_len_mean          | 4.32e+04    |
|    ep_rew_mean          | -0.658      |
| time/                   |             |
|    fps                  | 11510       |
|    iterations           | 62          |
|    time_elapsed         | 154         |
|    total_timesteps      | 1777664     |
| train/                  |             |
|    approx_kl            | 0.001976947 |
|    clip_fraction        | 0.0141      |
|    clip_range           | 0.2         |
|    entropy_loss         | -0.455      |
|    explained_variance   | 0.214       |
|    learning_rate        | 0.000295    |
|    loss                 | -0.00414    |
|    n_updates            | 610         |
|    policy_gradient_loss | -0.00124    |
|    value_loss           | 8.24e-05    |
-----------------------------------------
------------------------------------------
| rollout/                |              |
|    ep_len_mean          | 4.32e+04     |
|    ep_rew_mean          | -0.658       |
| time/                   |              |
|    fps                  | 11555        |
|    iterations           | 63           |
|    time_elapsed         | 156          |
|    total_timesteps      | 1806336      |
| train/                  |              |
|    approx_kl            | 0.0034112672 |
|    clip_fraction        | 0.022        |
|    clip_range           | 0.2          |
|    entropy_loss         | -0.457       |
|    explained_variance   | 0.219        |
|    learning_rate        | 0.000295     |
|    loss                 | -0.0127      |
|    n_updates            | 620          |
|    policy_gradient_loss | -0.0015      |
|    value_loss           | 7.42e-05     |
------------------------------------------
-----------------------------------------
| rollout/                |             |
|    ep_len_mean          | 4.32e+04    |
|    ep_rew_mean          | -0.482      |
| time/                   |             |
|    fps                  | 11595       |
|    iterations           | 64          |
|    time_elapsed         | 158         |
|    total_timesteps      | 1835008     |
| train/                  |             |
|    approx_kl            | 0.002750955 |
|    clip_fraction        | 0.0134      |
|    clip_range           | 0.2         |
|    entropy_loss         | -0.441      |
|    explained_variance   | 0.271       |
|    learning_rate        | 0.000295    |
|    loss                 | -0.00194    |
|    n_updates            | 630         |
|    policy_gradient_loss | -0.00105    |
|    value_loss           | 6.47e-05    |
-----------------------------------------
-----------------------------------------
| rollout/                |             |
|    ep_len_mean          | 4.32e+04    |
|    ep_rew_mean          | -0.482      |
| time/                   |             |
|    fps                  | 11638       |
|    iterations           | 65          |
|    time_elapsed         | 160         |
|    total_timesteps      | 1863680     |
| train/                  |             |
|    approx_kl            | 0.002163792 |
|    clip_fraction        | 0.013       |
|    clip_range           | 0.2         |
|    entropy_loss         | -0.441      |
|    explained_variance   | 0.33        |
|    learning_rate        | 0.000294    |
|    loss                 | -0.0126     |
|    n_updates            | 640         |
|    policy_gradient_loss | -0.00113    |
|    value_loss           | 7.29e-05    |
-----------------------------------------
------------------------------------------
| rollout/                |              |
|    ep_len_mean          | 4.32e+04     |
|    ep_rew_mean          | -0.482       |
| time/                   |              |
|    fps                  | 11680        |
|    iterations           | 66           |
|    time_elapsed         | 162          |
|    total_timesteps      | 1892352      |
| train/                  |              |
|    approx_kl            | 0.0018238252 |
|    clip_fraction        | 0.0182       |
|    clip_range           | 0.2          |
|    entropy_loss         | -0.44        |
|    explained_variance   | 0.339        |
|    learning_rate        | 0.000294     |
|    loss                 | -0.00472     |
|    n_updates            | 650          |
|    policy_gradient_loss | -0.00117     |
|    value_loss           | 7.37e-05     |
------------------------------------------
------------------------------------------
| rollout/                |              |
|    ep_len_mean          | 4.32e+04     |
|    ep_rew_mean          | -0.482       |
| time/                   |              |
|    fps                  | 11722        |
|    iterations           | 67           |
|    time_elapsed         | 163          |
|    total_timesteps      | 1921024      |
| train/                  |              |
|    approx_kl            | 0.0025232139 |
|    clip_fraction        | 0.0155       |
|    clip_range           | 0.2          |
|    entropy_loss         | -0.428       |
|    explained_variance   | 0.341        |
|    learning_rate        | 0.000294     |
|    loss                 | -0.00562     |
|    n_updates            | 660          |
|    policy_gradient_loss | -0.00116     |
|    value_loss           | 9.65e-05     |
------------------------------------------
------------------------------------------
| rollout/                |              |
|    ep_len_mean          | 4.32e+04     |
|    ep_rew_mean          | -0.482       |
| time/                   |              |
|    fps                  | 11762        |
|    iterations           | 68           |
|    time_elapsed         | 165          |
|    total_timesteps      | 1949696      |
| train/                  |              |
|    approx_kl            | 0.0019235179 |
|    clip_fraction        | 0.013        |
|    clip_range           | 0.2          |
|    entropy_loss         | -0.423       |
|    explained_variance   | 0.275        |
|    learning_rate        | 0.000294     |
|    loss                 | -0.0123      |
|    n_updates            | 670          |
|    policy_gradient_loss | -0.000818    |
|    value_loss           | 0.000107     |
------------------------------------------
------------------------------------------
| rollout/                |              |
|    ep_len_mean          | 4.32e+04     |
|    ep_rew_mean          | -0.482       |
| time/                   |              |
|    fps                  | 11802        |
|    iterations           | 69           |
|    time_elapsed         | 167          |
|    total_timesteps      | 1978368      |
| train/                  |              |
|    approx_kl            | 0.0017756108 |
|    clip_fraction        | 0.00869      |
|    clip_range           | 0.2          |
|    entropy_loss         | -0.454       |
|    explained_variance   | 0.146        |
|    learning_rate        | 0.000294     |
|    loss                 | -0.00557     |
|    n_updates            | 680          |
|    policy_gradient_loss | -0.000445    |
|    value_loss           | 0.000115     |
------------------------------------------
-----------------------------------------------------
| rollout/                           |              |
|    ep_len_mean                     | 4.32e+04     |
|    ep_rew_mean                     | -0.482       |
| time/                              |              |
|    fps                             | 11082        |
|    iterations                      | 70           |
|    time_elapsed                    | 181          |
|    total_timesteps                 | 2007040      |
| train/                             |              |
|    approx_kl                       | 0.0024582702 |
|    clip_fraction                   | 0.0192       |
|    clip_range                      | 0.2          |
|    entropy_loss                    | -0.432       |
|    explained_variance              | 0.229        |
|    learning_rate                   | 0.000294     |
|    loss                            | -0.00173     |
|    n_updates                       | 690          |
|    policy_gradient_loss            | -0.00129     |
|    value_loss                      | 0.000103     |
| valid/                             |              |
|    BTC-USDT-SWAP/compound_mdd_pct  | 100          |
|    BTC-USDT-SWAP/compound_multiple | 5.44e-10     |
|    BTC-USDT-SWAP/max_single_loss   | -26.8        |
|    BTC-USDT-SWAP/max_upnl          | 0.189        |
|    BTC-USDT-SWAP/near_liq_n        | 0            |
|    BTC-USDT-SWAP/near_liq_pct      | 0            |
|    BTC-USDT-SWAP/pnl_std           | 2.07         |
|    BTC-USDT-SWAP/sel_monthly_log   | -2.19        |
|    BTC-USDT-SWAP/total_pnl         | -1.99e+03    |
|    BTC-USDT-SWAP/trades            | 6130         |
|    BTC-USDT-SWAP/trades_per_month  | 519          |
|    BTC-USDT-SWAP/v9_kpi            | -2.2         |
|    BTC-USDT-SWAP/v9_kpi_z_mdd      | -1.76        |
|    BTC-USDT-SWAP/v9_kpi_z_msl      | 0.268        |
|    BTC-USDT-SWAP/v9_kpi_z_sel      | -4.39        |
|    BTC-USDT-SWAP/win_rate          | 0.415        |
|    ETH-USDT-SWAP/compound_mdd_pct  | 100          |
|    ETH-USDT-SWAP/compound_multiple | 0            |
|    ETH-USDT-SWAP/max_single_loss   | -100         |
|    ETH-USDT-SWAP/max_upnl          | 0.589        |
|    ETH-USDT-SWAP/near_liq_n        | 1            |
|    ETH-USDT-SWAP/near_liq_pct      | 0.000196     |
|    ETH-USDT-SWAP/pnl_std           | 3.52         |
|    ETH-USDT-SWAP/total_pnl         | -342         |
|    ETH-USDT-SWAP/trades            | 5099         |
|    ETH-USDT-SWAP/trades_per_month  | 431          |
|    ETH-USDT-SWAP/win_rate          | 0.471        |
-----------------------------------------------------
------------------------------------------
| rollout/                |              |
|    ep_len_mean          | 4.32e+04     |
|    ep_rew_mean          | -0.482       |
| time/                   |              |
|    fps                  | 11126        |
|    iterations           | 71           |
|    time_elapsed         | 182          |
|    total_timesteps      | 2035712      |
| train/                  |              |
|    approx_kl            | 0.0031707624 |
|    clip_fraction        | 0.0232       |
|    clip_range           | 0.2          |
|    entropy_loss         | -0.435       |
|    explained_variance   | 0.269        |
|    learning_rate        | 0.000294     |
|    loss                 | -0.00301     |
|    n_updates            | 700          |
|    policy_gradient_loss | -0.00172     |
|    value_loss           | 0.00012      |
------------------------------------------
-----------------------------------------
| rollout/                |             |
|    ep_len_mean          | 4.32e+04    |
|    ep_rew_mean          | -0.482      |
| time/                   |             |
|    fps                  | 11168       |
|    iterations           | 72          |
|    time_elapsed         | 184         |
|    total_timesteps      | 2064384     |
| train/                  |             |
|    approx_kl            | 0.002575745 |
|    clip_fraction        | 0.0187      |
|    clip_range           | 0.2         |
|    entropy_loss         | -0.419      |
|    explained_variance   | 0.201       |
|    learning_rate        | 0.000294    |
|    loss                 | -0.00508    |
|    n_updates            | 710         |
|    policy_gradient_loss | -0.00114    |
|    value_loss           | 9.39e-05    |
-----------------------------------------
----------------------------------------
| rollout/                |            |
|    ep_len_mean          | 4.32e+04   |
|    ep_rew_mean          | -0.482     |
| time/                   |            |
|    fps                  | 11211      |
|    iterations           | 73         |
|    time_elapsed         | 186        |
|    total_timesteps      | 2093056    |
| train/                  |            |
|    approx_kl            | 0.00158215 |
|    clip_fraction        | 0.015      |
|    clip_range           | 0.2        |
|    entropy_loss         | -0.388     |
|    explained_variance   | 0.175      |
|    learning_rate        | 0.000294   |
|    loss                 | -0.00737   |
|    n_updates            | 720        |
|    policy_gradient_loss | -0.00147   |
|    value_loss           | 0.000123   |
----------------------------------------
------------------------------------------
| rollout/                |              |
|    ep_len_mean          | 4.32e+04     |
|    ep_rew_mean          | -0.482       |
| time/                   |              |
|    fps                  | 11250        |
|    iterations           | 74           |
|    time_elapsed         | 188          |
|    total_timesteps      | 2121728      |
| train/                  |              |
|    approx_kl            | 0.0017299412 |
|    clip_fraction        | 0.0144       |
|    clip_range           | 0.2          |
|    entropy_loss         | -0.37        |
|    explained_variance   | 0.204        |
|    learning_rate        | 0.000294     |
|    loss                 | -0.00838     |
|    n_updates            | 730          |
|    policy_gradient_loss | -0.00107     |
|    value_loss           | 9.86e-05     |
------------------------------------------
-----------------------------------------
| rollout/                |             |
|    ep_len_mean          | 4.32e+04    |
|    ep_rew_mean          | -0.482      |
| time/                   |             |
|    fps                  | 11287       |
|    iterations           | 75          |
|    time_elapsed         | 190         |
|    total_timesteps      | 2150400     |
| train/                  |             |
|    approx_kl            | 0.002257164 |
|    clip_fraction        | 0.0234      |
|    clip_range           | 0.2         |
|    entropy_loss         | -0.364      |
|    explained_variance   | 0.29        |
|    learning_rate        | 0.000294    |
|    loss                 | -0.00133    |
|    n_updates            | 740         |
|    policy_gradient_loss | -0.00141    |
|    value_loss           | 9.92e-05    |
-----------------------------------------
------------------------------------------
| rollout/                |              |
|    ep_len_mean          | 4.32e+04     |
|    ep_rew_mean          | -0.482       |
| time/                   |              |
|    fps                  | 11325        |
|    iterations           | 76           |
|    time_elapsed         | 192          |
|    total_timesteps      | 2179072      |
| train/                  |              |
|    approx_kl            | 0.0011211844 |
|    clip_fraction        | 0.0117       |
|    clip_range           | 0.2          |
|    entropy_loss         | -0.352       |
|    explained_variance   | 0.421        |
|    learning_rate        | 0.000294     |
|    loss                 | -0.00549     |
|    n_updates            | 750          |
|    policy_gradient_loss | -0.000667    |
|    value_loss           | 8.6e-05      |
------------------------------------------
------------------------------------------
| rollout/                |              |
|    ep_len_mean          | 4.32e+04     |
|    ep_rew_mean          | -0.482       |
| time/                   |              |
|    fps                  | 11362        |
|    iterations           | 77           |
|    time_elapsed         | 194          |
|    total_timesteps      | 2207744      |
| train/                  |              |
|    approx_kl            | 0.0014665456 |
|    clip_fraction        | 0.0103       |
|    clip_range           | 0.2          |
|    entropy_loss         | -0.362       |
|    explained_variance   | 0.183        |
|    learning_rate        | 0.000293     |
|    loss                 | -0.0024      |
|    n_updates            | 760          |
|    policy_gradient_loss | -0.000576    |
|    value_loss           | 9.18e-05     |
------------------------------------------
------------------------------------------
| rollout/                |              |
|    ep_len_mean          | 4.32e+04     |
|    ep_rew_mean          | -0.482       |
| time/                   |              |
|    fps                  | 11398        |
|    iterations           | 78           |
|    time_elapsed         | 196          |
|    total_timesteps      | 2236416      |
| train/                  |              |
|    approx_kl            | 0.0017193358 |
|    clip_fraction        | 0.0115       |
|    clip_range           | 0.2          |
|    entropy_loss         | -0.337       |
|    explained_variance   | 0.14         |
|    learning_rate        | 0.000293     |
|    loss                 | 0.000771     |
|    n_updates            | 770          |
|    policy_gradient_loss | -0.000811    |
|    value_loss           | 0.000113     |
------------------------------------------
------------------------------------------
| rollout/                |              |
|    ep_len_mean          | 4.32e+04     |
|    ep_rew_mean          | -0.482       |
| time/                   |              |
|    fps                  | 11433        |
|    iterations           | 79           |
|    time_elapsed         | 198          |
|    total_timesteps      | 2265088      |
| train/                  |              |
|    approx_kl            | 0.0013897344 |
|    clip_fraction        | 0.0122       |
|    clip_range           | 0.2          |
|    entropy_loss         | -0.345       |
|    explained_variance   | 0.0748       |
|    learning_rate        | 0.000293     |
|    loss                 | 0.000419     |
|    n_updates            | 780          |
|    policy_gradient_loss | -0.000699    |
|    value_loss           | 0.000177     |
------------------------------------------
------------------------------------------
| rollout/                |              |
|    ep_len_mean          | 4.32e+04     |
|    ep_rew_mean          | -0.482       |
| time/                   |              |
|    fps                  | 11466        |
|    iterations           | 80           |
|    time_elapsed         | 200          |
|    total_timesteps      | 2293760      |
| train/                  |              |
|    approx_kl            | 0.0016679668 |
|    clip_fraction        | 0.0141       |
|    clip_range           | 0.2          |
|    entropy_loss         | -0.327       |
|    explained_variance   | 0.151        |
|    learning_rate        | 0.000293     |
|    loss                 | -0.00351     |
|    n_updates            | 790          |
|    policy_gradient_loss | -0.00114     |
|    value_loss           | 8.37e-05     |
------------------------------------------
------------------------------------------
| rollout/                |              |
|    ep_len_mean          | 4.32e+04     |
|    ep_rew_mean          | -0.482       |
| time/                   |              |
|    fps                  | 11500        |
|    iterations           | 81           |
|    time_elapsed         | 201          |
|    total_timesteps      | 2322432      |
| train/                  |              |
|    approx_kl            | 0.0012908482 |
|    clip_fraction        | 0.00757      |
|    clip_range           | 0.2          |
|    entropy_loss         | -0.318       |
|    explained_variance   | 0.288        |
|    learning_rate        | 0.000293     |
|    loss                 | -0.000726    |
|    n_updates            | 800          |
|    policy_gradient_loss | -0.000318    |
|    value_loss           | 0.000104     |
------------------------------------------
------------------------------------------
| rollout/                |              |
|    ep_len_mean          | 4.32e+04     |
|    ep_rew_mean          | -0.482       |
| time/                   |              |
|    fps                  | 11532        |
|    iterations           | 82           |
|    time_elapsed         | 203          |
|    total_timesteps      | 2351104      |
| train/                  |              |
|    approx_kl            | 0.0014304954 |
|    clip_fraction        | 0.0136       |
|    clip_range           | 0.2          |
|    entropy_loss         | -0.317       |
|    explained_variance   | 0.212        |
|    learning_rate        | 0.000293     |
|    loss                 | -0.00545     |
|    n_updates            | 810          |
|    policy_gradient_loss | -0.000884    |
|    value_loss           | 0.000119     |
------------------------------------------
------------------------------------------
| rollout/                |              |
|    ep_len_mean          | 4.32e+04     |
|    ep_rew_mean          | -0.482       |
| time/                   |              |
|    fps                  | 11566        |
|    iterations           | 83           |
|    time_elapsed         | 205          |
|    total_timesteps      | 2379776      |
| train/                  |              |
|    approx_kl            | 0.0018071539 |
|    clip_fraction        | 0.0174       |
|    clip_range           | 0.2          |
|    entropy_loss         | -0.306       |
|    explained_variance   | 0.336        |
|    learning_rate        | 0.000293     |
|    loss                 | -0.00336     |
|    n_updates            | 820          |
|    policy_gradient_loss | -0.000933    |
|    value_loss           | 0.000102     |
------------------------------------------
------------------------------------------
| rollout/                |              |
|    ep_len_mean          | 4.32e+04     |
|    ep_rew_mean          | -0.482       |
| time/                   |              |
|    fps                  | 11597        |
|    iterations           | 84           |
|    time_elapsed         | 207          |
|    total_timesteps      | 2408448      |
| train/                  |              |
|    approx_kl            | 0.0015513349 |
|    clip_fraction        | 0.0165       |
|    clip_range           | 0.2          |
|    entropy_loss         | -0.282       |
|    explained_variance   | 0.262        |
|    learning_rate        | 0.000293     |
|    loss                 | -0.00318     |
|    n_updates            | 830          |
|    policy_gradient_loss | -0.000728    |
|    value_loss           | 0.000155     |
------------------------------------------
-------------------------------------------
| rollout/                |               |
|    ep_len_mean          | 4.32e+04      |
|    ep_rew_mean          | -0.203        |
| time/                   |               |
|    fps                  | 11624         |
|    iterations           | 85            |
|    time_elapsed         | 209           |
|    total_timesteps      | 2437120       |
| train/                  |               |
|    approx_kl            | 0.00095225725 |
|    clip_fraction        | 0.00868       |
|    clip_range           | 0.2           |
|    entropy_loss         | -0.248        |
|    explained_variance   | 0.321         |
|    learning_rate        | 0.000293      |
|    loss                 | -0.00453      |
|    n_updates            | 840           |
|    policy_gradient_loss | -0.000471     |
|    value_loss           | 0.000147      |
-------------------------------------------
------------------------------------------
| rollout/                |              |
|    ep_len_mean          | 4.32e+04     |
|    ep_rew_mean          | -0.203       |
| time/                   |              |
|    fps                  | 11654        |
|    iterations           | 86           |
|    time_elapsed         | 211          |
|    total_timesteps      | 2465792      |
| train/                  |              |
|    approx_kl            | 0.0014445521 |
|    clip_fraction        | 0.0119       |
|    clip_range           | 0.2          |
|    entropy_loss         | -0.266       |
|    explained_variance   | 0.223        |
|    learning_rate        | 0.000293     |
|    loss                 | -0.00096     |
|    n_updates            | 850          |
|    policy_gradient_loss | -0.000764    |
|    value_loss           | 0.000114     |
------------------------------------------
------------------------------------------
| rollout/                |              |
|    ep_len_mean          | 4.32e+04     |
|    ep_rew_mean          | -0.203       |
| time/                   |              |
|    fps                  | 11681        |
|    iterations           | 87           |
|    time_elapsed         | 213          |
|    total_timesteps      | 2494464      |
| train/                  |              |
|    approx_kl            | 0.0012800582 |
|    clip_fraction        | 0.0152       |
|    clip_range           | 0.2          |
|    entropy_loss         | -0.284       |
|    explained_variance   | 0.197        |
|    learning_rate        | 0.000293     |
|    loss                 | -0.00449     |
|    n_updates            | 860          |
|    policy_gradient_loss | -0.000779    |
|    value_loss           | 0.000117     |
------------------------------------------
-----------------------------------------------------
| rollout/                           |              |
|    ep_len_mean                     | 4.32e+04     |
|    ep_rew_mean                     | -0.203       |
| time/                              |              |
|    fps                             | 11055        |
|    iterations                      | 88           |
|    time_elapsed                    | 228          |
|    total_timesteps                 | 2523136      |
| train/                             |              |
|    approx_kl                       | 0.0012814235 |
|    clip_fraction                   | 0.0145       |
|    clip_range                      | 0.2          |
|    entropy_loss                    | -0.264       |
|    explained_variance              | 0.221        |
|    learning_rate                   | 0.000293     |
|    loss                            | -0.00519     |
|    n_updates                       | 870          |
|    policy_gradient_loss            | -0.000993    |
|    value_loss                      | 0.000124     |
| valid/                             |              |
|    BTC-USDT-SWAP/compound_mdd_pct  | 100          |
|    BTC-USDT-SWAP/compound_multiple | 0.000631     |
|    BTC-USDT-SWAP/max_single_loss   | -32.5        |
|    BTC-USDT-SWAP/max_upnl          | 0.317        |
|    BTC-USDT-SWAP/near_liq_n        | 0            |
|    BTC-USDT-SWAP/near_liq_pct      | 0            |
|    BTC-USDT-SWAP/pnl_std           | 3.77         |
|    BTC-USDT-SWAP/sel_monthly_log   | -1.26        |
|    BTC-USDT-SWAP/total_pnl         | -542         |
|    BTC-USDT-SWAP/trades            | 2600         |
|    BTC-USDT-SWAP/trades_per_month  | 220          |
|    BTC-USDT-SWAP/v9_kpi            | -1.6         |
|    BTC-USDT-SWAP/v9_kpi_z_mdd      | -1.76        |
|    BTC-USDT-SWAP/v9_kpi_z_msl      | -0.212       |
|    BTC-USDT-SWAP/v9_kpi_z_sel      | -2.52        |
|    BTC-USDT-SWAP/win_rate          | 0.616        |
|    ETH-USDT-SWAP/compound_mdd_pct  | 100          |
|    ETH-USDT-SWAP/compound_multiple | 0            |
|    ETH-USDT-SWAP/max_single_loss   | -100         |
|    ETH-USDT-SWAP/max_upnl          | 0.596        |
|    ETH-USDT-SWAP/near_liq_n        | 1            |
|    ETH-USDT-SWAP/near_liq_pct      | 0.000567     |
|    ETH-USDT-SWAP/pnl_std           | 7.09         |
|    ETH-USDT-SWAP/total_pnl         | 290          |
|    ETH-USDT-SWAP/trades            | 1764         |
|    ETH-USDT-SWAP/trades_per_month  | 149          |
|    ETH-USDT-SWAP/win_rate          | 0.641        |
-----------------------------------------------------
------------------------------------------
| rollout/                |              |
|    ep_len_mean          | 4.32e+04     |
|    ep_rew_mean          | -0.203       |
| time/                   |              |
|    fps                  | 11089        |
|    iterations           | 89           |
|    time_elapsed         | 230          |
|    total_timesteps      | 2551808      |
| train/                  |              |
|    approx_kl            | 0.0010787039 |
|    clip_fraction        | 0.00841      |
|    clip_range           | 0.2          |
|    entropy_loss         | -0.261       |
|    explained_variance   | 0.275        |
|    learning_rate        | 0.000292     |
|    loss                 | -0.0049      |
|    n_updates            | 880          |
|    policy_gradient_loss | -0.000583    |
|    value_loss           | 0.000109     |
------------------------------------------
------------------------------------------
| rollout/                |              |
|    ep_len_mean          | 4.32e+04     |
|    ep_rew_mean          | -0.203       |
| time/                   |              |
|    fps                  | 11121        |
|    iterations           | 90           |
|    time_elapsed         | 232          |
|    total_timesteps      | 2580480      |
| train/                  |              |
|    approx_kl            | 0.0015548579 |
|    clip_fraction        | 0.0161       |
|    clip_range           | 0.2          |
|    entropy_loss         | -0.261       |
|    explained_variance   | 0.287        |
|    learning_rate        | 0.000292     |
|    loss                 | -3.45e-05    |
|    n_updates            | 890          |
|    policy_gradient_loss | -0.00115     |
|    value_loss           | 0.000119     |
------------------------------------------
------------------------------------------
| rollout/                |              |
|    ep_len_mean          | 4.32e+04     |
|    ep_rew_mean          | -0.203       |
| time/                   |              |
|    fps                  | 11151        |
|    iterations           | 91           |
|    time_elapsed         | 233          |
|    total_timesteps      | 2609152      |
| train/                  |              |
|    approx_kl            | 0.0011083086 |
|    clip_fraction        | 0.0123       |
|    clip_range           | 0.2          |
|    entropy_loss         | -0.23        |
|    explained_variance   | 0.208        |
|    learning_rate        | 0.000292     |
|    loss                 | -0.00249     |
|    n_updates            | 900          |
|    policy_gradient_loss | -0.000573    |
|    value_loss           | 0.000126     |
------------------------------------------
------------------------------------------
| rollout/                |              |
|    ep_len_mean          | 4.32e+04     |
|    ep_rew_mean          | -0.203       |
| time/                   |              |
|    fps                  | 11183        |
|    iterations           | 92           |
|    time_elapsed         | 235          |
|    total_timesteps      | 2637824      |
| train/                  |              |
|    approx_kl            | 0.0010061715 |
|    clip_fraction        | 0.0101       |
|    clip_range           | 0.2          |
|    entropy_loss         | -0.232       |
|    explained_variance   | 0.302        |
|    learning_rate        | 0.000292     |
|    loss                 | -0.00555     |
|    n_updates            | 910          |
|    policy_gradient_loss | -0.000726    |
|    value_loss           | 0.000112     |
------------------------------------------
------------------------------------------
| rollout/                |              |
|    ep_len_mean          | 4.32e+04     |
|    ep_rew_mean          | -0.203       |
| time/                   |              |
|    fps                  | 11215        |
|    iterations           | 93           |
|    time_elapsed         | 237          |
|    total_timesteps      | 2666496      |
| train/                  |              |
|    approx_kl            | 0.0011965658 |
|    clip_fraction        | 0.0138       |
|    clip_range           | 0.2          |
|    entropy_loss         | -0.21        |
|    explained_variance   | 0.25         |
|    learning_rate        | 0.000292     |
|    loss                 | -0.00464     |
|    n_updates            | 920          |
|    policy_gradient_loss | -0.00121     |
|    value_loss           | 0.000101     |
------------------------------------------
------------------------------------------
| rollout/                |              |
|    ep_len_mean          | 4.32e+04     |
|    ep_rew_mean          | -0.203       |
| time/                   |              |
|    fps                  | 11245        |
|    iterations           | 94           |
|    time_elapsed         | 239          |
|    total_timesteps      | 2695168      |
| train/                  |              |
|    approx_kl            | 0.0007590902 |
|    clip_fraction        | 0.011        |
|    clip_range           | 0.2          |
|    entropy_loss         | -0.179       |
|    explained_variance   | 0.168        |
|    learning_rate        | 0.000292     |
|    loss                 | -0.00122     |
|    n_updates            | 930          |
|    policy_gradient_loss | -0.00096     |
|    value_loss           | 0.000173     |
------------------------------------------
------------------------------------------
| rollout/                |              |
|    ep_len_mean          | 4.32e+04     |
|    ep_rew_mean          | -0.203       |
| time/                   |              |
|    fps                  | 11274        |
|    iterations           | 95           |
|    time_elapsed         | 241          |
|    total_timesteps      | 2723840      |
| train/                  |              |
|    approx_kl            | 0.0008983623 |
|    clip_fraction        | 0.0104       |
|    clip_range           | 0.2          |
|    entropy_loss         | -0.173       |
|    explained_variance   | 0.324        |
|    learning_rate        | 0.000292     |
|    loss                 | -0.00229     |
|    n_updates            | 940          |
|    policy_gradient_loss | -0.000799    |
|    value_loss           | 9.86e-05     |
------------------------------------------
-------------------------------------------
| rollout/                |               |
|    ep_len_mean          | 4.32e+04      |
|    ep_rew_mean          | -0.203        |
| time/                   |               |
|    fps                  | 11303         |
|    iterations           | 96            |
|    time_elapsed         | 243           |
|    total_timesteps      | 2752512       |
| train/                  |               |
|    approx_kl            | 0.00086017104 |
|    clip_fraction        | 0.00979       |
|    clip_range           | 0.2           |
|    entropy_loss         | -0.166        |
|    explained_variance   | 0.299         |
|    learning_rate        | 0.000292      |
|    loss                 | -0.0022       |
|    n_updates            | 950           |
|    policy_gradient_loss | -0.000699     |
|    value_loss           | 8.91e-05      |
-------------------------------------------
------------------------------------------
| rollout/                |              |
|    ep_len_mean          | 4.32e+04     |
|    ep_rew_mean          | -0.203       |
| time/                   |              |
|    fps                  | 11330        |
|    iterations           | 97           |
|    time_elapsed         | 245          |
|    total_timesteps      | 2781184      |
| train/                  |              |
|    approx_kl            | 0.0010078774 |
|    clip_fraction        | 0.00948      |
|    clip_range           | 0.2          |
|    entropy_loss         | -0.165       |
|    explained_variance   | 0.309        |
|    learning_rate        | 0.000292     |
|    loss                 | -0.00309     |
|    n_updates            | 960          |
|    policy_gradient_loss | -0.000587    |
|    value_loss           | 0.000131     |
------------------------------------------
-------------------------------------------
| rollout/                |               |
|    ep_len_mean          | 4.32e+04      |
|    ep_rew_mean          | -0.203        |
| time/                   |               |
|    fps                  | 11359         |
|    iterations           | 98            |
|    time_elapsed         | 247           |
|    total_timesteps      | 2809856       |
| train/                  |               |
|    approx_kl            | 0.00072692364 |
|    clip_fraction        | 0.00863       |
|    clip_range           | 0.2           |
|    entropy_loss         | -0.154        |
|    explained_variance   | 0.204         |
|    learning_rate        | 0.000292      |
|    loss                 | 0.000105      |
|    n_updates            | 970           |
|    policy_gradient_loss | -0.000577     |
|    value_loss           | 0.000161      |
-------------------------------------------
-------------------------------------------
| rollout/                |               |
|    ep_len_mean          | 4.32e+04      |
|    ep_rew_mean          | -0.203        |
| time/                   |               |
|    fps                  | 11386         |
|    iterations           | 99            |
|    time_elapsed         | 249           |
|    total_timesteps      | 2838528       |
| train/                  |               |
|    approx_kl            | 0.00092054665 |
|    clip_fraction        | 0.011         |
|    clip_range           | 0.2           |
|    entropy_loss         | -0.152        |
|    explained_variance   | 0.3           |
|    learning_rate        | 0.000292      |
|    loss                 | -0.00284      |
|    n_updates            | 980           |
|    policy_gradient_loss | -0.000646     |
|    value_loss           | 0.000133      |
-------------------------------------------
------------------------------------------
| rollout/                |              |
|    ep_len_mean          | 4.32e+04     |
|    ep_rew_mean          | -0.203       |
| time/                   |              |
|    fps                  | 11414        |
|    iterations           | 100          |
|    time_elapsed         | 251          |
|    total_timesteps      | 2867200      |
| train/                  |              |
|    approx_kl            | 0.0011675286 |
|    clip_fraction        | 0.0147       |
|    clip_range           | 0.2          |
|    entropy_loss         | -0.149       |
|    explained_variance   | -0.0338      |
|    learning_rate        | 0.000291     |
|    loss                 | -0.00289     |
|    n_updates            | 990          |
|    policy_gradient_loss | -0.000707    |
|    value_loss           | 0.000556     |
------------------------------------------
------------------------------------------
| rollout/                |              |
|    ep_len_mean          | 4.32e+04     |
|    ep_rew_mean          | -0.203       |
| time/                   |              |
|    fps                  | 11441        |
|    iterations           | 101          |
|    time_elapsed         | 253          |
|    total_timesteps      | 2895872      |
| train/                  |              |
|    approx_kl            | 0.0014410878 |
|    clip_fraction        | 0.0153       |
|    clip_range           | 0.2          |
|    entropy_loss         | -0.174       |
|    explained_variance   | 0.103        |
|    learning_rate        | 0.000291     |
|    loss                 | -0.00112     |
|    n_updates            | 1000         |
|    policy_gradient_loss | -0.00109     |
|    value_loss           | 0.000604     |
------------------------------------------
------------------------------------------
| rollout/                |              |
|    ep_len_mean          | 4.32e+04     |
|    ep_rew_mean          | -0.203       |
| time/                   |              |
|    fps                  | 11466        |
|    iterations           | 102          |
|    time_elapsed         | 255          |
|    total_timesteps      | 2924544      |
| train/                  |              |
|    approx_kl            | 0.0007363443 |
|    clip_fraction        | 0.00766      |
|    clip_range           | 0.2          |
|    entropy_loss         | -0.151       |
|    explained_variance   | 0.0549       |
|    learning_rate        | 0.000291     |
|    loss                 | -0.00157     |
|    n_updates            | 1010         |
|    policy_gradient_loss | -0.000407    |
|    value_loss           | 0.000343     |
------------------------------------------
------------------------------------------
| rollout/                |              |
|    ep_len_mean          | 4.32e+04     |
|    ep_rew_mean          | -0.203       |
| time/                   |              |
|    fps                  | 11487        |
|    iterations           | 103          |
|    time_elapsed         | 257          |
|    total_timesteps      | 2953216      |
| train/                  |              |
|    approx_kl            | 0.0005456591 |
|    clip_fraction        | 0.00666      |
|    clip_range           | 0.2          |
|    entropy_loss         | -0.16        |
|    explained_variance   | 0.0889       |
|    learning_rate        | 0.000291     |
|    loss                 | -0.00205     |
|    n_updates            | 1020         |
|    policy_gradient_loss | -0.000356    |
|    value_loss           | 0.000288     |
------------------------------------------
-----------------------------------------
| rollout/                |             |
|    ep_len_mean          | 4.32e+04    |
|    ep_rew_mean          | -0.203      |
| time/                   |             |
|    fps                  | 11505       |
|    iterations           | 104         |
|    time_elapsed         | 259         |
|    total_timesteps      | 2981888     |
| train/                  |             |
|    approx_kl            | 0.000676979 |
|    clip_fraction        | 0.00756     |
|    clip_range           | 0.2         |
|    entropy_loss         | -0.153      |
|    explained_variance   | 0.219       |
|    learning_rate        | 0.000291    |
|    loss                 | -0.00254    |
|    n_updates            | 1030        |
|    policy_gradient_loss | -0.000544   |
|    value_loss           | 0.000153    |
-----------------------------------------
------------------------------------------------------
| rollout/                           |               |
|    ep_len_mean                     | 4.32e+04      |
|    ep_rew_mean                     | -0.203        |
| time/                              |               |
|    fps                             | 10978         |
|    iterations                      | 105           |
|    time_elapsed                    | 274           |
|    total_timesteps                 | 3010560       |
| train/                             |               |
|    approx_kl                       | 0.00072678394 |
|    clip_fraction                   | 0.00744       |
|    clip_range                      | 0.2           |
|    entropy_loss                    | -0.153        |
|    explained_variance              | 0.221         |
|    learning_rate                   | 0.000291      |
|    loss                            | -0.000453     |
|    n_updates                       | 1040          |
|    policy_gradient_loss            | -0.000516     |
|    value_loss                      | 0.00022       |
| valid/                             |               |
|    BTC-USDT-SWAP/compound_mdd_pct  | 99.9          |
|    BTC-USDT-SWAP/compound_multiple | 0.000924      |
|    BTC-USDT-SWAP/max_single_loss   | -31.1         |
|    BTC-USDT-SWAP/max_upnl          | 0.441         |
|    BTC-USDT-SWAP/near_liq_n        | 0             |
|    BTC-USDT-SWAP/near_liq_pct      | 0             |
|    BTC-USDT-SWAP/pnl_std           | 4.59          |
|    BTC-USDT-SWAP/sel_monthly_log   | -1.14         |
|    BTC-USDT-SWAP/total_pnl         | -472          |
|    BTC-USDT-SWAP/trades            | 2063          |
|    BTC-USDT-SWAP/trades_per_month  | 175           |
|    BTC-USDT-SWAP/v9_kpi            | -1.47         |
|    BTC-USDT-SWAP/v9_kpi_z_mdd      | -1.76         |
|    BTC-USDT-SWAP/v9_kpi_z_msl      | -0.0907       |
|    BTC-USDT-SWAP/v9_kpi_z_sel      | -2.29         |
|    BTC-USDT-SWAP/win_rate          | 0.587         |
|    ETH-USDT-SWAP/compound_mdd_pct  | 100           |
|    ETH-USDT-SWAP/compound_multiple | 0             |
|    ETH-USDT-SWAP/max_single_loss   | -100          |
|    ETH-USDT-SWAP/max_upnl          | 1.05          |
|    ETH-USDT-SWAP/near_liq_n        | 1             |
|    ETH-USDT-SWAP/near_liq_pct      | 0.000759      |
|    ETH-USDT-SWAP/pnl_std           | 8.61          |
|    ETH-USDT-SWAP/total_pnl         | 488           |
|    ETH-USDT-SWAP/trades            | 1317          |
|    ETH-USDT-SWAP/trades_per_month  | 111           |
|    ETH-USDT-SWAP/win_rate          | 0.617         |
------------------------------------------------------
-------------------------------------------
| rollout/                |               |
|    ep_len_mean          | 4.32e+04      |
|    ep_rew_mean          | -0.00946      |
| time/                   |               |
|    fps                  | 11003         |
|    iterations           | 106           |
|    time_elapsed         | 276           |
|    total_timesteps      | 3039232       |
| train/                  |               |
|    approx_kl            | 0.00089441385 |
|    clip_fraction        | 0.0102        |
|    clip_range           | 0.2           |
|    entropy_loss         | -0.168        |
|    explained_variance   | 0.223         |
|    learning_rate        | 0.000291      |
|    loss                 | -0.00431      |
|    n_updates            | 1050          |
|    policy_gradient_loss | -0.000507     |
|    value_loss           | 0.00024       |
-------------------------------------------
------------------------------------------
| rollout/                |              |
|    ep_len_mean          | 4.32e+04     |
|    ep_rew_mean          | -0.00946     |
| time/                   |              |
|    fps                  | 11029        |
|    iterations           | 107          |
|    time_elapsed         | 278          |
|    total_timesteps      | 3067904      |
| train/                  |              |
|    approx_kl            | 0.0009300294 |
|    clip_fraction        | 0.0115       |
|    clip_range           | 0.2          |
|    entropy_loss         | -0.136       |
|    explained_variance   | 0.303        |
|    learning_rate        | 0.000291     |
|    loss                 | -0.0046      |
|    n_updates            | 1060         |
|    policy_gradient_loss | -0.000991    |
|    value_loss           | 0.000137     |
------------------------------------------
-------------------------------------------
| rollout/                |               |
|    ep_len_mean          | 4.32e+04      |
|    ep_rew_mean          | -0.00946      |
| time/                   |               |
|    fps                  | 11055         |
|    iterations           | 108           |
|    time_elapsed         | 280           |
|    total_timesteps      | 3096576       |
| train/                  |               |
|    approx_kl            | 0.00079744385 |
|    clip_fraction        | 0.00832       |
|    clip_range           | 0.2           |
|    entropy_loss         | -0.132        |
|    explained_variance   | 0.495         |
|    learning_rate        | 0.000291      |
|    loss                 | -0.00264      |
|    n_updates            | 1070          |
|    policy_gradient_loss | -0.00056      |
|    value_loss           | 9e-05         |
-------------------------------------------
------------------------------------------
| rollout/                |              |
|    ep_len_mean          | 4.32e+04     |
|    ep_rew_mean          | -0.00946     |
| time/                   |              |
|    fps                  | 11078        |
|    iterations           | 109          |
|    time_elapsed         | 282          |
|    total_timesteps      | 3125248      |
| train/                  |              |
|    approx_kl            | 0.0006378674 |
|    clip_fraction        | 0.00869      |
|    clip_range           | 0.2          |
|    entropy_loss         | -0.104       |
|    explained_variance   | 0.503        |
|    learning_rate        | 0.000291     |
|    loss                 | -0.000917    |
|    n_updates            | 1080         |
|    policy_gradient_loss | -0.000771    |
|    value_loss           | 8.96e-05     |
------------------------------------------
------------------------------------------
| rollout/                |              |
|    ep_len_mean          | 4.32e+04     |
|    ep_rew_mean          | -0.00946     |
| time/                   |              |
|    fps                  | 11101        |
|    iterations           | 110          |
|    time_elapsed         | 284          |
|    total_timesteps      | 3153920      |
| train/                  |              |
|    approx_kl            | 0.0005151736 |
|    clip_fraction        | 0.00579      |
|    clip_range           | 0.2          |
|    entropy_loss         | -0.101       |
|    explained_variance   | 0.398        |
|    learning_rate        | 0.000291     |
|    loss                 | -0.00147     |
|    n_updates            | 1090         |
|    policy_gradient_loss | -0.000706    |
|    value_loss           | 0.00011      |
------------------------------------------
-------------------------------------------
| rollout/                |               |
|    ep_len_mean          | 4.32e+04      |
|    ep_rew_mean          | -0.00946      |
| time/                   |               |
|    fps                  | 11124         |
|    iterations           | 111           |
|    time_elapsed         | 286           |
|    total_timesteps      | 3182592       |
| train/                  |               |
|    approx_kl            | 0.00060940615 |
|    clip_fraction        | 0.00879       |
|    clip_range           | 0.2           |
|    entropy_loss         | -0.0938       |
|    explained_variance   | 0.328         |
|    learning_rate        | 0.000291      |
|    loss                 | -0.00348      |
|    n_updates            | 1100          |
|    policy_gradient_loss | -0.000665     |
|    value_loss           | 0.000133      |
-------------------------------------------
-------------------------------------------
| rollout/                |               |
|    ep_len_mean          | 4.32e+04      |
|    ep_rew_mean          | -0.00946      |
| time/                   |               |
|    fps                  | 11150         |
|    iterations           | 112           |
|    time_elapsed         | 287           |
|    total_timesteps      | 3211264       |
| train/                  |               |
|    approx_kl            | 0.00058367784 |
|    clip_fraction        | 0.00655       |
|    clip_range           | 0.2           |
|    entropy_loss         | -0.112        |
|    explained_variance   | 0.344         |
|    learning_rate        | 0.00029       |
|    loss                 | 0.000523      |
|    n_updates            | 1110          |
|    policy_gradient_loss | -0.000279     |
|    value_loss           | 9.34e-05      |
-------------------------------------------
------------------------------------------
| rollout/                |              |
|    ep_len_mean          | 4.32e+04     |
|    ep_rew_mean          | -0.00946     |
| time/                   |              |
|    fps                  | 11175        |
|    iterations           | 113          |
|    time_elapsed         | 289          |
|    total_timesteps      | 3239936      |
| train/                  |              |
|    approx_kl            | 0.0005716238 |
|    clip_fraction        | 0.00532      |
|    clip_range           | 0.2          |
|    entropy_loss         | -0.106       |
|    explained_variance   | 0.391        |
|    learning_rate        | 0.00029      |
|    loss                 | 0.00114      |
|    n_updates            | 1120         |
|    policy_gradient_loss | -0.000382    |
|    value_loss           | 0.000107     |
------------------------------------------
------------------------------------------
| rollout/                |              |
|    ep_len_mean          | 4.32e+04     |
|    ep_rew_mean          | -0.00946     |
| time/                   |              |
|    fps                  | 11199        |
|    iterations           | 114          |
|    time_elapsed         | 291          |
|    total_timesteps      | 3268608      |
| train/                  |              |
|    approx_kl            | 0.0005379912 |
|    clip_fraction        | 0.00642      |
|    clip_range           | 0.2          |
|    entropy_loss         | -0.0966      |
|    explained_variance   | 0.555        |
|    learning_rate        | 0.00029      |
|    loss                 | 0.000475     |
|    n_updates            | 1130         |
|    policy_gradient_loss | -0.000409    |
|    value_loss           | 0.000103     |
------------------------------------------
-------------------------------------------
| rollout/                |               |
|    ep_len_mean          | 4.32e+04      |
|    ep_rew_mean          | -0.00946      |
| time/                   |               |
|    fps                  | 11224         |
|    iterations           | 115           |
|    time_elapsed         | 293           |
|    total_timesteps      | 3297280       |
| train/                  |               |
|    approx_kl            | 0.00091036997 |
|    clip_fraction        | 0.00922       |
|    clip_range           | 0.2           |
|    entropy_loss         | -0.0861       |
|    explained_variance   | 0.682         |
|    learning_rate        | 0.00029       |
|    loss                 | -0.00215      |
|    n_updates            | 1140          |
|    policy_gradient_loss | -0.000618     |
|    value_loss           | 9.81e-05      |
-------------------------------------------
-----------------------------------------
| rollout/                |             |
|    ep_len_mean          | 4.32e+04    |
|    ep_rew_mean          | -0.00946    |
| time/                   |             |
|    fps                  | 11248       |
|    iterations           | 116         |
|    time_elapsed         | 295         |
|    total_timesteps      | 3325952     |
| train/                  |             |
|    approx_kl            | 0.000669775 |
|    clip_fraction        | 0.00836     |
|    clip_range           | 0.2         |
|    entropy_loss         | -0.0886     |
|    explained_variance   | 0.655       |
|    learning_rate        | 0.00029     |
|    loss                 | -0.0038     |
|    n_updates            | 1150        |
|    policy_gradient_loss | -0.000718   |
|    value_loss           | 9.71e-05    |
-----------------------------------------
-------------------------------------------
| rollout/                |               |
|    ep_len_mean          | 4.32e+04      |
|    ep_rew_mean          | -0.00946      |
| time/                   |               |
|    fps                  | 11270         |
|    iterations           | 117           |
|    time_elapsed         | 297           |
|    total_timesteps      | 3354624       |
| train/                  |               |
|    approx_kl            | 0.00046540305 |
|    clip_fraction        | 0.00543       |
|    clip_range           | 0.2           |
|    entropy_loss         | -0.0707       |
|    explained_variance   | 0.658         |
|    learning_rate        | 0.00029       |
|    loss                 | -0.0023       |
|    n_updates            | 1160          |
|    policy_gradient_loss | -0.000433     |
|    value_loss           | 0.000117      |
-------------------------------------------
------------------------------------------
| rollout/                |              |
|    ep_len_mean          | 4.32e+04     |
|    ep_rew_mean          | -0.00946     |
| time/                   |              |
|    fps                  | 11293        |
|    iterations           | 118          |
|    time_elapsed         | 299          |
|    total_timesteps      | 3383296      |
| train/                  |              |
|    approx_kl            | 0.0006010175 |
|    clip_fraction        | 0.00691      |
|    clip_range           | 0.2          |
|    entropy_loss         | -0.0808      |
|    explained_variance   | 0.459        |
|    learning_rate        | 0.00029      |
|    loss                 | -0.00404     |
|    n_updates            | 1170         |
|    policy_gradient_loss | -0.000532    |
|    value_loss           | 0.000132     |
------------------------------------------
------------------------------------------
| rollout/                |              |
|    ep_len_mean          | 4.32e+04     |
|    ep_rew_mean          | -0.00946     |
| time/                   |              |
|    fps                  | 11315        |
|    iterations           | 119          |
|    time_elapsed         | 301          |
|    total_timesteps      | 3411968      |
| train/                  |              |
|    approx_kl            | 0.0006299177 |
|    clip_fraction        | 0.00692      |
|    clip_range           | 0.2          |
|    entropy_loss         | -0.0816      |
|    explained_variance   | 0.307        |
|    learning_rate        | 0.00029      |
|    loss                 | 0.000484     |
|    n_updates            | 1180         |
|    policy_gradient_loss | -0.000316    |
|    value_loss           | 0.000144     |
------------------------------------------
------------------------------------------
| rollout/                |              |
|    ep_len_mean          | 4.32e+04     |
|    ep_rew_mean          | -0.00946     |
| time/                   |              |
|    fps                  | 11337        |
|    iterations           | 120          |
|    time_elapsed         | 303          |
|    total_timesteps      | 3440640      |
| train/                  |              |
|    approx_kl            | 0.0011017343 |
|    clip_fraction        | 0.0114       |
|    clip_range           | 0.2          |
|    entropy_loss         | -0.081       |
|    explained_variance   | 0.166        |
|    learning_rate        | 0.00029      |
|    loss                 | -8.57e-06    |
|    n_updates            | 1190         |
|    policy_gradient_loss | -0.00101     |
|    value_loss           | 0.000327     |
------------------------------------------
-------------------------------------------
| rollout/                |               |
|    ep_len_mean          | 4.32e+04      |
|    ep_rew_mean          | -0.00946      |
| time/                   |               |
|    fps                  | 11358         |
|    iterations           | 121           |
|    time_elapsed         | 305           |
|    total_timesteps      | 3469312       |
| train/                  |               |
|    approx_kl            | 0.00050448795 |
|    clip_fraction        | 0.0068        |
|    clip_range           | 0.2           |
|    entropy_loss         | -0.0904       |
|    explained_variance   | 0.172         |
|    learning_rate        | 0.00029       |
|    loss                 | -0.000925     |
|    n_updates            | 1200          |
|    policy_gradient_loss | -0.000217     |
|    value_loss           | 0.000669      |
-------------------------------------------
-------------------------------------------
| rollout/                |               |
|    ep_len_mean          | 4.32e+04      |
|    ep_rew_mean          | -0.00946      |
| time/                   |               |
|    fps                  | 11379         |
|    iterations           | 122           |
|    time_elapsed         | 307           |
|    total_timesteps      | 3497984       |
| train/                  |               |
|    approx_kl            | 0.00053579995 |
|    clip_fraction        | 0.00705       |
|    clip_range           | 0.2           |
|    entropy_loss         | -0.0705       |
|    explained_variance   | 0.0494        |
|    learning_rate        | 0.00029       |
|    loss                 | 0.00188       |
|    n_updates            | 1210          |
|    policy_gradient_loss | -0.000663     |
|    value_loss           | 0.00024       |
-------------------------------------------
-----------------------------------------------------
| rollout/                           |              |
|    ep_len_mean                     | 4.32e+04     |
|    ep_rew_mean                     | -0.00946     |
| time/                              |              |
|    fps                             | 10899        |
|    iterations                      | 123          |
|    time_elapsed                    | 323          |
|    total_timesteps                 | 3526656      |
| train/                             |              |
|    approx_kl                       | 0.0006370737 |
|    clip_fraction                   | 0.00582      |
|    clip_range                      | 0.2          |
|    entropy_loss                    | -0.078       |
|    explained_variance              | 0.157        |
|    learning_rate                   | 0.00029      |
|    loss                            | -0.00028     |
|    n_updates                       | 1220         |
|    policy_gradient_loss            | -0.000816    |
|    value_loss                      | 0.000297     |
| valid/                             |              |
|    BTC-USDT-SWAP/compound_mdd_pct  | 100          |
|    BTC-USDT-SWAP/compound_multiple | 0            |
|    BTC-USDT-SWAP/max_single_loss   | -100         |
|    BTC-USDT-SWAP/max_upnl          | 1.06         |
|    BTC-USDT-SWAP/near_liq_n        | 1            |
|    BTC-USDT-SWAP/near_liq_pct      | 0.00252      |
|    BTC-USDT-SWAP/pnl_std           | 13.5         |
|    BTC-USDT-SWAP/sel_monthly_log   | -1.31        |
|    BTC-USDT-SWAP/total_pnl         | 114          |
|    BTC-USDT-SWAP/trades            | 397          |
|    BTC-USDT-SWAP/trades_per_month  | 33.6         |
|    BTC-USDT-SWAP/v9_kpi            | -3.33        |
|    BTC-USDT-SWAP/v9_kpi_z_mdd      | -1.76        |
|    BTC-USDT-SWAP/v9_kpi_z_msl      | -5.83        |
|    BTC-USDT-SWAP/v9_kpi_z_sel      | -2.63        |
|    BTC-USDT-SWAP/win_rate          | 0.625        |
|    ETH-USDT-SWAP/compound_mdd_pct  | 100          |
|    ETH-USDT-SWAP/compound_multiple | 0            |
|    ETH-USDT-SWAP/max_single_loss   | -100         |
|    ETH-USDT-SWAP/max_upnl          | 1.38         |
|    ETH-USDT-SWAP/near_liq_n        | 3            |
|    ETH-USDT-SWAP/near_liq_pct      | 0.0149       |
|    ETH-USDT-SWAP/pnl_std           | 25.5         |
|    ETH-USDT-SWAP/total_pnl         | -249         |
|    ETH-USDT-SWAP/trades            | 201          |
|    ETH-USDT-SWAP/trades_per_month  | 17           |
|    ETH-USDT-SWAP/win_rate          | 0.562        |
-----------------------------------------------------
------------------------------------------
| rollout/                |              |
|    ep_len_mean          | 4.32e+04     |
|    ep_rew_mean          | -0.00946     |
| time/                   |              |
|    fps                  | 10922        |
|    iterations           | 124          |
|    time_elapsed         | 325          |
|    total_timesteps      | 3555328      |
| train/                  |              |
|    approx_kl            | 0.0025083406 |
|    clip_fraction        | 0.00919      |
|    clip_range           | 0.2          |
|    entropy_loss         | -0.0757      |
|    explained_variance   | 0.287        |
|    learning_rate        | 0.000289     |
|    loss                 | 0.000714     |
|    n_updates            | 1230         |
|    policy_gradient_loss | -0.000817    |
|    value_loss           | 0.000142     |
------------------------------------------
-------------------------------------------
| rollout/                |               |
|    ep_len_mean          | 4.32e+04      |
|    ep_rew_mean          | -0.00946      |
| time/                   |               |
|    fps                  | 10945         |
|    iterations           | 125           |
|    time_elapsed         | 327           |
|    total_timesteps      | 3584000       |
| train/                  |               |
|    approx_kl            | 0.00072203093 |
|    clip_fraction        | 0.00992       |
|    clip_range           | 0.2           |
|    entropy_loss         | -0.0989       |
|    explained_variance   | 0.36          |
|    learning_rate        | 0.000289      |
|    loss                 | -0.00155      |
|    n_updates            | 1240          |
|    policy_gradient_loss | -0.000753     |
|    value_loss           | 0.000135      |
-------------------------------------------
-------------------------------------------
| rollout/                |               |
|    ep_len_mean          | 4.32e+04      |
|    ep_rew_mean          | -0.00946      |
| time/                   |               |
|    fps                  | 10966         |
|    iterations           | 126           |
|    time_elapsed         | 329           |
|    total_timesteps      | 3612672       |
| train/                  |               |
|    approx_kl            | 0.00085034076 |
|    clip_fraction        | 0.00848       |
|    clip_range           | 0.2           |
|    entropy_loss         | -0.0953       |
|    explained_variance   | 0.305         |
|    learning_rate        | 0.000289      |
|    loss                 | -0.000996     |
|    n_updates            | 1250          |
|    policy_gradient_loss | -0.000644     |
|    value_loss           | 0.000159      |
-------------------------------------------
------------------------------------------
| rollout/                |              |
|    ep_len_mean          | 4.32e+04     |
|    ep_rew_mean          | 0.118        |
| time/                   |              |
|    fps                  | 10982        |
|    iterations           | 127          |
|    time_elapsed         | 331          |
|    total_timesteps      | 3641344      |
| train/                  |              |
|    approx_kl            | 0.0004924987 |
|    clip_fraction        | 0.00662      |
|    clip_range           | 0.2          |
|    entropy_loss         | -0.0881      |
|    explained_variance   | 0.231        |
|    learning_rate        | 0.000289     |
|    loss                 | -0.00259     |
|    n_updates            | 1260         |
|    policy_gradient_loss | -0.000702    |
|    value_loss           | 0.000157     |
------------------------------------------
-------------------------------------------
| rollout/                |               |
|    ep_len_mean          | 4.33e+04      |
|    ep_rew_mean          | 0.133         |
| time/                   |               |
|    fps                  | 11002         |
|    iterations           | 128           |
|    time_elapsed         | 333           |
|    total_timesteps      | 3670016       |
| train/                  |               |
|    approx_kl            | 0.00048517628 |
|    clip_fraction        | 0.00748       |
|    clip_range           | 0.2           |
|    entropy_loss         | -0.0826       |
|    explained_variance   | 0.292         |
|    learning_rate        | 0.000289      |
|    loss                 | -0.00143      |
|    n_updates            | 1270          |
|    policy_gradient_loss | -0.000457     |
|    value_loss           | 0.000116      |
-------------------------------------------
-------------------------------------------
| rollout/                |               |
|    ep_len_mean          | 4.33e+04      |
|    ep_rew_mean          | 0.133         |
| time/                   |               |
|    fps                  | 11022         |
|    iterations           | 129           |
|    time_elapsed         | 335           |
|    total_timesteps      | 3698688       |
| train/                  |               |
|    approx_kl            | 0.00089720025 |
|    clip_fraction        | 0.00943       |
|    clip_range           | 0.2           |
|    entropy_loss         | -0.0867       |
|    explained_variance   | 0.372         |
|    learning_rate        | 0.000289      |
|    loss                 | -0.00237      |
|    n_updates            | 1280          |
|    policy_gradient_loss | -0.000759     |
|    value_loss           | 0.000104      |
-------------------------------------------
-------------------------------------------
| rollout/                |               |
|    ep_len_mean          | 4.33e+04      |
|    ep_rew_mean          | 0.133         |
| time/                   |               |
|    fps                  | 11043         |
|    iterations           | 130           |
|    time_elapsed         | 337           |
|    total_timesteps      | 3727360       |
| train/                  |               |
|    approx_kl            | 0.00039393347 |
|    clip_fraction        | 0.0058        |
|    clip_range           | 0.2           |
|    entropy_loss         | -0.0865       |
|    explained_variance   | 0.329         |
|    learning_rate        | 0.000289      |
|    loss                 | 0.000247      |
|    n_updates            | 1290          |
|    policy_gradient_loss | -0.00026      |
|    value_loss           | 9.17e-05      |
-------------------------------------------
-------------------------------------------
| rollout/                |               |
|    ep_len_mean          | 4.33e+04      |
|    ep_rew_mean          | 0.133         |
| time/                   |               |
|    fps                  | 11062         |
|    iterations           | 131           |
|    time_elapsed         | 339           |
|    total_timesteps      | 3756032       |
| train/                  |               |
|    approx_kl            | 0.00043959197 |
|    clip_fraction        | 0.00471       |
|    clip_range           | 0.2           |
|    entropy_loss         | -0.0868       |
|    explained_variance   | 0.543         |
|    learning_rate        | 0.000289      |
|    loss                 | -0.00194      |
|    n_updates            | 1300          |
|    policy_gradient_loss | -0.000373     |
|    value_loss           | 9.35e-05      |
-------------------------------------------
------------------------------------------
| rollout/                |              |
|    ep_len_mean          | 4.33e+04     |
|    ep_rew_mean          | 0.133        |
| time/                   |              |
|    fps                  | 11081        |
|    iterations           | 132          |
|    time_elapsed         | 341          |
|    total_timesteps      | 3784704      |
| train/                  |              |
|    approx_kl            | 0.0005797025 |
|    clip_fraction        | 0.00738      |
|    clip_range           | 0.2          |
|    entropy_loss         | -0.0821      |
|    explained_variance   | 0.455        |
|    learning_rate        | 0.000289     |
|    loss                 | -0.00241     |
|    n_updates            | 1310         |
|    policy_gradient_loss | -0.000462    |
|    value_loss           | 6.08e-05     |
------------------------------------------
-------------------------------------------
| rollout/                |               |
|    ep_len_mean          | 4.33e+04      |
|    ep_rew_mean          | 0.133         |
| time/                   |               |
|    fps                  | 11101         |
|    iterations           | 133           |
|    time_elapsed         | 343           |
|    total_timesteps      | 3813376       |
| train/                  |               |
|    approx_kl            | 0.00051946443 |
|    clip_fraction        | 0.00704       |
|    clip_range           | 0.2           |
|    entropy_loss         | -0.0937       |
|    explained_variance   | 0.437         |
|    learning_rate        | 0.000289      |
|    loss                 | -0.00263      |
|    n_updates            | 1320          |
|    policy_gradient_loss | -0.000501     |
|    value_loss           | 8.79e-05      |
-------------------------------------------
-------------------------------------------
| rollout/                |               |
|    ep_len_mean          | 4.33e+04      |
|    ep_rew_mean          | 0.133         |
| time/                   |               |
|    fps                  | 11120         |
|    iterations           | 134           |
|    time_elapsed         | 345           |
|    total_timesteps      | 3842048       |
| train/                  |               |
|    approx_kl            | 0.00063424185 |
|    clip_fraction        | 0.00905       |
|    clip_range           | 0.2           |
|    entropy_loss         | -0.0948       |
|    explained_variance   | 0.337         |
|    learning_rate        | 0.000289      |
|    loss                 | -0.00133      |
|    n_updates            | 1330          |
|    policy_gradient_loss | -0.00079      |
|    value_loss           | 8.17e-05      |
-------------------------------------------
-------------------------------------------
| rollout/                |               |
|    ep_len_mean          | 4.33e+04      |
|    ep_rew_mean          | 0.133         |
| time/                   |               |
|    fps                  | 11140         |
|    iterations           | 135           |
|    time_elapsed         | 347           |
|    total_timesteps      | 3870720       |
| train/                  |               |
|    approx_kl            | 0.00043642963 |
|    clip_fraction        | 0.00584       |
|    clip_range           | 0.2           |
|    entropy_loss         | -0.0725       |
|    explained_variance   | 0.406         |
|    learning_rate        | 0.000288      |
|    loss                 | -0.00125      |
|    n_updates            | 1340          |
|    policy_gradient_loss | -0.000411     |
|    value_loss           | 7.26e-05      |
-------------------------------------------
------------------------------------------
| rollout/                |              |
|    ep_len_mean          | 4.33e+04     |
|    ep_rew_mean          | 0.133        |
| time/                   |              |
|    fps                  | 11161        |
|    iterations           | 136          |
|    time_elapsed         | 349          |
|    total_timesteps      | 3899392      |
| train/                  |              |
|    approx_kl            | 0.0005798923 |
|    clip_fraction        | 0.00773      |
|    clip_range           | 0.2          |
|    entropy_loss         | -0.0939      |
|    explained_variance   | 0.339        |
|    learning_rate        | 0.000288     |
|    loss                 | -0.000305    |
|    n_updates            | 1350         |
|    policy_gradient_loss | -0.000366    |
|    value_loss           | 9.92e-05     |
------------------------------------------
------------------------------------------
| rollout/                |              |
|    ep_len_mean          | 4.33e+04     |
|    ep_rew_mean          | 0.133        |
| time/                   |              |
|    fps                  | 11181        |
|    iterations           | 137          |
|    time_elapsed         | 351          |
|    total_timesteps      | 3928064      |
| train/                  |              |
|    approx_kl            | 0.0005577537 |
|    clip_fraction        | 0.00563      |
|    clip_range           | 0.2          |
|    entropy_loss         | -0.0742      |
|    explained_variance   | 0.58         |
|    learning_rate        | 0.000288     |
|    loss                 | 2.4e-05      |
|    n_updates            | 1360         |
|    policy_gradient_loss | -0.000322    |
|    value_loss           | 6.36e-05     |
------------------------------------------
-------------------------------------------
| rollout/                |               |
|    ep_len_mean          | 4.33e+04      |
|    ep_rew_mean          | 0.133         |
| time/                   |               |
|    fps                  | 11202         |
|    iterations           | 138           |
|    time_elapsed         | 353           |
|    total_timesteps      | 3956736       |
| train/                  |               |
|    approx_kl            | 0.00052252103 |
|    clip_fraction        | 0.00614       |
|    clip_range           | 0.2           |
|    entropy_loss         | -0.0666       |
|    explained_variance   | 0.344         |
|    learning_rate        | 0.000288      |
|    loss                 | -0.00323      |
|    n_updates            | 1370          |
|    policy_gradient_loss | -0.000442     |
|    value_loss           | 9.36e-05      |
-------------------------------------------
------------------------------------------
| rollout/                |              |
|    ep_len_mean          | 4.33e+04     |
|    ep_rew_mean          | 0.133        |
| time/                   |              |
|    fps                  | 11222        |
|    iterations           | 139          |
|    time_elapsed         | 355          |
|    total_timesteps      | 3985408      |
| train/                  |              |
|    approx_kl            | 0.0013845196 |
|    clip_fraction        | 0.0135       |
|    clip_range           | 0.2          |
|    entropy_loss         | -0.0961      |
|    explained_variance   | 0.362        |
|    learning_rate        | 0.000288     |
|    loss                 | -0.00145     |
|    n_updates            | 1380         |
|    policy_gradient_loss | -0.000752    |
|    value_loss           | 0.000189     |
------------------------------------------
------------------------------------------------------
| rollout/                           |               |
|    ep_len_mean                     | 4.33e+04      |
|    ep_rew_mean                     | 0.133         |
| time/                              |               |
|    fps                             | 10817         |
|    iterations                      | 140           |
|    time_elapsed                    | 371           |
|    total_timesteps                 | 4014080       |
| train/                             |               |
|    approx_kl                       | 0.00074922165 |
|    clip_fraction                   | 0.00845       |
|    clip_range                      | 0.2           |
|    entropy_loss                    | -0.105        |
|    explained_variance              | 0.311         |
|    learning_rate                   | 0.000288      |
|    loss                            | 0.00283       |
|    n_updates                       | 1390          |
|    policy_gradient_loss            | -0.000331     |
|    value_loss                      | 9.51e-05      |
| valid/                             |               |
|    BTC-USDT-SWAP/compound_mdd_pct  | 99.7          |
|    BTC-USDT-SWAP/compound_multiple | 0.0224        |
|    BTC-USDT-SWAP/max_single_loss   | -49.7         |
|    BTC-USDT-SWAP/max_upnl          | 0.678         |
|    BTC-USDT-SWAP/near_liq_n        | 0             |
|    BTC-USDT-SWAP/near_liq_pct      | 0             |
|    BTC-USDT-SWAP/pnl_std           | 7.45          |
|    BTC-USDT-SWAP/sel_monthly_log   | -1.12         |
|    BTC-USDT-SWAP/total_pnl         | -88.4         |
|    BTC-USDT-SWAP/trades            | 1022          |
|    BTC-USDT-SWAP/trades_per_month  | 86.5          |
|    BTC-USDT-SWAP/v9_kpi            | -1.91         |
|    BTC-USDT-SWAP/v9_kpi_z_mdd      | -1.75         |
|    BTC-USDT-SWAP/v9_kpi_z_msl      | -1.64         |
|    BTC-USDT-SWAP/v9_kpi_z_sel      | -2.23         |
|    BTC-USDT-SWAP/win_rate          | 0.608         |
|    ETH-USDT-SWAP/compound_mdd_pct  | 100           |
|    ETH-USDT-SWAP/compound_multiple | 0             |
|    ETH-USDT-SWAP/max_single_loss   | -100          |
|    ETH-USDT-SWAP/max_upnl          | 1.66          |
|    ETH-USDT-SWAP/near_liq_n        | 3             |
|    ETH-USDT-SWAP/near_liq_pct      | 0.00594       |
|    ETH-USDT-SWAP/pnl_std           | 16.9          |
|    ETH-USDT-SWAP/total_pnl         | 20.5          |
|    ETH-USDT-SWAP/trades            | 505           |
|    ETH-USDT-SWAP/trades_per_month  | 42.7          |
|    ETH-USDT-SWAP/win_rate          | 0.628         |
------------------------------------------------------
------------------------------------------
| rollout/                |              |
|    ep_len_mean          | 4.33e+04     |
|    ep_rew_mean          | 0.133        |
| time/                   |              |
|    fps                  | 10838        |
|    iterations           | 141          |
|    time_elapsed         | 372          |
|    total_timesteps      | 4042752      |
| train/                  |              |
|    approx_kl            | 0.0006517285 |
|    clip_fraction        | 0.00718      |
|    clip_range           | 0.2          |
|    entropy_loss         | -0.0816      |
|    explained_variance   | 0.355        |
|    learning_rate        | 0.000288     |
|    loss                 | -0.00215     |
|    n_updates            | 1400         |
|    policy_gradient_loss | -0.000503    |
|    value_loss           | 7.82e-05     |
------------------------------------------
-------------------------------------------
| rollout/                |               |
|    ep_len_mean          | 4.33e+04      |
|    ep_rew_mean          | 0.133         |
| time/                   |               |
|    fps                  | 10859         |
|    iterations           | 142           |
|    time_elapsed         | 374           |
|    total_timesteps      | 4071424       |
| train/                  |               |
|    approx_kl            | 0.00048527686 |
|    clip_fraction        | 0.00541       |
|    clip_range           | 0.2           |
|    entropy_loss         | -0.0749       |
|    explained_variance   | 0.386         |
|    learning_rate        | 0.000288      |
|    loss                 | 0.00171       |
|    n_updates            | 1410          |
|    policy_gradient_loss | -0.000331     |
|    value_loss           | 8.26e-05      |
-------------------------------------------
------------------------------------------
| rollout/                |              |
|    ep_len_mean          | 4.33e+04     |
|    ep_rew_mean          | 0.133        |
| time/                   |              |
|    fps                  | 10879        |
|    iterations           | 143          |
|    time_elapsed         | 376          |
|    total_timesteps      | 4100096      |
| train/                  |              |
|    approx_kl            | 0.0009698175 |
|    clip_fraction        | 0.00928      |
|    clip_range           | 0.2          |
|    entropy_loss         | -0.0754      |
|    explained_variance   | 0.224        |
|    learning_rate        | 0.000288     |
|    loss                 | 0.00152      |
|    n_updates            | 1420         |
|    policy_gradient_loss | -0.00069     |
|    value_loss           | 0.000157     |
------------------------------------------
------------------------------------------
| rollout/                |              |
|    ep_len_mean          | 4.33e+04     |
|    ep_rew_mean          | 0.133        |
| time/                   |              |
|    fps                  | 10899        |
|    iterations           | 144          |
|    time_elapsed         | 378          |
|    total_timesteps      | 4128768      |
| train/                  |              |
|    approx_kl            | 0.0005881311 |
|    clip_fraction        | 0.00519      |
|    clip_range           | 0.2          |
|    entropy_loss         | -0.0634      |
|    explained_variance   | 0.303        |
|    learning_rate        | 0.000288     |
|    loss                 | -0.000281    |
|    n_updates            | 1430         |
|    policy_gradient_loss | -0.000319    |
|    value_loss           | 0.000141     |
------------------------------------------
------------------------------------------
| rollout/                |              |
|    ep_len_mean          | 4.33e+04     |
|    ep_rew_mean          | 0.133        |
| time/                   |              |
|    fps                  | 10919        |
|    iterations           | 145          |
|    time_elapsed         | 380          |
|    total_timesteps      | 4157440      |
| train/                  |              |
|    approx_kl            | 0.0004026454 |
|    clip_fraction        | 0.00529      |
|    clip_range           | 0.2          |
|    entropy_loss         | -0.0621      |
|    explained_variance   | 0.345        |
|    learning_rate        | 0.000288     |
|    loss                 | -0.00371     |
|    n_updates            | 1440         |
|    policy_gradient_loss | -0.000603    |
|    value_loss           | 8.18e-05     |
------------------------------------------
-------------------------------------------
| rollout/                |               |
|    ep_len_mean          | 4.33e+04      |
|    ep_rew_mean          | 0.133         |
| time/                   |               |
|    fps                  | 10939         |
|    iterations           | 146           |
|    time_elapsed         | 382           |
|    total_timesteps      | 4186112       |
| train/                  |               |
|    approx_kl            | 0.00050540996 |
|    clip_fraction        | 0.00489       |
|    clip_range           | 0.2           |
|    entropy_loss         | -0.0489       |
|    explained_variance   | 0.38          |
|    learning_rate        | 0.000288      |
|    loss                 | -0.000885     |
|    n_updates            | 1450          |
|    policy_gradient_loss | -0.000374     |
|    value_loss           | 0.000118      |
-------------------------------------------
-------------------------------------------
| rollout/                |               |
|    ep_len_mean          | 4.33e+04      |
|    ep_rew_mean          | 0.133         |
| time/                   |               |
|    fps                  | 10959         |
|    iterations           | 147           |
|    time_elapsed         | 384           |
|    total_timesteps      | 4214784       |
| train/                  |               |
|    approx_kl            | 0.00055853097 |
|    clip_fraction        | 0.00639       |
|    clip_range           | 0.2           |
|    entropy_loss         | -0.0608       |
|    explained_variance   | 0.205         |
|    learning_rate        | 0.000287      |
|    loss                 | -1.3e-05      |
|    n_updates            | 1460          |
|    policy_gradient_loss | -0.000492     |
|    value_loss           | 0.000147      |
-------------------------------------------
------------------------------------------
| rollout/                |              |
|    ep_len_mean          | 4.33e+04     |
|    ep_rew_mean          | 0.242        |
| time/                   |              |
|    fps                  | 10977        |
|    iterations           | 148          |
|    time_elapsed         | 386          |
|    total_timesteps      | 4243456      |
| train/                  |              |
|    approx_kl            | 0.0005007888 |
|    clip_fraction        | 0.00644      |
|    clip_range           | 0.2          |
|    entropy_loss         | -0.0599      |
|    explained_variance   | 0.216        |
|    learning_rate        | 0.000287     |
|    loss                 | -0.00273     |
|    n_updates            | 1470         |
|    policy_gradient_loss | -0.000433    |
|    value_loss           | 0.000145     |
------------------------------------------
-------------------------------------------
| rollout/                |               |
|    ep_len_mean          | 4.33e+04      |
|    ep_rew_mean          | 0.278         |
| time/                   |               |
|    fps                  | 10996         |
|    iterations           | 149           |
|    time_elapsed         | 388           |
|    total_timesteps      | 4272128       |
| train/                  |               |
|    approx_kl            | 0.00035441713 |
|    clip_fraction        | 0.00414       |
|    clip_range           | 0.2           |
|    entropy_loss         | -0.0585       |
|    explained_variance   | 0.338         |
|    learning_rate        | 0.000287      |
|    loss                 | -0.00025      |
|    n_updates            | 1480          |
|    policy_gradient_loss | -0.000309     |
|    value_loss           | 0.000126      |
-------------------------------------------
------------------------------------------
| rollout/                |              |
|    ep_len_mean          | 4.33e+04     |
|    ep_rew_mean          | 0.278        |
| time/                   |              |
|    fps                  | 11015        |
|    iterations           | 150          |
|    time_elapsed         | 390          |
|    total_timesteps      | 4300800      |
| train/                  |              |
|    approx_kl            | 0.0010747104 |
|    clip_fraction        | 0.00679      |
|    clip_range           | 0.2          |
|    entropy_loss         | -0.0656      |
|    explained_variance   | 0.226        |
|    learning_rate        | 0.000287     |
|    loss                 | -0.003       |
|    n_updates            | 1490         |
|    policy_gradient_loss | -0.000613    |
|    value_loss           | 0.00013      |
------------------------------------------
-------------------------------------------
| rollout/                |               |
|    ep_len_mean          | 4.33e+04      |
|    ep_rew_mean          | 0.278         |
| time/                   |               |
|    fps                  | 11034         |
|    iterations           | 151           |
|    time_elapsed         | 392           |
|    total_timesteps      | 4329472       |
| train/                  |               |
|    approx_kl            | 0.00061159645 |
|    clip_fraction        | 0.00624       |
|    clip_range           | 0.2           |
|    entropy_loss         | -0.0703       |
|    explained_variance   | 0.211         |
|    learning_rate        | 0.000287      |
|    loss                 | -0.00121      |
|    n_updates            | 1500          |
|    policy_gradient_loss | -0.000299     |
|    value_loss           | 0.000203      |
-------------------------------------------
------------------------------------------
| rollout/                |              |
|    ep_len_mean          | 4.33e+04     |
|    ep_rew_mean          | 0.278        |
| time/                   |              |
|    fps                  | 11052        |
|    iterations           | 152          |
|    time_elapsed         | 394          |
|    total_timesteps      | 4358144      |
| train/                  |              |
|    approx_kl            | 0.0020594017 |
|    clip_fraction        | 0.00956      |
|    clip_range           | 0.2          |
|    entropy_loss         | -0.0839      |
|    explained_variance   | 0.187        |
|    learning_rate        | 0.000287     |
|    loss                 | -0.00276     |
|    n_updates            | 1510         |
|    policy_gradient_loss | -0.000672    |
|    value_loss           | 0.000146     |
------------------------------------------
-------------------------------------------
| rollout/                |               |
|    ep_len_mean          | 4.33e+04      |
|    ep_rew_mean          | 0.278         |
| time/                   |               |
|    fps                  | 11070         |
|    iterations           | 153           |
|    time_elapsed         | 396           |
|    total_timesteps      | 4386816       |
| train/                  |               |
|    approx_kl            | 0.00073831313 |
|    clip_fraction        | 0.0104        |
|    clip_range           | 0.2           |
|    entropy_loss         | -0.0789       |
|    explained_variance   | 0.211         |
|    learning_rate        | 0.000287      |
|    loss                 | -0.00129      |
|    n_updates            | 1520          |
|    policy_gradient_loss | -0.000594     |
|    value_loss           | 0.000215      |
-------------------------------------------
------------------------------------------
| rollout/                |              |
|    ep_len_mean          | 4.33e+04     |
|    ep_rew_mean          | 0.278        |
| time/                   |              |
|    fps                  | 11089        |
|    iterations           | 154          |
|    time_elapsed         | 398          |
|    total_timesteps      | 4415488      |
| train/                  |              |
|    approx_kl            | 0.0005636411 |
|    clip_fraction        | 0.00609      |
|    clip_range           | 0.2          |
|    entropy_loss         | -0.0835      |
|    explained_variance   | 0.305        |
|    learning_rate        | 0.000287     |
|    loss                 | -0.00241     |
|    n_updates            | 1530         |
|    policy_gradient_loss | -0.000532    |
|    value_loss           | 0.000204     |
------------------------------------------
-------------------------------------------
| rollout/                |               |
|    ep_len_mean          | 4.33e+04      |
|    ep_rew_mean          | 0.278         |
| time/                   |               |
|    fps                  | 11108         |
|    iterations           | 155           |
|    time_elapsed         | 400           |
|    total_timesteps      | 4444160       |
| train/                  |               |
|    approx_kl            | 0.00042550286 |
|    clip_fraction        | 0.00658       |
|    clip_range           | 0.2           |
|    entropy_loss         | -0.0828       |
|    explained_variance   | 0.295         |
|    learning_rate        | 0.000287      |
|    loss                 | 0.000895      |
|    n_updates            | 1540          |
|    policy_gradient_loss | -0.000311     |
|    value_loss           | 0.000178      |
-------------------------------------------
------------------------------------------
| rollout/                |              |
|    ep_len_mean          | 4.33e+04     |
|    ep_rew_mean          | 0.278        |
| time/                   |              |
|    fps                  | 11126        |
|    iterations           | 156          |
|    time_elapsed         | 402          |
|    total_timesteps      | 4472832      |
| train/                  |              |
|    approx_kl            | 0.0007452794 |
|    clip_fraction        | 0.00855      |
|    clip_range           | 0.2          |
|    entropy_loss         | -0.0965      |
|    explained_variance   | 0.387        |
|    learning_rate        | 0.000287     |
|    loss                 | -0.000985    |
|    n_updates            | 1550         |
|    policy_gradient_loss | -0.00057     |
|    value_loss           | 0.000173     |
------------------------------------------
------------------------------------------------------
| rollout/                           |               |
|    ep_len_mean                     | 4.33e+04      |
|    ep_rew_mean                     | 0.278         |
| time/                              |               |
|    fps                             | 10769         |
|    iterations                      | 157           |
|    time_elapsed                    | 418           |
|    total_timesteps                 | 4501504       |
| train/                             |               |
|    approx_kl                       | 0.00038703738 |
|    clip_fraction                   | 0.00423       |
|    clip_range                      | 0.2           |
|    entropy_loss                    | -0.0794       |
|    explained_variance              | 0.356         |
|    learning_rate                   | 0.000287      |
|    loss                            | -0.00711      |
|    n_updates                       | 1560          |
|    policy_gradient_loss            | -0.0002       |
|    value_loss                      | 0.000153      |
| valid/                             |               |
|    BTC-USDT-SWAP/compound_mdd_pct  | 100           |
|    BTC-USDT-SWAP/compound_multiple | 0             |
|    BTC-USDT-SWAP/max_single_loss   | -100          |
|    BTC-USDT-SWAP/max_upnl          | 1.12          |
|    BTC-USDT-SWAP/near_liq_n        | 1             |
|    BTC-USDT-SWAP/near_liq_pct      | 0.00168       |
|    BTC-USDT-SWAP/pnl_std           | 10.9          |
|    BTC-USDT-SWAP/sel_monthly_log   | -1.27         |
|    BTC-USDT-SWAP/total_pnl         | 276           |
|    BTC-USDT-SWAP/trades            | 595           |
|    BTC-USDT-SWAP/trades_per_month  | 50.3          |
|    BTC-USDT-SWAP/v9_kpi            | -3.3          |
|    BTC-USDT-SWAP/v9_kpi_z_mdd      | -1.76         |
|    BTC-USDT-SWAP/v9_kpi_z_msl      | -5.83         |
|    BTC-USDT-SWAP/v9_kpi_z_sel      | -2.55         |
|    BTC-USDT-SWAP/win_rate          | 0.647         |
|    ETH-USDT-SWAP/compound_mdd_pct  | 100           |
|    ETH-USDT-SWAP/compound_multiple | 0             |
|    ETH-USDT-SWAP/max_single_loss   | -100          |
|    ETH-USDT-SWAP/max_upnl          | 1.06          |
|    ETH-USDT-SWAP/near_liq_n        | 2             |
|    ETH-USDT-SWAP/near_liq_pct      | 0.00434       |
|    ETH-USDT-SWAP/pnl_std           | 16            |
|    ETH-USDT-SWAP/total_pnl         | 71            |
|    ETH-USDT-SWAP/trades            | 461           |
|    ETH-USDT-SWAP/trades_per_month  | 39            |
|    ETH-USDT-SWAP/win_rate          | 0.646         |
------------------------------------------------------
------------------------------------------
| rollout/                |              |
|    ep_len_mean          | 4.33e+04     |
|    ep_rew_mean          | 0.278        |
| time/                   |              |
|    fps                  | 10787        |
|    iterations           | 158          |
|    time_elapsed         | 419          |
|    total_timesteps      | 4530176      |
| train/                  |              |
|    approx_kl            | 0.0006295989 |
|    clip_fraction        | 0.00668      |
|    clip_range           | 0.2          |
|    entropy_loss         | -0.0762      |
|    explained_variance   | 0.279        |
|    learning_rate        | 0.000286     |
|    loss                 | -0.00525     |
|    n_updates            | 1570         |
|    policy_gradient_loss | -0.000415    |
|    value_loss           | 0.000228     |
------------------------------------------
------------------------------------------
| rollout/                |              |
|    ep_len_mean          | 4.33e+04     |
|    ep_rew_mean          | 0.278        |
| time/                   |              |
|    fps                  | 10806        |
|    iterations           | 159          |
|    time_elapsed         | 421          |
|    total_timesteps      | 4558848      |
| train/                  |              |
|    approx_kl            | 0.0005926388 |
|    clip_fraction        | 0.00688      |
|    clip_range           | 0.2          |
|    entropy_loss         | -0.086       |
|    explained_variance   | 0.146        |
|    learning_rate        | 0.000286     |
|    loss                 | -0.000913    |
|    n_updates            | 1580         |
|    policy_gradient_loss | -0.000346    |
|    value_loss           | 0.000251     |
------------------------------------------
------------------------------------------
| rollout/                |              |
|    ep_len_mean          | 4.33e+04     |
|    ep_rew_mean          | 0.278        |
| time/                   |              |
|    fps                  | 10823        |
|    iterations           | 160          |
|    time_elapsed         | 423          |
|    total_timesteps      | 4587520      |
| train/                  |              |
|    approx_kl            | 0.0007626101 |
|    clip_fraction        | 0.00692      |
|    clip_range           | 0.2          |
|    entropy_loss         | -0.0876      |
|    explained_variance   | 0.18         |
|    learning_rate        | 0.000286     |
|    loss                 | -0.000519    |
|    n_updates            | 1590         |
|    policy_gradient_loss | -0.000433    |
|    value_loss           | 0.00028      |
------------------------------------------
-----------------------------------------
| rollout/                |             |
|    ep_len_mean          | 4.33e+04    |
|    ep_rew_mean          | 0.278       |
| time/                   |             |
|    fps                  | 10841       |
|    iterations           | 161         |
|    time_elapsed         | 425         |
|    total_timesteps      | 4616192     |
| train/                  |             |
|    approx_kl            | 0.000466185 |
|    clip_fraction        | 0.00528     |
|    clip_range           | 0.2         |
|    entropy_loss         | -0.0935     |
|    explained_variance   | 0.233       |
|    learning_rate        | 0.000286    |
|    loss                 | -0.00165    |
|    n_updates            | 1600        |
|    policy_gradient_loss | -0.000257   |
|    value_loss           | 0.00026     |
-----------------------------------------
-----------------------------------------
| rollout/                |             |
|    ep_len_mean          | 4.33e+04    |
|    ep_rew_mean          | 0.278       |
| time/                   |             |
|    fps                  | 10859       |
|    iterations           | 162         |
|    time_elapsed         | 427         |
|    total_timesteps      | 4644864     |
| train/                  |             |
|    approx_kl            | 0.000544894 |
|    clip_fraction        | 0.00636     |
|    clip_range           | 0.2         |
|    entropy_loss         | -0.0923     |
|    explained_variance   | 0.286       |
|    learning_rate        | 0.000286    |
|    loss                 | -0.000788   |
|    n_updates            | 1610        |
|    policy_gradient_loss | -0.000367   |
|    value_loss           | 0.000204    |
-----------------------------------------
-------------------------------------------
| rollout/                |               |
|    ep_len_mean          | 4.33e+04      |
|    ep_rew_mean          | 0.278         |
| time/                   |               |
|    fps                  | 10877         |
|    iterations           | 163           |
|    time_elapsed         | 429           |
|    total_timesteps      | 4673536       |
| train/                  |               |
|    approx_kl            | 0.00043515296 |
|    clip_fraction        | 0.00599       |
|    clip_range           | 0.2           |
|    entropy_loss         | -0.0858       |
|    explained_variance   | 0.325         |
|    learning_rate        | 0.000286      |
|    loss                 | -0.000684     |
|    n_updates            | 1620          |
|    policy_gradient_loss | -0.000489     |
|    value_loss           | 0.000157      |
-------------------------------------------
------------------------------------------
| rollout/                |              |
|    ep_len_mean          | 4.33e+04     |
|    ep_rew_mean          | 0.278        |
| time/                   |              |
|    fps                  | 10895        |
|    iterations           | 164          |
|    time_elapsed         | 431          |
|    total_timesteps      | 4702208      |
| train/                  |              |
|    approx_kl            | 0.0005740704 |
|    clip_fraction        | 0.008        |
|    clip_range           | 0.2          |
|    entropy_loss         | -0.0814      |
|    explained_variance   | 0.315        |
|    learning_rate        | 0.000286     |
|    loss                 | -0.00275     |
|    n_updates            | 1630         |
|    policy_gradient_loss | -0.000533    |
|    value_loss           | 0.000177     |
------------------------------------------
------------------------------------------
| rollout/                |              |
|    ep_len_mean          | 4.33e+04     |
|    ep_rew_mean          | 0.278        |
| time/                   |              |
|    fps                  | 10912        |
|    iterations           | 165          |
|    time_elapsed         | 433          |
|    total_timesteps      | 4730880      |
| train/                  |              |
|    approx_kl            | 0.0004818533 |
|    clip_fraction        | 0.00557      |
|    clip_range           | 0.2          |
|    entropy_loss         | -0.0733      |
|    explained_variance   | 0.382        |
|    learning_rate        | 0.000286     |
|    loss                 | -0.0014      |
|    n_updates            | 1640         |
|    policy_gradient_loss | -0.000319    |
|    value_loss           | 0.000137     |
------------------------------------------
------------------------------------------
| rollout/                |              |
|    ep_len_mean          | 4.33e+04     |
|    ep_rew_mean          | 0.278        |
| time/                   |              |
|    fps                  | 10929        |
|    iterations           | 166          |
|    time_elapsed         | 435          |
|    total_timesteps      | 4759552      |
| train/                  |              |
|    approx_kl            | 0.0006557408 |
|    clip_fraction        | 0.0081       |
|    clip_range           | 0.2          |
|    entropy_loss         | -0.0774      |
|    explained_variance   | 0.374        |
|    learning_rate        | 0.000286     |
|    loss                 | -0.00352     |
|    n_updates            | 1650         |
|    policy_gradient_loss | -0.000407    |
|    value_loss           | 0.000154     |
------------------------------------------
------------------------------------------
| rollout/                |              |
|    ep_len_mean          | 4.33e+04     |
|    ep_rew_mean          | 0.278        |
| time/                   |              |
|    fps                  | 10945        |
|    iterations           | 167          |
|    time_elapsed         | 437          |
|    total_timesteps      | 4788224      |
| train/                  |              |
|    approx_kl            | 0.0009051845 |
|    clip_fraction        | 0.00853      |
|    clip_range           | 0.2          |
|    entropy_loss         | -0.0875      |
|    explained_variance   | 0.482        |
|    learning_rate        | 0.000286     |
|    loss                 | -0.00174     |
|    n_updates            | 1660         |
|    policy_gradient_loss | -0.000492    |
|    value_loss           | 0.000116     |
------------------------------------------
-------------------------------------------
| rollout/                |               |
|    ep_len_mean          | 4.33e+04      |
|    ep_rew_mean          | 0.278         |
| time/                   |               |
|    fps                  | 10961         |
|    iterations           | 168           |
|    time_elapsed         | 439           |
|    total_timesteps      | 4816896       |
| train/                  |               |
|    approx_kl            | 0.00075122813 |
|    clip_fraction        | 0.0102        |
|    clip_range           | 0.2           |
|    entropy_loss         | -0.1          |
|    explained_variance   | 0.282         |
|    learning_rate        | 0.000286      |
|    loss                 | -0.00304      |
|    n_updates            | 1670          |
|    policy_gradient_loss | -0.000481     |
|    value_loss           | 0.000201      |
-------------------------------------------
-------------------------------------------
| rollout/                |               |
|    ep_len_mean          | 4.33e+04      |
|    ep_rew_mean          | 0.366         |
| time/                   |               |
|    fps                  | 10977         |
|    iterations           | 169           |
|    time_elapsed         | 441           |
|    total_timesteps      | 4845568       |
| train/                  |               |
|    approx_kl            | 0.00052838767 |
|    clip_fraction        | 0.00597       |
|    clip_range           | 0.2           |
|    entropy_loss         | -0.0988       |
|    explained_variance   | 0.431         |
|    learning_rate        | 0.000286      |
|    loss                 | -0.00193      |
|    n_updates            | 1680          |
|    policy_gradient_loss | -0.000302     |
|    value_loss           | 0.000152      |
-------------------------------------------
-------------------------------------------
| rollout/                |               |
|    ep_len_mean          | 4.33e+04      |
|    ep_rew_mean          | 0.539         |
| time/                   |               |
|    fps                  | 10992         |
|    iterations           | 170           |
|    time_elapsed         | 443           |
|    total_timesteps      | 4874240       |
| train/                  |               |
|    approx_kl            | 0.00070029957 |
|    clip_fraction        | 0.00804       |
|    clip_range           | 0.2           |
|    entropy_loss         | -0.0782       |
|    explained_variance   | 0.257         |
|    learning_rate        | 0.000285      |
|    loss                 | -0.000648     |
|    n_updates            | 1690          |
|    policy_gradient_loss | -0.000666     |
|    value_loss           | 0.000156      |
-------------------------------------------
-------------------------------------------
| rollout/                |               |
|    ep_len_mean          | 4.33e+04      |
|    ep_rew_mean          | 0.539         |
| time/                   |               |
|    fps                  | 11008         |
|    iterations           | 171           |
|    time_elapsed         | 445           |
|    total_timesteps      | 4902912       |
| train/                  |               |
|    approx_kl            | 0.00071312656 |
|    clip_fraction        | 0.00712       |
|    clip_range           | 0.2           |
|    entropy_loss         | -0.0893       |
|    explained_variance   | 0.238         |
|    learning_rate        | 0.000285      |
|    loss                 | -0.00347      |
|    n_updates            | 1700          |
|    policy_gradient_loss | -0.000457     |
|    value_loss           | 0.000199      |
-------------------------------------------
-------------------------------------------
| rollout/                |               |
|    ep_len_mean          | 4.33e+04      |
|    ep_rew_mean          | 0.539         |
| time/                   |               |
|    fps                  | 11023         |
|    iterations           | 172           |
|    time_elapsed         | 447           |
|    total_timesteps      | 4931584       |
| train/                  |               |
|    approx_kl            | 0.00069316715 |
|    clip_fraction        | 0.00751       |
|    clip_range           | 0.2           |
|    entropy_loss         | -0.097        |
|    explained_variance   | 0.2           |
|    learning_rate        | 0.000285      |
|    loss                 | 0.00177       |
|    n_updates            | 1710          |
|    policy_gradient_loss | -0.000457     |
|    value_loss           | 0.000222      |
-------------------------------------------
-------------------------------------------
| rollout/                |               |
|    ep_len_mean          | 4.33e+04      |
|    ep_rew_mean          | 0.539         |
| time/                   |               |
|    fps                  | 11040         |
|    iterations           | 173           |
|    time_elapsed         | 449           |
|    total_timesteps      | 4960256       |
| train/                  |               |
|    approx_kl            | 0.00042538324 |
|    clip_fraction        | 0.00773       |
|    clip_range           | 0.2           |
|    entropy_loss         | -0.1          |
|    explained_variance   | 0.335         |
|    learning_rate        | 0.000285      |
|    loss                 | -0.00229      |
|    n_updates            | 1720          |
|    policy_gradient_loss | -0.000375     |
|    value_loss           | 0.000159      |
-------------------------------------------
------------------------------------------
| rollout/                |              |
|    ep_len_mean          | 4.33e+04     |
|    ep_rew_mean          | 0.539        |
| time/                   |              |
|    fps                  | 11056        |
|    iterations           | 174          |
|    time_elapsed         | 451          |
|    total_timesteps      | 4988928      |
| train/                  |              |
|    approx_kl            | 0.0005979904 |
|    clip_fraction        | 0.00704      |
|    clip_range           | 0.2          |
|    entropy_loss         | -0.076       |
|    explained_variance   | 0.338        |
|    learning_rate        | 0.000285     |
|    loss                 | -0.0013      |
|    n_updates            | 1730         |
|    policy_gradient_loss | -0.00053     |
|    value_loss           | 0.000167     |
------------------------------------------
------------------------------------------------------
| rollout/                           |               |
|    ep_len_mean                     | 4.33e+04      |
|    ep_rew_mean                     | 0.539         |
| time/                              |               |
|    fps                             | 10748         |
|    iterations                      | 175           |
|    time_elapsed                    | 466           |
|    total_timesteps                 | 5017600       |
| train/                             |               |
|    approx_kl                       | 0.00076656963 |
|    clip_fraction                   | 0.00855       |
|    clip_range                      | 0.2           |
|    entropy_loss                    | -0.0861       |
|    explained_variance              | 0.426         |
|    learning_rate                   | 0.000285      |
|    loss                            | -0.00198      |
|    n_updates                       | 1740          |
|    policy_gradient_loss            | -0.000563     |
|    value_loss                      | 0.00011       |
| valid/                             |               |
|    BTC-USDT-SWAP/compound_mdd_pct  | 99.1          |
|    BTC-USDT-SWAP/compound_multiple | 0.134         |
|    BTC-USDT-SWAP/max_single_loss   | -45.1         |
|    BTC-USDT-SWAP/max_upnl          | 0.553         |
|    BTC-USDT-SWAP/near_liq_n        | 0             |
|    BTC-USDT-SWAP/near_liq_pct      | 0             |
|    BTC-USDT-SWAP/pnl_std           | 6             |
|    BTC-USDT-SWAP/sel_monthly_log   | -0.932        |
|    BTC-USDT-SWAP/total_pnl         | 67.7          |
|    BTC-USDT-SWAP/trades            | 1480          |
|    BTC-USDT-SWAP/trades_per_month  | 125           |
|    BTC-USDT-SWAP/v9_kpi            | -1.64         |
|    BTC-USDT-SWAP/v9_kpi_z_mdd      | -1.71         |
|    BTC-USDT-SWAP/v9_kpi_z_msl      | -1.26         |
|    BTC-USDT-SWAP/v9_kpi_z_sel      | -1.86         |
|    BTC-USDT-SWAP/win_rate          | 0.594         |
|    ETH-USDT-SWAP/compound_mdd_pct  | 100           |
|    ETH-USDT-SWAP/compound_multiple | 0             |
|    ETH-USDT-SWAP/max_single_loss   | -100          |
|    ETH-USDT-SWAP/max_upnl          | 1.06          |
|    ETH-USDT-SWAP/near_liq_n        | 2             |
|    ETH-USDT-SWAP/near_liq_pct      | 0.00166       |
|    ETH-USDT-SWAP/pnl_std           | 10.5          |
|    ETH-USDT-SWAP/total_pnl         | 631           |
|    ETH-USDT-SWAP/trades            | 1205          |
|    ETH-USDT-SWAP/trades_per_month  | 102           |
|    ETH-USDT-SWAP/win_rate          | 0.578         |
------------------------------------------------------
-------------------------------------------
| rollout/                |               |
|    ep_len_mean          | 4.33e+04      |
|    ep_rew_mean          | 0.539         |
| time/                   |               |
|    fps                  | 10765         |
|    iterations           | 176           |
|    time_elapsed         | 468           |
|    total_timesteps      | 5046272       |
| train/                  |               |
|    approx_kl            | 0.00048752042 |
|    clip_fraction        | 0.00625       |
|    clip_range           | 0.2           |
|    entropy_loss         | -0.0759       |
|    explained_variance   | 0.302         |
|    learning_rate        | 0.000285      |
|    loss                 | -0.00421      |
|    n_updates            | 1750          |
|    policy_gradient_loss | -0.000372     |
|    value_loss           | 0.000158      |
-------------------------------------------
------------------------------------------
| rollout/                |              |
|    ep_len_mean          | 4.33e+04     |
|    ep_rew_mean          | 0.539        |
| time/                   |              |
|    fps                  | 10782        |
|    iterations           | 177          |
|    time_elapsed         | 470          |
|    total_timesteps      | 5074944      |
| train/                  |              |
|    approx_kl            | 0.0006800279 |
|    clip_fraction        | 0.00919      |
|    clip_range           | 0.2          |
|    entropy_loss         | -0.0805      |
|    explained_variance   | 0.387        |
|    learning_rate        | 0.000285     |
|    loss                 | -0.00143     |
|    n_updates            | 1760         |
|    policy_gradient_loss | -0.000577    |
|    value_loss           | 0.000151     |
------------------------------------------
------------------------------------------
| rollout/                |              |
|    ep_len_mean          | 4.33e+04     |
|    ep_rew_mean          | 0.539        |
| time/                   |              |
|    fps                  | 10799        |
|    iterations           | 178          |
|    time_elapsed         | 472          |
|    total_timesteps      | 5103616      |
| train/                  |              |
|    approx_kl            | 0.0005110462 |
|    clip_fraction        | 0.00644      |
|    clip_range           | 0.2          |
|    entropy_loss         | -0.0715      |
|    explained_variance   | 0.395        |
|    learning_rate        | 0.000285     |
|    loss                 | -0.000266    |
|    n_updates            | 1770         |
|    policy_gradient_loss | -0.000397    |
|    value_loss           | 0.000134     |
------------------------------------------
-------------------------------------------
| rollout/                |               |
|    ep_len_mean          | 4.33e+04      |
|    ep_rew_mean          | 0.539         |
| time/                   |               |
|    fps                  | 10816         |
|    iterations           | 179           |
|    time_elapsed         | 474           |
|    total_timesteps      | 5132288       |
| train/                  |               |
|    approx_kl            | 0.00042417287 |
|    clip_fraction        | 0.0044        |
|    clip_range           | 0.2           |
|    entropy_loss         | -0.0567       |
|    explained_variance   | 0.385         |
|    learning_rate        | 0.000285      |
|    loss                 | -0.000594     |
|    n_updates            | 1780          |
|    policy_gradient_loss | -0.000157     |
|    value_loss           | 0.000132      |
-------------------------------------------
-------------------------------------------
| rollout/                |               |
|    ep_len_mean          | 4.33e+04      |
|    ep_rew_mean          | 0.539         |
| time/                   |               |
|    fps                  | 10832         |
|    iterations           | 180           |
|    time_elapsed         | 476           |
|    total_timesteps      | 5160960       |
| train/                  |               |
|    approx_kl            | 0.00075537746 |
|    clip_fraction        | 0.00777       |
|    clip_range           | 0.2           |
|    entropy_loss         | -0.0513       |
|    explained_variance   | 0.238         |
|    learning_rate        | 0.000285      |
|    loss                 | -0.0012       |
|    n_updates            | 1790          |
|    policy_gradient_loss | -0.000378     |
|    value_loss           | 0.000509      |
-------------------------------------------
-------------------------------------------
| rollout/                |               |
|    ep_len_mean          | 4.33e+04      |
|    ep_rew_mean          | 0.539         |
| time/                   |               |
|    fps                  | 10848         |
|    iterations           | 181           |
|    time_elapsed         | 478           |
|    total_timesteps      | 5189632       |
| train/                  |               |
|    approx_kl            | 0.00061751495 |
|    clip_fraction        | 0.00831       |
|    clip_range           | 0.2           |
|    entropy_loss         | -0.0721       |
|    explained_variance   | 0.217         |
|    learning_rate        | 0.000285      |
|    loss                 | -0.00198      |
|    n_updates            | 1800          |
|    policy_gradient_loss | -0.000441     |
|    value_loss           | 0.000202      |
-------------------------------------------
-------------------------------------------
| rollout/                |               |
|    ep_len_mean          | 4.33e+04      |
|    ep_rew_mean          | 0.539         |
| time/                   |               |
|    fps                  | 10864         |
|    iterations           | 182           |
|    time_elapsed         | 480           |
|    total_timesteps      | 5218304       |
| train/                  |               |
|    approx_kl            | 0.00045972524 |
|    clip_fraction        | 0.00551       |
|    clip_range           | 0.2           |
|    entropy_loss         | -0.0552       |
|    explained_variance   | 0.248         |
|    learning_rate        | 0.000284      |
|    loss                 | -0.00398      |
|    n_updates            | 1810          |
|    policy_gradient_loss | -0.000332     |
|    value_loss           | 0.000219      |
-------------------------------------------
-------------------------------------------
| rollout/                |               |
|    ep_len_mean          | 4.33e+04      |
|    ep_rew_mean          | 0.539         |
| time/                   |               |
|    fps                  | 10881         |
|    iterations           | 183           |
|    time_elapsed         | 482           |
|    total_timesteps      | 5246976       |
| train/                  |               |
|    approx_kl            | 0.00078552135 |
|    clip_fraction        | 0.00685       |
|    clip_range           | 0.2           |
|    entropy_loss         | -0.0569       |
|    explained_variance   | 0.227         |
|    learning_rate        | 0.000284      |
|    loss                 | 0.0024        |
|    n_updates            | 1820          |
|    policy_gradient_loss | -0.000618     |
|    value_loss           | 0.000221      |
-------------------------------------------
-------------------------------------------
| rollout/                |               |
|    ep_len_mean          | 4.33e+04      |
|    ep_rew_mean          | 0.539         |
| time/                   |               |
|    fps                  | 10896         |
|    iterations           | 184           |
|    time_elapsed         | 484           |
|    total_timesteps      | 5275648       |
| train/                  |               |
|    approx_kl            | 0.00041357815 |
|    clip_fraction        | 0.00507       |
|    clip_range           | 0.2           |
|    entropy_loss         | -0.0577       |
|    explained_variance   | 0.285         |
|    learning_rate        | 0.000284      |
|    loss                 | -0.00309      |
|    n_updates            | 1830          |
|    policy_gradient_loss | -0.000276     |
|    value_loss           | 0.00014       |
-------------------------------------------
------------------------------------------
| rollout/                |              |
|    ep_len_mean          | 4.33e+04     |
|    ep_rew_mean          | 0.539        |
| time/                   |              |
|    fps                  | 10912        |
|    iterations           | 185          |
|    time_elapsed         | 486          |
|    total_timesteps      | 5304320      |
| train/                  |              |
|    approx_kl            | 0.0003741026 |
|    clip_fraction        | 0.00464      |
|    clip_range           | 0.2          |
|    entropy_loss         | -0.047       |
|    explained_variance   | 0.214        |
|    learning_rate        | 0.000284     |
|    loss                 | -0.00158     |
|    n_updates            | 1840         |
|    policy_gradient_loss | -0.000235    |
|    value_loss           | 0.00021      |
------------------------------------------
-------------------------------------------
| rollout/                |               |
|    ep_len_mean          | 4.33e+04      |
|    ep_rew_mean          | 0.539         |
| time/                   |               |
|    fps                  | 10928         |
|    iterations           | 186           |
|    time_elapsed         | 487           |
|    total_timesteps      | 5332992       |
| train/                  |               |
|    approx_kl            | 0.00061348313 |
|    clip_fraction        | 0.00646       |
|    clip_range           | 0.2           |
|    entropy_loss         | -0.0585       |
|    explained_variance   | 0.228         |
|    learning_rate        | 0.000284      |
|    loss                 | -0.00204      |
|    n_updates            | 1850          |
|    policy_gradient_loss | -0.000439     |
|    value_loss           | 0.000217      |
-------------------------------------------
------------------------------------------
| rollout/                |              |
|    ep_len_mean          | 4.33e+04     |
|    ep_rew_mean          | 0.539        |
| time/                   |              |
|    fps                  | 10944        |
|    iterations           | 187          |
|    time_elapsed         | 489          |
|    total_timesteps      | 5361664      |
| train/                  |              |
|    approx_kl            | 0.0011260641 |
|    clip_fraction        | 0.00857      |
|    clip_range           | 0.2          |
|    entropy_loss         | -0.0519      |
|    explained_variance   | 0.278        |
|    learning_rate        | 0.000284     |
|    loss                 | -0.00158     |
|    n_updates            | 1860         |
|    policy_gradient_loss | -0.000722    |
|    value_loss           | 0.000156     |
------------------------------------------
-------------------------------------------
| rollout/                |               |
|    ep_len_mean          | 4.33e+04      |
|    ep_rew_mean          | 0.539         |
| time/                   |               |
|    fps                  | 10959         |
|    iterations           | 188           |
|    time_elapsed         | 491           |
|    total_timesteps      | 5390336       |
| train/                  |               |
|    approx_kl            | 0.00063026784 |
|    clip_fraction        | 0.00631       |
|    clip_range           | 0.2           |
|    entropy_loss         | -0.0629       |
|    explained_variance   | 0.381         |
|    learning_rate        | 0.000284      |
|    loss                 | -0.00284      |
|    n_updates            | 1870          |
|    policy_gradient_loss | -0.000491     |
|    value_loss           | 0.00018       |
-------------------------------------------
------------------------------------------
| rollout/                |              |
|    ep_len_mean          | 4.33e+04     |
|    ep_rew_mean          | 0.539        |
| time/                   |              |
|    fps                  | 10974        |
|    iterations           | 189          |
|    time_elapsed         | 493          |
|    total_timesteps      | 5419008      |
| train/                  |              |
|    approx_kl            | 0.0010261362 |
|    clip_fraction        | 0.00709      |
|    clip_range           | 0.2          |
|    entropy_loss         | -0.0702      |
|    explained_variance   | 0.326        |
|    learning_rate        | 0.000284     |
|    loss                 | -0.000111    |
|    n_updates            | 1880         |
|    policy_gradient_loss | -0.000525    |
|    value_loss           | 0.000153     |
------------------------------------------
------------------------------------------
| rollout/                |              |
|    ep_len_mean          | 4.33e+04     |
|    ep_rew_mean          | 0.606        |
| time/                   |              |
|    fps                  | 10989        |
|    iterations           | 190          |
|    time_elapsed         | 495          |
|    total_timesteps      | 5447680      |
| train/                  |              |
|    approx_kl            | 0.0007477375 |
|    clip_fraction        | 0.00762      |
|    clip_range           | 0.2          |
|    entropy_loss         | -0.0659      |
|    explained_variance   | 0.345        |
|    learning_rate        | 0.000284     |
|    loss                 | 0.000445     |
|    n_updates            | 1890         |
|    policy_gradient_loss | -0.000421    |
|    value_loss           | 0.000134     |
------------------------------------------
-------------------------------------------
| rollout/                |               |
|    ep_len_mean          | 4.33e+04      |
|    ep_rew_mean          | 0.846         |
| time/                   |               |
|    fps                  | 11004         |
|    iterations           | 191           |
|    time_elapsed         | 497           |
|    total_timesteps      | 5476352       |
| train/                  |               |
|    approx_kl            | 0.00067224156 |
|    clip_fraction        | 0.00715       |
|    clip_range           | 0.2           |
|    entropy_loss         | -0.0719       |
|    explained_variance   | 0.174         |
|    learning_rate        | 0.000284      |
|    loss                 | -0.00126      |
|    n_updates            | 1900          |
|    policy_gradient_loss | -0.000382     |
|    value_loss           | 0.000174      |
-------------------------------------------
------------------------------------------------------
| rollout/                           |               |
|    ep_len_mean                     | 4.33e+04      |
|    ep_rew_mean                     | 0.846         |
| time/                              |               |
|    fps                             | 10729         |
|    iterations                      | 192           |
|    time_elapsed                    | 513           |
|    total_timesteps                 | 5505024       |
| train/                             |               |
|    approx_kl                       | 0.00070427946 |
|    clip_fraction                   | 0.00869       |
|    clip_range                      | 0.2           |
|    entropy_loss                    | -0.0788       |
|    explained_variance              | 0.372         |
|    learning_rate                   | 0.000284      |
|    loss                            | -8.07e-05     |
|    n_updates                       | 1910          |
|    policy_gradient_loss            | -0.000447     |
|    value_loss                      | 0.000166      |
| valid/                             |               |
|    BTC-USDT-SWAP/compound_mdd_pct  | 99.2          |
|    BTC-USDT-SWAP/compound_multiple | 0.0511        |
|    BTC-USDT-SWAP/max_single_loss   | -38.3         |
|    BTC-USDT-SWAP/max_upnl          | 0.553         |
|    BTC-USDT-SWAP/near_liq_n        | 0             |
|    BTC-USDT-SWAP/near_liq_pct      | 0             |
|    BTC-USDT-SWAP/pnl_std           | 5.39          |
|    BTC-USDT-SWAP/sel_monthly_log   | -1.04         |
|    BTC-USDT-SWAP/total_pnl         | -46.4         |
|    BTC-USDT-SWAP/trades            | 1685          |
|    BTC-USDT-SWAP/trades_per_month  | 143           |
|    BTC-USDT-SWAP/v9_kpi            | -1.56         |
|    BTC-USDT-SWAP/v9_kpi_z_mdd      | -1.72         |
|    BTC-USDT-SWAP/v9_kpi_z_msl      | -0.694        |
|    BTC-USDT-SWAP/v9_kpi_z_sel      | -2.09         |
|    BTC-USDT-SWAP/win_rate          | 0.619         |
|    ETH-USDT-SWAP/compound_mdd_pct  | 100           |
|    ETH-USDT-SWAP/compound_multiple | 0             |
|    ETH-USDT-SWAP/max_single_loss   | -100          |
|    ETH-USDT-SWAP/max_upnl          | 1.03          |
|    ETH-USDT-SWAP/near_liq_n        | 2             |
|    ETH-USDT-SWAP/near_liq_pct      | 0.00133       |
|    ETH-USDT-SWAP/pnl_std           | 8.71          |
|    ETH-USDT-SWAP/total_pnl         | 879           |
|    ETH-USDT-SWAP/trades            | 1504          |
|    ETH-USDT-SWAP/trades_per_month  | 127           |
|    ETH-USDT-SWAP/win_rate          | 0.623         |
------------------------------------------------------
-------------------------------------------
| rollout/                |               |
|    ep_len_mean          | 4.33e+04      |
|    ep_rew_mean          | 0.846         |
| time/                   |               |
|    fps                  | 10744         |
|    iterations           | 193           |
|    time_elapsed         | 515           |
|    total_timesteps      | 5533696       |
| train/                  |               |
|    approx_kl            | 0.00063248305 |
|    clip_fraction        | 0.00731       |
|    clip_range           | 0.2           |
|    entropy_loss         | -0.0833       |
|    explained_variance   | 0.45          |
|    learning_rate        | 0.000283      |
|    loss                 | -0.00242      |
|    n_updates            | 1920          |
|    policy_gradient_loss | -0.000678     |
|    value_loss           | 0.000129      |
-------------------------------------------
-------------------------------------------
| rollout/                |               |
|    ep_len_mean          | 4.33e+04      |
|    ep_rew_mean          | 0.846         |
| time/                   |               |
|    fps                  | 10759         |
|    iterations           | 194           |
|    time_elapsed         | 516           |
|    total_timesteps      | 5562368       |
| train/                  |               |
|    approx_kl            | 0.00061240466 |
|    clip_fraction        | 0.0071        |
|    clip_range           | 0.2           |
|    entropy_loss         | -0.0779       |
|    explained_variance   | 0.394         |
|    learning_rate        | 0.000283      |
|    loss                 | 0.000513      |
|    n_updates            | 1930          |
|    policy_gradient_loss | -0.000221     |
|    value_loss           | 0.000179      |
-------------------------------------------
------------------------------------------
| rollout/                |              |
|    ep_len_mean          | 4.33e+04     |
|    ep_rew_mean          | 0.846        |
| time/                   |              |
|    fps                  | 10775        |
|    iterations           | 195          |
|    time_elapsed         | 518          |
|    total_timesteps      | 5591040      |
| train/                  |              |
|    approx_kl            | 0.0007876932 |
|    clip_fraction        | 0.00948      |
|    clip_range           | 0.2          |
|    entropy_loss         | -0.0788      |
|    explained_variance   | 0.35         |
|    learning_rate        | 0.000283     |
|    loss                 | -0.000577    |
|    n_updates            | 1940         |
|    policy_gradient_loss | -0.000734    |
|    value_loss           | 0.00015      |
------------------------------------------
------------------------------------------
| rollout/                |              |
|    ep_len_mean          | 4.33e+04     |
|    ep_rew_mean          | 0.846        |
| time/                   |              |
|    fps                  | 10791        |
|    iterations           | 196          |
|    time_elapsed         | 520          |
|    total_timesteps      | 5619712      |
| train/                  |              |
|    approx_kl            | 0.0006579492 |
|    clip_fraction        | 0.00798      |
|    clip_range           | 0.2          |
|    entropy_loss         | -0.0879      |
|    explained_variance   | 0.313        |
|    learning_rate        | 0.000283     |
|    loss                 | -0.00163     |
|    n_updates            | 1950         |
|    policy_gradient_loss | -0.000614    |
|    value_loss           | 0.000151     |
------------------------------------------
-------------------------------------------
| rollout/                |               |
|    ep_len_mean          | 4.33e+04      |
|    ep_rew_mean          | 0.846         |
| time/                   |               |
|    fps                  | 10806         |
|    iterations           | 197           |
|    time_elapsed         | 522           |
|    total_timesteps      | 5648384       |
| train/                  |               |
|    approx_kl            | 0.00071735785 |
|    clip_fraction        | 0.00876       |
|    clip_range           | 0.2           |
|    entropy_loss         | -0.0799       |
|    explained_variance   | 0.442         |
|    learning_rate        | 0.000283      |
|    loss                 | -0.00474      |
|    n_updates            | 1960          |
|    policy_gradient_loss | -0.000649     |
|    value_loss           | 0.000152      |
-------------------------------------------
------------------------------------------
| rollout/                |              |
|    ep_len_mean          | 4.33e+04     |
|    ep_rew_mean          | 0.846        |
| time/                   |              |
|    fps                  | 10822        |
|    iterations           | 198          |
|    time_elapsed         | 524          |
|    total_timesteps      | 5677056      |
| train/                  |              |
|    approx_kl            | 0.0007443131 |
|    clip_fraction        | 0.00715      |
|    clip_range           | 0.2          |
|    entropy_loss         | -0.0732      |
|    explained_variance   | 0.348        |
|    learning_rate        | 0.000283     |
|    loss                 | -0.00147     |
|    n_updates            | 1970         |
|    policy_gradient_loss | -0.000613    |
|    value_loss           | 0.00016      |
------------------------------------------
------------------------------------------
| rollout/                |              |
|    ep_len_mean          | 4.33e+04     |
|    ep_rew_mean          | 0.846        |
| time/                   |              |
|    fps                  | 10837        |
|    iterations           | 199          |
|    time_elapsed         | 526          |
|    total_timesteps      | 5705728      |
| train/                  |              |
|    approx_kl            | 0.0010188817 |
|    clip_fraction        | 0.0101       |
|    clip_range           | 0.2          |
|    entropy_loss         | -0.0803      |
|    explained_variance   | 0.217        |
|    learning_rate        | 0.000283     |
|    loss                 | -0.0016      |
|    n_updates            | 1980         |
|    policy_gradient_loss | -0.000727    |
|    value_loss           | 0.000253     |
------------------------------------------
------------------------------------------
| rollout/                |              |
|    ep_len_mean          | 4.33e+04     |
|    ep_rew_mean          | 0.846        |
| time/                   |              |
|    fps                  | 10852        |
|    iterations           | 200          |
|    time_elapsed         | 528          |
|    total_timesteps      | 5734400      |
| train/                  |              |
|    approx_kl            | 0.0007336749 |
|    clip_fraction        | 0.00788      |
|    clip_range           | 0.2          |
|    entropy_loss         | -0.0797      |
|    explained_variance   | 0.312        |
|    learning_rate        | 0.000283     |
|    loss                 | 0.000989     |
|    n_updates            | 1990         |
|    policy_gradient_loss | -0.000709    |
|    value_loss           | 0.000174     |
------------------------------------------
------------------------------------------
| rollout/                |              |
|    ep_len_mean          | 4.33e+04     |
|    ep_rew_mean          | 0.846        |
| time/                   |              |
|    fps                  | 10867        |
|    iterations           | 201          |
|    time_elapsed         | 530          |
|    total_timesteps      | 5763072      |
| train/                  |              |
|    approx_kl            | 0.0005592416 |
|    clip_fraction        | 0.00634      |
|    clip_range           | 0.2          |
|    entropy_loss         | -0.08        |
|    explained_variance   | 0.271        |
|    learning_rate        | 0.000283     |
|    loss                 | -0.0049      |
|    n_updates            | 2000         |
|    policy_gradient_loss | -0.000571    |
|    value_loss           | 0.000118     |
------------------------------------------
-------------------------------------------
| rollout/                |               |
|    ep_len_mean          | 4.33e+04      |
|    ep_rew_mean          | 0.846         |
| time/                   |               |
|    fps                  | 10882         |
|    iterations           | 202           |
|    time_elapsed         | 532           |
|    total_timesteps      | 5791744       |
| train/                  |               |
|    approx_kl            | 0.00093069265 |
|    clip_fraction        | 0.00813       |
|    clip_range           | 0.2           |
|    entropy_loss         | -0.0789       |
|    explained_variance   | 0.271         |
|    learning_rate        | 0.000283      |
|    loss                 | -0.00138      |
|    n_updates            | 2010          |
|    policy_gradient_loss | -0.00038      |
|    value_loss           | 0.000194      |
-------------------------------------------
------------------------------------------
| rollout/                |              |
|    ep_len_mean          | 4.33e+04     |
|    ep_rew_mean          | 0.846        |
| time/                   |              |
|    fps                  | 10897        |
|    iterations           | 203          |
|    time_elapsed         | 534          |
|    total_timesteps      | 5820416      |
| train/                  |              |
|    approx_kl            | 0.0008687282 |
|    clip_fraction        | 0.00908      |
|    clip_range           | 0.2          |
|    entropy_loss         | -0.0904      |
|    explained_variance   | 0.324        |
|    learning_rate        | 0.000283     |
|    loss                 | -0.00203     |
|    n_updates            | 2020         |
|    policy_gradient_loss | -0.000298    |
|    value_loss           | 0.000124     |
------------------------------------------
------------------------------------------
| rollout/                |              |
|    ep_len_mean          | 4.33e+04     |
|    ep_rew_mean          | 0.846        |
| time/                   |              |
|    fps                  | 10912        |
|    iterations           | 204          |
|    time_elapsed         | 535          |
|    total_timesteps      | 5849088      |
| train/                  |              |
|    approx_kl            | 0.0005569897 |
|    clip_fraction        | 0.00702      |
|    clip_range           | 0.2          |
|    entropy_loss         | -0.0871      |
|    explained_variance   | 0.339        |
|    learning_rate        | 0.000283     |
|    loss                 | -0.00408     |
|    n_updates            | 2030         |
|    policy_gradient_loss | -0.000432    |
|    value_loss           | 0.000244     |
------------------------------------------
------------------------------------------
| rollout/                |              |
|    ep_len_mean          | 4.33e+04     |
|    ep_rew_mean          | 0.846        |
| time/                   |              |
|    fps                  | 10928        |
|    iterations           | 205          |
|    time_elapsed         | 537          |
|    total_timesteps      | 5877760      |
| train/                  |              |
|    approx_kl            | 0.0006057049 |
|    clip_fraction        | 0.00914      |
|    clip_range           | 0.2          |
|    entropy_loss         | -0.0778      |
|    explained_variance   | 0.482        |
|    learning_rate        | 0.000282     |
|    loss                 | -0.00507     |
|    n_updates            | 2040         |
|    policy_gradient_loss | -0.000559    |
|    value_loss           | 0.000109     |
------------------------------------------
------------------------------------------
| rollout/                |              |
|    ep_len_mean          | 4.33e+04     |
|    ep_rew_mean          | 0.846        |
| time/                   |              |
|    fps                  | 10943        |
|    iterations           | 206          |
|    time_elapsed         | 539          |
|    total_timesteps      | 5906432      |
| train/                  |              |
|    approx_kl            | 0.0005842584 |
|    clip_fraction        | 0.00881      |
|    clip_range           | 0.2          |
|    entropy_loss         | -0.0901      |
|    explained_variance   | 0.28         |
|    learning_rate        | 0.000282     |
|    loss                 | 2.44e-05     |
|    n_updates            | 2050         |
|    policy_gradient_loss | -0.000417    |
|    value_loss           | 0.000145     |
------------------------------------------
-------------------------------------------
| rollout/                |               |
|    ep_len_mean          | 4.33e+04      |
|    ep_rew_mean          | 0.846         |
| time/                   |               |
|    fps                  | 10957         |
|    iterations           | 207           |
|    time_elapsed         | 541           |
|    total_timesteps      | 5935104       |
| train/                  |               |
|    approx_kl            | 0.00079455384 |
|    clip_fraction        | 0.00664       |
|    clip_range           | 0.2           |
|    entropy_loss         | -0.072        |
|    explained_variance   | 0.301         |
|    learning_rate        | 0.000282      |
|    loss                 | 0.00279       |
|    n_updates            | 2060          |
|    policy_gradient_loss | -0.000445     |
|    value_loss           | 0.000173      |
-------------------------------------------
------------------------------------------
| rollout/                |              |
|    ep_len_mean          | 4.33e+04     |
|    ep_rew_mean          | 0.846        |
| time/                   |              |
|    fps                  | 10972        |
|    iterations           | 208          |
|    time_elapsed         | 543          |
|    total_timesteps      | 5963776      |
| train/                  |              |
|    approx_kl            | 0.0007767814 |
|    clip_fraction        | 0.00725      |
|    clip_range           | 0.2          |
|    entropy_loss         | -0.0719      |
|    explained_variance   | 0.37         |
|    learning_rate        | 0.000282     |
|    loss                 | 0.000181     |
|    n_updates            | 2070         |
|    policy_gradient_loss | -0.000649    |
|    value_loss           | 0.000118     |
------------------------------------------
-------------------------------------------
| rollout/                |               |
|    ep_len_mean          | 4.33e+04      |
|    ep_rew_mean          | 0.846         |
| time/                   |               |
|    fps                  | 10987         |
|    iterations           | 209           |
|    time_elapsed         | 545           |
|    total_timesteps      | 5992448       |
| train/                  |               |
|    approx_kl            | 0.00040608426 |
|    clip_fraction        | 0.00596       |
|    clip_range           | 0.2           |
|    entropy_loss         | -0.0708       |
|    explained_variance   | 0.371         |
|    learning_rate        | 0.000282      |
|    loss                 | -0.00197      |
|    n_updates            | 2080          |
|    policy_gradient_loss | -0.000292     |
|    value_loss           | 0.000119      |
-------------------------------------------
------------------------------------------------------
| rollout/                           |               |
|    ep_len_mean                     | 4.33e+04      |
|    ep_rew_mean                     | 0.846         |
| time/                              |               |
|    fps                             | 10747         |
|    iterations                      | 210           |
|    time_elapsed                    | 560           |
|    total_timesteps                 | 6021120       |
| train/                             |               |
|    approx_kl                       | 0.00046816745 |
|    clip_fraction                   | 0.00614       |
|    clip_range                      | 0.2           |
|    entropy_loss                    | -0.068        |
|    explained_variance              | 0.422         |
|    learning_rate                   | 0.000282      |
|    loss                            | 0.000992      |
|    n_updates                       | 2090          |
|    policy_gradient_loss            | -0.000324     |
|    value_loss                      | 0.000104      |
| valid/                             |               |
|    BTC-USDT-SWAP/compound_mdd_pct  | 97.5          |
|    BTC-USDT-SWAP/compound_multiple | 1.34          |
|    BTC-USDT-SWAP/max_single_loss   | -30.7         |
|    BTC-USDT-SWAP/max_upnl          | 0.483         |
|    BTC-USDT-SWAP/near_liq_n        | 0             |
|    BTC-USDT-SWAP/near_liq_pct      | 0             |
|    BTC-USDT-SWAP/pnl_std           | 4.83          |
|    BTC-USDT-SWAP/sel_monthly_log   | -0.633        |
|    BTC-USDT-SWAP/total_pnl         | 259           |
|    BTC-USDT-SWAP/trades            | 1941          |
|    BTC-USDT-SWAP/trades_per_month  | 164           |
|    BTC-USDT-SWAP/v9_kpi            | -1.01         |
|    BTC-USDT-SWAP/v9_kpi_z_mdd      | -1.62         |
|    BTC-USDT-SWAP/v9_kpi_z_msl      | -0.0614       |
|    BTC-USDT-SWAP/v9_kpi_z_sel      | -1.27         |
|    BTC-USDT-SWAP/win_rate          | 0.598         |
|    ETH-USDT-SWAP/compound_mdd_pct  | 100           |
|    ETH-USDT-SWAP/compound_multiple | 0             |
|    ETH-USDT-SWAP/max_single_loss   | -100          |
|    ETH-USDT-SWAP/max_upnl          | 0.811         |
|    ETH-USDT-SWAP/near_liq_n        | 2             |
|    ETH-USDT-SWAP/near_liq_pct      | 0.0012        |
|    ETH-USDT-SWAP/pnl_std           | 7.98          |
|    ETH-USDT-SWAP/total_pnl         | 1.15e+03      |
|    ETH-USDT-SWAP/trades            | 1673          |
|    ETH-USDT-SWAP/trades_per_month  | 142           |
|    ETH-USDT-SWAP/win_rate          | 0.589         |
------------------------------------------------------
-------------------------------------------
| rollout/                |               |
|    ep_len_mean          | 4.33e+04      |
|    ep_rew_mean          | 0.846         |
| time/                   |               |
|    fps                  | 10762         |
|    iterations           | 211           |
|    time_elapsed         | 562           |
|    total_timesteps      | 6049792       |
| train/                  |               |
|    approx_kl            | 0.00071628625 |
|    clip_fraction        | 0.00815       |
|    clip_range           | 0.2           |
|    entropy_loss         | -0.0671       |
|    explained_variance   | 0.346         |
|    learning_rate        | 0.000282      |
|    loss                 | -0.00086      |
|    n_updates            | 2100          |
|    policy_gradient_loss | -0.000674     |
|    value_loss           | 0.000132      |
-------------------------------------------
------------------------------------------
| rollout/                |              |
|    ep_len_mean          | 4.33e+04     |
|    ep_rew_mean          | 1.13         |
| time/                   |              |
|    fps                  | 10776        |
|    iterations           | 212          |
|    time_elapsed         | 564          |
|    total_timesteps      | 6078464      |
| train/                  |              |
|    approx_kl            | 0.0004872074 |
|    clip_fraction        | 0.00612      |
|    clip_range           | 0.2          |
|    entropy_loss         | -0.0687      |
|    explained_variance   | 0.476        |
|    learning_rate        | 0.000282     |
|    loss                 | -0.00478     |
|    n_updates            | 2110         |
|    policy_gradient_loss | -0.0003      |
|    value_loss           | 0.000137     |
------------------------------------------
-----------------------------------------
| rollout/                |             |
|    ep_len_mean          | 4.33e+04    |
|    ep_rew_mean          | 1.13        |
| time/                   |             |
|    fps                  | 10791       |
|    iterations           | 213         |
|    time_elapsed         | 565         |
|    total_timesteps      | 6107136     |
| train/                  |             |
|    approx_kl            | 0.000447783 |
|    clip_fraction        | 0.00675     |
|    clip_range           | 0.2         |
|    entropy_loss         | -0.0688     |
|    explained_variance   | 0.539       |
|    learning_rate        | 0.000282    |
|    loss                 | -0.00159    |
|    n_updates            | 2120        |
|    policy_gradient_loss | -0.000337   |
|    value_loss           | 8.1e-05     |
-----------------------------------------
------------------------------------------
| rollout/                |              |
|    ep_len_mean          | 4.33e+04     |
|    ep_rew_mean          | 1.13         |
| time/                   |              |
|    fps                  | 10805        |
|    iterations           | 214          |
|    time_elapsed         | 567          |
|    total_timesteps      | 6135808      |
| train/                  |              |
|    approx_kl            | 0.0005046016 |
|    clip_fraction        | 0.00714      |
|    clip_range           | 0.2          |
|    entropy_loss         | -0.0646      |
|    explained_variance   | 0.487        |
|    learning_rate        | 0.000282     |
|    loss                 | -0.00181     |
|    n_updates            | 2130         |
|    policy_gradient_loss | -0.000524    |
|    value_loss           | 8.25e-05     |
------------------------------------------
------------------------------------------
| rollout/                |              |
|    ep_len_mean          | 4.33e+04     |
|    ep_rew_mean          | 1.13         |
| time/                   |              |
|    fps                  | 10820        |
|    iterations           | 215          |
|    time_elapsed         | 569          |
|    total_timesteps      | 6164480      |
| train/                  |              |
|    approx_kl            | 0.0007624975 |
|    clip_fraction        | 0.00634      |
|    clip_range           | 0.2          |
|    entropy_loss         | -0.064       |
|    explained_variance   | 0.439        |
|    learning_rate        | 0.000282     |
|    loss                 | -0.00174     |
|    n_updates            | 2140         |
|    policy_gradient_loss | -0.000294    |
|    value_loss           | 0.000103     |
------------------------------------------
------------------------------------------
| rollout/                |              |
|    ep_len_mean          | 4.33e+04     |
|    ep_rew_mean          | 1.13         |
| time/                   |              |
|    fps                  | 10834        |
|    iterations           | 216          |
|    time_elapsed         | 571          |
|    total_timesteps      | 6193152      |
| train/                  |              |
|    approx_kl            | 0.0006043971 |
|    clip_fraction        | 0.00624      |
|    clip_range           | 0.2          |
|    entropy_loss         | -0.0568      |
|    explained_variance   | 0.368        |
|    learning_rate        | 0.000282     |
|    loss                 | -0.00254     |
|    n_updates            | 2150         |
|    policy_gradient_loss | -0.000574    |
|    value_loss           | 0.00011      |
------------------------------------------
------------------------------------------
| rollout/                |              |
|    ep_len_mean          | 4.33e+04     |
|    ep_rew_mean          | 1.13         |
| time/                   |              |
|    fps                  | 10848        |
|    iterations           | 217          |
|    time_elapsed         | 573          |
|    total_timesteps      | 6221824      |
| train/                  |              |
|    approx_kl            | 0.0004242795 |
|    clip_fraction        | 0.00538      |
|    clip_range           | 0.2          |
|    entropy_loss         | -0.057       |
|    explained_variance   | 0.201        |
|    learning_rate        | 0.000281     |
|    loss                 | 0.000315     |
|    n_updates            | 2160         |
|    policy_gradient_loss | -0.000411    |
|    value_loss           | 0.000251     |
------------------------------------------
-------------------------------------------
| rollout/                |               |
|    ep_len_mean          | 4.33e+04      |
|    ep_rew_mean          | 1.13          |
| time/                   |               |
|    fps                  | 10862         |
|    iterations           | 218           |
|    time_elapsed         | 575           |
|    total_timesteps      | 6250496       |
| train/                  |               |
|    approx_kl            | 0.00062532164 |
|    clip_fraction        | 0.00615       |
|    clip_range           | 0.2           |
|    entropy_loss         | -0.0584       |
|    explained_variance   | 0.195         |
|    learning_rate        | 0.000281      |
|    loss                 | -0.000195     |
|    n_updates            | 2170          |
|    policy_gradient_loss | -0.000456     |
|    value_loss           | 0.000703      |
-------------------------------------------
------------------------------------------
| rollout/                |              |
|    ep_len_mean          | 4.33e+04     |
|    ep_rew_mean          | 1.13         |
| time/                   |              |
|    fps                  | 10876        |
|    iterations           | 219          |
|    time_elapsed         | 577          |
|    total_timesteps      | 6279168      |
| train/                  |              |
|    approx_kl            | 0.0006875108 |
|    clip_fraction        | 0.00907      |
|    clip_range           | 0.2          |
|    entropy_loss         | -0.0601      |
|    explained_variance   | 0.209        |
|    learning_rate        | 0.000281     |
|    loss                 | -0.000466    |
|    n_updates            | 2180         |
|    policy_gradient_loss | -0.000776    |
|    value_loss           | 0.00018      |
------------------------------------------
-------------------------------------------
| rollout/                |               |
|    ep_len_mean          | 4.33e+04      |
|    ep_rew_mean          | 1.13          |
| time/                   |               |
|    fps                  | 10890         |
|    iterations           | 220           |
|    time_elapsed         | 579           |
|    total_timesteps      | 6307840       |
| train/                  |               |
|    approx_kl            | 0.00076315185 |
|    clip_fraction        | 0.00725       |
|    clip_range           | 0.2           |
|    entropy_loss         | -0.0632       |
|    explained_variance   | 0.331         |
|    learning_rate        | 0.000281      |
|    loss                 | -0.00522      |
|    n_updates            | 2190          |
|    policy_gradient_loss | -0.00087      |
|    value_loss           | 0.000161      |
-------------------------------------------
-------------------------------------------
| rollout/                |               |
|    ep_len_mean          | 4.33e+04      |
|    ep_rew_mean          | 1.13          |
| time/                   |               |
|    fps                  | 10904         |
|    iterations           | 221           |
|    time_elapsed         | 581           |
|    total_timesteps      | 6336512       |
| train/                  |               |
|    approx_kl            | 0.00044290526 |
|    clip_fraction        | 0.00495       |
|    clip_range           | 0.2           |
|    entropy_loss         | -0.0543       |
|    explained_variance   | 0.354         |
|    learning_rate        | 0.000281      |
|    loss                 | -0.000954     |
|    n_updates            | 2200          |
|    policy_gradient_loss | -0.000275     |
|    value_loss           | 0.000139      |
-------------------------------------------
-------------------------------------------
| rollout/                |               |
|    ep_len_mean          | 4.33e+04      |
|    ep_rew_mean          | 1.13          |
| time/                   |               |
|    fps                  | 10918         |
|    iterations           | 222           |
|    time_elapsed         | 582           |
|    total_timesteps      | 6365184       |
| train/                  |               |
|    approx_kl            | 0.00048132095 |
|    clip_fraction        | 0.006         |
|    clip_range           | 0.2           |
|    entropy_loss         | -0.0528       |
|    explained_variance   | 0.285         |
|    learning_rate        | 0.000281      |
|    loss                 | -0.00281      |
|    n_updates            | 2210          |
|    policy_gradient_loss | -0.00042      |
|    value_loss           | 0.000175      |
-------------------------------------------
-----------------------------------------
| rollout/                |             |
|    ep_len_mean          | 4.33e+04    |
|    ep_rew_mean          | 1.13        |
| time/                   |             |
|    fps                  | 10931       |
|    iterations           | 223         |
|    time_elapsed         | 584         |
|    total_timesteps      | 6393856     |
| train/                  |             |
|    approx_kl            | 0.000469994 |
|    clip_fraction        | 0.00612     |
|    clip_range           | 0.2         |
|    entropy_loss         | -0.0559     |
|    explained_variance   | 0.397       |
|    learning_rate        | 0.000281    |
|    loss                 | 0.00162     |
|    n_updates            | 2220        |
|    policy_gradient_loss | -0.000448   |
|    value_loss           | 0.000146    |
-----------------------------------------
-----------------------------------------
| rollout/                |             |
|    ep_len_mean          | 4.33e+04    |
|    ep_rew_mean          | 1.13        |
| time/                   |             |
|    fps                  | 10945       |
|    iterations           | 224         |
|    time_elapsed         | 586         |
|    total_timesteps      | 6422528     |
| train/                  |             |
|    approx_kl            | 0.000793031 |
|    clip_fraction        | 0.00745     |
|    clip_range           | 0.2         |
|    entropy_loss         | -0.0577     |
|    explained_variance   | 0.495       |
|    learning_rate        | 0.000281    |
|    loss                 | -0.0017     |
|    n_updates            | 2230        |
|    policy_gradient_loss | -0.000465   |
|    value_loss           | 0.000177    |
-----------------------------------------
-------------------------------------------
| rollout/                |               |
|    ep_len_mean          | 4.33e+04      |
|    ep_rew_mean          | 1.13          |
| time/                   |               |
|    fps                  | 10958         |
|    iterations           | 225           |
|    time_elapsed         | 588           |
|    total_timesteps      | 6451200       |
| train/                  |               |
|    approx_kl            | 0.00055906334 |
|    clip_fraction        | 0.00675       |
|    clip_range           | 0.2           |
|    entropy_loss         | -0.0617       |
|    explained_variance   | 0.544         |
|    learning_rate        | 0.000281      |
|    loss                 | -0.00126      |
|    n_updates            | 2240          |
|    policy_gradient_loss | -0.000597     |
|    value_loss           | 0.000145      |
-------------------------------------------
------------------------------------------
| rollout/                |              |
|    ep_len_mean          | 4.33e+04     |
|    ep_rew_mean          | 1.13         |
| time/                   |              |
|    fps                  | 10971        |
|    iterations           | 226          |
|    time_elapsed         | 590          |
|    total_timesteps      | 6479872      |
| train/                  |              |
|    approx_kl            | 0.0006473927 |
|    clip_fraction        | 0.00646      |
|    clip_range           | 0.2          |
|    entropy_loss         | -0.0633      |
|    explained_variance   | 0.582        |
|    learning_rate        | 0.000281     |
|    loss                 | -0.0028      |
|    n_updates            | 2250         |
|    policy_gradient_loss | -0.00041     |
|    value_loss           | 0.000119     |
------------------------------------------
------------------------------------------------------
| rollout/                           |               |
|    ep_len_mean                     | 4.33e+04      |
|    ep_rew_mean                     | 1.13          |
| time/                              |               |
|    fps                             | 10750         |
|    iterations                      | 227           |
|    time_elapsed                    | 605           |
|    total_timesteps                 | 6508544       |
| train/                             |               |
|    approx_kl                       | 0.00060870306 |
|    clip_fraction                   | 0.00617       |
|    clip_range                      | 0.2           |
|    entropy_loss                    | -0.052        |
|    explained_variance              | 0.477         |
|    learning_rate                   | 0.000281      |
|    loss                            | -0.00263      |
|    n_updates                       | 2260          |
|    policy_gradient_loss            | -0.000563     |
|    value_loss                      | 0.000125      |
| valid/                             |               |
|    BTC-USDT-SWAP/compound_mdd_pct  | 98            |
|    BTC-USDT-SWAP/compound_multiple | 1.64          |
|    BTC-USDT-SWAP/max_single_loss   | -40.3         |
|    BTC-USDT-SWAP/max_upnl          | 0.483         |
|    BTC-USDT-SWAP/near_liq_n        | 0             |
|    BTC-USDT-SWAP/near_liq_pct      | 0             |
|    BTC-USDT-SWAP/pnl_std           | 5.46          |
|    BTC-USDT-SWAP/sel_monthly_log   | -0.77         |
|    BTC-USDT-SWAP/total_pnl         | 286           |
|    BTC-USDT-SWAP/trades            | 1574          |
|    BTC-USDT-SWAP/trades_per_month  | 133           |
|    BTC-USDT-SWAP/v9_kpi            | -1.37         |
|    BTC-USDT-SWAP/v9_kpi_z_mdd      | -1.64         |
|    BTC-USDT-SWAP/v9_kpi_z_msl      | -0.859        |
|    BTC-USDT-SWAP/v9_kpi_z_sel      | -1.54         |
|    BTC-USDT-SWAP/win_rate          | 0.602         |
|    ETH-USDT-SWAP/compound_mdd_pct  | 100           |
|    ETH-USDT-SWAP/compound_multiple | 0             |
|    ETH-USDT-SWAP/max_single_loss   | -100          |
|    ETH-USDT-SWAP/max_upnl          | 1.03          |
|    ETH-USDT-SWAP/near_liq_n        | 2             |
|    ETH-USDT-SWAP/near_liq_pct      | 0.0015        |
|    ETH-USDT-SWAP/pnl_std           | 9.2           |
|    ETH-USDT-SWAP/total_pnl         | 1.01e+03      |
|    ETH-USDT-SWAP/trades            | 1335          |
|    ETH-USDT-SWAP/trades_per_month  | 113           |
|    ETH-USDT-SWAP/win_rate          | 0.574         |
------------------------------------------------------
------------------------------------------
| rollout/                |              |
|    ep_len_mean          | 4.33e+04     |
|    ep_rew_mean          | 1.13         |
| time/                   |              |
|    fps                  | 10764        |
|    iterations           | 228          |
|    time_elapsed         | 607          |
|    total_timesteps      | 6537216      |
| train/                  |              |
|    approx_kl            | 0.0010184092 |
|    clip_fraction        | 0.00501      |
|    clip_range           | 0.2          |
|    entropy_loss         | -0.0519      |
|    explained_variance   | 0.392        |
|    learning_rate        | 0.00028      |
|    loss                 | 0.00179      |
|    n_updates            | 2270         |
|    policy_gradient_loss | -0.000392    |
|    value_loss           | 0.000196     |
------------------------------------------
------------------------------------------
| rollout/                |              |
|    ep_len_mean          | 4.33e+04     |
|    ep_rew_mean          | 1.13         |
| time/                   |              |
|    fps                  | 10778        |
|    iterations           | 229          |
|    time_elapsed         | 609          |
|    total_timesteps      | 6565888      |
| train/                  |              |
|    approx_kl            | 0.0007596422 |
|    clip_fraction        | 0.00775      |
|    clip_range           | 0.2          |
|    entropy_loss         | -0.0625      |
|    explained_variance   | 0.482        |
|    learning_rate        | 0.00028      |
|    loss                 | -0.00106     |
|    n_updates            | 2280         |
|    policy_gradient_loss | -0.000756    |
|    value_loss           | 0.000138     |
------------------------------------------
------------------------------------------
| rollout/                |              |
|    ep_len_mean          | 4.33e+04     |
|    ep_rew_mean          | 1.13         |
| time/                   |              |
|    fps                  | 10791        |
|    iterations           | 230          |
|    time_elapsed         | 611          |
|    total_timesteps      | 6594560      |
| train/                  |              |
|    approx_kl            | 0.0006207368 |
|    clip_fraction        | 0.006        |
|    clip_range           | 0.2          |
|    entropy_loss         | -0.0683      |
|    explained_variance   | 0.431        |
|    learning_rate        | 0.00028      |
|    loss                 | -0.000795    |
|    n_updates            | 2290         |
|    policy_gradient_loss | -0.000402    |
|    value_loss           | 0.00011      |
------------------------------------------
-----------------------------------------
| rollout/                |             |
|    ep_len_mean          | 4.33e+04    |
|    ep_rew_mean          | 1.13        |
| time/                   |             |
|    fps                  | 10805       |
|    iterations           | 231         |
|    time_elapsed         | 612         |
|    total_timesteps      | 6623232     |
| train/                  |             |
|    approx_kl            | 0.000697567 |
|    clip_fraction        | 0.0066      |
|    clip_range           | 0.2         |
|    entropy_loss         | -0.0591     |
|    explained_variance   | 0.393       |
|    learning_rate        | 0.00028     |
|    loss                 | 0.00365     |
|    n_updates            | 2300        |
|    policy_gradient_loss | -0.000305   |
|    value_loss           | 0.000153    |
-----------------------------------------
------------------------------------------
| rollout/                |              |
|    ep_len_mean          | 4.33e+04     |
|    ep_rew_mean          | 1.13         |
| time/                   |              |
|    fps                  | 10819        |
|    iterations           | 232          |
|    time_elapsed         | 614          |
|    total_timesteps      | 6651904      |
| train/                  |              |
|    approx_kl            | 0.0005789892 |
|    clip_fraction        | 0.00635      |
|    clip_range           | 0.2          |
|    entropy_loss         | -0.0622      |
|    explained_variance   | 0.443        |
|    learning_rate        | 0.00028      |
|    loss                 | 0.0036       |
|    n_updates            | 2310         |
|    policy_gradient_loss | -0.000376    |
|    value_loss           | 0.000177     |
------------------------------------------
------------------------------------------
| rollout/                |              |
|    ep_len_mean          | 4.33e+04     |
|    ep_rew_mean          | 1.28         |
| time/                   |              |
|    fps                  | 10832        |
|    iterations           | 233          |
|    time_elapsed         | 616          |
|    total_timesteps      | 6680576      |
| train/                  |              |
|    approx_kl            | 0.0006169365 |
|    clip_fraction        | 0.0063       |
|    clip_range           | 0.2          |
|    entropy_loss         | -0.0611      |
|    explained_variance   | 0.489        |
|    learning_rate        | 0.00028      |
|    loss                 | 0.000628     |
|    n_updates            | 2320         |
|    policy_gradient_loss | -0.000309    |
|    value_loss           | 0.000138     |
------------------------------------------
-----------------------------------------
| rollout/                |             |
|    ep_len_mean          | 4.33e+04    |
|    ep_rew_mean          | 1.31        |
| time/                   |             |
|    fps                  | 10845       |
|    iterations           | 234         |
|    time_elapsed         | 618         |
|    total_timesteps      | 6709248     |
| train/                  |             |
|    approx_kl            | 0.000787344 |
|    clip_fraction        | 0.00802     |
|    clip_range           | 0.2         |
|    entropy_loss         | -0.0672     |
|    explained_variance   | 0.474       |
|    learning_rate        | 0.00028     |
|    loss                 | -0.0032     |
|    n_updates            | 2330        |
|    policy_gradient_loss | -0.000505   |
|    value_loss           | 8.78e-05    |
-----------------------------------------
-------------------------------------------
| rollout/                |               |
|    ep_len_mean          | 4.33e+04      |
|    ep_rew_mean          | 1.31          |
| time/                   |               |
|    fps                  | 10858         |
|    iterations           | 235           |
|    time_elapsed         | 620           |
|    total_timesteps      | 6737920       |
| train/                  |               |
|    approx_kl            | 0.00044885484 |
|    clip_fraction        | 0.00428       |
|    clip_range           | 0.2           |
|    entropy_loss         | -0.0561       |
|    explained_variance   | 0.443         |
|    learning_rate        | 0.00028       |
|    loss                 | -0.0017       |
|    n_updates            | 2340          |
|    policy_gradient_loss | -0.00038      |
|    value_loss           | 0.000106      |
-------------------------------------------
-------------------------------------------
| rollout/                |               |
|    ep_len_mean          | 4.33e+04      |
|    ep_rew_mean          | 1.31          |
| time/                   |               |
|    fps                  | 10872         |
|    iterations           | 236           |
|    time_elapsed         | 622           |
|    total_timesteps      | 6766592       |
| train/                  |               |
|    approx_kl            | 0.00068281085 |
|    clip_fraction        | 0.00717       |
|    clip_range           | 0.2           |
|    entropy_loss         | -0.0693       |
|    explained_variance   | 0.529         |
|    learning_rate        | 0.00028       |
|    loss                 | -0.000203     |
|    n_updates            | 2350          |
|    policy_gradient_loss | -0.000302     |
|    value_loss           | 9.79e-05      |
-------------------------------------------
-------------------------------------------
| rollout/                |               |
|    ep_len_mean          | 4.33e+04      |
|    ep_rew_mean          | 1.31          |
| time/                   |               |
|    fps                  | 10885         |
|    iterations           | 237           |
|    time_elapsed         | 624           |
|    total_timesteps      | 6795264       |
| train/                  |               |
|    approx_kl            | 0.00044706577 |
|    clip_fraction        | 0.00576       |
|    clip_range           | 0.2           |
|    entropy_loss         | -0.0559       |
|    explained_variance   | 0.403         |
|    learning_rate        | 0.00028       |
|    loss                 | -0.00548      |
|    n_updates            | 2360          |
|    policy_gradient_loss | -0.000706     |
|    value_loss           | 0.000131      |
-------------------------------------------
------------------------------------------
| rollout/                |              |
|    ep_len_mean          | 4.33e+04     |
|    ep_rew_mean          | 1.31         |
| time/                   |              |
|    fps                  | 10897        |
|    iterations           | 238          |
|    time_elapsed         | 626          |
|    total_timesteps      | 6823936      |
| train/                  |              |
|    approx_kl            | 0.0005188278 |
|    clip_fraction        | 0.00634      |
|    clip_range           | 0.2          |
|    entropy_loss         | -0.0525      |
|    explained_variance   | 0.506        |
|    learning_rate        | 0.00028      |
|    loss                 | -0.000575    |
|    n_updates            | 2370         |
|    policy_gradient_loss | -0.000455    |
|    value_loss           | 0.000105     |
------------------------------------------
-------------------------------------------
| rollout/                |               |
|    ep_len_mean          | 4.33e+04      |
|    ep_rew_mean          | 1.31          |
| time/                   |               |
|    fps                  | 10909         |
|    iterations           | 239           |
|    time_elapsed         | 628           |
|    total_timesteps      | 6852608       |
| train/                  |               |
|    approx_kl            | 0.00046309902 |
|    clip_fraction        | 0.00677       |
|    clip_range           | 0.2           |
|    entropy_loss         | -0.0451       |
|    explained_variance   | 0.372         |
|    learning_rate        | 0.00028       |
|    loss                 | -0.00152      |
|    n_updates            | 2380          |
|    policy_gradient_loss | -0.000815     |
|    value_loss           | 0.000129      |
-------------------------------------------
-------------------------------------------
| rollout/                |               |
|    ep_len_mean          | 4.33e+04      |
|    ep_rew_mean          | 1.31          |
| time/                   |               |
|    fps                  | 10922         |
|    iterations           | 240           |
|    time_elapsed         | 630           |
|    total_timesteps      | 6881280       |
| train/                  |               |
|    approx_kl            | 0.00044501835 |
|    clip_fraction        | 0.00528       |
|    clip_range           | 0.2           |
|    entropy_loss         | -0.0537       |
|    explained_variance   | 0.414         |
|    learning_rate        | 0.000279      |
|    loss                 | 0.000597      |
|    n_updates            | 2390          |
|    policy_gradient_loss | -0.000366     |
|    value_loss           | 0.00011       |
-------------------------------------------
----------------------------------------
| rollout/                |            |
|    ep_len_mean          | 4.33e+04   |
|    ep_rew_mean          | 1.31       |
| time/                   |            |
|    fps                  | 10935      |
|    iterations           | 241        |
|    time_elapsed         | 631        |
|    total_timesteps      | 6909952    |
| train/                  |            |
|    approx_kl            | 0.00051949 |
|    clip_fraction        | 0.00595    |
|    clip_range           | 0.2        |
|    entropy_loss         | -0.0565    |
|    explained_variance   | 0.281      |
|    learning_rate        | 0.000279   |
|    loss                 | -0.00139   |
|    n_updates            | 2400       |
|    policy_gradient_loss | -0.000522  |
|    value_loss           | 0.000169   |
----------------------------------------
------------------------------------------
| rollout/                |              |
|    ep_len_mean          | 4.33e+04     |
|    ep_rew_mean          | 1.31         |
| time/                   |              |
|    fps                  | 10947        |
|    iterations           | 242          |
|    time_elapsed         | 633          |
|    total_timesteps      | 6938624      |
| train/                  |              |
|    approx_kl            | 0.0006549473 |
|    clip_fraction        | 0.00634      |
|    clip_range           | 0.2          |
|    entropy_loss         | -0.054       |
|    explained_variance   | 0.345        |
|    learning_rate        | 0.000279     |
|    loss                 | -0.000353    |
|    n_updates            | 2410         |
|    policy_gradient_loss | -0.00064     |
|    value_loss           | 0.000175     |
------------------------------------------
------------------------------------------
| rollout/                |              |
|    ep_len_mean          | 4.33e+04     |
|    ep_rew_mean          | 1.31         |
| time/                   |              |
|    fps                  | 10960        |
|    iterations           | 243          |
|    time_elapsed         | 635          |
|    total_timesteps      | 6967296      |
| train/                  |              |
|    approx_kl            | 0.0005768584 |
|    clip_fraction        | 0.0059       |
|    clip_range           | 0.2          |
|    entropy_loss         | -0.0607      |
|    explained_variance   | 0.409        |
|    learning_rate        | 0.000279     |
|    loss                 | -0.00251     |
|    n_updates            | 2420         |
|    policy_gradient_loss | -0.000407    |
|    value_loss           | 0.000128     |
------------------------------------------
-------------------------------------------
| rollout/                |               |
|    ep_len_mean          | 4.33e+04      |
|    ep_rew_mean          | 1.31          |
| time/                   |               |
|    fps                  | 10973         |
|    iterations           | 244           |
|    time_elapsed         | 637           |
|    total_timesteps      | 6995968       |
| train/                  |               |
|    approx_kl            | 0.00058906677 |
|    clip_fraction        | 0.00683       |
|    clip_range           | 0.2           |
|    entropy_loss         | -0.0675       |
|    explained_variance   | 0.276         |
|    learning_rate        | 0.000279      |
|    loss                 | -0.00065      |
|    n_updates            | 2430          |
|    policy_gradient_loss | -0.000477     |
|    value_loss           | 0.000178      |
-------------------------------------------
------------------------------------------------------
| rollout/                           |               |
|    ep_len_mean                     | 4.33e+04      |
|    ep_rew_mean                     | 1.31          |
| time/                              |               |
|    fps                             | 10765         |
|    iterations                      | 245           |
|    time_elapsed                    | 652           |
|    total_timesteps                 | 7024640       |
| train/                             |               |
|    approx_kl                       | 0.00057257776 |
|    clip_fraction                   | 0.0074        |
|    clip_range                      | 0.2           |
|    entropy_loss                    | -0.0617       |
|    explained_variance              | 0.452         |
|    learning_rate                   | 0.000279      |
|    loss                            | -0.0036       |
|    n_updates                       | 2440          |
|    policy_gradient_loss            | -0.000676     |
|    value_loss                      | 0.000114      |
| valid/                             |               |
|    BTC-USDT-SWAP/compound_mdd_pct  | 97.4          |
|    BTC-USDT-SWAP/compound_multiple | 3.82          |
|    BTC-USDT-SWAP/max_single_loss   | -40           |
|    BTC-USDT-SWAP/max_upnl          | 0.61          |
|    BTC-USDT-SWAP/near_liq_n        | 0             |
|    BTC-USDT-SWAP/near_liq_pct      | 0             |
|    BTC-USDT-SWAP/pnl_std           | 7.42          |
|    BTC-USDT-SWAP/sel_monthly_log   | -0.598        |
|    BTC-USDT-SWAP/total_pnl         | 387           |
|    BTC-USDT-SWAP/trades            | 957           |
|    BTC-USDT-SWAP/trades_per_month  | 81            |
|    BTC-USDT-SWAP/v9_kpi            | -1.21         |
|    BTC-USDT-SWAP/v9_kpi_z_mdd      | -1.61         |
|    BTC-USDT-SWAP/v9_kpi_z_msl      | -0.837        |
|    BTC-USDT-SWAP/v9_kpi_z_sel      | -1.2          |
|    BTC-USDT-SWAP/win_rate          | 0.544         |
|    ETH-USDT-SWAP/compound_mdd_pct  | 100           |
|    ETH-USDT-SWAP/compound_multiple | 0             |
|    ETH-USDT-SWAP/max_single_loss   | -100          |
|    ETH-USDT-SWAP/max_upnl          | 0.988         |
|    ETH-USDT-SWAP/near_liq_n        | 2             |
|    ETH-USDT-SWAP/near_liq_pct      | 0.00189       |
|    ETH-USDT-SWAP/pnl_std           | 10.1          |
|    ETH-USDT-SWAP/total_pnl         | 989           |
|    ETH-USDT-SWAP/trades            | 1061          |
|    ETH-USDT-SWAP/trades_per_month  | 89.8          |
|    ETH-USDT-SWAP/win_rate          | 0.549         |
------------------------------------------------------
------------------------------------------
| rollout/                |              |
|    ep_len_mean          | 4.33e+04     |
|    ep_rew_mean          | 1.31         |
| time/                   |              |
|    fps                  | 10778        |
|    iterations           | 246          |
|    time_elapsed         | 654          |
|    total_timesteps      | 7053312      |
| train/                  |              |
|    approx_kl            | 0.0004824445 |
|    clip_fraction        | 0.00515      |
|    clip_range           | 0.2          |
|    entropy_loss         | -0.0616      |
|    explained_variance   | 0.422        |
|    learning_rate        | 0.000279     |
|    loss                 | -0.00107     |
|    n_updates            | 2450         |
|    policy_gradient_loss | -0.000222    |
|    value_loss           | 9.54e-05     |
------------------------------------------
-------------------------------------------
| rollout/                |               |
|    ep_len_mean          | 4.33e+04      |
|    ep_rew_mean          | 1.31          |
| time/                   |               |
|    fps                  | 10791         |
|    iterations           | 247           |
|    time_elapsed         | 656           |
|    total_timesteps      | 7081984       |
| train/                  |               |
|    approx_kl            | 0.00062317174 |
|    clip_fraction        | 0.00701       |
|    clip_range           | 0.2           |
|    entropy_loss         | -0.0658       |
|    explained_variance   | 0.316         |
|    learning_rate        | 0.000279      |
|    loss                 | 0.000561      |
|    n_updates            | 2460          |
|    policy_gradient_loss | -0.000507     |
|    value_loss           | 0.000137      |
-------------------------------------------
------------------------------------------
| rollout/                |              |
|    ep_len_mean          | 4.33e+04     |
|    ep_rew_mean          | 1.31         |
| time/                   |              |
|    fps                  | 10804        |
|    iterations           | 248          |
|    time_elapsed         | 658          |
|    total_timesteps      | 7110656      |
| train/                  |              |
|    approx_kl            | 0.0007386507 |
|    clip_fraction        | 0.00611      |
|    clip_range           | 0.2          |
|    entropy_loss         | -0.0652      |
|    explained_variance   | 0.339        |
|    learning_rate        | 0.000279     |
|    loss                 | -0.00116     |
|    n_updates            | 2470         |
|    policy_gradient_loss | -0.000309    |
|    value_loss           | 0.000115     |
------------------------------------------
------------------------------------------
| rollout/                |              |
|    ep_len_mean          | 4.33e+04     |
|    ep_rew_mean          | 1.31         |
| time/                   |              |
|    fps                  | 10816        |
|    iterations           | 249          |
|    time_elapsed         | 660          |
|    total_timesteps      | 7139328      |
| train/                  |              |
|    approx_kl            | 0.0010996272 |
|    clip_fraction        | 0.00677      |
|    clip_range           | 0.2          |
|    entropy_loss         | -0.0655      |
|    explained_variance   | 0.399        |
|    learning_rate        | 0.000279     |
|    loss                 | 2.19e-05     |
|    n_updates            | 2480         |
|    policy_gradient_loss | -0.000256    |
|    value_loss           | 0.000155     |
------------------------------------------
------------------------------------------
| rollout/                |              |
|    ep_len_mean          | 4.33e+04     |
|    ep_rew_mean          | 1.31         |
| time/                   |              |
|    fps                  | 10828        |
|    iterations           | 250          |
|    time_elapsed         | 661          |
|    total_timesteps      | 7168000      |
| train/                  |              |
|    approx_kl            | 0.0005463502 |
|    clip_fraction        | 0.00602      |
|    clip_range           | 0.2          |
|    entropy_loss         | -0.0702      |
|    explained_variance   | 0.318        |
|    learning_rate        | 0.000279     |
|    loss                 | -0.00173     |
|    n_updates            | 2490         |
|    policy_gradient_loss | -0.000454    |
|    value_loss           | 0.00015      |
------------------------------------------
-------------------------------------------
| rollout/                |               |
|    ep_len_mean          | 4.33e+04      |
|    ep_rew_mean          | 1.31          |
| time/                   |               |
|    fps                  | 10841         |
|    iterations           | 251           |
|    time_elapsed         | 663           |
|    total_timesteps      | 7196672       |
| train/                  |               |
|    approx_kl            | 0.00095033325 |
|    clip_fraction        | 0.00792       |
|    clip_range           | 0.2           |
|    entropy_loss         | -0.0712       |
|    explained_variance   | 0.361         |
|    learning_rate        | 0.000278      |
|    loss                 | -0.00166      |
|    n_updates            | 2500          |
|    policy_gradient_loss | -0.000673     |
|    value_loss           | 0.00012       |
-------------------------------------------
------------------------------------------
| rollout/                |              |
|    ep_len_mean          | 4.33e+04     |
|    ep_rew_mean          | 1.31         |
| time/                   |              |
|    fps                  | 10853        |
|    iterations           | 252          |
|    time_elapsed         | 665          |
|    total_timesteps      | 7225344      |
| train/                  |              |
|    approx_kl            | 0.0005634731 |
|    clip_fraction        | 0.00761      |
|    clip_range           | 0.2          |
|    entropy_loss         | -0.0622      |
|    explained_variance   | 0.314        |
|    learning_rate        | 0.000278     |
|    loss                 | -7.73e-05    |
|    n_updates            | 2510         |
|    policy_gradient_loss | -0.00044     |
|    value_loss           | 0.000151     |
------------------------------------------
-------------------------------------------
| rollout/                |               |
|    ep_len_mean          | 4.33e+04      |
|    ep_rew_mean          | 1.31          |
| time/                   |               |
|    fps                  | 10865         |
|    iterations           | 253           |
|    time_elapsed         | 667           |
|    total_timesteps      | 7254016       |
| train/                  |               |
|    approx_kl            | 0.00073435914 |
|    clip_fraction        | 0.00716       |
|    clip_range           | 0.2           |
|    entropy_loss         | -0.07         |
|    explained_variance   | 0.312         |
|    learning_rate        | 0.000278      |
|    loss                 | -0.00108      |
|    n_updates            | 2520          |
|    policy_gradient_loss | -0.000595     |
|    value_loss           | 0.00015       |
-------------------------------------------
------------------------------------------
| rollout/                |              |
|    ep_len_mean          | 4.33e+04     |
|    ep_rew_mean          | 1.47         |
| time/                   |              |
|    fps                  | 10877        |
|    iterations           | 254          |
|    time_elapsed         | 669          |
|    total_timesteps      | 7282688      |
| train/                  |              |
|    approx_kl            | 0.0006728637 |
|    clip_fraction        | 0.00756      |
|    clip_range           | 0.2          |
|    entropy_loss         | -0.0755      |
|    explained_variance   | 0.376        |
|    learning_rate        | 0.000278     |
|    loss                 | -0.000757    |
|    n_updates            | 2530         |
|    policy_gradient_loss | -0.000297    |
|    value_loss           | 0.000115     |
------------------------------------------
------------------------------------------
| rollout/                |              |
|    ep_len_mean          | 4.33e+04     |
|    ep_rew_mean          | 1.51         |
| time/                   |              |
|    fps                  | 10889        |
|    iterations           | 255          |
|    time_elapsed         | 671          |
|    total_timesteps      | 7311360      |
| train/                  |              |
|    approx_kl            | 0.0012689688 |
|    clip_fraction        | 0.00911      |
|    clip_range           | 0.2          |
|    entropy_loss         | -0.0879      |
|    explained_variance   | 0.251        |
|    learning_rate        | 0.000278     |
|    loss                 | -0.00513     |
|    n_updates            | 2540         |
|    policy_gradient_loss | -0.000583    |
|    value_loss           | 0.000194     |
------------------------------------------
------------------------------------------
| rollout/                |              |
|    ep_len_mean          | 4.33e+04     |
|    ep_rew_mean          | 1.51         |
| time/                   |              |
|    fps                  | 10901        |
|    iterations           | 256          |
|    time_elapsed         | 673          |
|    total_timesteps      | 7340032      |
| train/                  |              |
|    approx_kl            | 0.0006513506 |
|    clip_fraction        | 0.00789      |
|    clip_range           | 0.2          |
|    entropy_loss         | -0.0703      |
|    explained_variance   | 0.345        |
|    learning_rate        | 0.000278     |
|    loss                 | -0.00437     |
|    n_updates            | 2550         |
|    policy_gradient_loss | -0.00072     |
|    value_loss           | 0.000171     |
------------------------------------------
-----------------------------------------
| rollout/                |             |
|    ep_len_mean          | 4.33e+04    |
|    ep_rew_mean          | 1.51        |
| time/                   |             |
|    fps                  | 10912       |
|    iterations           | 257         |
|    time_elapsed         | 675         |
|    total_timesteps      | 7368704     |
| train/                  |             |
|    approx_kl            | 0.000727728 |
|    clip_fraction        | 0.00821     |
|    clip_range           | 0.2         |
|    entropy_loss         | -0.0718     |
|    explained_variance   | 0.374       |
|    learning_rate        | 0.000278    |
|    loss                 | 0.000341    |
|    n_updates            | 2560        |
|    policy_gradient_loss | -0.000482   |
|    value_loss           | 0.000173    |
-----------------------------------------
------------------------------------------
| rollout/                |              |
|    ep_len_mean          | 4.33e+04     |
|    ep_rew_mean          | 1.51         |
| time/                   |              |
|    fps                  | 10923        |
|    iterations           | 258          |
|    time_elapsed         | 677          |
|    total_timesteps      | 7397376      |
| train/                  |              |
|    approx_kl            | 0.0009690701 |
|    clip_fraction        | 0.00761      |
|    clip_range           | 0.2          |
|    entropy_loss         | -0.0702      |
|    explained_variance   | 0.301        |
|    learning_rate        | 0.000278     |
|    loss                 | -0.00189     |
|    n_updates            | 2570         |
|    policy_gradient_loss | -0.00073     |
|    value_loss           | 0.000252     |
------------------------------------------
----------------------------------------
| rollout/                |            |
|    ep_len_mean          | 4.33e+04   |
|    ep_rew_mean          | 1.51       |
| time/                   |            |
|    fps                  | 10935      |
|    iterations           | 259        |
|    time_elapsed         | 679        |
|    total_timesteps      | 7426048    |
| train/                  |            |
|    approx_kl            | 0.00056779 |
|    clip_fraction        | 0.00693    |
|    clip_range           | 0.2        |
|    entropy_loss         | -0.065     |
|    explained_variance   | 0.45       |
|    learning_rate        | 0.000278   |
|    loss                 | -0.00309   |
|    n_updates            | 2580       |
|    policy_gradient_loss | -0.000625  |
|    value_loss           | 0.000117   |
----------------------------------------
-------------------------------------------
| rollout/                |               |
|    ep_len_mean          | 4.33e+04      |
|    ep_rew_mean          | 1.51          |
| time/                   |               |
|    fps                  | 10946         |
|    iterations           | 260           |
|    time_elapsed         | 680           |
|    total_timesteps      | 7454720       |
| train/                  |               |
|    approx_kl            | 0.00062306185 |
|    clip_fraction        | 0.00892       |
|    clip_range           | 0.2           |
|    entropy_loss         | -0.0656       |
|    explained_variance   | 0.455         |
|    learning_rate        | 0.000278      |
|    loss                 | -2.58e-05     |
|    n_updates            | 2590          |
|    policy_gradient_loss | -0.000618     |
|    value_loss           | 0.000153      |
-------------------------------------------
-------------------------------------------
| rollout/                |               |
|    ep_len_mean          | 4.33e+04      |
|    ep_rew_mean          | 1.51          |
| time/                   |               |
|    fps                  | 10958         |
|    iterations           | 261           |
|    time_elapsed         | 682           |
|    total_timesteps      | 7483392       |
| train/                  |               |
|    approx_kl            | 0.00044378065 |
|    clip_fraction        | 0.006         |
|    clip_range           | 0.2           |
|    entropy_loss         | -0.0604       |
|    explained_variance   | 0.361         |
|    learning_rate        | 0.000278      |
|    loss                 | -0.000235     |
|    n_updates            | 2600          |
|    policy_gradient_loss | -0.000278     |
|    value_loss           | 0.000152      |
-------------------------------------------
----------------------------------------------------
| rollout/                           |             |
|    ep_len_mean                     | 4.33e+04    |
|    ep_rew_mean                     | 1.51        |
| time/                              |             |
|    fps                             | 10766       |
|    iterations                      | 262         |
|    time_elapsed                    | 697         |
|    total_timesteps                 | 7512064     |
| train/                             |             |
|    approx_kl                       | 0.000548544 |
|    clip_fraction                   | 0.00637     |
|    clip_range                      | 0.2         |
|    entropy_loss                    | -0.0586     |
|    explained_variance              | 0.409       |
|    learning_rate                   | 0.000278    |
|    loss                            | 4.36e-05    |
|    n_updates                       | 2610        |
|    policy_gradient_loss            | -0.000456   |
|    value_loss                      | 0.000135    |
| valid/                             |             |
|    BTC-USDT-SWAP/compound_mdd_pct  | 92.3        |
|    BTC-USDT-SWAP/compound_multiple | 21.2        |
|    BTC-USDT-SWAP/max_single_loss   | -39.5       |
|    BTC-USDT-SWAP/max_upnl          | 0.57        |
|    BTC-USDT-SWAP/near_liq_n        | 0           |
|    BTC-USDT-SWAP/near_liq_pct      | 0           |
|    BTC-USDT-SWAP/pnl_std           | 8.65        |
|    BTC-USDT-SWAP/sel_monthly_log   | -0.422      |
|    BTC-USDT-SWAP/total_pnl         | 576         |
|    BTC-USDT-SWAP/trades            | 782         |
|    BTC-USDT-SWAP/trades_per_month  | 66.1        |
|    BTC-USDT-SWAP/v9_kpi            | -0.968      |
|    BTC-USDT-SWAP/v9_kpi_z_mdd      | -1.31       |
|    BTC-USDT-SWAP/v9_kpi_z_msl      | -0.79       |
|    BTC-USDT-SWAP/v9_kpi_z_sel      | -0.845      |
|    BTC-USDT-SWAP/win_rate          | 0.514       |
|    ETH-USDT-SWAP/compound_mdd_pct  | 100         |
|    ETH-USDT-SWAP/compound_multiple | 0           |
|    ETH-USDT-SWAP/max_single_loss   | -100        |
|    ETH-USDT-SWAP/max_upnl          | 0.968       |
|    ETH-USDT-SWAP/near_liq_n        | 2           |
|    ETH-USDT-SWAP/near_liq_pct      | 0.00189     |
|    ETH-USDT-SWAP/pnl_std           | 10.3        |
|    ETH-USDT-SWAP/total_pnl         | 1.04e+03    |
|    ETH-USDT-SWAP/trades            | 1060        |
|    ETH-USDT-SWAP/trades_per_month  | 89.7        |
|    ETH-USDT-SWAP/win_rate          | 0.54        |
----------------------------------------------------
------------------------------------------
| rollout/                |              |
|    ep_len_mean          | 4.33e+04     |
|    ep_rew_mean          | 1.51         |
| time/                   |              |
|    fps                  | 10778        |
|    iterations           | 263          |
|    time_elapsed         | 699          |
|    total_timesteps      | 7540736      |
| train/                  |              |
|    approx_kl            | 0.0003633197 |
|    clip_fraction        | 0.00402      |
|    clip_range           | 0.2          |
|    entropy_loss         | -0.057       |
|    explained_variance   | 0.37         |
|    learning_rate        | 0.000277     |
|    loss                 | -0.000781    |
|    n_updates            | 2620         |
|    policy_gradient_loss | -0.000157    |
|    value_loss           | 0.000146     |
------------------------------------------
-------------------------------------------
| rollout/                |               |
|    ep_len_mean          | 4.33e+04      |
|    ep_rew_mean          | 1.51          |
| time/                   |               |
|    fps                  | 10790         |
|    iterations           | 264           |
|    time_elapsed         | 701           |
|    total_timesteps      | 7569408       |
| train/                  |               |
|    approx_kl            | 0.00060483004 |
|    clip_fraction        | 0.00601       |
|    clip_range           | 0.2           |
|    entropy_loss         | -0.0606       |
|    explained_variance   | 0.453         |
|    learning_rate        | 0.000277      |
|    loss                 | -0.00316      |
|    n_updates            | 2630          |
|    policy_gradient_loss | -0.000626     |
|    value_loss           | 0.000138      |
-------------------------------------------
-----------------------------------------
| rollout/                |             |
|    ep_len_mean          | 4.33e+04    |
|    ep_rew_mean          | 1.51        |
| time/                   |             |
|    fps                  | 10801       |
|    iterations           | 265         |
|    time_elapsed         | 703         |
|    total_timesteps      | 7598080     |
| train/                  |             |
|    approx_kl            | 0.000681216 |
|    clip_fraction        | 0.00584     |
|    clip_range           | 0.2         |
|    entropy_loss         | -0.0597     |
|    explained_variance   | 0.302       |
|    learning_rate        | 0.000277    |
|    loss                 | -0.000112   |
|    n_updates            | 2640        |
|    policy_gradient_loss | -0.000789   |
|    value_loss           | 0.000142    |
-----------------------------------------
-------------------------------------------
| rollout/                |               |
|    ep_len_mean          | 4.33e+04      |
|    ep_rew_mean          | 1.51          |
| time/                   |               |
|    fps                  | 10813         |
|    iterations           | 266           |
|    time_elapsed         | 705           |
|    total_timesteps      | 7626752       |
| train/                  |               |
|    approx_kl            | 0.00047171986 |
|    clip_fraction        | 0.00537       |
|    clip_range           | 0.2           |
|    entropy_loss         | -0.0539       |
|    explained_variance   | 0.37          |
|    learning_rate        | 0.000277      |
|    loss                 | -0.000546     |
|    n_updates            | 2650          |
|    policy_gradient_loss | -0.000254     |
|    value_loss           | 0.000148      |
-------------------------------------------
------------------------------------------
| rollout/                |              |
|    ep_len_mean          | 4.33e+04     |
|    ep_rew_mean          | 1.51         |
| time/                   |              |
|    fps                  | 10825        |
|    iterations           | 267          |
|    time_elapsed         | 707          |
|    total_timesteps      | 7655424      |
| train/                  |              |
|    approx_kl            | 0.0006259019 |
|    clip_fraction        | 0.00688      |
|    clip_range           | 0.2          |
|    entropy_loss         | -0.0494      |
|    explained_variance   | 0.345        |
|    learning_rate        | 0.000277     |
|    loss                 | -0.00067     |
|    n_updates            | 2660         |
|    policy_gradient_loss | -0.000644    |
|    value_loss           | 0.000135     |
------------------------------------------
------------------------------------------
| rollout/                |              |
|    ep_len_mean          | 4.33e+04     |
|    ep_rew_mean          | 1.51         |
| time/                   |              |
|    fps                  | 10836        |
|    iterations           | 268          |
|    time_elapsed         | 709          |
|    total_timesteps      | 7684096      |
| train/                  |              |
|    approx_kl            | 0.0006787767 |
|    clip_fraction        | 0.0057       |
|    clip_range           | 0.2          |
|    entropy_loss         | -0.0545      |
|    explained_variance   | 0.404        |
|    learning_rate        | 0.000277     |
|    loss                 | -0.0014      |
|    n_updates            | 2670         |
|    policy_gradient_loss | -0.000293    |
|    value_loss           | 0.000115     |
------------------------------------------
-------------------------------------------
| rollout/                |               |
|    ep_len_mean          | 4.33e+04      |
|    ep_rew_mean          | 1.51          |
| time/                   |               |
|    fps                  | 10848         |
|    iterations           | 269           |
|    time_elapsed         | 710           |
|    total_timesteps      | 7712768       |
| train/                  |               |
|    approx_kl            | 0.00054392696 |
|    clip_fraction        | 0.00616       |
|    clip_range           | 0.2           |
|    entropy_loss         | -0.0539       |
|    explained_variance   | 0.303         |
|    learning_rate        | 0.000277      |
|    loss                 | -0.000662     |
|    n_updates            | 2680          |
|    policy_gradient_loss | -0.000397     |
|    value_loss           | 0.000141      |
-------------------------------------------
-----------------------------------------
| rollout/                |             |
|    ep_len_mean          | 4.33e+04    |
|    ep_rew_mean          | 1.51        |
| time/                   |             |
|    fps                  | 10859       |
|    iterations           | 270         |
|    time_elapsed         | 712         |
|    total_timesteps      | 7741440     |
| train/                  |             |
|    approx_kl            | 0.000600241 |
|    clip_fraction        | 0.0053      |
|    clip_range           | 0.2         |
|    entropy_loss         | -0.0499     |
|    explained_variance   | 0.396       |
|    learning_rate        | 0.000277    |
|    loss                 | -0.0011     |
|    n_updates            | 2690        |
|    policy_gradient_loss | -0.000326   |
|    value_loss           | 8.8e-05     |
-----------------------------------------
------------------------------------------
| rollout/                |              |
|    ep_len_mean          | 4.33e+04     |
|    ep_rew_mean          | 1.51         |
| time/                   |              |
|    fps                  | 10871        |
|    iterations           | 271          |
|    time_elapsed         | 714          |
|    total_timesteps      | 7770112      |
| train/                  |              |
|    approx_kl            | 0.0011652218 |
|    clip_fraction        | 0.00854      |
|    clip_range           | 0.2          |
|    entropy_loss         | -0.064       |
|    explained_variance   | 0.275        |
|    learning_rate        | 0.000277     |
|    loss                 | -0.00082     |
|    n_updates            | 2700         |
|    policy_gradient_loss | -0.000529    |
|    value_loss           | 0.000147     |
------------------------------------------
-------------------------------------------
| rollout/                |               |
|    ep_len_mean          | 4.33e+04      |
|    ep_rew_mean          | 1.51          |
| time/                   |               |
|    fps                  | 10882         |
|    iterations           | 272           |
|    time_elapsed         | 716           |
|    total_timesteps      | 7798784       |
| train/                  |               |
|    approx_kl            | 0.00059094693 |
|    clip_fraction        | 0.00596       |
|    clip_range           | 0.2           |
|    entropy_loss         | -0.0679       |
|    explained_variance   | 0.315         |
|    learning_rate        | 0.000277      |
|    loss                 | -0.00183      |
|    n_updates            | 2710          |
|    policy_gradient_loss | -0.000357     |
|    value_loss           | 0.00017       |
-------------------------------------------
------------------------------------------
| rollout/                |              |
|    ep_len_mean          | 4.33e+04     |
|    ep_rew_mean          | 1.51         |
| time/                   |              |
|    fps                  | 10894        |
|    iterations           | 273          |
|    time_elapsed         | 718          |
|    total_timesteps      | 7827456      |
| train/                  |              |
|    approx_kl            | 0.0007365532 |
|    clip_fraction        | 0.00645      |
|    clip_range           | 0.2          |
|    entropy_loss         | -0.0576      |
|    explained_variance   | 0.294        |
|    learning_rate        | 0.000277     |
|    loss                 | -0.00313     |
|    n_updates            | 2720         |
|    policy_gradient_loss | -0.000498    |
|    value_loss           | 0.000151     |
------------------------------------------
------------------------------------------
| rollout/                |              |
|    ep_len_mean          | 4.33e+04     |
|    ep_rew_mean          | 1.51         |
| time/                   |              |
|    fps                  | 10905        |
|    iterations           | 274          |
|    time_elapsed         | 720          |
|    total_timesteps      | 7856128      |
| train/                  |              |
|    approx_kl            | 0.0006258118 |
|    clip_fraction        | 0.00623      |
|    clip_range           | 0.2          |
|    entropy_loss         | -0.055       |
|    explained_variance   | 0.297        |
|    learning_rate        | 0.000277     |
|    loss                 | 0.000292     |
|    n_updates            | 2730         |
|    policy_gradient_loss | -0.00039     |
|    value_loss           | 0.000157     |
------------------------------------------
-----------------------------------------
| rollout/                |             |
|    ep_len_mean          | 4.33e+04    |
|    ep_rew_mean          | 1.68        |
| time/                   |             |
|    fps                  | 10916       |
|    iterations           | 275         |
|    time_elapsed         | 722         |
|    total_timesteps      | 7884800     |
| train/                  |             |
|    approx_kl            | 0.000743561 |
|    clip_fraction        | 0.00646     |
|    clip_range           | 0.2         |
|    entropy_loss         | -0.057      |
|    explained_variance   | 0.327       |
|    learning_rate        | 0.000276    |
|    loss                 | 0.000159    |
|    n_updates            | 2740        |
|    policy_gradient_loss | -0.000261   |
|    value_loss           | 0.000161    |
-----------------------------------------
-----------------------------------------
| rollout/                |             |
|    ep_len_mean          | 4.33e+04    |
|    ep_rew_mean          | 1.72        |
| time/                   |             |
|    fps                  | 10927       |
|    iterations           | 276         |
|    time_elapsed         | 724         |
|    total_timesteps      | 7913472     |
| train/                  |             |
|    approx_kl            | 0.001305076 |
|    clip_fraction        | 0.0106      |
|    clip_range           | 0.2         |
|    entropy_loss         | -0.0682     |
|    explained_variance   | 0.304       |
|    learning_rate        | 0.000276    |
|    loss                 | -0.00078    |
|    n_updates            | 2750        |
|    policy_gradient_loss | -0.00106    |
|    value_loss           | 0.000203    |
-----------------------------------------
------------------------------------------
| rollout/                |              |
|    ep_len_mean          | 4.33e+04     |
|    ep_rew_mean          | 1.72         |
| time/                   |              |
|    fps                  | 10938        |
|    iterations           | 277          |
|    time_elapsed         | 726          |
|    total_timesteps      | 7942144      |
| train/                  |              |
|    approx_kl            | 0.0006311707 |
|    clip_fraction        | 0.00623      |
|    clip_range           | 0.2          |
|    entropy_loss         | -0.0606      |
|    explained_variance   | 0.49         |
|    learning_rate        | 0.000276     |
|    loss                 | -0.000403    |
|    n_updates            | 2760         |
|    policy_gradient_loss | -0.000551    |
|    value_loss           | 0.000109     |
------------------------------------------
------------------------------------------
| rollout/                |              |
|    ep_len_mean          | 4.33e+04     |
|    ep_rew_mean          | 1.72         |
| time/                   |              |
|    fps                  | 10949        |
|    iterations           | 278          |
|    time_elapsed         | 727          |
|    total_timesteps      | 7970816      |
| train/                  |              |
|    approx_kl            | 0.0005374605 |
|    clip_fraction        | 0.00624      |
|    clip_range           | 0.2          |
|    entropy_loss         | -0.0528      |
|    explained_variance   | 0.563        |
|    learning_rate        | 0.000276     |
|    loss                 | -0.00108     |
|    n_updates            | 2770         |
|    policy_gradient_loss | -0.000556    |
|    value_loss           | 0.000106     |
------------------------------------------
------------------------------------------
| rollout/                |              |
|    ep_len_mean          | 4.33e+04     |
|    ep_rew_mean          | 1.72         |
| time/                   |              |
|    fps                  | 10960        |
|    iterations           | 279          |
|    time_elapsed         | 729          |
|    total_timesteps      | 7999488      |
| train/                  |              |
|    approx_kl            | 0.0009219958 |
|    clip_fraction        | 0.00595      |
|    clip_range           | 0.2          |
|    entropy_loss         | -0.0408      |
|    explained_variance   | 0.631        |
|    learning_rate        | 0.000276     |
|    loss                 | -0.00266     |
|    n_updates            | 2780         |
|    policy_gradient_loss | -0.00054     |
|    value_loss           | 0.000104     |
------------------------------------------
-----------------------------------------------------
| rollout/                           |              |
|    ep_len_mean                     | 4.33e+04     |
|    ep_rew_mean                     | 1.72         |
| time/                              |              |
|    fps                             | 10771        |
|    iterations                      | 280          |
|    time_elapsed                    | 745          |
|    total_timesteps                 | 8028160      |
| train/                             |              |
|    approx_kl                       | 0.0005350904 |
|    clip_fraction                   | 0.00534      |
|    clip_range                      | 0.2          |
|    entropy_loss                    | -0.05        |
|    explained_variance              | 0.441        |
|    learning_rate                   | 0.000276     |
|    loss                            | -0.00277     |
|    n_updates                       | 2790         |
|    policy_gradient_loss            | -0.000373    |
|    value_loss                      | 0.000133     |
| valid/                             |              |
|    BTC-USDT-SWAP/compound_mdd_pct  | 94.2         |
|    BTC-USDT-SWAP/compound_multiple | 28.1         |
|    BTC-USDT-SWAP/max_single_loss   | -37.9        |
|    BTC-USDT-SWAP/max_upnl          | 0.527        |
|    BTC-USDT-SWAP/near_liq_n        | 0            |
|    BTC-USDT-SWAP/near_liq_pct      | 0            |
|    BTC-USDT-SWAP/pnl_std           | 8.25         |
|    BTC-USDT-SWAP/sel_monthly_log   | -0.524       |
|    BTC-USDT-SWAP/total_pnl         | 624          |
|    BTC-USDT-SWAP/trades            | 865          |
|    BTC-USDT-SWAP/trades_per_month  | 73.2         |
|    BTC-USDT-SWAP/v9_kpi            | -1.04        |
|    BTC-USDT-SWAP/v9_kpi_z_mdd      | -1.42        |
|    BTC-USDT-SWAP/v9_kpi_z_msl      | -0.655       |
|    BTC-USDT-SWAP/v9_kpi_z_sel      | -1.05        |
|    BTC-USDT-SWAP/win_rate          | 0.542        |
|    ETH-USDT-SWAP/compound_mdd_pct  | 100          |
|    ETH-USDT-SWAP/compound_multiple | 0            |
|    ETH-USDT-SWAP/max_single_loss   | -100         |
|    ETH-USDT-SWAP/max_upnl          | 0.811        |
|    ETH-USDT-SWAP/near_liq_n        | 1            |
|    ETH-USDT-SWAP/near_liq_pct      | 0.000777     |
|    ETH-USDT-SWAP/pnl_std           | 9.8          |
|    ETH-USDT-SWAP/total_pnl         | 1.67e+03     |
|    ETH-USDT-SWAP/trades            | 1287         |
|    ETH-USDT-SWAP/trades_per_month  | 109          |
|    ETH-USDT-SWAP/win_rate          | 0.564        |
-----------------------------------------------------
------------------------------------------
| rollout/                |              |
|    ep_len_mean          | 4.33e+04     |
|    ep_rew_mean          | 1.72         |
| time/                   |              |
|    fps                  | 10782        |
|    iterations           | 281          |
|    time_elapsed         | 747          |
|    total_timesteps      | 8056832      |
| train/                  |              |
|    approx_kl            | 0.0010085676 |
|    clip_fraction        | 0.00674      |
|    clip_range           | 0.2          |
|    entropy_loss         | -0.046       |
|    explained_variance   | 0.462        |
|    learning_rate        | 0.000276     |
|    loss                 | 0.000562     |
|    n_updates            | 2800         |
|    policy_gradient_loss | -0.000599    |
|    value_loss           | 0.000116     |
------------------------------------------
------------------------------------------
| rollout/                |              |
|    ep_len_mean          | 4.33e+04     |
|    ep_rew_mean          | 1.72         |
| time/                   |              |
|    fps                  | 10793        |
|    iterations           | 282          |
|    time_elapsed         | 749          |
|    total_timesteps      | 8085504      |
| train/                  |              |
|    approx_kl            | 0.0006950249 |
|    clip_fraction        | 0.00647      |
|    clip_range           | 0.2          |
|    entropy_loss         | -0.0546      |
|    explained_variance   | 0.586        |
|    learning_rate        | 0.000276     |
|    loss                 | -0.00121     |
|    n_updates            | 2810         |
|    policy_gradient_loss | -0.000264    |
|    value_loss           | 7.09e-05     |
------------------------------------------
-------------------------------------------
| rollout/                |               |
|    ep_len_mean          | 4.33e+04      |
|    ep_rew_mean          | 1.72          |
| time/                   |               |
|    fps                  | 10804         |
|    iterations           | 283           |
|    time_elapsed         | 750           |
|    total_timesteps      | 8114176       |
| train/                  |               |
|    approx_kl            | 0.00087727635 |
|    clip_fraction        | 0.00673       |
|    clip_range           | 0.2           |
|    entropy_loss         | -0.0541       |
|    explained_variance   | 0.524         |
|    learning_rate        | 0.000276      |
|    loss                 | -0.000157     |
|    n_updates            | 2820          |
|    policy_gradient_loss | -0.000658     |
|    value_loss           | 0.000132      |
-------------------------------------------
------------------------------------------
| rollout/                |              |
|    ep_len_mean          | 4.33e+04     |
|    ep_rew_mean          | 1.72         |
| time/                   |              |
|    fps                  | 10815        |
|    iterations           | 284          |
|    time_elapsed         | 752          |
|    total_timesteps      | 8142848      |
| train/                  |              |
|    approx_kl            | 0.0014906868 |
|    clip_fraction        | 0.00668      |
|    clip_range           | 0.2          |
|    entropy_loss         | -0.0504      |
|    explained_variance   | 0.443        |
|    learning_rate        | 0.000276     |
|    loss                 | -0.0049      |
|    n_updates            | 2830         |
|    policy_gradient_loss | -0.000978    |
|    value_loss           | 0.00017      |
------------------------------------------
------------------------------------------
| rollout/                |              |
|    ep_len_mean          | 4.33e+04     |
|    ep_rew_mean          | 1.72         |
| time/                   |              |
|    fps                  | 10826        |
|    iterations           | 285          |
|    time_elapsed         | 754          |
|    total_timesteps      | 8171520      |
| train/                  |              |
|    approx_kl            | 0.0006872428 |
|    clip_fraction        | 0.00632      |
|    clip_range           | 0.2          |
|    entropy_loss         | -0.0465      |
|    explained_variance   | 0.542        |
|    learning_rate        | 0.000276     |
|    loss                 | 0.00175      |
|    n_updates            | 2840         |
|    policy_gradient_loss | -0.0004      |
|    value_loss           | 8.87e-05     |
------------------------------------------
-------------------------------------------
| rollout/                |               |
|    ep_len_mean          | 4.33e+04      |
|    ep_rew_mean          | 1.72          |
| time/                   |               |
|    fps                  | 10836         |
|    iterations           | 286           |
|    time_elapsed         | 756           |
|    total_timesteps      | 8200192       |
| train/                  |               |
|    approx_kl            | 0.00070740253 |
|    clip_fraction        | 0.0057        |
|    clip_range           | 0.2           |
|    entropy_loss         | -0.0417       |
|    explained_variance   | 0.552         |
|    learning_rate        | 0.000275      |
|    loss                 | -0.00278      |
|    n_updates            | 2850          |
|    policy_gradient_loss | -0.000438     |
|    value_loss           | 0.000122      |
-------------------------------------------
-------------------------------------------
| rollout/                |               |
|    ep_len_mean          | 4.33e+04      |
|    ep_rew_mean          | 1.72          |
| time/                   |               |
|    fps                  | 10847         |
|    iterations           | 287           |
|    time_elapsed         | 758           |
|    total_timesteps      | 8228864       |
| train/                  |               |
|    approx_kl            | 0.00047793804 |
|    clip_fraction        | 0.00533       |
|    clip_range           | 0.2           |
|    entropy_loss         | -0.0577       |
|    explained_variance   | 0.474         |
|    learning_rate        | 0.000275      |
|    loss                 | 0.000867      |
|    n_updates            | 2860          |
|    policy_gradient_loss | -0.000404     |
|    value_loss           | 0.000125      |
-------------------------------------------
------------------------------------------
| rollout/                |              |
|    ep_len_mean          | 4.33e+04     |
|    ep_rew_mean          | 1.72         |
| time/                   |              |
|    fps                  | 10858        |
|    iterations           | 288          |
|    time_elapsed         | 760          |
|    total_timesteps      | 8257536      |
| train/                  |              |
|    approx_kl            | 0.0005580106 |
|    clip_fraction        | 0.00492      |
|    clip_range           | 0.2          |
|    entropy_loss         | -0.059       |
|    explained_variance   | 0.354        |
|    learning_rate        | 0.000275     |
|    loss                 | 0.00081      |
|    n_updates            | 2870         |
|    policy_gradient_loss | -0.000368    |
|    value_loss           | 0.000169     |
------------------------------------------
------------------------------------------
| rollout/                |              |
|    ep_len_mean          | 4.33e+04     |
|    ep_rew_mean          | 1.72         |
| time/                   |              |
|    fps                  | 10868        |
|    iterations           | 289          |
|    time_elapsed         | 762          |
|    total_timesteps      | 8286208      |
| train/                  |              |
|    approx_kl            | 0.0008025994 |
|    clip_fraction        | 0.00596      |
|    clip_range           | 0.2          |
|    entropy_loss         | -0.0607      |
|    explained_variance   | 0.399        |
|    learning_rate        | 0.000275     |
|    loss                 | -0.000497    |
|    n_updates            | 2880         |
|    policy_gradient_loss | -0.000358    |
|    value_loss           | 0.00013      |
------------------------------------------
------------------------------------------
| rollout/                |              |
|    ep_len_mean          | 4.33e+04     |
|    ep_rew_mean          | 1.72         |
| time/                   |              |
|    fps                  | 10877        |
|    iterations           | 290          |
|    time_elapsed         | 764          |
|    total_timesteps      | 8314880      |
| train/                  |              |
|    approx_kl            | 0.0006575602 |
|    clip_fraction        | 0.00583      |
|    clip_range           | 0.2          |
|    entropy_loss         | -0.0472      |
|    explained_variance   | 0.626        |
|    learning_rate        | 0.000275     |
|    loss                 | -0.00183     |
|    n_updates            | 2890         |
|    policy_gradient_loss | -0.000468    |
|    value_loss           | 7.45e-05     |
------------------------------------------
-------------------------------------------
| rollout/                |               |
|    ep_len_mean          | 4.33e+04      |
|    ep_rew_mean          | 1.72          |
| time/                   |               |
|    fps                  | 10888         |
|    iterations           | 291           |
|    time_elapsed         | 766           |
|    total_timesteps      | 8343552       |
| train/                  |               |
|    approx_kl            | 0.00071100245 |
|    clip_fraction        | 0.00633       |
|    clip_range           | 0.2           |
|    entropy_loss         | -0.0489       |
|    explained_variance   | 0.309         |
|    learning_rate        | 0.000275      |
|    loss                 | -0.00202      |
|    n_updates            | 2900          |
|    policy_gradient_loss | -0.000546     |
|    value_loss           | 0.000177      |
-------------------------------------------
-------------------------------------------
| rollout/                |               |
|    ep_len_mean          | 4.33e+04      |
|    ep_rew_mean          | 1.72          |
| time/                   |               |
|    fps                  | 10898         |
|    iterations           | 292           |
|    time_elapsed         | 768           |
|    total_timesteps      | 8372224       |
| train/                  |               |
|    approx_kl            | 0.00062976166 |
|    clip_fraction        | 0.00596       |
|    clip_range           | 0.2           |
|    entropy_loss         | -0.0435       |
|    explained_variance   | 0.496         |
|    learning_rate        | 0.000275      |
|    loss                 | -0.00128      |
|    n_updates            | 2910          |
|    policy_gradient_loss | -0.000406     |
|    value_loss           | 9.37e-05      |
-------------------------------------------
------------------------------------------
| rollout/                |              |
|    ep_len_mean          | 4.33e+04     |
|    ep_rew_mean          | 1.72         |
| time/                   |              |
|    fps                  | 10908        |
|    iterations           | 293          |
|    time_elapsed         | 770          |
|    total_timesteps      | 8400896      |
| train/                  |              |
|    approx_kl            | 0.0013172689 |
|    clip_fraction        | 0.00795      |
|    clip_range           | 0.2          |
|    entropy_loss         | -0.0421      |
|    explained_variance   | 0.59         |
|    learning_rate        | 0.000275     |
|    loss                 | -0.00213     |
|    n_updates            | 2920         |
|    policy_gradient_loss | -0.000952    |
|    value_loss           | 8.14e-05     |
------------------------------------------
-------------------------------------------
| rollout/                |               |
|    ep_len_mean          | 4.33e+04      |
|    ep_rew_mean          | 1.72          |
| time/                   |               |
|    fps                  | 10918         |
|    iterations           | 294           |
|    time_elapsed         | 772           |
|    total_timesteps      | 8429568       |
| train/                  |               |
|    approx_kl            | 0.00067148765 |
|    clip_fraction        | 0.00573       |
|    clip_range           | 0.2           |
|    entropy_loss         | -0.0385       |
|    explained_variance   | 0.615         |
|    learning_rate        | 0.000275      |
|    loss                 | -0.00262      |
|    n_updates            | 2930          |
|    policy_gradient_loss | -0.000327     |
|    value_loss           | 9.27e-05      |
-------------------------------------------
-----------------------------------------
| rollout/                |             |
|    ep_len_mean          | 4.33e+04    |
|    ep_rew_mean          | 1.72        |
| time/                   |             |
|    fps                  | 10928       |
|    iterations           | 295         |
|    time_elapsed         | 773         |
|    total_timesteps      | 8458240     |
| train/                  |             |
|    approx_kl            | 0.000549755 |
|    clip_fraction        | 0.00604     |
|    clip_range           | 0.2         |
|    entropy_loss         | -0.0413     |
|    explained_variance   | 0.632       |
|    learning_rate        | 0.000275    |
|    loss                 | -0.00271    |
|    n_updates            | 2940        |
|    policy_gradient_loss | -0.000584   |
|    value_loss           | 9.38e-05    |
-----------------------------------------
------------------------------------------
| rollout/                |              |
|    ep_len_mean          | 4.33e+04     |
|    ep_rew_mean          | 1.82         |
| time/                   |              |
|    fps                  | 10938        |
|    iterations           | 296          |
|    time_elapsed         | 775          |
|    total_timesteps      | 8486912      |
| train/                  |              |
|    approx_kl            | 0.0016904345 |
|    clip_fraction        | 0.00768      |
|    clip_range           | 0.2          |
|    entropy_loss         | -0.0456      |
|    explained_variance   | 0.541        |
|    learning_rate        | 0.000275     |
|    loss                 | -0.00204     |
|    n_updates            | 2950         |
|    policy_gradient_loss | -0.000749    |
|    value_loss           | 9.13e-05     |
------------------------------------------
-----------------------------------------------------
| rollout/                           |              |
|    ep_len_mean                     | 4.33e+04     |
|    ep_rew_mean                     | 1.85         |
| time/                              |              |
|    fps                             | 10766        |
|    iterations                      | 297          |
|    time_elapsed                    | 790          |
|    total_timesteps                 | 8515584      |
| train/                             |              |
|    approx_kl                       | 0.0007249561 |
|    clip_fraction                   | 0.00595      |
|    clip_range                      | 0.2          |
|    entropy_loss                    | -0.0534      |
|    explained_variance              | 0.513        |
|    learning_rate                   | 0.000275     |
|    loss                            | -0.000835    |
|    n_updates                       | 2960         |
|    policy_gradient_loss            | -0.000224    |
|    value_loss                      | 0.000106     |
| valid/                             |              |
|    BTC-USDT-SWAP/compound_mdd_pct  | 62.9         |
|    BTC-USDT-SWAP/compound_multiple | 85.4         |
|    BTC-USDT-SWAP/max_single_loss   | -55.1        |
|    BTC-USDT-SWAP/max_upnl          | 0.372        |
|    BTC-USDT-SWAP/near_liq_n        | 0            |
|    BTC-USDT-SWAP/near_liq_pct      | 0            |
|    BTC-USDT-SWAP/pnl_std           | 5.53         |
|    BTC-USDT-SWAP/sel_monthly_log   | -0.376       |
|    BTC-USDT-SWAP/total_pnl         | 690          |
|    BTC-USDT-SWAP/trades            | 1521         |
|    BTC-USDT-SWAP/trades_per_month  | 129          |
|    BTC-USDT-SWAP/v9_kpi            | -0.802       |
|    BTC-USDT-SWAP/v9_kpi_z_mdd      | 0.419        |
|    BTC-USDT-SWAP/v9_kpi_z_msl      | -2.09        |
|    BTC-USDT-SWAP/v9_kpi_z_sel      | -0.753       |
|    BTC-USDT-SWAP/win_rate          | 0.62         |
|    ETH-USDT-SWAP/compound_mdd_pct  | 100          |
|    ETH-USDT-SWAP/compound_multiple | 0            |
|    ETH-USDT-SWAP/max_single_loss   | -100         |
|    ETH-USDT-SWAP/max_upnl          | 0.589        |
|    ETH-USDT-SWAP/near_liq_n        | 1            |
|    ETH-USDT-SWAP/near_liq_pct      | 0.000551     |
|    ETH-USDT-SWAP/pnl_std           | 7.94         |
|    ETH-USDT-SWAP/total_pnl         | 2.12e+03     |
|    ETH-USDT-SWAP/trades            | 1816         |
|    ETH-USDT-SWAP/trades_per_month  | 154          |
|    ETH-USDT-SWAP/win_rate          | 0.596        |
-----------------------------------------------------
------------------------------------------
| rollout/                |              |
|    ep_len_mean          | 4.33e+04     |
|    ep_rew_mean          | 1.85         |
| time/                   |              |
|    fps                  | 10777        |
|    iterations           | 298          |
|    time_elapsed         | 792          |
|    total_timesteps      | 8544256      |
| train/                  |              |
|    approx_kl            | 0.0007902161 |
|    clip_fraction        | 0.00631      |
|    clip_range           | 0.2          |
|    entropy_loss         | -0.0478      |
|    explained_variance   | 0.458        |
|    learning_rate        | 0.000274     |
|    loss                 | -0.00137     |
|    n_updates            | 2970         |
|    policy_gradient_loss | -0.0008      |
|    value_loss           | 0.00012      |
------------------------------------------
------------------------------------------
| rollout/                |              |
|    ep_len_mean          | 4.33e+04     |
|    ep_rew_mean          | 1.85         |
| time/                   |              |
|    fps                  | 10787        |
|    iterations           | 299          |
|    time_elapsed         | 794          |
|    total_timesteps      | 8572928      |
| train/                  |              |
|    approx_kl            | 0.0005792199 |
|    clip_fraction        | 0.00801      |
|    clip_range           | 0.2          |
|    entropy_loss         | -0.0556      |
|    explained_variance   | 0.472        |
|    learning_rate        | 0.000274     |
|    loss                 | -0.00463     |
|    n_updates            | 2980         |
|    policy_gradient_loss | -0.000502    |
|    value_loss           | 0.000147     |
------------------------------------------
------------------------------------------
| rollout/                |              |
|    ep_len_mean          | 4.33e+04     |
|    ep_rew_mean          | 1.85         |
| time/                   |              |
|    fps                  | 10798        |
|    iterations           | 300          |
|    time_elapsed         | 796          |
|    total_timesteps      | 8601600      |
| train/                  |              |
|    approx_kl            | 0.0005377025 |
|    clip_fraction        | 0.00555      |
|    clip_range           | 0.2          |
|    entropy_loss         | -0.0484      |
|    explained_variance   | 0.486        |
|    learning_rate        | 0.000274     |
|    loss                 | -0.00295     |
|    n_updates            | 2990         |
|    policy_gradient_loss | -0.000968    |
|    value_loss           | 0.000145     |
------------------------------------------
------------------------------------------
| rollout/                |              |
|    ep_len_mean          | 4.33e+04     |
|    ep_rew_mean          | 1.85         |
| time/                   |              |
|    fps                  | 10807        |
|    iterations           | 301          |
|    time_elapsed         | 798          |
|    total_timesteps      | 8630272      |
| train/                  |              |
|    approx_kl            | 0.0007237523 |
|    clip_fraction        | 0.00645      |
|    clip_range           | 0.2          |
|    entropy_loss         | -0.0422      |
|    explained_variance   | 0.427        |
|    learning_rate        | 0.000274     |
|    loss                 | -0.00208     |
|    n_updates            | 3000         |
|    policy_gradient_loss | -0.000667    |
|    value_loss           | 0.000141     |
------------------------------------------
-------------------------------------------
| rollout/                |               |
|    ep_len_mean          | 4.33e+04      |
|    ep_rew_mean          | 1.85          |
| time/                   |               |
|    fps                  | 10816         |
|    iterations           | 302           |
|    time_elapsed         | 800           |
|    total_timesteps      | 8658944       |
| train/                  |               |
|    approx_kl            | 0.00044026857 |
|    clip_fraction        | 0.00431       |
|    clip_range           | 0.2           |
|    entropy_loss         | -0.0424       |
|    explained_variance   | 0.479         |
|    learning_rate        | 0.000274      |
|    loss                 | -0.000575     |
|    n_updates            | 3010          |
|    policy_gradient_loss | -0.000396     |
|    value_loss           | 0.000144      |
-------------------------------------------
------------------------------------------
| rollout/                |              |
|    ep_len_mean          | 4.33e+04     |
|    ep_rew_mean          | 1.85         |
| time/                   |              |
|    fps                  | 10826        |
|    iterations           | 303          |
|    time_elapsed         | 802          |
|    total_timesteps      | 8687616      |
| train/                  |              |
|    approx_kl            | 0.0005253811 |
|    clip_fraction        | 0.00518      |
|    clip_range           | 0.2          |
|    entropy_loss         | -0.0388      |
|    explained_variance   | 0.424        |
|    learning_rate        | 0.000274     |
|    loss                 | -0.00194     |
|    n_updates            | 3020         |
|    policy_gradient_loss | -0.000695    |
|    value_loss           | 0.000156     |
------------------------------------------
-------------------------------------------
| rollout/                |               |
|    ep_len_mean          | 4.33e+04      |
|    ep_rew_mean          | 1.85          |
| time/                   |               |
|    fps                  | 10835         |
|    iterations           | 304           |
|    time_elapsed         | 804           |
|    total_timesteps      | 8716288       |
| train/                  |               |
|    approx_kl            | 0.00091523275 |
|    clip_fraction        | 0.00734       |
|    clip_range           | 0.2           |
|    entropy_loss         | -0.0414       |
|    explained_variance   | 0.367         |
|    learning_rate        | 0.000274      |
|    loss                 | -0.00102      |
|    n_updates            | 3030          |
|    policy_gradient_loss | -0.000498     |
|    value_loss           | 0.000181      |
-------------------------------------------
-----------------------------------------
| rollout/                |             |
|    ep_len_mean          | 4.33e+04    |
|    ep_rew_mean          | 1.85        |
| time/                   |             |
|    fps                  | 10845       |
|    iterations           | 305         |
|    time_elapsed         | 806         |
|    total_timesteps      | 8744960     |
| train/                  |             |
|    approx_kl            | 0.001099685 |
|    clip_fraction        | 0.0071      |
|    clip_range           | 0.2         |
|    entropy_loss         | -0.0429     |
|    explained_variance   | 0.429       |
|    learning_rate        | 0.000274    |
|    loss                 | -0.000525   |
|    n_updates            | 3040        |
|    policy_gradient_loss | -0.000725   |
|    value_loss           | 0.000211    |
-----------------------------------------
------------------------------------------
| rollout/                |              |
|    ep_len_mean          | 4.33e+04     |
|    ep_rew_mean          | 1.85         |
| time/                   |              |
|    fps                  | 10855        |
|    iterations           | 306          |
|    time_elapsed         | 808          |
|    total_timesteps      | 8773632      |
| train/                  |              |
|    approx_kl            | 0.0009836379 |
|    clip_fraction        | 0.00637      |
|    clip_range           | 0.2          |
|    entropy_loss         | -0.0441      |
|    explained_variance   | 0.383        |
|    learning_rate        | 0.000274     |
|    loss                 | 6.79e-05     |
|    n_updates            | 3050         |
|    policy_gradient_loss | -0.000844    |
|    value_loss           | 0.000226     |
------------------------------------------
-------------------------------------------
| rollout/                |               |
|    ep_len_mean          | 4.33e+04      |
|    ep_rew_mean          | 1.85          |
| time/                   |               |
|    fps                  | 10864         |
|    iterations           | 307           |
|    time_elapsed         | 810           |
|    total_timesteps      | 8802304       |
| train/                  |               |
|    approx_kl            | 0.00043426667 |
|    clip_fraction        | 0.00409       |
|    clip_range           | 0.2           |
|    entropy_loss         | -0.0371       |
|    explained_variance   | 0.52          |
|    learning_rate        | 0.000274      |
|    loss                 | -0.000184     |
|    n_updates            | 3060          |
|    policy_gradient_loss | -0.000264     |
|    value_loss           | 0.000128      |
-------------------------------------------
-----------------------------------------
| rollout/                |             |
|    ep_len_mean          | 4.33e+04    |
|    ep_rew_mean          | 1.85        |
| time/                   |             |
|    fps                  | 10874       |
|    iterations           | 308         |
|    time_elapsed         | 812         |
|    total_timesteps      | 8830976     |
| train/                  |             |
|    approx_kl            | 0.000535726 |
|    clip_fraction        | 0.00557     |
|    clip_range           | 0.2         |
|    entropy_loss         | -0.0343     |
|    explained_variance   | 0.525       |
|    learning_rate        | 0.000274    |
|    loss                 | -0.000857   |
|    n_updates            | 3070        |
|    policy_gradient_loss | -0.000604   |
|    value_loss           | 0.00014     |
-----------------------------------------
-------------------------------------------
| rollout/                |               |
|    ep_len_mean          | 4.33e+04      |
|    ep_rew_mean          | 1.85          |
| time/                   |               |
|    fps                  | 10884         |
|    iterations           | 309           |
|    time_elapsed         | 813           |
|    total_timesteps      | 8859648       |
| train/                  |               |
|    approx_kl            | 0.00081916153 |
|    clip_fraction        | 0.0061        |
|    clip_range           | 0.2           |
|    entropy_loss         | -0.0313       |
|    explained_variance   | 0.461         |
|    learning_rate        | 0.000274      |
|    loss                 | -0.00285      |
|    n_updates            | 3080          |
|    policy_gradient_loss | -0.0004       |
|    value_loss           | 0.000127      |
-------------------------------------------
------------------------------------------
| rollout/                |              |
|    ep_len_mean          | 4.33e+04     |
|    ep_rew_mean          | 1.85         |
| time/                   |              |
|    fps                  | 10894        |
|    iterations           | 310          |
|    time_elapsed         | 815          |
|    total_timesteps      | 8888320      |
| train/                  |              |
|    approx_kl            | 0.0023804884 |
|    clip_fraction        | 0.00665      |
|    clip_range           | 0.2          |
|    entropy_loss         | -0.0368      |
|    explained_variance   | 0.563        |
|    learning_rate        | 0.000273     |
|    loss                 | -0.00166     |
|    n_updates            | 3090         |
|    policy_gradient_loss | -0.00056     |
|    value_loss           | 0.000138     |
------------------------------------------
------------------------------------------
| rollout/                |              |
|    ep_len_mean          | 4.33e+04     |
|    ep_rew_mean          | 1.85         |
| time/                   |              |
|    fps                  | 10903        |
|    iterations           | 311          |
|    time_elapsed         | 817          |
|    total_timesteps      | 8916992      |
| train/                  |              |
|    approx_kl            | 0.0005081538 |
|    clip_fraction        | 0.00566      |
|    clip_range           | 0.2          |
|    entropy_loss         | -0.0419      |
|    explained_variance   | 0.562        |
|    learning_rate        | 0.000273     |
|    loss                 | -0.00118     |
|    n_updates            | 3100         |
|    policy_gradient_loss | -0.000421    |
|    value_loss           | 0.000116     |
------------------------------------------
-------------------------------------------
| rollout/                |               |
|    ep_len_mean          | 4.33e+04      |
|    ep_rew_mean          | 1.85          |
| time/                   |               |
|    fps                  | 10913         |
|    iterations           | 312           |
|    time_elapsed         | 819           |
|    total_timesteps      | 8945664       |
| train/                  |               |
|    approx_kl            | 0.00038842324 |
|    clip_fraction        | 0.00477       |
|    clip_range           | 0.2           |
|    entropy_loss         | -0.0391       |
|    explained_variance   | 0.608         |
|    learning_rate        | 0.000273      |
|    loss                 | 0.00162       |
|    n_updates            | 3110          |
|    policy_gradient_loss | -0.000327     |
|    value_loss           | 0.000119      |
-------------------------------------------
-------------------------------------------
| rollout/                |               |
|    ep_len_mean          | 4.33e+04      |
|    ep_rew_mean          | 1.85          |
| time/                   |               |
|    fps                  | 10922         |
|    iterations           | 313           |
|    time_elapsed         | 821           |
|    total_timesteps      | 8974336       |
| train/                  |               |
|    approx_kl            | 0.00085785036 |
|    clip_fraction        | 0.00735       |
|    clip_range           | 0.2           |
|    entropy_loss         | -0.047        |
|    explained_variance   | 0.481         |
|    learning_rate        | 0.000273      |
|    loss                 | -0.00112      |
|    n_updates            | 3120          |
|    policy_gradient_loss | -0.000268     |
|    value_loss           | 0.000103      |
-------------------------------------------
------------------------------------------------------
| rollout/                           |               |
|    ep_len_mean                     | 4.33e+04      |
|    ep_rew_mean                     | 1.85          |
| time/                              |               |
|    fps                             | 10759         |
|    iterations                      | 314           |
|    time_elapsed                    | 836           |
|    total_timesteps                 | 9003008       |
| train/                             |               |
|    approx_kl                       | 0.00072076224 |
|    clip_fraction                   | 0.00585       |
|    clip_range                      | 0.2           |
|    entropy_loss                    | -0.0428       |
|    explained_variance              | 0.613         |
|    learning_rate                   | 0.000273      |
|    loss                            | 0.00292       |
|    n_updates                       | 3130          |
|    policy_gradient_loss            | -0.000673     |
|    value_loss                      | 8.88e-05      |
| valid/                             |               |
|    BTC-USDT-SWAP/compound_mdd_pct  | 81.8          |
|    BTC-USDT-SWAP/compound_multiple | 675           |
|    BTC-USDT-SWAP/max_single_loss   | -28.9         |
|    BTC-USDT-SWAP/max_upnl          | 0.357         |
|    BTC-USDT-SWAP/near_liq_n        | 0             |
|    BTC-USDT-SWAP/near_liq_pct      | 0             |
|    BTC-USDT-SWAP/pnl_std           | 4.99          |
|    BTC-USDT-SWAP/sel_monthly_log   | -0.231        |
|    BTC-USDT-SWAP/total_pnl         | 886           |
|    BTC-USDT-SWAP/trades            | 1864          |
|    BTC-USDT-SWAP/trades_per_month  | 158           |
|    BTC-USDT-SWAP/v9_kpi            | -0.366        |
|    BTC-USDT-SWAP/v9_kpi_z_mdd      | -0.692        |
|    BTC-USDT-SWAP/v9_kpi_z_msl      | 0.0886        |
|    BTC-USDT-SWAP/v9_kpi_z_sel      | -0.462        |
|    BTC-USDT-SWAP/win_rate          | 0.573         |
|    ETH-USDT-SWAP/compound_mdd_pct  | 100           |
|    ETH-USDT-SWAP/compound_multiple | 0             |
|    ETH-USDT-SWAP/max_single_loss   | -100          |
|    ETH-USDT-SWAP/max_upnl          | 0.589         |
|    ETH-USDT-SWAP/near_liq_n        | 2             |
|    ETH-USDT-SWAP/near_liq_pct      | 0.000913      |
|    ETH-USDT-SWAP/pnl_std           | 7.37          |
|    ETH-USDT-SWAP/total_pnl         | 2.87e+03      |
|    ETH-USDT-SWAP/trades            | 2190          |
|    ETH-USDT-SWAP/trades_per_month  | 185           |
|    ETH-USDT-SWAP/win_rate          | 0.557         |
------------------------------------------------------
------------------------------------------
| rollout/                |              |
|    ep_len_mean          | 4.33e+04     |
|    ep_rew_mean          | 1.85         |
| time/                   |              |
|    fps                  | 10769        |
|    iterations           | 315          |
|    time_elapsed         | 838          |
|    total_timesteps      | 9031680      |
| train/                  |              |
|    approx_kl            | 0.0004513056 |
|    clip_fraction        | 0.00601      |
|    clip_range           | 0.2          |
|    entropy_loss         | -0.0511      |
|    explained_variance   | 0.462        |
|    learning_rate        | 0.000273     |
|    loss                 | -0.000332    |
|    n_updates            | 3140         |
|    policy_gradient_loss | -0.000402    |
|    value_loss           | 9.6e-05      |
------------------------------------------
------------------------------------------
| rollout/                |              |
|    ep_len_mean          | 4.33e+04     |
|    ep_rew_mean          | 1.85         |
| time/                   |              |
|    fps                  | 10779        |
|    iterations           | 316          |
|    time_elapsed         | 840          |
|    total_timesteps      | 9060352      |
| train/                  |              |
|    approx_kl            | 0.0005760832 |
|    clip_fraction        | 0.00628      |
|    clip_range           | 0.2          |
|    entropy_loss         | -0.0434      |
|    explained_variance   | 0.541        |
|    learning_rate        | 0.000273     |
|    loss                 | -0.000878    |
|    n_updates            | 3150         |
|    policy_gradient_loss | -0.000459    |
|    value_loss           | 9.47e-05     |
------------------------------------------
------------------------------------------
| rollout/                |              |
|    ep_len_mean          | 4.33e+04     |
|    ep_rew_mean          | 1.97         |
| time/                   |              |
|    fps                  | 10789        |
|    iterations           | 317          |
|    time_elapsed         | 842          |
|    total_timesteps      | 9089024      |
| train/                  |              |
|    approx_kl            | 0.0009682017 |
|    clip_fraction        | 0.00835      |
|    clip_range           | 0.2          |
|    entropy_loss         | -0.0577      |
|    explained_variance   | 0.542        |
|    learning_rate        | 0.000273     |
|    loss                 | -0.000133    |
|    n_updates            | 3160         |
|    policy_gradient_loss | -0.000977    |
|    value_loss           | 0.000114     |
------------------------------------------
-------------------------------------------
| rollout/                |               |
|    ep_len_mean          | 4.33e+04      |
|    ep_rew_mean          | 2             |
| time/                   |               |
|    fps                  | 10798         |
|    iterations           | 318           |
|    time_elapsed         | 844           |
|    total_timesteps      | 9117696       |
| train/                  |               |
|    approx_kl            | 0.00075707585 |
|    clip_fraction        | 0.00575       |
|    clip_range           | 0.2           |
|    entropy_loss         | -0.0514       |
|    explained_variance   | 0.551         |
|    learning_rate        | 0.000273      |
|    loss                 | -0.000163     |
|    n_updates            | 3170          |
|    policy_gradient_loss | -0.000461     |
|    value_loss           | 0.000129      |
-------------------------------------------
------------------------------------------
| rollout/                |              |
|    ep_len_mean          | 4.33e+04     |
|    ep_rew_mean          | 2            |
| time/                   |              |
|    fps                  | 10808        |
|    iterations           | 319          |
|    time_elapsed         | 846          |
|    total_timesteps      | 9146368      |
| train/                  |              |
|    approx_kl            | 0.0006039458 |
|    clip_fraction        | 0.00622      |
|    clip_range           | 0.2          |
|    entropy_loss         | -0.0583      |
|    explained_variance   | 0.543        |
|    learning_rate        | 0.000273     |
|    loss                 | 0.000442     |
|    n_updates            | 3180         |
|    policy_gradient_loss | -0.000598    |
|    value_loss           | 0.000144     |
------------------------------------------
------------------------------------------
| rollout/                |              |
|    ep_len_mean          | 4.33e+04     |
|    ep_rew_mean          | 2            |
| time/                   |              |
|    fps                  | 10818        |
|    iterations           | 320          |
|    time_elapsed         | 848          |
|    total_timesteps      | 9175040      |
| train/                  |              |
|    approx_kl            | 0.0005768168 |
|    clip_fraction        | 0.00668      |
|    clip_range           | 0.2          |
|    entropy_loss         | -0.0498      |
|    explained_variance   | 0.516        |
|    learning_rate        | 0.000273     |
|    loss                 | 0.00057      |
|    n_updates            | 3190         |
|    policy_gradient_loss | -0.000503    |
|    value_loss           | 0.000165     |
------------------------------------------
------------------------------------------
| rollout/                |              |
|    ep_len_mean          | 4.33e+04     |
|    ep_rew_mean          | 2            |
| time/                   |              |
|    fps                  | 10828        |
|    iterations           | 321          |
|    time_elapsed         | 849          |
|    total_timesteps      | 9203712      |
| train/                  |              |
|    approx_kl            | 0.0010089718 |
|    clip_fraction        | 0.00901      |
|    clip_range           | 0.2          |
|    entropy_loss         | -0.058       |
|    explained_variance   | 0.21         |
|    learning_rate        | 0.000272     |
|    loss                 | 0.00322      |
|    n_updates            | 3200         |
|    policy_gradient_loss | -0.00081     |
|    value_loss           | 0.000833     |
------------------------------------------
------------------------------------------
| rollout/                |              |
|    ep_len_mean          | 4.33e+04     |
|    ep_rew_mean          | 2            |
| time/                   |              |
|    fps                  | 10837        |
|    iterations           | 322          |
|    time_elapsed         | 851          |
|    total_timesteps      | 9232384      |
| train/                  |              |
|    approx_kl            | 0.0006124963 |
|    clip_fraction        | 0.00661      |
|    clip_range           | 0.2          |
|    entropy_loss         | -0.0513      |
|    explained_variance   | 0.443        |
|    learning_rate        | 0.000272     |
|    loss                 | -0.00423     |
|    n_updates            | 3210         |
|    policy_gradient_loss | -0.000722    |
|    value_loss           | 0.000198     |
------------------------------------------
------------------------------------------
| rollout/                |              |
|    ep_len_mean          | 4.33e+04     |
|    ep_rew_mean          | 2            |
| time/                   |              |
|    fps                  | 10847        |
|    iterations           | 323          |
|    time_elapsed         | 853          |
|    total_timesteps      | 9261056      |
| train/                  |              |
|    approx_kl            | 0.0010924218 |
|    clip_fraction        | 0.00976      |
|    clip_range           | 0.2          |
|    entropy_loss         | -0.0485      |
|    explained_variance   | 0.542        |
|    learning_rate        | 0.000272     |
|    loss                 | -0.000666    |
|    n_updates            | 3220         |
|    policy_gradient_loss | -0.000976    |
|    value_loss           | 0.00024      |
------------------------------------------
-------------------------------------------
| rollout/                |               |
|    ep_len_mean          | 4.33e+04      |
|    ep_rew_mean          | 2             |
| time/                   |               |
|    fps                  | 10856         |
|    iterations           | 324           |
|    time_elapsed         | 855           |
|    total_timesteps      | 9289728       |
| train/                  |               |
|    approx_kl            | 0.00061005895 |
|    clip_fraction        | 0.00589       |
|    clip_range           | 0.2           |
|    entropy_loss         | -0.0592       |
|    explained_variance   | 0.426         |
|    learning_rate        | 0.000272      |
|    loss                 | -0.00176      |
|    n_updates            | 3230          |
|    policy_gradient_loss | -0.000586     |
|    value_loss           | 0.000215      |
-------------------------------------------
-------------------------------------------
| rollout/                |               |
|    ep_len_mean          | 4.33e+04      |
|    ep_rew_mean          | 2             |
| time/                   |               |
|    fps                  | 10865         |
|    iterations           | 325           |
|    time_elapsed         | 857           |
|    total_timesteps      | 9318400       |
| train/                  |               |
|    approx_kl            | 0.00052916474 |
|    clip_fraction        | 0.0065        |
|    clip_range           | 0.2           |
|    entropy_loss         | -0.0495       |
|    explained_variance   | 0.445         |
|    learning_rate        | 0.000272      |
|    loss                 | -0.000693     |
|    n_updates            | 3240          |
|    policy_gradient_loss | -0.000451     |
|    value_loss           | 0.000153      |
-------------------------------------------
-------------------------------------------
| rollout/                |               |
|    ep_len_mean          | 4.33e+04      |
|    ep_rew_mean          | 2             |
| time/                   |               |
|    fps                  | 10874         |
|    iterations           | 326           |
|    time_elapsed         | 859           |
|    total_timesteps      | 9347072       |
| train/                  |               |
|    approx_kl            | 0.00093096995 |
|    clip_fraction        | 0.008         |
|    clip_range           | 0.2           |
|    entropy_loss         | -0.0536       |
|    explained_variance   | 0.373         |
|    learning_rate        | 0.000272      |
|    loss                 | -0.00116      |
|    n_updates            | 3250          |
|    policy_gradient_loss | -0.000639     |
|    value_loss           | 0.000237      |
-------------------------------------------
------------------------------------------
| rollout/                |              |
|    ep_len_mean          | 4.33e+04     |
|    ep_rew_mean          | 2            |
| time/                   |              |
|    fps                  | 10883        |
|    iterations           | 327          |
|    time_elapsed         | 861          |
|    total_timesteps      | 9375744      |
| train/                  |              |
|    approx_kl            | 0.0007472622 |
|    clip_fraction        | 0.00692      |
|    clip_range           | 0.2          |
|    entropy_loss         | -0.0533      |
|    explained_variance   | 0.44         |
|    learning_rate        | 0.000272     |
|    loss                 | 0.000966     |
|    n_updates            | 3260         |
|    policy_gradient_loss | -0.000827    |
|    value_loss           | 0.000156     |
------------------------------------------
-------------------------------------------
| rollout/                |               |
|    ep_len_mean          | 4.33e+04      |
|    ep_rew_mean          | 2             |
| time/                   |               |
|    fps                  | 10892         |
|    iterations           | 328           |
|    time_elapsed         | 863           |
|    total_timesteps      | 9404416       |
| train/                  |               |
|    approx_kl            | 0.00068448513 |
|    clip_fraction        | 0.00557       |
|    clip_range           | 0.2           |
|    entropy_loss         | -0.0482       |
|    explained_variance   | 0.512         |
|    learning_rate        | 0.000272      |
|    loss                 | -0.000538     |
|    n_updates            | 3270          |
|    policy_gradient_loss | -0.000488     |
|    value_loss           | 0.00014       |
-------------------------------------------
-----------------------------------------
| rollout/                |             |
|    ep_len_mean          | 4.33e+04    |
|    ep_rew_mean          | 2           |
| time/                   |             |
|    fps                  | 10901       |
|    iterations           | 329         |
|    time_elapsed         | 865         |
|    total_timesteps      | 9433088     |
| train/                  |             |
|    approx_kl            | 0.001249553 |
|    clip_fraction        | 0.00742     |
|    clip_range           | 0.2         |
|    entropy_loss         | -0.0496     |
|    explained_variance   | 0.476       |
|    learning_rate        | 0.000272    |
|    loss                 | -0.00324    |
|    n_updates            | 3280        |
|    policy_gradient_loss | -0.000724   |
|    value_loss           | 0.000165    |
-----------------------------------------
-------------------------------------------
| rollout/                |               |
|    ep_len_mean          | 4.33e+04      |
|    ep_rew_mean          | 2             |
| time/                   |               |
|    fps                  | 10909         |
|    iterations           | 330           |
|    time_elapsed         | 867           |
|    total_timesteps      | 9461760       |
| train/                  |               |
|    approx_kl            | 0.00087339606 |
|    clip_fraction        | 0.00655       |
|    clip_range           | 0.2           |
|    entropy_loss         | -0.043        |
|    explained_variance   | 0.386         |
|    learning_rate        | 0.000272      |
|    loss                 | 0.00142       |
|    n_updates            | 3290          |
|    policy_gradient_loss | -0.000804     |
|    value_loss           | 0.000167      |
-------------------------------------------
-------------------------------------------
| rollout/                |               |
|    ep_len_mean          | 4.33e+04      |
|    ep_rew_mean          | 2             |
| time/                   |               |
|    fps                  | 10918         |
|    iterations           | 331           |
|    time_elapsed         | 869           |
|    total_timesteps      | 9490432       |
| train/                  |               |
|    approx_kl            | 0.00059110357 |
|    clip_fraction        | 0.00553       |
|    clip_range           | 0.2           |
|    entropy_loss         | -0.0423       |
|    explained_variance   | 0.436         |
|    learning_rate        | 0.000272      |
|    loss                 | -0.00251      |
|    n_updates            | 3300          |
|    policy_gradient_loss | -0.000381     |
|    value_loss           | 0.000138      |
-------------------------------------------
-----------------------------------------------------
| rollout/                           |              |
|    ep_len_mean                     | 4.33e+04     |
|    ep_rew_mean                     | 2            |
| time/                              |              |
|    fps                             | 10765        |
|    iterations                      | 332          |
|    time_elapsed                    | 884          |
|    total_timesteps                 | 9519104      |
| train/                             |              |
|    approx_kl                       | 0.0005926001 |
|    clip_fraction                   | 0.0065       |
|    clip_range                      | 0.2          |
|    entropy_loss                    | -0.0416      |
|    explained_variance              | 0.418        |
|    learning_rate                   | 0.000272     |
|    loss                            | -0.0026      |
|    n_updates                       | 3310         |
|    policy_gradient_loss            | -0.000552    |
|    value_loss                      | 0.000158     |
| valid/                             |              |
|    BTC-USDT-SWAP/compound_mdd_pct  | 75           |
|    BTC-USDT-SWAP/compound_multiple | 3.69e+03     |
|    BTC-USDT-SWAP/max_single_loss   | -28.9        |
|    BTC-USDT-SWAP/max_upnl          | 0.366        |
|    BTC-USDT-SWAP/near_liq_n        | 0            |
|    BTC-USDT-SWAP/near_liq_pct      | 0            |
|    BTC-USDT-SWAP/pnl_std           | 6.17         |
|    BTC-USDT-SWAP/sel_monthly_log   | -0.142       |
|    BTC-USDT-SWAP/total_pnl         | 1.07e+03     |
|    BTC-USDT-SWAP/trades            | 1336         |
|    BTC-USDT-SWAP/trades_per_month  | 113          |
|    BTC-USDT-SWAP/v9_kpi            | -0.176       |
|    BTC-USDT-SWAP/v9_kpi_z_mdd      | -0.296       |
|    BTC-USDT-SWAP/v9_kpi_z_msl      | 0.0886       |
|    BTC-USDT-SWAP/v9_kpi_z_sel      | -0.284       |
|    BTC-USDT-SWAP/win_rate          | 0.582        |
|    ETH-USDT-SWAP/compound_mdd_pct  | 100          |
|    ETH-USDT-SWAP/compound_multiple | 0            |
|    ETH-USDT-SWAP/max_single_loss   | -100         |
|    ETH-USDT-SWAP/max_upnl          | 0.599        |
|    ETH-USDT-SWAP/near_liq_n        | 1            |
|    ETH-USDT-SWAP/near_liq_pct      | 0.0004       |
|    ETH-USDT-SWAP/pnl_std           | 6.7          |
|    ETH-USDT-SWAP/total_pnl         | 2.1e+03      |
|    ETH-USDT-SWAP/trades            | 2497         |
|    ETH-USDT-SWAP/trades_per_month  | 211          |
|    ETH-USDT-SWAP/win_rate          | 0.445        |
-----------------------------------------------------
------------------------------------------
| rollout/                |              |
|    ep_len_mean          | 4.33e+04     |
|    ep_rew_mean          | 2            |
| time/                   |              |
|    fps                  | 10770        |
|    iterations           | 333          |
|    time_elapsed         | 886          |
|    total_timesteps      | 9547776      |
| train/                  |              |
|    approx_kl            | 0.0012799378 |
|    clip_fraction        | 0.00756      |
|    clip_range           | 0.2          |
|    entropy_loss         | -0.0484      |
|    explained_variance   | 0.356        |
|    learning_rate        | 0.000271     |
|    loss                 | -0.000454    |
|    n_updates            | 3320         |
|    policy_gradient_loss | -0.000464    |
|    value_loss           | 0.000195     |
------------------------------------------
-------------------------------------------
| rollout/                |               |
|    ep_len_mean          | 4.33e+04      |
|    ep_rew_mean          | 2             |
| time/                   |               |
|    fps                  | 10776         |
|    iterations           | 334           |
|    time_elapsed         | 888           |
|    total_timesteps      | 9576448       |
| train/                  |               |
|    approx_kl            | 0.00055393256 |
|    clip_fraction        | 0.0057        |
|    clip_range           | 0.2           |
|    entropy_loss         | -0.0452       |
|    explained_variance   | 0.625         |
|    learning_rate        | 0.000271      |
|    loss                 | -0.000852     |
|    n_updates            | 3330          |
|    policy_gradient_loss | -0.0005       |
|    value_loss           | 0.00011       |
-------------------------------------------
------------------------------------------
| rollout/                |              |
|    ep_len_mean          | 4.33e+04     |
|    ep_rew_mean          | 2            |
| time/                   |              |
|    fps                  | 10785        |
|    iterations           | 335          |
|    time_elapsed         | 890          |
|    total_timesteps      | 9605120      |
| train/                  |              |
|    approx_kl            | 0.0011354799 |
|    clip_fraction        | 0.00624      |
|    clip_range           | 0.2          |
|    entropy_loss         | -0.0319      |
|    explained_variance   | 0.601        |
|    learning_rate        | 0.000271     |
|    loss                 | -0.00164     |
|    n_updates            | 3340         |
|    policy_gradient_loss | -0.000902    |
|    value_loss           | 0.000117     |
------------------------------------------
-------------------------------------------
| rollout/                |               |
|    ep_len_mean          | 4.33e+04      |
|    ep_rew_mean          | 2             |
| time/                   |               |
|    fps                  | 10793         |
|    iterations           | 336           |
|    time_elapsed         | 892           |
|    total_timesteps      | 9633792       |
| train/                  |               |
|    approx_kl            | 0.00045441024 |
|    clip_fraction        | 0.00464       |
|    clip_range           | 0.2           |
|    entropy_loss         | -0.041        |
|    explained_variance   | 0.475         |
|    learning_rate        | 0.000271      |
|    loss                 | -0.000385     |
|    n_updates            | 3350          |
|    policy_gradient_loss | -0.000373     |
|    value_loss           | 0.000132      |
-------------------------------------------
------------------------------------------
| rollout/                |              |
|    ep_len_mean          | 4.33e+04     |
|    ep_rew_mean          | 2            |
| time/                   |              |
|    fps                  | 10802        |
|    iterations           | 337          |
|    time_elapsed         | 894          |
|    total_timesteps      | 9662464      |
| train/                  |              |
|    approx_kl            | 0.0005906428 |
|    clip_fraction        | 0.0054       |
|    clip_range           | 0.2          |
|    entropy_loss         | -0.0403      |
|    explained_variance   | 0.534        |
|    learning_rate        | 0.000271     |
|    loss                 | -0.000588    |
|    n_updates            | 3360         |
|    policy_gradient_loss | -0.000472    |
|    value_loss           | 0.000121     |
------------------------------------------
-------------------------------------------
| rollout/                |               |
|    ep_len_mean          | 4.32e+04      |
|    ep_rew_mean          | 2.05          |
| time/                   |               |
|    fps                  | 10811         |
|    iterations           | 338           |
|    time_elapsed         | 896           |
|    total_timesteps      | 9691136       |
| train/                  |               |
|    approx_kl            | 0.00061619404 |
|    clip_fraction        | 0.00586       |
|    clip_range           | 0.2           |
|    entropy_loss         | -0.0392       |
|    explained_variance   | 0.537         |
|    learning_rate        | 0.000271      |
|    loss                 | -0.000506     |
|    n_updates            | 3370          |
|    policy_gradient_loss | -0.000436     |
|    value_loss           | 0.000116      |
-------------------------------------------
------------------------------------------
| rollout/                |              |
|    ep_len_mean          | 4.33e+04     |
|    ep_rew_mean          | 2.17         |
| time/                   |              |
|    fps                  | 10820        |
|    iterations           | 339          |
|    time_elapsed         | 898          |
|    total_timesteps      | 9719808      |
| train/                  |              |
|    approx_kl            | 0.0007308127 |
|    clip_fraction        | 0.00652      |
|    clip_range           | 0.2          |
|    entropy_loss         | -0.0399      |
|    explained_variance   | 0.472        |
|    learning_rate        | 0.000271     |
|    loss                 | -0.00111     |
|    n_updates            | 3380         |
|    policy_gradient_loss | -0.000488    |
|    value_loss           | 0.000159     |
------------------------------------------
------------------------------------------
| rollout/                |              |
|    ep_len_mean          | 4.33e+04     |
|    ep_rew_mean          | 2.17         |
| time/                   |              |
|    fps                  | 10828        |
|    iterations           | 340          |
|    time_elapsed         | 900          |
|    total_timesteps      | 9748480      |
| train/                  |              |
|    approx_kl            | 0.0005660974 |
|    clip_fraction        | 0.00573      |
|    clip_range           | 0.2          |
|    entropy_loss         | -0.0363      |
|    explained_variance   | 0.701        |
|    learning_rate        | 0.000271     |
|    loss                 | -0.0007      |
|    n_updates            | 3390         |
|    policy_gradient_loss | -0.000364    |
|    value_loss           | 8.47e-05     |
------------------------------------------
-------------------------------------------
| rollout/                |               |
|    ep_len_mean          | 4.33e+04      |
|    ep_rew_mean          | 2.17          |
| time/                   |               |
|    fps                  | 10837         |
|    iterations           | 341           |
|    time_elapsed         | 902           |
|    total_timesteps      | 9777152       |
| train/                  |               |
|    approx_kl            | 0.00040977212 |
|    clip_fraction        | 0.00504       |
|    clip_range           | 0.2           |
|    entropy_loss         | -0.0242       |
|    explained_variance   | 0.648         |
|    learning_rate        | 0.000271      |
|    loss                 | 0.000281      |
|    n_updates            | 3400          |
|    policy_gradient_loss | -0.000513     |
|    value_loss           | 9.05e-05      |
-------------------------------------------
-------------------------------------------
| rollout/                |               |
|    ep_len_mean          | 4.33e+04      |
|    ep_rew_mean          | 2.17          |
| time/                   |               |
|    fps                  | 10846         |
|    iterations           | 342           |
|    time_elapsed         | 904           |
|    total_timesteps      | 9805824       |
| train/                  |               |
|    approx_kl            | 0.00055366964 |
|    clip_fraction        | 0.0037        |
|    clip_range           | 0.2           |
|    entropy_loss         | -0.0211       |
|    explained_variance   | 0.623         |
|    learning_rate        | 0.000271      |
|    loss                 | -0.0012       |
|    n_updates            | 3410          |
|    policy_gradient_loss | -0.000731     |
|    value_loss           | 9.68e-05      |
-------------------------------------------
-------------------------------------------
| rollout/                |               |
|    ep_len_mean          | 4.33e+04      |
|    ep_rew_mean          | 2.17          |
| time/                   |               |
|    fps                  | 10855         |
|    iterations           | 343           |
|    time_elapsed         | 905           |
|    total_timesteps      | 9834496       |
| train/                  |               |
|    approx_kl            | 0.00050579297 |
|    clip_fraction        | 0.00513       |
|    clip_range           | 0.2           |
|    entropy_loss         | -0.0289       |
|    explained_variance   | 0.556         |
|    learning_rate        | 0.000271      |
|    loss                 | -0.00187      |
|    n_updates            | 3420          |
|    policy_gradient_loss | -0.000406     |
|    value_loss           | 0.000141      |
-------------------------------------------
------------------------------------------
| rollout/                |              |
|    ep_len_mean          | 4.33e+04     |
|    ep_rew_mean          | 2.17         |
| time/                   |              |
|    fps                  | 10864        |
|    iterations           | 344          |
|    time_elapsed         | 907          |
|    total_timesteps      | 9863168      |
| train/                  |              |
|    approx_kl            | 0.0004149396 |
|    clip_fraction        | 0.00431      |
|    clip_range           | 0.2          |
|    entropy_loss         | -0.0281      |
|    explained_variance   | 0.538        |
|    learning_rate        | 0.00027      |
|    loss                 | 0.000199     |
|    n_updates            | 3430         |
|    policy_gradient_loss | -0.000279    |
|    value_loss           | 0.000113     |
------------------------------------------
-------------------------------------------
| rollout/                |               |
|    ep_len_mean          | 4.33e+04      |
|    ep_rew_mean          | 2.17          |
| time/                   |               |
|    fps                  | 10872         |
|    iterations           | 345           |
|    time_elapsed         | 909           |
|    total_timesteps      | 9891840       |
| train/                  |               |
|    approx_kl            | 0.00025551912 |
|    clip_fraction        | 0.00268       |
|    clip_range           | 0.2           |
|    entropy_loss         | -0.0151       |
|    explained_variance   | 0.671         |
|    learning_rate        | 0.00027       |
|    loss                 | -0.00157      |
|    n_updates            | 3440          |
|    policy_gradient_loss | -0.000366     |
|    value_loss           | 8.15e-05      |
-------------------------------------------
-----------------------------------------
| rollout/                |             |
|    ep_len_mean          | 4.33e+04    |
|    ep_rew_mean          | 2.17        |
| time/                   |             |
|    fps                  | 10880       |
|    iterations           | 346         |
|    time_elapsed         | 911         |
|    total_timesteps      | 9920512     |
| train/                  |             |
|    approx_kl            | 0.001131225 |
|    clip_fraction        | 0.00391     |
|    clip_range           | 0.2         |
|    entropy_loss         | -0.0224     |
|    explained_variance   | 0.456       |
|    learning_rate        | 0.00027     |
|    loss                 | 0.00107     |
|    n_updates            | 3450        |
|    policy_gradient_loss | -0.00069    |
|    value_loss           | 0.000121    |
-----------------------------------------
------------------------------------------
| rollout/                |              |
|    ep_len_mean          | 4.33e+04     |
|    ep_rew_mean          | 2.17         |
| time/                   |              |
|    fps                  | 10889        |
|    iterations           | 347          |
|    time_elapsed         | 913          |
|    total_timesteps      | 9949184      |
| train/                  |              |
|    approx_kl            | 0.0003541177 |
|    clip_fraction        | 0.00403      |
|    clip_range           | 0.2          |
|    entropy_loss         | -0.026       |
|    explained_variance   | 0.683        |
|    learning_rate        | 0.00027      |
|    loss                 | 0.00045      |
|    n_updates            | 3460         |
|    policy_gradient_loss | -0.000476    |
|    value_loss           | 6.78e-05     |
------------------------------------------
-------------------------------------------
| rollout/                |               |
|    ep_len_mean          | 4.33e+04      |
|    ep_rew_mean          | 2.17          |
| time/                   |               |
|    fps                  | 10897         |
|    iterations           | 348           |
|    time_elapsed         | 915           |
|    total_timesteps      | 9977856       |
| train/                  |               |
|    approx_kl            | 0.00048711075 |
|    clip_fraction        | 0.00423       |
|    clip_range           | 0.2           |
|    entropy_loss         | -0.0227       |
|    explained_variance   | 0.629         |
|    learning_rate        | 0.00027       |
|    loss                 | -0.00134      |
|    n_updates            | 3470          |
|    policy_gradient_loss | -0.000279     |
|    value_loss           | 7.04e-05      |
-------------------------------------------
------------------------------------------------------
| rollout/                           |               |
|    ep_len_mean                     | 4.33e+04      |
|    ep_rew_mean                     | 2.17          |
| time/                              |               |
|    fps                             | 10746         |
|    iterations                      | 349           |
|    time_elapsed                    | 931           |
|    total_timesteps                 | 10006528      |
| train/                             |               |
|    approx_kl                       | 0.00077298906 |
|    clip_fraction                   | 0.00408       |
|    clip_range                      | 0.2           |
|    entropy_loss                    | -0.0287       |
|    explained_variance              | 0.495         |
|    learning_rate                   | 0.00027       |
|    loss                            | -8.07e-05     |
|    n_updates                       | 3480          |
|    policy_gradient_loss            | -0.000259     |
|    value_loss                      | 0.000105      |
| valid/                             |               |
|    BTC-USDT-SWAP/compound_mdd_pct  | 63.2          |
|    BTC-USDT-SWAP/compound_multiple | 3.7e+03       |
|    BTC-USDT-SWAP/max_single_loss   | -44.4         |
|    BTC-USDT-SWAP/max_upnl          | 0.553         |
|    BTC-USDT-SWAP/near_liq_n        | 0             |
|    BTC-USDT-SWAP/near_liq_pct      | 0             |
|    BTC-USDT-SWAP/pnl_std           | 7.13          |
|    BTC-USDT-SWAP/sel_monthly_log   | -0.195        |
|    BTC-USDT-SWAP/total_pnl         | 1.1e+03       |
|    BTC-USDT-SWAP/trades            | 1080          |
|    BTC-USDT-SWAP/trades_per_month  | 91.4          |
|    BTC-USDT-SWAP/v9_kpi            | -0.397        |
|    BTC-USDT-SWAP/v9_kpi_z_mdd      | 0.402         |
|    BTC-USDT-SWAP/v9_kpi_z_msl      | -1.2          |
|    BTC-USDT-SWAP/v9_kpi_z_sel      | -0.391        |
|    BTC-USDT-SWAP/win_rate          | 0.638         |
|    ETH-USDT-SWAP/compound_mdd_pct  | 92.2          |
|    ETH-USDT-SWAP/compound_multiple | 7.72e+07      |
|    ETH-USDT-SWAP/max_single_loss   | -59           |
|    ETH-USDT-SWAP/max_upnl          | 1.2           |
|    ETH-USDT-SWAP/near_liq_n        | 0             |
|    ETH-USDT-SWAP/near_liq_pct      | 0             |
|    ETH-USDT-SWAP/pnl_std           | 9.96          |
|    ETH-USDT-SWAP/total_pnl         | 2.49e+03      |
|    ETH-USDT-SWAP/trades            | 1386          |
|    ETH-USDT-SWAP/trades_per_month  | 117           |
|    ETH-USDT-SWAP/win_rate          | 0.638         |
------------------------------------------------------
------------------------------------------
| rollout/                |              |
|    ep_len_mean          | 4.33e+04     |
|    ep_rew_mean          | 2.17         |
| time/                   |              |
|    fps                  | 10755        |
|    iterations           | 350          |
|    time_elapsed         | 933          |
|    total_timesteps      | 10035200     |
| train/                  |              |
|    approx_kl            | 0.0006672807 |
|    clip_fraction        | 0.00495      |
|    clip_range           | 0.2          |
|    entropy_loss         | -0.0323      |
|    explained_variance   | 0.49         |
|    learning_rate        | 0.00027      |
|    loss                 | -0.000595    |
|    n_updates            | 3490         |
|    policy_gradient_loss | -0.000367    |
|    value_loss           | 0.000116     |
------------------------------------------
------------------------------------------
| rollout/                |              |
|    ep_len_mean          | 4.33e+04     |
|    ep_rew_mean          | 2.17         |
| time/                   |              |
|    fps                  | 10763        |
|    iterations           | 351          |
|    time_elapsed         | 934          |
|    total_timesteps      | 10063872     |
| train/                  |              |
|    approx_kl            | 0.0009533803 |
|    clip_fraction        | 0.00663      |
|    clip_range           | 0.2          |
|    entropy_loss         | -0.0284      |
|    explained_variance   | 0.403        |
|    learning_rate        | 0.00027      |
|    loss                 | -0.00113     |
|    n_updates            | 3500         |
|    policy_gradient_loss | -0.00088     |
|    value_loss           | 0.000137     |
------------------------------------------
-------------------------------------------
| rollout/                |               |
|    ep_len_mean          | 4.33e+04      |
|    ep_rew_mean          | 2.17          |
| time/                   |               |
|    fps                  | 10772         |
|    iterations           | 352           |
|    time_elapsed         | 936           |
|    total_timesteps      | 10092544      |
| train/                  |               |
|    approx_kl            | 0.00057299476 |
|    clip_fraction        | 0.00475       |
|    clip_range           | 0.2           |
|    entropy_loss         | -0.0267       |
|    explained_variance   | 0.388         |
|    learning_rate        | 0.00027       |
|    loss                 | -0.00208      |
|    n_updates            | 3510          |
|    policy_gradient_loss | -0.000656     |
|    value_loss           | 0.000152      |
-------------------------------------------
-------------------------------------------
| rollout/                |               |
|    ep_len_mean          | 4.33e+04      |
|    ep_rew_mean          | 2.17          |
| time/                   |               |
|    fps                  | 10780         |
|    iterations           | 353           |
|    time_elapsed         | 938           |
|    total_timesteps      | 10121216      |
| train/                  |               |
|    approx_kl            | 0.00028380804 |
|    clip_fraction        | 0.00462       |
|    clip_range           | 0.2           |
|    entropy_loss         | -0.037        |
|    explained_variance   | 0.439         |
|    learning_rate        | 0.00027       |
|    loss                 | -0.0016       |
|    n_updates            | 3520          |
|    policy_gradient_loss | -0.000252     |
|    value_loss           | 0.000134      |
-------------------------------------------
-------------------------------------------
| rollout/                |               |
|    ep_len_mean          | 4.33e+04      |
|    ep_rew_mean          | 2.17          |
| time/                   |               |
|    fps                  | 10788         |
|    iterations           | 354           |
|    time_elapsed         | 940           |
|    total_timesteps      | 10149888      |
| train/                  |               |
|    approx_kl            | 0.00075877964 |
|    clip_fraction        | 0.00701       |
|    clip_range           | 0.2           |
|    entropy_loss         | -0.0366       |
|    explained_variance   | 0.166         |
|    learning_rate        | 0.00027       |
|    loss                 | -0.00138      |
|    n_updates            | 3530          |
|    policy_gradient_loss | -0.00123      |
|    value_loss           | 0.00069       |
-------------------------------------------
-------------------------------------------
| rollout/                |               |
|    ep_len_mean          | 4.33e+04      |
|    ep_rew_mean          | 2.17          |
| time/                   |               |
|    fps                  | 10796         |
|    iterations           | 355           |
|    time_elapsed         | 942           |
|    total_timesteps      | 10178560      |
| train/                  |               |
|    approx_kl            | 0.00055397366 |
|    clip_fraction        | 0.00496       |
|    clip_range           | 0.2           |
|    entropy_loss         | -0.0306       |
|    explained_variance   | 0.458         |
|    learning_rate        | 0.00027       |
|    loss                 | -0.00144      |
|    n_updates            | 3540          |
|    policy_gradient_loss | -0.000644     |
|    value_loss           | 0.000188      |
-------------------------------------------
-----------------------------------------
| rollout/                |             |
|    ep_len_mean          | 4.33e+04    |
|    ep_rew_mean          | 2.17        |
| time/                   |             |
|    fps                  | 10804       |
|    iterations           | 356         |
|    time_elapsed         | 944         |
|    total_timesteps      | 10207232    |
| train/                  |             |
|    approx_kl            | 0.001162244 |
|    clip_fraction        | 0.00644     |
|    clip_range           | 0.2         |
|    entropy_loss         | -0.0342     |
|    explained_variance   | 0.366       |
|    learning_rate        | 0.000269    |
|    loss                 | -0.00157    |
|    n_updates            | 3550        |
|    policy_gradient_loss | -0.000714   |
|    value_loss           | 0.000191    |
-----------------------------------------
------------------------------------------
| rollout/                |              |
|    ep_len_mean          | 4.33e+04     |
|    ep_rew_mean          | 2.17         |
| time/                   |              |
|    fps                  | 10812        |
|    iterations           | 357          |
|    time_elapsed         | 946          |
|    total_timesteps      | 10235904     |
| train/                  |              |
|    approx_kl            | 0.0012495957 |
|    clip_fraction        | 0.00501      |
|    clip_range           | 0.2          |
|    entropy_loss         | -0.0364      |
|    explained_variance   | 0.538        |
|    learning_rate        | 0.000269     |
|    loss                 | 0.00255      |
|    n_updates            | 3560         |
|    policy_gradient_loss | -0.000586    |
|    value_loss           | 0.000106     |
------------------------------------------
------------------------------------------
| rollout/                |              |
|    ep_len_mean          | 4.33e+04     |
|    ep_rew_mean          | 2.17         |
| time/                   |              |
|    fps                  | 10821        |
|    iterations           | 358          |
|    time_elapsed         | 948          |
|    total_timesteps      | 10264576     |
| train/                  |              |
|    approx_kl            | 0.0011123852 |
|    clip_fraction        | 0.00888      |
|    clip_range           | 0.2          |
|    entropy_loss         | -0.0465      |
|    explained_variance   | 0.458        |
|    learning_rate        | 0.000269     |
|    loss                 | 0.00171      |
|    n_updates            | 3570         |
|    policy_gradient_loss | -0.000998    |
|    value_loss           | 0.000132     |
------------------------------------------
------------------------------------------
| rollout/                |              |
|    ep_len_mean          | 4.33e+04     |
|    ep_rew_mean          | 2.19         |
| time/                   |              |
|    fps                  | 10829        |
|    iterations           | 359          |
|    time_elapsed         | 950          |
|    total_timesteps      | 10293248     |
| train/                  |              |
|    approx_kl            | 0.0005245526 |
|    clip_fraction        | 0.00705      |
|    clip_range           | 0.2          |
|    entropy_loss         | -0.0453      |
|    explained_variance   | 0.472        |
|    learning_rate        | 0.000269     |
|    loss                 | -0.00352     |
|    n_updates            | 3580         |
|    policy_gradient_loss | -0.000703    |
|    value_loss           | 0.000186     |
------------------------------------------
-------------------------------------------
| rollout/                |               |
|    ep_len_mean          | 4.33e+04      |
|    ep_rew_mean          | 2.21          |
| time/                   |               |
|    fps                  | 10837         |
|    iterations           | 360           |
|    time_elapsed         | 952           |
|    total_timesteps      | 10321920      |
| train/                  |               |
|    approx_kl            | 0.00086076494 |
|    clip_fraction        | 0.00879       |
|    clip_range           | 0.2           |
|    entropy_loss         | -0.0486       |
|    explained_variance   | 0.531         |
|    learning_rate        | 0.000269      |
|    loss                 | -0.00272      |
|    n_updates            | 3590          |
|    policy_gradient_loss | -0.000881     |
|    value_loss           | 0.000154      |
-------------------------------------------
------------------------------------------
| rollout/                |              |
|    ep_len_mean          | 4.33e+04     |
|    ep_rew_mean          | 2.21         |
| time/                   |              |
|    fps                  | 10845        |
|    iterations           | 361          |
|    time_elapsed         | 954          |
|    total_timesteps      | 10350592     |
| train/                  |              |
|    approx_kl            | 0.0005863716 |
|    clip_fraction        | 0.0049       |
|    clip_range           | 0.2          |
|    entropy_loss         | -0.0449      |
|    explained_variance   | 0.533        |
|    learning_rate        | 0.000269     |
|    loss                 | -0.00122     |
|    n_updates            | 3600         |
|    policy_gradient_loss | -0.000648    |
|    value_loss           | 0.0003       |
------------------------------------------
------------------------------------------
| rollout/                |              |
|    ep_len_mean          | 4.33e+04     |
|    ep_rew_mean          | 2.21         |
| time/                   |              |
|    fps                  | 10853        |
|    iterations           | 362          |
|    time_elapsed         | 956          |
|    total_timesteps      | 10379264     |
| train/                  |              |
|    approx_kl            | 0.0007015724 |
|    clip_fraction        | 0.00822      |
|    clip_range           | 0.2          |
|    entropy_loss         | -0.0534      |
|    explained_variance   | 0.586        |
|    learning_rate        | 0.000269     |
|    loss                 | -0.00278     |
|    n_updates            | 3610         |
|    policy_gradient_loss | -0.000848    |
|    value_loss           | 0.0002       |
------------------------------------------
-------------------------------------------
| rollout/                |               |
|    ep_len_mean          | 4.33e+04      |
|    ep_rew_mean          | 2.21          |
| time/                   |               |
|    fps                  | 10862         |
|    iterations           | 363           |
|    time_elapsed         | 958           |
|    total_timesteps      | 10407936      |
| train/                  |               |
|    approx_kl            | 0.00038963722 |
|    clip_fraction        | 0.00532       |
|    clip_range           | 0.2           |
|    entropy_loss         | -0.0417       |
|    explained_variance   | 0.543         |
|    learning_rate        | 0.000269      |
|    loss                 | -0.00332      |
|    n_updates            | 3620          |
|    policy_gradient_loss | -0.000413     |
|    value_loss           | 0.000147      |
-------------------------------------------
-------------------------------------------
| rollout/                |               |
|    ep_len_mean          | 4.33e+04      |
|    ep_rew_mean          | 2.21          |
| time/                   |               |
|    fps                  | 10870         |
|    iterations           | 364           |
|    time_elapsed         | 960           |
|    total_timesteps      | 10436608      |
| train/                  |               |
|    approx_kl            | 0.00061493256 |
|    clip_fraction        | 0.00699       |
|    clip_range           | 0.2           |
|    entropy_loss         | -0.0465       |
|    explained_variance   | 0.59          |
|    learning_rate        | 0.000269      |
|    loss                 | -0.00333      |
|    n_updates            | 3630          |
|    policy_gradient_loss | -0.00105      |
|    value_loss           | 0.000184      |
-------------------------------------------
------------------------------------------
| rollout/                |              |
|    ep_len_mean          | 4.33e+04     |
|    ep_rew_mean          | 2.21         |
| time/                   |              |
|    fps                  | 10878        |
|    iterations           | 365          |
|    time_elapsed         | 962          |
|    total_timesteps      | 10465280     |
| train/                  |              |
|    approx_kl            | 0.0005553303 |
|    clip_fraction        | 0.00689      |
|    clip_range           | 0.2          |
|    entropy_loss         | -0.0472      |
|    explained_variance   | 0.494        |
|    learning_rate        | 0.000269     |
|    loss                 | -0.00134     |
|    n_updates            | 3640         |
|    policy_gradient_loss | -0.000503    |
|    value_loss           | 0.000233     |
------------------------------------------
------------------------------------------
| rollout/                |              |
|    ep_len_mean          | 4.33e+04     |
|    ep_rew_mean          | 2.21         |
| time/                   |              |
|    fps                  | 10886        |
|    iterations           | 366          |
|    time_elapsed         | 963          |
|    total_timesteps      | 10493952     |
| train/                  |              |
|    approx_kl            | 0.0005515827 |
|    clip_fraction        | 0.00503      |
|    clip_range           | 0.2          |
|    entropy_loss         | -0.043       |
|    explained_variance   | 0.396        |
|    learning_rate        | 0.000269     |
|    loss                 | -0.00191     |
|    n_updates            | 3650         |
|    policy_gradient_loss | -0.000389    |
|    value_loss           | 0.000176     |
------------------------------------------
------------------------------------------------------
| rollout/                           |               |
|    ep_len_mean                     | 4.33e+04      |
|    ep_rew_mean                     | 2.21          |
| time/                              |               |
|    fps                             | 10747         |
|    iterations                      | 367           |
|    time_elapsed                    | 979           |
|    total_timesteps                 | 10522624      |
| train/                             |               |
|    approx_kl                       | 0.00043036515 |
|    clip_fraction                   | 0.00605       |
|    clip_range                      | 0.2           |
|    entropy_loss                    | -0.0454       |
|    explained_variance              | 0.456         |
|    learning_rate                   | 0.000269      |
|    loss                            | -0.0015       |
|    n_updates                       | 3660          |
|    policy_gradient_loss            | -0.000551     |
|    value_loss                      | 0.000179      |
| valid/                             |               |
|    BTC-USDT-SWAP/compound_mdd_pct  | 62.6          |
|    BTC-USDT-SWAP/compound_multiple | 2.65e+04      |
|    BTC-USDT-SWAP/max_single_loss   | -32.3         |
|    BTC-USDT-SWAP/max_upnl          | 0.396         |
|    BTC-USDT-SWAP/near_liq_n        | 0             |
|    BTC-USDT-SWAP/near_liq_pct      | 0             |
|    BTC-USDT-SWAP/pnl_std           | 5.48          |
|    BTC-USDT-SWAP/sel_monthly_log   | -0.0294       |
|    BTC-USDT-SWAP/total_pnl         | 1.28e+03      |
|    BTC-USDT-SWAP/trades            | 1741          |
|    BTC-USDT-SWAP/trades_per_month  | 147           |
|    BTC-USDT-SWAP/v9_kpi            | 0.0503        |
|    BTC-USDT-SWAP/v9_kpi_z_mdd      | 0.437         |
|    BTC-USDT-SWAP/v9_kpi_z_msl      | -0.191        |
|    BTC-USDT-SWAP/v9_kpi_z_sel      | -0.0587       |
|    BTC-USDT-SWAP/win_rate          | 0.609         |
|    ETH-USDT-SWAP/compound_mdd_pct  | 88.6          |
|    ETH-USDT-SWAP/compound_multiple | 2.82e+10      |
|    ETH-USDT-SWAP/max_single_loss   | -59           |
|    ETH-USDT-SWAP/max_upnl          | 0.67          |
|    ETH-USDT-SWAP/near_liq_n        | 0             |
|    ETH-USDT-SWAP/near_liq_pct      | 0             |
|    ETH-USDT-SWAP/pnl_std           | 8.12          |
|    ETH-USDT-SWAP/total_pnl         | 2.97e+03      |
|    ETH-USDT-SWAP/trades            | 1681          |
|    ETH-USDT-SWAP/trades_per_month  | 142           |
|    ETH-USDT-SWAP/win_rate          | 0.651         |
------------------------------------------------------
-------------------------------------------
| rollout/                |               |
|    ep_len_mean          | 4.33e+04      |
|    ep_rew_mean          | 2.21          |
| time/                   |               |
|    fps                  | 10754         |
|    iterations           | 368           |
|    time_elapsed         | 981           |
|    total_timesteps      | 10551296      |
| train/                  |               |
|    approx_kl            | 0.00081436086 |
|    clip_fraction        | 0.00625       |
|    clip_range           | 0.2           |
|    entropy_loss         | -0.0465       |
|    explained_variance   | 0.466         |
|    learning_rate        | 0.000268      |
|    loss                 | 0.000503      |
|    n_updates            | 3670          |
|    policy_gradient_loss | -0.000487     |
|    value_loss           | 0.000186      |
-------------------------------------------
----------------------------------------
| rollout/                |            |
|    ep_len_mean          | 4.33e+04   |
|    ep_rew_mean          | 2.21       |
| time/                   |            |
|    fps                  | 10762      |
|    iterations           | 369        |
|    time_elapsed         | 983        |
|    total_timesteps      | 10579968   |
| train/                  |            |
|    approx_kl            | 0.00101794 |
|    clip_fraction        | 0.00531    |
|    clip_range           | 0.2        |
|    entropy_loss         | -0.0414    |
|    explained_variance   | 0.425      |
|    learning_rate        | 0.000268   |
|    loss                 | 0.000145   |
|    n_updates            | 3680       |
|    policy_gradient_loss | -0.000835  |
|    value_loss           | 0.000111   |
----------------------------------------
------------------------------------------
| rollout/                |              |
|    ep_len_mean          | 4.33e+04     |
|    ep_rew_mean          | 2.21         |
| time/                   |              |
|    fps                  | 10770        |
|    iterations           | 370          |
|    time_elapsed         | 984          |
|    total_timesteps      | 10608640     |
| train/                  |              |
|    approx_kl            | 0.0013737816 |
|    clip_fraction        | 0.00972      |
|    clip_range           | 0.2          |
|    entropy_loss         | -0.0539      |
|    explained_variance   | 0.295        |
|    learning_rate        | 0.000268     |
|    loss                 | -0.000637    |
|    n_updates            | 3690         |
|    policy_gradient_loss | -0.00108     |
|    value_loss           | 0.00021      |
------------------------------------------
-------------------------------------------
| rollout/                |               |
|    ep_len_mean          | 4.33e+04      |
|    ep_rew_mean          | 2.21          |
| time/                   |               |
|    fps                  | 10778         |
|    iterations           | 371           |
|    time_elapsed         | 986           |
|    total_timesteps      | 10637312      |
| train/                  |               |
|    approx_kl            | 0.00071219547 |
|    clip_fraction        | 0.00611       |
|    clip_range           | 0.2           |
|    entropy_loss         | -0.0526       |
|    explained_variance   | 0.403         |
|    learning_rate        | 0.000268      |
|    loss                 | -0.00391      |
|    n_updates            | 3700          |
|    policy_gradient_loss | -0.000402     |
|    value_loss           | 0.000171      |
-------------------------------------------
-------------------------------------------
| rollout/                |               |
|    ep_len_mean          | 4.33e+04      |
|    ep_rew_mean          | 2.21          |
| time/                   |               |
|    fps                  | 10786         |
|    iterations           | 372           |
|    time_elapsed         | 988           |
|    total_timesteps      | 10665984      |
| train/                  |               |
|    approx_kl            | 0.00077903975 |
|    clip_fraction        | 0.00658       |
|    clip_range           | 0.2           |
|    entropy_loss         | -0.0422       |
|    explained_variance   | 0.491         |
|    learning_rate        | 0.000268      |
|    loss                 | -0.000889     |
|    n_updates            | 3710          |
|    policy_gradient_loss | -0.00105      |
|    value_loss           | 0.000145      |
-------------------------------------------
------------------------------------------
| rollout/                |              |
|    ep_len_mean          | 4.33e+04     |
|    ep_rew_mean          | 2.21         |
| time/                   |              |
|    fps                  | 10794        |
|    iterations           | 373          |
|    time_elapsed         | 990          |
|    total_timesteps      | 10694656     |
| train/                  |              |
|    approx_kl            | 0.0009258937 |
|    clip_fraction        | 0.00861      |
|    clip_range           | 0.2          |
|    entropy_loss         | -0.047       |
|    explained_variance   | 0.594        |
|    learning_rate        | 0.000268     |
|    loss                 | -0.0022      |
|    n_updates            | 3720         |
|    policy_gradient_loss | -0.000851    |
|    value_loss           | 0.000109     |
------------------------------------------
-------------------------------------------
| rollout/                |               |
|    ep_len_mean          | 4.33e+04      |
|    ep_rew_mean          | 2.21          |
| time/                   |               |
|    fps                  | 10801         |
|    iterations           | 374           |
|    time_elapsed         | 992           |
|    total_timesteps      | 10723328      |
| train/                  |               |
|    approx_kl            | 0.00077677844 |
|    clip_fraction        | 0.00685       |
|    clip_range           | 0.2           |
|    entropy_loss         | -0.0466       |
|    explained_variance   | 0.637         |
|    learning_rate        | 0.000268      |
|    loss                 | -0.000288     |
|    n_updates            | 3730          |
|    policy_gradient_loss | -0.000592     |
|    value_loss           | 0.000124      |
-------------------------------------------
------------------------------------------
| rollout/                |              |
|    ep_len_mean          | 4.33e+04     |
|    ep_rew_mean          | 2.21         |
| time/                   |              |
|    fps                  | 10809        |
|    iterations           | 375          |
|    time_elapsed         | 994          |
|    total_timesteps      | 10752000     |
| train/                  |              |
|    approx_kl            | 0.0008546975 |
|    clip_fraction        | 0.00734      |
|    clip_range           | 0.2          |
|    entropy_loss         | -0.0554      |
|    explained_variance   | 0.607        |
|    learning_rate        | 0.000268     |
|    loss                 | 0.000122     |
|    n_updates            | 3740         |
|    policy_gradient_loss | -0.000577    |
|    value_loss           | 0.000148     |
------------------------------------------
-------------------------------------------
| rollout/                |               |
|    ep_len_mean          | 4.33e+04      |
|    ep_rew_mean          | 2.21          |
| time/                   |               |
|    fps                  | 10816         |
|    iterations           | 376           |
|    time_elapsed         | 996           |
|    total_timesteps      | 10780672      |
| train/                  |               |
|    approx_kl            | 0.00066715386 |
|    clip_fraction        | 0.00644       |
|    clip_range           | 0.2           |
|    entropy_loss         | -0.0585       |
|    explained_variance   | 0.597         |
|    learning_rate        | 0.000268      |
|    loss                 | -0.00144      |
|    n_updates            | 3750          |
|    policy_gradient_loss | -0.000483     |
|    value_loss           | 0.000145      |
-------------------------------------------
------------------------------------------
| rollout/                |              |
|    ep_len_mean          | 4.33e+04     |
|    ep_rew_mean          | 2.21         |
| time/                   |              |
|    fps                  | 10824        |
|    iterations           | 377          |
|    time_elapsed         | 998          |
|    total_timesteps      | 10809344     |
| train/                  |              |
|    approx_kl            | 0.0008636825 |
|    clip_fraction        | 0.00853      |
|    clip_range           | 0.2          |
|    entropy_loss         | -0.0533      |
|    explained_variance   | 0.532        |
|    learning_rate        | 0.000268     |
|    loss                 | 0.00237      |
|    n_updates            | 3760         |
|    policy_gradient_loss | -0.00119     |
|    value_loss           | 0.000155     |
------------------------------------------
------------------------------------------
| rollout/                |              |
|    ep_len_mean          | 4.33e+04     |
|    ep_rew_mean          | 2.21         |
| time/                   |              |
|    fps                  | 10831        |
|    iterations           | 378          |
|    time_elapsed         | 1000         |
|    total_timesteps      | 10838016     |
| train/                  |              |
|    approx_kl            | 0.0005489497 |
|    clip_fraction        | 0.00511      |
|    clip_range           | 0.2          |
|    entropy_loss         | -0.0475      |
|    explained_variance   | 0.533        |
|    learning_rate        | 0.000268     |
|    loss                 | -0.000382    |
|    n_updates            | 3770         |
|    policy_gradient_loss | -0.000576    |
|    value_loss           | 0.000108     |
------------------------------------------
------------------------------------------
| rollout/                |              |
|    ep_len_mean          | 4.33e+04     |
|    ep_rew_mean          | 2.21         |
| time/                   |              |
|    fps                  | 10838        |
|    iterations           | 379          |
|    time_elapsed         | 1002         |
|    total_timesteps      | 10866688     |
| train/                  |              |
|    approx_kl            | 0.0006770784 |
|    clip_fraction        | 0.0068       |
|    clip_range           | 0.2          |
|    entropy_loss         | -0.0483      |
|    explained_variance   | 0.543        |
|    learning_rate        | 0.000267     |
|    loss                 | 0.000908     |
|    n_updates            | 3780         |
|    policy_gradient_loss | -0.000796    |
|    value_loss           | 9.21e-05     |
------------------------------------------
------------------------------------------
| rollout/                |              |
|    ep_len_mean          | 4.33e+04     |
|    ep_rew_mean          | 2.19         |
| time/                   |              |
|    fps                  | 10846        |
|    iterations           | 380          |
|    time_elapsed         | 1004         |
|    total_timesteps      | 10895360     |
| train/                  |              |
|    approx_kl            | 0.0005639336 |
|    clip_fraction        | 0.00644      |
|    clip_range           | 0.2          |
|    entropy_loss         | -0.0485      |
|    explained_variance   | 0.528        |
|    learning_rate        | 0.000267     |
|    loss                 | -0.00181     |
|    n_updates            | 3790         |
|    policy_gradient_loss | -0.000797    |
|    value_loss           | 8.61e-05     |
------------------------------------------
------------------------------------------
| rollout/                |              |
|    ep_len_mean          | 4.33e+04     |
|    ep_rew_mean          | 2.21         |
| time/                   |              |
|    fps                  | 10853        |
|    iterations           | 381          |
|    time_elapsed         | 1006         |
|    total_timesteps      | 10924032     |
| train/                  |              |
|    approx_kl            | 0.0006764148 |
|    clip_fraction        | 0.00527      |
|    clip_range           | 0.2          |
|    entropy_loss         | -0.042       |
|    explained_variance   | 0.44         |
|    learning_rate        | 0.000267     |
|    loss                 | -0.00158     |
|    n_updates            | 3800         |
|    policy_gradient_loss | -0.000418    |
|    value_loss           | 0.000137     |
------------------------------------------
------------------------------------------
| rollout/                |              |
|    ep_len_mean          | 4.33e+04     |
|    ep_rew_mean          | 2.21         |
| time/                   |              |
|    fps                  | 10860        |
|    iterations           | 382          |
|    time_elapsed         | 1008         |
|    total_timesteps      | 10952704     |
| train/                  |              |
|    approx_kl            | 0.0006638587 |
|    clip_fraction        | 0.00693      |
|    clip_range           | 0.2          |
|    entropy_loss         | -0.0441      |
|    explained_variance   | 0.464        |
|    learning_rate        | 0.000267     |
|    loss                 | -0.00167     |
|    n_updates            | 3810         |
|    policy_gradient_loss | -0.000737    |
|    value_loss           | 0.000161     |
------------------------------------------
------------------------------------------
| rollout/                |              |
|    ep_len_mean          | 4.33e+04     |
|    ep_rew_mean          | 2.21         |
| time/                   |              |
|    fps                  | 10868        |
|    iterations           | 383          |
|    time_elapsed         | 1010         |
|    total_timesteps      | 10981376     |
| train/                  |              |
|    approx_kl            | 0.0006501716 |
|    clip_fraction        | 0.00649      |
|    clip_range           | 0.2          |
|    entropy_loss         | -0.0427      |
|    explained_variance   | 0.457        |
|    learning_rate        | 0.000267     |
|    loss                 | -0.00702     |
|    n_updates            | 3820         |
|    policy_gradient_loss | -0.00124     |
|    value_loss           | 0.000148     |
------------------------------------------
--------------------------------------------------
| rollout/                           |           |
|    ep_len_mean                     | 4.33e+04  |
|    ep_rew_mean                     | 2.21      |
| time/                              |           |
|    fps                             | 10731     |
|    iterations                      | 384       |
|    time_elapsed                    | 1025      |
|    total_timesteps                 | 11010048  |
| train/                             |           |
|    approx_kl                       | 0.0008899 |
|    clip_fraction                   | 0.00816   |
|    clip_range                      | 0.2       |
|    entropy_loss                    | -0.0544   |
|    explained_variance              | 0.639     |
|    learning_rate                   | 0.000267  |
|    loss                            | -0.00315  |
|    n_updates                       | 3830      |
|    policy_gradient_loss            | -0.00116  |
|    value_loss                      | 0.000187  |
| valid/                             |           |
|    BTC-USDT-SWAP/compound_mdd_pct  | 83.5      |
|    BTC-USDT-SWAP/compound_multiple | 487       |
|    BTC-USDT-SWAP/max_single_loss   | -32.7     |
|    BTC-USDT-SWAP/max_upnl          | 0.366     |
|    BTC-USDT-SWAP/near_liq_n        | 0         |
|    BTC-USDT-SWAP/near_liq_pct      | 0         |
|    BTC-USDT-SWAP/pnl_std           | 5.78      |
|    BTC-USDT-SWAP/sel_monthly_log   | -0.213    |
|    BTC-USDT-SWAP/total_pnl         | 897       |
|    BTC-USDT-SWAP/trades            | 1652      |
|    BTC-USDT-SWAP/trades_per_month  | 140       |
|    BTC-USDT-SWAP/v9_kpi            | -0.476    |
|    BTC-USDT-SWAP/v9_kpi_z_mdd      | -0.792    |
|    BTC-USDT-SWAP/v9_kpi_z_msl      | -0.227    |
|    BTC-USDT-SWAP/v9_kpi_z_sel      | -0.426    |
|    BTC-USDT-SWAP/win_rate          | 0.606     |
|    ETH-USDT-SWAP/compound_mdd_pct  | 92.6      |
|    ETH-USDT-SWAP/compound_multiple | 2.15e+08  |
|    ETH-USDT-SWAP/max_single_loss   | -59       |
|    ETH-USDT-SWAP/max_upnl          | 1.9       |
|    ETH-USDT-SWAP/near_liq_n        | 0         |
|    ETH-USDT-SWAP/near_liq_pct      | 0         |
|    ETH-USDT-SWAP/pnl_std           | 10.1      |
|    ETH-USDT-SWAP/total_pnl         | 2.65e+03  |
|    ETH-USDT-SWAP/trades            | 1551      |
|    ETH-USDT-SWAP/trades_per_month  | 131       |
|    ETH-USDT-SWAP/win_rate          | 0.614     |
--------------------------------------------------
------------------------------------------
| rollout/                |              |
|    ep_len_mean          | 4.33e+04     |
|    ep_rew_mean          | 2.21         |
| time/                   |              |
|    fps                  | 10739        |
|    iterations           | 385          |
|    time_elapsed         | 1027         |
|    total_timesteps      | 11038720     |
| train/                  |              |
|    approx_kl            | 0.0008619583 |
|    clip_fraction        | 0.00765      |
|    clip_range           | 0.2          |
|    entropy_loss         | -0.0495      |
|    explained_variance   | 0.589        |
|    learning_rate        | 0.000267     |
|    loss                 | -0.00225     |
|    n_updates            | 3840         |
|    policy_gradient_loss | -0.000713    |
|    value_loss           | 0.000209     |
------------------------------------------
-------------------------------------------
| rollout/                |               |
|    ep_len_mean          | 4.33e+04      |
|    ep_rew_mean          | 2.21          |
| time/                   |               |
|    fps                  | 10747         |
|    iterations           | 386           |
|    time_elapsed         | 1029          |
|    total_timesteps      | 11067392      |
| train/                  |               |
|    approx_kl            | 0.00051674945 |
|    clip_fraction        | 0.00674       |
|    clip_range           | 0.2           |
|    entropy_loss         | -0.0471       |
|    explained_variance   | 0.493         |
|    learning_rate        | 0.000267      |
|    loss                 | -0.00165      |
|    n_updates            | 3850          |
|    policy_gradient_loss | -0.00075      |
|    value_loss           | 0.000145      |
-------------------------------------------
------------------------------------------
| rollout/                |              |
|    ep_len_mean          | 4.33e+04     |
|    ep_rew_mean          | 2.21         |
| time/                   |              |
|    fps                  | 10754        |
|    iterations           | 387          |
|    time_elapsed         | 1031         |
|    total_timesteps      | 11096064     |
| train/                  |              |
|    approx_kl            | 0.0005592004 |
|    clip_fraction        | 0.00606      |
|    clip_range           | 0.2          |
|    entropy_loss         | -0.052       |
|    explained_variance   | 0.477        |
|    learning_rate        | 0.000267     |
|    loss                 | -0.00178     |
|    n_updates            | 3860         |
|    policy_gradient_loss | -0.000565    |
|    value_loss           | 0.000178     |
------------------------------------------
-----------------------------------------
| rollout/                |             |
|    ep_len_mean          | 4.33e+04    |
|    ep_rew_mean          | 2.21        |
| time/                   |             |
|    fps                  | 10762       |
|    iterations           | 388         |
|    time_elapsed         | 1033        |
|    total_timesteps      | 11124736    |
| train/                  |             |
|    approx_kl            | 0.004996333 |
|    clip_fraction        | 0.0133      |
|    clip_range           | 0.2         |
|    entropy_loss         | -0.0611     |
|    explained_variance   | 0.43        |
|    learning_rate        | 0.000267    |
|    loss                 | -0.0046     |
|    n_updates            | 3870        |
|    policy_gradient_loss | -0.00151    |
|    value_loss           | 0.000209    |
-----------------------------------------
-------------------------------------------
| rollout/                |               |
|    ep_len_mean          | 4.33e+04      |
|    ep_rew_mean          | 2.21          |
| time/                   |               |
|    fps                  | 10769         |
|    iterations           | 389           |
|    time_elapsed         | 1035          |
|    total_timesteps      | 11153408      |
| train/                  |               |
|    approx_kl            | 0.00089728076 |
|    clip_fraction        | 0.0102        |
|    clip_range           | 0.2           |
|    entropy_loss         | -0.0676       |
|    explained_variance   | 0.535         |
|    learning_rate        | 0.000267      |
|    loss                 | -0.000816     |
|    n_updates            | 3880          |
|    policy_gradient_loss | -0.000894     |
|    value_loss           | 0.000198      |
-------------------------------------------
-------------------------------------------
| rollout/                |               |
|    ep_len_mean          | 4.33e+04      |
|    ep_rew_mean          | 2.21          |
| time/                   |               |
|    fps                  | 10776         |
|    iterations           | 390           |
|    time_elapsed         | 1037          |
|    total_timesteps      | 11182080      |
| train/                  |               |
|    approx_kl            | 0.00071971945 |
|    clip_fraction        | 0.00928       |
|    clip_range           | 0.2           |
|    entropy_loss         | -0.0693       |
|    explained_variance   | 0.326         |
|    learning_rate        | 0.000267      |
|    loss                 | -0.00194      |
|    n_updates            | 3890          |
|    policy_gradient_loss | -0.000835     |
|    value_loss           | 0.000212      |
-------------------------------------------
-------------------------------------------
| rollout/                |               |
|    ep_len_mean          | 4.33e+04      |
|    ep_rew_mean          | 2.21          |
| time/                   |               |
|    fps                  | 10784         |
|    iterations           | 391           |
|    time_elapsed         | 1039          |
|    total_timesteps      | 11210752      |
| train/                  |               |
|    approx_kl            | 0.00074129406 |
|    clip_fraction        | 0.00828       |
|    clip_range           | 0.2           |
|    entropy_loss         | -0.0693       |
|    explained_variance   | 0.489         |
|    learning_rate        | 0.000266      |
|    loss                 | 0.0014        |
|    n_updates            | 3900          |
|    policy_gradient_loss | -0.000803     |
|    value_loss           | 0.000191      |
-------------------------------------------
------------------------------------------
| rollout/                |              |
|    ep_len_mean          | 4.33e+04     |
|    ep_rew_mean          | 2.21         |
| time/                   |              |
|    fps                  | 10791        |
|    iterations           | 392          |
|    time_elapsed         | 1041         |
|    total_timesteps      | 11239424     |
| train/                  |              |
|    approx_kl            | 0.0011644792 |
|    clip_fraction        | 0.00953      |
|    clip_range           | 0.2          |
|    entropy_loss         | -0.0771      |
|    explained_variance   | 0.304        |
|    learning_rate        | 0.000266     |
|    loss                 | -0.00154     |
|    n_updates            | 3910         |
|    policy_gradient_loss | -0.000878    |
|    value_loss           | 0.00024      |
------------------------------------------
-------------------------------------------
| rollout/                |               |
|    ep_len_mean          | 4.33e+04      |
|    ep_rew_mean          | 2.21          |
| time/                   |               |
|    fps                  | 10799         |
|    iterations           | 393           |
|    time_elapsed         | 1043          |
|    total_timesteps      | 11268096      |
| train/                  |               |
|    approx_kl            | 0.00093753345 |
|    clip_fraction        | 0.00994       |
|    clip_range           | 0.2           |
|    entropy_loss         | -0.0745       |
|    explained_variance   | 0.324         |
|    learning_rate        | 0.000266      |
|    loss                 | -0.00106      |
|    n_updates            | 3920          |
|    policy_gradient_loss | -0.000926     |
|    value_loss           | 0.000201      |
-------------------------------------------
------------------------------------------
| rollout/                |              |
|    ep_len_mean          | 4.33e+04     |
|    ep_rew_mean          | 2.21         |
| time/                   |              |
|    fps                  | 10806        |
|    iterations           | 394          |
|    time_elapsed         | 1045         |
|    total_timesteps      | 11296768     |
| train/                  |              |
|    approx_kl            | 0.0008112652 |
|    clip_fraction        | 0.00747      |
|    clip_range           | 0.2          |
|    entropy_loss         | -0.0701      |
|    explained_variance   | 0.328        |
|    learning_rate        | 0.000266     |
|    loss                 | -0.000244    |
|    n_updates            | 3930         |
|    policy_gradient_loss | -0.000555    |
|    value_loss           | 0.00014      |
------------------------------------------
------------------------------------------
| rollout/                |              |
|    ep_len_mean          | 4.33e+04     |
|    ep_rew_mean          | 2.21         |
| time/                   |              |
|    fps                  | 10814        |
|    iterations           | 395          |
|    time_elapsed         | 1047         |
|    total_timesteps      | 11325440     |
| train/                  |              |
|    approx_kl            | 0.0013119929 |
|    clip_fraction        | 0.0121       |
|    clip_range           | 0.2          |
|    entropy_loss         | -0.0709      |
|    explained_variance   | 0.384        |
|    learning_rate        | 0.000266     |
|    loss                 | -0.00447     |
|    n_updates            | 3940         |
|    policy_gradient_loss | -0.000997    |
|    value_loss           | 0.000188     |
------------------------------------------
-------------------------------------------
| rollout/                |               |
|    ep_len_mean          | 4.33e+04      |
|    ep_rew_mean          | 2.21          |
| time/                   |               |
|    fps                  | 10821         |
|    iterations           | 396           |
|    time_elapsed         | 1049          |
|    total_timesteps      | 11354112      |
| train/                  |               |
|    approx_kl            | 0.00090834685 |
|    clip_fraction        | 0.00878       |
|    clip_range           | 0.2           |
|    entropy_loss         | -0.0661       |
|    explained_variance   | 0.388         |
|    learning_rate        | 0.000266      |
|    loss                 | -0.0022       |
|    n_updates            | 3950          |
|    policy_gradient_loss | -0.000914     |
|    value_loss           | 0.000157      |
-------------------------------------------
------------------------------------------
| rollout/                |              |
|    ep_len_mean          | 4.33e+04     |
|    ep_rew_mean          | 2.21         |
| time/                   |              |
|    fps                  | 10828        |
|    iterations           | 397          |
|    time_elapsed         | 1051         |
|    total_timesteps      | 11382784     |
| train/                  |              |
|    approx_kl            | 0.0008759223 |
|    clip_fraction        | 0.00823      |
|    clip_range           | 0.2          |
|    entropy_loss         | -0.0753      |
|    explained_variance   | 0.237        |
|    learning_rate        | 0.000266     |
|    loss                 | -0.00334     |
|    n_updates            | 3960         |
|    policy_gradient_loss | -0.000658    |
|    value_loss           | 0.000241     |
------------------------------------------
------------------------------------------
| rollout/                |              |
|    ep_len_mean          | 4.33e+04     |
|    ep_rew_mean          | 2.21         |
| time/                   |              |
|    fps                  | 10835        |
|    iterations           | 398          |
|    time_elapsed         | 1053         |
|    total_timesteps      | 11411456     |
| train/                  |              |
|    approx_kl            | 0.0009761575 |
|    clip_fraction        | 0.00766      |
|    clip_range           | 0.2          |
|    entropy_loss         | -0.0615      |
|    explained_variance   | 0.227        |
|    learning_rate        | 0.000266     |
|    loss                 | 0.00104      |
|    n_updates            | 3970         |
|    policy_gradient_loss | -0.00132     |
|    value_loss           | 0.000183     |
------------------------------------------
-------------------------------------------
| rollout/                |               |
|    ep_len_mean          | 4.33e+04      |
|    ep_rew_mean          | 2.21          |
| time/                   |               |
|    fps                  | 10842         |
|    iterations           | 399           |
|    time_elapsed         | 1055          |
|    total_timesteps      | 11440128      |
| train/                  |               |
|    approx_kl            | 0.00082079414 |
|    clip_fraction        | 0.009         |
|    clip_range           | 0.2           |
|    entropy_loss         | -0.0633       |
|    explained_variance   | -0.0259       |
|    learning_rate        | 0.000266      |
|    loss                 | -0.00582      |
|    n_updates            | 3980          |
|    policy_gradient_loss | -0.000921     |
|    value_loss           | 0.000461      |
-------------------------------------------
-----------------------------------------
| rollout/                |             |
|    ep_len_mean          | 4.33e+04    |
|    ep_rew_mean          | 2.21        |
| time/                   |             |
|    fps                  | 10849       |
|    iterations           | 400         |
|    time_elapsed         | 1057        |
|    total_timesteps      | 11468800    |
| train/                  |             |
|    approx_kl            | 0.001306085 |
|    clip_fraction        | 0.0116      |
|    clip_range           | 0.2         |
|    entropy_loss         | -0.0744     |
|    explained_variance   | 0.0801      |
|    learning_rate        | 0.000266    |
|    loss                 | -0.00771    |
|    n_updates            | 3990        |
|    policy_gradient_loss | -0.000809   |
|    value_loss           | 0.000527    |
-----------------------------------------
------------------------------------------
| rollout/                |              |
|    ep_len_mean          | 4.33e+04     |
|    ep_rew_mean          | 2.21         |
| time/                   |              |
|    fps                  | 10856        |
|    iterations           | 401          |
|    time_elapsed         | 1059         |
|    total_timesteps      | 11497472     |
| train/                  |              |
|    approx_kl            | 0.0006115874 |
|    clip_fraction        | 0.00654      |
|    clip_range           | 0.2          |
|    entropy_loss         | -0.0646      |
|    explained_variance   | 0.225        |
|    learning_rate        | 0.000266     |
|    loss                 | 0.000619     |
|    n_updates            | 4000         |
|    policy_gradient_loss | -0.000724    |
|    value_loss           | 0.000194     |
------------------------------------------
-----------------------------------------------------
| rollout/                           |              |
|    ep_len_mean                     | 4.33e+04     |
|    ep_rew_mean                     | 2.17         |
| time/                              |              |
|    fps                             | 10724        |
|    iterations                      | 402          |
|    time_elapsed                    | 1074         |
|    total_timesteps                 | 11526144     |
| train/                             |              |
|    approx_kl                       | 0.0009138306 |
|    clip_fraction                   | 0.00899      |
|    clip_range                      | 0.2          |
|    entropy_loss                    | -0.065       |
|    explained_variance              | 0.21         |
|    learning_rate                   | 0.000266     |
|    loss                            | -0.00261     |
|    n_updates                       | 4010         |
|    policy_gradient_loss            | -0.000934    |
|    value_loss                      | 0.000232     |
| valid/                             |              |
|    BTC-USDT-SWAP/compound_mdd_pct  | 98.4         |
|    BTC-USDT-SWAP/compound_multiple | 0.277        |
|    BTC-USDT-SWAP/max_single_loss   | -36.6        |
|    BTC-USDT-SWAP/max_upnl          | 0.283        |
|    BTC-USDT-SWAP/near_liq_n        | 0            |
|    BTC-USDT-SWAP/near_liq_pct      | 0            |
|    BTC-USDT-SWAP/pnl_std           | 4.17         |
|    BTC-USDT-SWAP/sel_monthly_log   | -0.882       |
|    BTC-USDT-SWAP/total_pnl         | 147          |
|    BTC-USDT-SWAP/trades            | 3041         |
|    BTC-USDT-SWAP/trades_per_month  | 257          |
|    BTC-USDT-SWAP/v9_kpi            | -1.37        |
|    BTC-USDT-SWAP/v9_kpi_z_mdd      | -1.67        |
|    BTC-USDT-SWAP/v9_kpi_z_msl      | -0.552       |
|    BTC-USDT-SWAP/v9_kpi_z_sel      | -1.76        |
|    BTC-USDT-SWAP/win_rate          | 0.592        |
|    ETH-USDT-SWAP/compound_mdd_pct  | 100          |
|    ETH-USDT-SWAP/compound_multiple | 0            |
|    ETH-USDT-SWAP/max_single_loss   | -100         |
|    ETH-USDT-SWAP/max_upnl          | 0.589        |
|    ETH-USDT-SWAP/near_liq_n        | 1            |
|    ETH-USDT-SWAP/near_liq_pct      | 0.000374     |
|    ETH-USDT-SWAP/pnl_std           | 6.37         |
|    ETH-USDT-SWAP/total_pnl         | 2.31e+03     |
|    ETH-USDT-SWAP/trades            | 2675         |
|    ETH-USDT-SWAP/trades_per_month  | 226          |
|    ETH-USDT-SWAP/win_rate          | 0.612        |
-----------------------------------------------------
------------------------------------------
| rollout/                |              |
|    ep_len_mean          | 4.33e+04     |
|    ep_rew_mean          | 2.18         |
| time/                   |              |
|    fps                  | 10731        |
|    iterations           | 403          |
|    time_elapsed         | 1076         |
|    total_timesteps      | 11554816     |
| train/                  |              |
|    approx_kl            | 0.0010364192 |
|    clip_fraction        | 0.00762      |
|    clip_range           | 0.2          |
|    entropy_loss         | -0.0562      |
|    explained_variance   | 0.311        |
|    learning_rate        | 0.000265     |
|    loss                 | -0.000563    |
|    n_updates            | 4020         |
|    policy_gradient_loss | -0.00106     |
|    value_loss           | 0.000205     |
------------------------------------------
-------------------------------------------
| rollout/                |               |
|    ep_len_mean          | 4.33e+04      |
|    ep_rew_mean          | 2.18          |
| time/                   |               |
|    fps                  | 10739         |
|    iterations           | 404           |
|    time_elapsed         | 1078          |
|    total_timesteps      | 11583488      |
| train/                  |               |
|    approx_kl            | 0.00046481824 |
|    clip_fraction        | 0.00499       |
|    clip_range           | 0.2           |
|    entropy_loss         | -0.0426       |
|    explained_variance   | 0.533         |
|    learning_rate        | 0.000265      |
|    loss                 | -0.00443      |
|    n_updates            | 4030          |
|    policy_gradient_loss | -0.000695     |
|    value_loss           | 0.000107      |
-------------------------------------------
------------------------------------------
| rollout/                |              |
|    ep_len_mean          | 4.33e+04     |
|    ep_rew_mean          | 2.18         |
| time/                   |              |
|    fps                  | 10746        |
|    iterations           | 405          |
|    time_elapsed         | 1080         |
|    total_timesteps      | 11612160     |
| train/                  |              |
|    approx_kl            | 0.0007852248 |
|    clip_fraction        | 0.00882      |
|    clip_range           | 0.2          |
|    entropy_loss         | -0.0429      |
|    explained_variance   | 0.382        |
|    learning_rate        | 0.000265     |
|    loss                 | -0.000278    |
|    n_updates            | 4040         |
|    policy_gradient_loss | -0.00103     |
|    value_loss           | 0.000127     |
------------------------------------------
------------------------------------------
| rollout/                |              |
|    ep_len_mean          | 4.33e+04     |
|    ep_rew_mean          | 2.18         |
| time/                   |              |
|    fps                  | 10753        |
|    iterations           | 406          |
|    time_elapsed         | 1082         |
|    total_timesteps      | 11640832     |
| train/                  |              |
|    approx_kl            | 0.0005555937 |
|    clip_fraction        | 0.00488      |
|    clip_range           | 0.2          |
|    entropy_loss         | -0.0389      |
|    explained_variance   | 0.313        |
|    learning_rate        | 0.000265     |
|    loss                 | 0.00137      |
|    n_updates            | 4050         |
|    policy_gradient_loss | -0.000521    |
|    value_loss           | 0.000138     |
------------------------------------------
-------------------------------------------
| rollout/                |               |
|    ep_len_mean          | 4.33e+04      |
|    ep_rew_mean          | 2.18          |
| time/                   |               |
|    fps                  | 10760         |
|    iterations           | 407           |
|    time_elapsed         | 1084          |
|    total_timesteps      | 11669504      |
| train/                  |               |
|    approx_kl            | 0.00038203332 |
|    clip_fraction        | 0.00367       |
|    clip_range           | 0.2           |
|    entropy_loss         | -0.0343       |
|    explained_variance   | 0.422         |
|    learning_rate        | 0.000265      |
|    loss                 | -0.00249      |
|    n_updates            | 4060          |
|    policy_gradient_loss | -0.000482     |
|    value_loss           | 0.000106      |
-------------------------------------------
------------------------------------------
| rollout/                |              |
|    ep_len_mean          | 4.33e+04     |
|    ep_rew_mean          | 2.18         |
| time/                   |              |
|    fps                  | 10768        |
|    iterations           | 408          |
|    time_elapsed         | 1086         |
|    total_timesteps      | 11698176     |
| train/                  |              |
|    approx_kl            | 0.0006200148 |
|    clip_fraction        | 0.00612      |
|    clip_range           | 0.2          |
|    entropy_loss         | -0.0453      |
|    explained_variance   | 0.312        |
|    learning_rate        | 0.000265     |
|    loss                 | 0.000629     |
|    n_updates            | 4070         |
|    policy_gradient_loss | -0.000272    |
|    value_loss           | 0.000165     |
------------------------------------------
-------------------------------------------
| rollout/                |               |
|    ep_len_mean          | 4.33e+04      |
|    ep_rew_mean          | 2.18          |
| time/                   |               |
|    fps                  | 10775         |
|    iterations           | 409           |
|    time_elapsed         | 1088          |
|    total_timesteps      | 11726848      |
| train/                  |               |
|    approx_kl            | 0.00038633382 |
|    clip_fraction        | 0.00483       |
|    clip_range           | 0.2           |
|    entropy_loss         | -0.0487       |
|    explained_variance   | 0.35          |
|    learning_rate        | 0.000265      |
|    loss                 | -0.00205      |
|    n_updates            | 4080          |
|    policy_gradient_loss | -0.000494     |
|    value_loss           | 0.000154      |
-------------------------------------------
------------------------------------------
| rollout/                |              |
|    ep_len_mean          | 4.33e+04     |
|    ep_rew_mean          | 2.18         |
| time/                   |              |
|    fps                  | 10782        |
|    iterations           | 410          |
|    time_elapsed         | 1090         |
|    total_timesteps      | 11755520     |
| train/                  |              |
|    approx_kl            | 0.0010648341 |
|    clip_fraction        | 0.00797      |
|    clip_range           | 0.2          |
|    entropy_loss         | -0.0497      |
|    explained_variance   | 0.34         |
|    learning_rate        | 0.000265     |
|    loss                 | -0.00295     |
|    n_updates            | 4090         |
|    policy_gradient_loss | -0.000875    |
|    value_loss           | 0.000163     |
------------------------------------------
------------------------------------------
| rollout/                |              |
|    ep_len_mean          | 4.33e+04     |
|    ep_rew_mean          | 2.18         |
| time/                   |              |
|    fps                  | 10789        |
|    iterations           | 411          |
|    time_elapsed         | 1092         |
|    total_timesteps      | 11784192     |
| train/                  |              |
|    approx_kl            | 0.0007629859 |
|    clip_fraction        | 0.00553      |
|    clip_range           | 0.2          |
|    entropy_loss         | -0.0408      |
|    explained_variance   | 0.48         |
|    learning_rate        | 0.000265     |
|    loss                 | 0.00152      |
|    n_updates            | 4100         |
|    policy_gradient_loss | -0.000667    |
|    value_loss           | 0.000104     |
------------------------------------------
-------------------------------------------
| rollout/                |               |
|    ep_len_mean          | 4.33e+04      |
|    ep_rew_mean          | 2.18          |
| time/                   |               |
|    fps                  | 10795         |
|    iterations           | 412           |
|    time_elapsed         | 1094          |
|    total_timesteps      | 11812864      |
| train/                  |               |
|    approx_kl            | 0.00076237385 |
|    clip_fraction        | 0.00685       |
|    clip_range           | 0.2           |
|    entropy_loss         | -0.039        |
|    explained_variance   | 0.396         |
|    learning_rate        | 0.000265      |
|    loss                 | -0.00248      |
|    n_updates            | 4110          |
|    policy_gradient_loss | -0.000908     |
|    value_loss           | 0.000151      |
-------------------------------------------
-----------------------------------------
| rollout/                |             |
|    ep_len_mean          | 4.33e+04    |
|    ep_rew_mean          | 2.18        |
| time/                   |             |
|    fps                  | 10801       |
|    iterations           | 413         |
|    time_elapsed         | 1096        |
|    total_timesteps      | 11841536    |
| train/                  |             |
|    approx_kl            | 0.001287126 |
|    clip_fraction        | 0.0105      |
|    clip_range           | 0.2         |
|    entropy_loss         | -0.0562     |
|    explained_variance   | 0.296       |
|    learning_rate        | 0.000265    |
|    loss                 | 0.00421     |
|    n_updates            | 4120        |
|    policy_gradient_loss | -0.00117    |
|    value_loss           | 0.000199    |
-----------------------------------------
------------------------------------------
| rollout/                |              |
|    ep_len_mean          | 4.33e+04     |
|    ep_rew_mean          | 2.18         |
| time/                   |              |
|    fps                  | 10807        |
|    iterations           | 414          |
|    time_elapsed         | 1098         |
|    total_timesteps      | 11870208     |
| train/                  |              |
|    approx_kl            | 0.0006935261 |
|    clip_fraction        | 0.00743      |
|    clip_range           | 0.2          |
|    entropy_loss         | -0.05        |
|    explained_variance   | 0.365        |
|    learning_rate        | 0.000264     |
|    loss                 | -0.00239     |
|    n_updates            | 4130         |
|    policy_gradient_loss | -0.000926    |
|    value_loss           | 0.000133     |
------------------------------------------
------------------------------------------
| rollout/                |              |
|    ep_len_mean          | 4.33e+04     |
|    ep_rew_mean          | 2.18         |
| time/                   |              |
|    fps                  | 10813        |
|    iterations           | 415          |
|    time_elapsed         | 1100         |
|    total_timesteps      | 11898880     |
| train/                  |              |
|    approx_kl            | 0.0011149601 |
|    clip_fraction        | 0.00835      |
|    clip_range           | 0.2          |
|    entropy_loss         | -0.0562      |
|    explained_variance   | 0.341        |
|    learning_rate        | 0.000264     |
|    loss                 | -0.000364    |
|    n_updates            | 4140         |
|    policy_gradient_loss | -0.000772    |
|    value_loss           | 0.000144     |
------------------------------------------
-------------------------------------------
| rollout/                |               |
|    ep_len_mean          | 4.33e+04      |
|    ep_rew_mean          | 2.18          |
| time/                   |               |
|    fps                  | 10819         |
|    iterations           | 416           |
|    time_elapsed         | 1102          |
|    total_timesteps      | 11927552      |
| train/                  |               |
|    approx_kl            | 0.00063245144 |
|    clip_fraction        | 0.00681       |
|    clip_range           | 0.2           |
|    entropy_loss         | -0.0537       |
|    explained_variance   | 0.34          |
|    learning_rate        | 0.000264      |
|    loss                 | -0.00102      |
|    n_updates            | 4150          |
|    policy_gradient_loss | -0.000824     |
|    value_loss           | 0.000157      |
-------------------------------------------
------------------------------------------
| rollout/                |              |
|    ep_len_mean          | 4.33e+04     |
|    ep_rew_mean          | 2.18         |
| time/                   |              |
|    fps                  | 10826        |
|    iterations           | 417          |
|    time_elapsed         | 1104         |
|    total_timesteps      | 11956224     |
| train/                  |              |
|    approx_kl            | 0.0013946841 |
|    clip_fraction        | 0.00679      |
|    clip_range           | 0.2          |
|    entropy_loss         | -0.0568      |
|    explained_variance   | 0.365        |
|    learning_rate        | 0.000264     |
|    loss                 | -0.000597    |
|    n_updates            | 4160         |
|    policy_gradient_loss | -0.000609    |
|    value_loss           | 0.00014      |
------------------------------------------
------------------------------------------
| rollout/                |              |
|    ep_len_mean          | 4.33e+04     |
|    ep_rew_mean          | 2.18         |
| time/                   |              |
|    fps                  | 10832        |
|    iterations           | 418          |
|    time_elapsed         | 1106         |
|    total_timesteps      | 11984896     |
| train/                  |              |
|    approx_kl            | 0.0005355566 |
|    clip_fraction        | 0.00602      |
|    clip_range           | 0.2          |
|    entropy_loss         | -0.0509      |
|    explained_variance   | 0.318        |
|    learning_rate        | 0.000264     |
|    loss                 | -9.24e-05    |
|    n_updates            | 4170         |
|    policy_gradient_loss | -0.000536    |
|    value_loss           | 0.000159     |
------------------------------------------
------------------------------------------------------
| rollout/                           |               |
|    ep_len_mean                     | 4.33e+04      |
|    ep_rew_mean                     | 2.18          |
| time/                              |               |
|    fps                             | 10704         |
|    iterations                      | 419           |
|    time_elapsed                    | 1122          |
|    total_timesteps                 | 12013568      |
| train/                             |               |
|    approx_kl                       | 0.00060830486 |
|    clip_fraction                   | 0.00636       |
|    clip_range                      | 0.2           |
|    entropy_loss                    | -0.0438       |
|    explained_variance              | 0.426         |
|    learning_rate                   | 0.000264      |
|    loss                            | -0.00264      |
|    n_updates                       | 4180          |
|    policy_gradient_loss            | -0.000585     |
|    value_loss                      | 0.000114      |
| valid/                             |               |
|    BTC-USDT-SWAP/compound_mdd_pct  | 98.5          |
|    BTC-USDT-SWAP/compound_multiple | 0.075         |
|    BTC-USDT-SWAP/max_single_loss   | -32.7         |
|    BTC-USDT-SWAP/max_upnl          | 0.324         |
|    BTC-USDT-SWAP/near_liq_n        | 0             |
|    BTC-USDT-SWAP/near_liq_pct      | 0             |
|    BTC-USDT-SWAP/pnl_std           | 4.35          |
|    BTC-USDT-SWAP/sel_monthly_log   | -0.803        |
|    BTC-USDT-SWAP/total_pnl         | 3.95          |
|    BTC-USDT-SWAP/trades            | 2678          |
|    BTC-USDT-SWAP/trades_per_month  | 227           |
|    BTC-USDT-SWAP/v9_kpi            | -1.21         |
|    BTC-USDT-SWAP/v9_kpi_z_mdd      | -1.68         |
|    BTC-USDT-SWAP/v9_kpi_z_msl      | -0.227        |
|    BTC-USDT-SWAP/v9_kpi_z_sel      | -1.61         |
|    BTC-USDT-SWAP/win_rate          | 0.57          |
|    ETH-USDT-SWAP/compound_mdd_pct  | 100           |
|    ETH-USDT-SWAP/compound_multiple | 0             |
|    ETH-USDT-SWAP/max_single_loss   | -100          |
|    ETH-USDT-SWAP/max_upnl          | 0.589         |
|    ETH-USDT-SWAP/near_liq_n        | 2             |
|    ETH-USDT-SWAP/near_liq_pct      | 0.00086       |
|    ETH-USDT-SWAP/pnl_std           | 6.97          |
|    ETH-USDT-SWAP/total_pnl         | 1.81e+03      |
|    ETH-USDT-SWAP/trades            | 2325          |
|    ETH-USDT-SWAP/trades_per_month  | 197           |
|    ETH-USDT-SWAP/win_rate          | 0.617         |
------------------------------------------------------
------------------------------------------
| rollout/                |              |
|    ep_len_mean          | 4.33e+04     |
|    ep_rew_mean          | 2.18         |
| time/                   |              |
|    fps                  | 10710        |
|    iterations           | 420          |
|    time_elapsed         | 1124         |
|    total_timesteps      | 12042240     |
| train/                  |              |
|    approx_kl            | 0.0006463703 |
|    clip_fraction        | 0.00685      |
|    clip_range           | 0.2          |
|    entropy_loss         | -0.0355      |
|    explained_variance   | 0.206        |
|    learning_rate        | 0.000264     |
|    loss                 | -0.0024      |
|    n_updates            | 4190         |
|    policy_gradient_loss | -0.00127     |
|    value_loss           | 0.000195     |
------------------------------------------
------------------------------------------
| rollout/                |              |
|    ep_len_mean          | 4.33e+04     |
|    ep_rew_mean          | 2.18         |
| time/                   |              |
|    fps                  | 10717        |
|    iterations           | 421          |
|    time_elapsed         | 1126         |
|    total_timesteps      | 12070912     |
| train/                  |              |
|    approx_kl            | 0.0005460771 |
|    clip_fraction        | 0.00526      |
|    clip_range           | 0.2          |
|    entropy_loss         | -0.0471      |
|    explained_variance   | 0.269        |
|    learning_rate        | 0.000264     |
|    loss                 | 0.00137      |
|    n_updates            | 4200         |
|    policy_gradient_loss | -0.000408    |
|    value_loss           | 0.000168     |
------------------------------------------
------------------------------------------
| rollout/                |              |
|    ep_len_mean          | 4.33e+04     |
|    ep_rew_mean          | 2.18         |
| time/                   |              |
|    fps                  | 10723        |
|    iterations           | 422          |
|    time_elapsed         | 1128         |
|    total_timesteps      | 12099584     |
| train/                  |              |
|    approx_kl            | 0.0009805497 |
|    clip_fraction        | 0.00795      |
|    clip_range           | 0.2          |
|    entropy_loss         | -0.0452      |
|    explained_variance   | 0.356        |
|    learning_rate        | 0.000264     |
|    loss                 | -0.00154     |
|    n_updates            | 4210         |
|    policy_gradient_loss | -0.00141     |
|    value_loss           | 0.000154     |
------------------------------------------
------------------------------------------
| rollout/                |              |
|    ep_len_mean          | 4.33e+04     |
|    ep_rew_mean          | 2.04         |
| time/                   |              |
|    fps                  | 10729        |
|    iterations           | 423          |
|    time_elapsed         | 1130         |
|    total_timesteps      | 12128256     |
| train/                  |              |
|    approx_kl            | 0.0013542057 |
|    clip_fraction        | 0.0103       |
|    clip_range           | 0.2          |
|    entropy_loss         | -0.054       |
|    explained_variance   | 0.282        |
|    learning_rate        | 0.000264     |
|    loss                 | -0.00698     |
|    n_updates            | 4220         |
|    policy_gradient_loss | -0.00142     |
|    value_loss           | 0.000287     |
------------------------------------------
------------------------------------------
| rollout/                |              |
|    ep_len_mean          | 4.33e+04     |
|    ep_rew_mean          | 2.06         |
| time/                   |              |
|    fps                  | 10736        |
|    iterations           | 424          |
|    time_elapsed         | 1132         |
|    total_timesteps      | 12156928     |
| train/                  |              |
|    approx_kl            | 0.0005848155 |
|    clip_fraction        | 0.00574      |
|    clip_range           | 0.2          |
|    entropy_loss         | -0.0526      |
|    explained_variance   | 0.318        |
|    learning_rate        | 0.000264     |
|    loss                 | 0.00117      |
|    n_updates            | 4230         |
|    policy_gradient_loss | -0.000734    |
|    value_loss           | 0.000167     |
------------------------------------------
------------------------------------------
| rollout/                |              |
|    ep_len_mean          | 4.33e+04     |
|    ep_rew_mean          | 2.06         |
| time/                   |              |
|    fps                  | 10742        |
|    iterations           | 425          |
|    time_elapsed         | 1134         |
|    total_timesteps      | 12185600     |
| train/                  |              |
|    approx_kl            | 0.0005827847 |
|    clip_fraction        | 0.00709      |
|    clip_range           | 0.2          |
|    entropy_loss         | -0.0559      |
|    explained_variance   | 0.336        |
|    learning_rate        | 0.000264     |
|    loss                 | -0.00361     |
|    n_updates            | 4240         |
|    policy_gradient_loss | -0.000784    |
|    value_loss           | 0.00016      |
------------------------------------------
-------------------------------------------
| rollout/                |               |
|    ep_len_mean          | 4.33e+04      |
|    ep_rew_mean          | 2.06          |
| time/                   |               |
|    fps                  | 10748         |
|    iterations           | 426           |
|    time_elapsed         | 1136          |
|    total_timesteps      | 12214272      |
| train/                  |               |
|    approx_kl            | 0.00090966944 |
|    clip_fraction        | 0.00852       |
|    clip_range           | 0.2           |
|    entropy_loss         | -0.0555       |
|    explained_variance   | 0.397         |
|    learning_rate        | 0.000263      |
|    loss                 | 0.000366      |
|    n_updates            | 4250          |
|    policy_gradient_loss | -0.000935     |
|    value_loss           | 0.000166      |
-------------------------------------------
-------------------------------------------
| rollout/                |               |
|    ep_len_mean          | 4.33e+04      |
|    ep_rew_mean          | 2.06          |
| time/                   |               |
|    fps                  | 10755         |
|    iterations           | 427           |
|    time_elapsed         | 1138          |
|    total_timesteps      | 12242944      |
| train/                  |               |
|    approx_kl            | 0.00086817687 |
|    clip_fraction        | 0.00997       |
|    clip_range           | 0.2           |
|    entropy_loss         | -0.0528       |
|    explained_variance   | 0.428         |
|    learning_rate        | 0.000263      |
|    loss                 | -0.00317      |
|    n_updates            | 4260          |
|    policy_gradient_loss | -0.00148      |
|    value_loss           | 0.00019       |
-------------------------------------------
-------------------------------------------
| rollout/                |               |
|    ep_len_mean          | 4.33e+04      |
|    ep_rew_mean          | 2.06          |
| time/                   |               |
|    fps                  | 10761         |
|    iterations           | 428           |
|    time_elapsed         | 1140          |
|    total_timesteps      | 12271616      |
| train/                  |               |
|    approx_kl            | 0.00074926246 |
|    clip_fraction        | 0.00778       |
|    clip_range           | 0.2           |
|    entropy_loss         | -0.0603       |
|    explained_variance   | 0.36          |
|    learning_rate        | 0.000263      |
|    loss                 | -0.00573      |
|    n_updates            | 4270          |
|    policy_gradient_loss | -0.000693     |
|    value_loss           | 0.000147      |
-------------------------------------------
-------------------------------------------
| rollout/                |               |
|    ep_len_mean          | 4.33e+04      |
|    ep_rew_mean          | 2.06          |
| time/                   |               |
|    fps                  | 10768         |
|    iterations           | 429           |
|    time_elapsed         | 1142          |
|    total_timesteps      | 12300288      |
| train/                  |               |
|    approx_kl            | 0.00084053614 |
|    clip_fraction        | 0.00752       |
|    clip_range           | 0.2           |
|    entropy_loss         | -0.0533       |
|    explained_variance   | 0.415         |
|    learning_rate        | 0.000263      |
|    loss                 | 9.89e-05      |
|    n_updates            | 4280          |
|    policy_gradient_loss | -0.000711     |
|    value_loss           | 0.000131      |
-------------------------------------------
-----------------------------------------
| rollout/                |             |
|    ep_len_mean          | 4.33e+04    |
|    ep_rew_mean          | 2.06        |
| time/                   |             |
|    fps                  | 10775       |
|    iterations           | 430         |
|    time_elapsed         | 1144        |
|    total_timesteps      | 12328960    |
| train/                  |             |
|    approx_kl            | 0.001200946 |
|    clip_fraction        | 0.00804     |
|    clip_range           | 0.2         |
|    entropy_loss         | -0.0519     |
|    explained_variance   | 0.662       |
|    learning_rate        | 0.000263    |
|    loss                 | -0.00253    |
|    n_updates            | 4290        |
|    policy_gradient_loss | -0.00131    |
|    value_loss           | 0.000113    |
-----------------------------------------
-----------------------------------------
| rollout/                |             |
|    ep_len_mean          | 4.33e+04    |
|    ep_rew_mean          | 2.06        |
| time/                   |             |
|    fps                  | 10781       |
|    iterations           | 431         |
|    time_elapsed         | 1146        |
|    total_timesteps      | 12357632    |
| train/                  |             |
|    approx_kl            | 0.000844238 |
|    clip_fraction        | 0.00692     |
|    clip_range           | 0.2         |
|    entropy_loss         | -0.0561     |
|    explained_variance   | 0.431       |
|    learning_rate        | 0.000263    |
|    loss                 | -0.00118    |
|    n_updates            | 4300        |
|    policy_gradient_loss | -0.000819   |
|    value_loss           | 8.26e-05    |
-----------------------------------------
------------------------------------------
| rollout/                |              |
|    ep_len_mean          | 4.33e+04     |
|    ep_rew_mean          | 2.06         |
| time/                   |              |
|    fps                  | 10787        |
|    iterations           | 432          |
|    time_elapsed         | 1148         |
|    total_timesteps      | 12386304     |
| train/                  |              |
|    approx_kl            | 0.0005506453 |
|    clip_fraction        | 0.0065       |
|    clip_range           | 0.2          |
|    entropy_loss         | -0.0473      |
|    explained_variance   | 0.471        |
|    learning_rate        | 0.000263     |
|    loss                 | -0.00159     |
|    n_updates            | 4310         |
|    policy_gradient_loss | -0.000648    |
|    value_loss           | 0.000106     |
------------------------------------------
-------------------------------------------
| rollout/                |               |
|    ep_len_mean          | 4.33e+04      |
|    ep_rew_mean          | 2.06          |
| time/                   |               |
|    fps                  | 10793         |
|    iterations           | 433           |
|    time_elapsed         | 1150          |
|    total_timesteps      | 12414976      |
| train/                  |               |
|    approx_kl            | 0.00085493515 |
|    clip_fraction        | 0.00859       |
|    clip_range           | 0.2           |
|    entropy_loss         | -0.0595       |
|    explained_variance   | 0.38          |
|    learning_rate        | 0.000263      |
|    loss                 | -0.00105      |
|    n_updates            | 4320          |
|    policy_gradient_loss | -0.00136      |
|    value_loss           | 0.000144      |
-------------------------------------------
-------------------------------------------
| rollout/                |               |
|    ep_len_mean          | 4.33e+04      |
|    ep_rew_mean          | 2.06          |
| time/                   |               |
|    fps                  | 10799         |
|    iterations           | 434           |
|    time_elapsed         | 1152          |
|    total_timesteps      | 12443648      |
| train/                  |               |
|    approx_kl            | 0.00069986127 |
|    clip_fraction        | 0.00844       |
|    clip_range           | 0.2           |
|    entropy_loss         | -0.0586       |
|    explained_variance   | 0.444         |
|    learning_rate        | 0.000263      |
|    loss                 | -0.00125      |
|    n_updates            | 4330          |
|    policy_gradient_loss | -0.0011       |
|    value_loss           | 0.000128      |
-------------------------------------------
------------------------------------------
| rollout/                |              |
|    ep_len_mean          | 4.33e+04     |
|    ep_rew_mean          | 2.06         |
| time/                   |              |
|    fps                  | 10805        |
|    iterations           | 435          |
|    time_elapsed         | 1154         |
|    total_timesteps      | 12472320     |
| train/                  |              |
|    approx_kl            | 0.0006232153 |
|    clip_fraction        | 0.00553      |
|    clip_range           | 0.2          |
|    entropy_loss         | -0.0437      |
|    explained_variance   | 0.764        |
|    learning_rate        | 0.000263     |
|    loss                 | -0.000496    |
|    n_updates            | 4340         |
|    policy_gradient_loss | -0.000882    |
|    value_loss           | 0.000139     |
------------------------------------------
------------------------------------------------------
| rollout/                           |               |
|    ep_len_mean                     | 4.33e+04      |
|    ep_rew_mean                     | 2.06          |
| time/                              |               |
|    fps                             | 10687         |
|    iterations                      | 436           |
|    time_elapsed                    | 1169          |
|    total_timesteps                 | 12500992      |
| train/                             |               |
|    approx_kl                       | 0.00075240753 |
|    clip_fraction                   | 0.00676       |
|    clip_range                      | 0.2           |
|    entropy_loss                    | -0.0526       |
|    explained_variance              | 0.509         |
|    learning_rate                   | 0.000263      |
|    loss                            | -0.00272      |
|    n_updates                       | 4350          |
|    policy_gradient_loss            | -0.00104      |
|    value_loss                      | 0.000196      |
| valid/                             |               |
|    BTC-USDT-SWAP/compound_mdd_pct  | 97.8          |
|    BTC-USDT-SWAP/compound_multiple | 0.291         |
|    BTC-USDT-SWAP/max_single_loss   | -30.7         |
|    BTC-USDT-SWAP/max_upnl          | 0.353         |
|    BTC-USDT-SWAP/near_liq_n        | 0             |
|    BTC-USDT-SWAP/near_liq_pct      | 0             |
|    BTC-USDT-SWAP/pnl_std           | 3.94          |
|    BTC-USDT-SWAP/sel_monthly_log   | -0.734        |
|    BTC-USDT-SWAP/total_pnl         | 140           |
|    BTC-USDT-SWAP/trades            | 3278          |
|    BTC-USDT-SWAP/trades_per_month  | 277           |
|    BTC-USDT-SWAP/v9_kpi            | -1.1          |
|    BTC-USDT-SWAP/v9_kpi_z_mdd      | -1.64         |
|    BTC-USDT-SWAP/v9_kpi_z_msl      | -0.0574       |
|    BTC-USDT-SWAP/v9_kpi_z_sel      | -1.47         |
|    BTC-USDT-SWAP/win_rate          | 0.55          |
|    ETH-USDT-SWAP/compound_mdd_pct  | 100           |
|    ETH-USDT-SWAP/compound_multiple | 0             |
|    ETH-USDT-SWAP/max_single_loss   | -100          |
|    ETH-USDT-SWAP/max_upnl          | 0.547         |
|    ETH-USDT-SWAP/near_liq_n        | 1             |
|    ETH-USDT-SWAP/near_liq_pct      | 0.000334      |
|    ETH-USDT-SWAP/pnl_std           | 5.9           |
|    ETH-USDT-SWAP/total_pnl         | 2.41e+03      |
|    ETH-USDT-SWAP/trades            | 2994          |
|    ETH-USDT-SWAP/trades_per_month  | 253           |
|    ETH-USDT-SWAP/win_rate          | 0.563         |
------------------------------------------------------
------------------------------------------
| rollout/                |              |
|    ep_len_mean          | 4.33e+04     |
|    ep_rew_mean          | 2.06         |
| time/                   |              |
|    fps                  | 10694        |
|    iterations           | 437          |
|    time_elapsed         | 1171         |
|    total_timesteps      | 12529664     |
| train/                  |              |
|    approx_kl            | 0.0008673734 |
|    clip_fraction        | 0.00745      |
|    clip_range           | 0.2          |
|    entropy_loss         | -0.056       |
|    explained_variance   | 0.486        |
|    learning_rate        | 0.000262     |
|    loss                 | -0.00166     |
|    n_updates            | 4360         |
|    policy_gradient_loss | -0.000895    |
|    value_loss           | 0.000114     |
------------------------------------------
------------------------------------------
| rollout/                |              |
|    ep_len_mean          | 4.33e+04     |
|    ep_rew_mean          | 2.06         |
| time/                   |              |
|    fps                  | 10701        |
|    iterations           | 438          |
|    time_elapsed         | 1173         |
|    total_timesteps      | 12558336     |
| train/                  |              |
|    approx_kl            | 0.0005441424 |
|    clip_fraction        | 0.00615      |
|    clip_range           | 0.2          |
|    entropy_loss         | -0.0523      |
|    explained_variance   | 0.511        |
|    learning_rate        | 0.000262     |
|    loss                 | -0.00201     |
|    n_updates            | 4370         |
|    policy_gradient_loss | -0.000585    |
|    value_loss           | 0.000191     |
------------------------------------------
------------------------------------------
| rollout/                |              |
|    ep_len_mean          | 4.33e+04     |
|    ep_rew_mean          | 2.06         |
| time/                   |              |
|    fps                  | 10708        |
|    iterations           | 439          |
|    time_elapsed         | 1175         |
|    total_timesteps      | 12587008     |
| train/                  |              |
|    approx_kl            | 0.0010367219 |
|    clip_fraction        | 0.0079       |
|    clip_range           | 0.2          |
|    entropy_loss         | -0.0483      |
|    explained_variance   | 0.392        |
|    learning_rate        | 0.000262     |
|    loss                 | -0.00529     |
|    n_updates            | 4380         |
|    policy_gradient_loss | -0.00133     |
|    value_loss           | 0.000142     |
------------------------------------------
-------------------------------------------
| rollout/                |               |
|    ep_len_mean          | 4.33e+04      |
|    ep_rew_mean          | 2.06          |
| time/                   |               |
|    fps                  | 10715         |
|    iterations           | 440           |
|    time_elapsed         | 1177          |
|    total_timesteps      | 12615680      |
| train/                  |               |
|    approx_kl            | 0.00052845426 |
|    clip_fraction        | 0.00609       |
|    clip_range           | 0.2           |
|    entropy_loss         | -0.058        |
|    explained_variance   | 0.475         |
|    learning_rate        | 0.000262      |
|    loss                 | -0.00072      |
|    n_updates            | 4390          |
|    policy_gradient_loss | -0.000686     |
|    value_loss           | 0.000121      |
-------------------------------------------
-----------------------------------------
| rollout/                |             |
|    ep_len_mean          | 4.33e+04    |
|    ep_rew_mean          | 2.06        |
| time/                   |             |
|    fps                  | 10722       |
|    iterations           | 441         |
|    time_elapsed         | 1179        |
|    total_timesteps      | 12644352    |
| train/                  |             |
|    approx_kl            | 0.000714036 |
|    clip_fraction        | 0.00774     |
|    clip_range           | 0.2         |
|    entropy_loss         | -0.0621     |
|    explained_variance   | 0.385       |
|    learning_rate        | 0.000262    |
|    loss                 | -0.00194    |
|    n_updates            | 4400        |
|    policy_gradient_loss | -0.000993   |
|    value_loss           | 0.0001      |
-----------------------------------------
------------------------------------------
| rollout/                |              |
|    ep_len_mean          | 4.33e+04     |
|    ep_rew_mean          | 2.06         |
| time/                   |              |
|    fps                  | 10729        |
|    iterations           | 442          |
|    time_elapsed         | 1181         |
|    total_timesteps      | 12673024     |
| train/                  |              |
|    approx_kl            | 0.0006631416 |
|    clip_fraction        | 0.00679      |
|    clip_range           | 0.2          |
|    entropy_loss         | -0.0574      |
|    explained_variance   | 0.421        |
|    learning_rate        | 0.000262     |
|    loss                 | -0.00353     |
|    n_updates            | 4410         |
|    policy_gradient_loss | -0.000548    |
|    value_loss           | 0.000107     |
------------------------------------------
-------------------------------------------
| rollout/                |               |
|    ep_len_mean          | 4.33e+04      |
|    ep_rew_mean          | 2.06          |
| time/                   |               |
|    fps                  | 10736         |
|    iterations           | 443           |
|    time_elapsed         | 1183          |
|    total_timesteps      | 12701696      |
| train/                  |               |
|    approx_kl            | 0.00081908744 |
|    clip_fraction        | 0.00694       |
|    clip_range           | 0.2           |
|    entropy_loss         | -0.0659       |
|    explained_variance   | 0.413         |
|    learning_rate        | 0.000262      |
|    loss                 | 0.000411      |
|    n_updates            | 4420          |
|    policy_gradient_loss | -0.000766     |
|    value_loss           | 9.84e-05      |
-------------------------------------------
-------------------------------------------
| rollout/                |               |
|    ep_len_mean          | 4.33e+04      |
|    ep_rew_mean          | 2.05          |
| time/                   |               |
|    fps                  | 10742         |
|    iterations           | 444           |
|    time_elapsed         | 1185          |
|    total_timesteps      | 12730368      |
| train/                  |               |
|    approx_kl            | 0.00081714307 |
|    clip_fraction        | 0.0106        |
|    clip_range           | 0.2           |
|    entropy_loss         | -0.0774       |
|    explained_variance   | 0.398         |
|    learning_rate        | 0.000262      |
|    loss                 | -0.00525      |
|    n_updates            | 4430          |
|    policy_gradient_loss | -0.00123      |
|    value_loss           | 0.000111      |
-------------------------------------------
-------------------------------------------
| rollout/                |               |
|    ep_len_mean          | 4.33e+04      |
|    ep_rew_mean          | 2.04          |
| time/                   |               |
|    fps                  | 10749         |
|    iterations           | 445           |
|    time_elapsed         | 1186          |
|    total_timesteps      | 12759040      |
| train/                  |               |
|    approx_kl            | 0.00075225614 |
|    clip_fraction        | 0.0076        |
|    clip_range           | 0.2           |
|    entropy_loss         | -0.0619       |
|    explained_variance   | 0.413         |
|    learning_rate        | 0.000262      |
|    loss                 | -0.00176      |
|    n_updates            | 4440          |
|    policy_gradient_loss | -0.00095      |
|    value_loss           | 0.000137      |
-------------------------------------------
------------------------------------------
| rollout/                |              |
|    ep_len_mean          | 4.33e+04     |
|    ep_rew_mean          | 2.04         |
| time/                   |              |
|    fps                  | 10755        |
|    iterations           | 446          |
|    time_elapsed         | 1188         |
|    total_timesteps      | 12787712     |
| train/                  |              |
|    approx_kl            | 0.0029934135 |
|    clip_fraction        | 0.0108       |
|    clip_range           | 0.2          |
|    entropy_loss         | -0.0803      |
|    explained_variance   | 0.29         |
|    learning_rate        | 0.000262     |
|    loss                 | -0.00422     |
|    n_updates            | 4450         |
|    policy_gradient_loss | -0.00247     |
|    value_loss           | 0.000536     |
------------------------------------------
------------------------------------------
| rollout/                |              |
|    ep_len_mean          | 4.33e+04     |
|    ep_rew_mean          | 2.04         |
| time/                   |              |
|    fps                  | 10761        |
|    iterations           | 447          |
|    time_elapsed         | 1190         |
|    total_timesteps      | 12816384     |
| train/                  |              |
|    approx_kl            | 0.0011934533 |
|    clip_fraction        | 0.0114       |
|    clip_range           | 0.2          |
|    entropy_loss         | -0.0715      |
|    explained_variance   | 0.381        |
|    learning_rate        | 0.000262     |
|    loss                 | -0.00172     |
|    n_updates            | 4460         |
|    policy_gradient_loss | -0.00148     |
|    value_loss           | 0.000398     |
------------------------------------------
------------------------------------------
| rollout/                |              |
|    ep_len_mean          | 4.33e+04     |
|    ep_rew_mean          | 2.04         |
| time/                   |              |
|    fps                  | 10767        |
|    iterations           | 448          |
|    time_elapsed         | 1192         |
|    total_timesteps      | 12845056     |
| train/                  |              |
|    approx_kl            | 0.0010120373 |
|    clip_fraction        | 0.011        |
|    clip_range           | 0.2          |
|    entropy_loss         | -0.0599      |
|    explained_variance   | 0.453        |
|    learning_rate        | 0.000262     |
|    loss                 | -0.00351     |
|    n_updates            | 4470         |
|    policy_gradient_loss | -0.00137     |
|    value_loss           | 0.000224     |
------------------------------------------
------------------------------------------
| rollout/                |              |
|    ep_len_mean          | 4.33e+04     |
|    ep_rew_mean          | 2.04         |
| time/                   |              |
|    fps                  | 10773        |
|    iterations           | 449          |
|    time_elapsed         | 1194         |
|    total_timesteps      | 12873728     |
| train/                  |              |
|    approx_kl            | 0.0012911361 |
|    clip_fraction        | 0.00736      |
|    clip_range           | 0.2          |
|    entropy_loss         | -0.0576      |
|    explained_variance   | 0.449        |
|    learning_rate        | 0.000261     |
|    loss                 | -0.00565     |
|    n_updates            | 4480         |
|    policy_gradient_loss | -0.00127     |
|    value_loss           | 0.000187     |
------------------------------------------
-------------------------------------------
| rollout/                |               |
|    ep_len_mean          | 4.33e+04      |
|    ep_rew_mean          | 2.04          |
| time/                   |               |
|    fps                  | 10778         |
|    iterations           | 450           |
|    time_elapsed         | 1197          |
|    total_timesteps      | 12902400      |
| train/                  |               |
|    approx_kl            | 0.00074073806 |
|    clip_fraction        | 0.00858       |
|    clip_range           | 0.2           |
|    entropy_loss         | -0.0656       |
|    explained_variance   | 0.409         |
|    learning_rate        | 0.000261      |
|    loss                 | -0.00196      |
|    n_updates            | 4490          |
|    policy_gradient_loss | -0.00121      |
|    value_loss           | 0.000221      |
-------------------------------------------
-------------------------------------------
| rollout/                |               |
|    ep_len_mean          | 4.33e+04      |
|    ep_rew_mean          | 2.04          |
| time/                   |               |
|    fps                  | 10784         |
|    iterations           | 451           |
|    time_elapsed         | 1198          |
|    total_timesteps      | 12931072      |
| train/                  |               |
|    approx_kl            | 0.00067960244 |
|    clip_fraction        | 0.00618       |
|    clip_range           | 0.2           |
|    entropy_loss         | -0.0522       |
|    explained_variance   | 0.506         |
|    learning_rate        | 0.000261      |
|    loss                 | -0.00151      |
|    n_updates            | 4500          |
|    policy_gradient_loss | -0.000835     |
|    value_loss           | 0.000195      |
-------------------------------------------
------------------------------------------
| rollout/                |              |
|    ep_len_mean          | 4.33e+04     |
|    ep_rew_mean          | 2.04         |
| time/                   |              |
|    fps                  | 10791        |
|    iterations           | 452          |
|    time_elapsed         | 1200         |
|    total_timesteps      | 12959744     |
| train/                  |              |
|    approx_kl            | 0.0008687674 |
|    clip_fraction        | 0.0082       |
|    clip_range           | 0.2          |
|    entropy_loss         | -0.063       |
|    explained_variance   | 0.418        |
|    learning_rate        | 0.000261     |
|    loss                 | 0.000344     |
|    n_updates            | 4510         |
|    policy_gradient_loss | -0.00101     |
|    value_loss           | 0.000251     |
------------------------------------------
------------------------------------------
| rollout/                |              |
|    ep_len_mean          | 4.33e+04     |
|    ep_rew_mean          | 2.04         |
| time/                   |              |
|    fps                  | 10797        |
|    iterations           | 453          |
|    time_elapsed         | 1202         |
|    total_timesteps      | 12988416     |
| train/                  |              |
|    approx_kl            | 0.0010309143 |
|    clip_fraction        | 0.0072       |
|    clip_range           | 0.2          |
|    entropy_loss         | -0.0531      |
|    explained_variance   | 0.426        |
|    learning_rate        | 0.000261     |
|    loss                 | -0.000128    |
|    n_updates            | 4520         |
|    policy_gradient_loss | -0.00104     |
|    value_loss           | 0.000357     |
------------------------------------------
-----------------------------------------------------
| rollout/                           |              |
|    ep_len_mean                     | 4.33e+04     |
|    ep_rew_mean                     | 2.04         |
| time/                              |              |
|    fps                             | 10683        |
|    iterations                      | 454          |
|    time_elapsed                    | 1218         |
|    total_timesteps                 | 13017088     |
| train/                             |              |
|    approx_kl                       | 0.0005496967 |
|    clip_fraction                   | 0.00701      |
|    clip_range                      | 0.2          |
|    entropy_loss                    | -0.0581      |
|    explained_variance              | 0.419        |
|    learning_rate                   | 0.000261     |
|    loss                            | -0.00375     |
|    n_updates                       | 4530         |
|    policy_gradient_loss            | -0.000721    |
|    value_loss                      | 0.000225     |
| valid/                             |              |
|    BTC-USDT-SWAP/compound_mdd_pct  | 68           |
|    BTC-USDT-SWAP/compound_multiple | 474          |
|    BTC-USDT-SWAP/max_single_loss   | -30.7        |
|    BTC-USDT-SWAP/max_upnl          | 0.353        |
|    BTC-USDT-SWAP/near_liq_n        | 0            |
|    BTC-USDT-SWAP/near_liq_pct      | 0            |
|    BTC-USDT-SWAP/pnl_std           | 4.47         |
|    BTC-USDT-SWAP/sel_monthly_log   | -0.0875      |
|    BTC-USDT-SWAP/total_pnl         | 861          |
|    BTC-USDT-SWAP/trades            | 2444         |
|    BTC-USDT-SWAP/trades_per_month  | 207          |
|    BTC-USDT-SWAP/v9_kpi            | -0.0515      |
|    BTC-USDT-SWAP/v9_kpi_z_mdd      | 0.119        |
|    BTC-USDT-SWAP/v9_kpi_z_msl      | -0.0574      |
|    BTC-USDT-SWAP/v9_kpi_z_sel      | -0.175       |
|    BTC-USDT-SWAP/win_rate          | 0.563        |
|    ETH-USDT-SWAP/compound_mdd_pct  | 100          |
|    ETH-USDT-SWAP/compound_multiple | 0            |
|    ETH-USDT-SWAP/max_single_loss   | -100         |
|    ETH-USDT-SWAP/max_upnl          | 0.758        |
|    ETH-USDT-SWAP/near_liq_n        | 2            |
|    ETH-USDT-SWAP/near_liq_pct      | 0.000926     |
|    ETH-USDT-SWAP/pnl_std           | 7.58         |
|    ETH-USDT-SWAP/total_pnl         | 2.84e+03     |
|    ETH-USDT-SWAP/trades            | 2159         |
|    ETH-USDT-SWAP/trades_per_month  | 183          |
|    ETH-USDT-SWAP/win_rate          | 0.607        |
-----------------------------------------------------
-------------------------------------------
| rollout/                |               |
|    ep_len_mean          | 4.33e+04      |
|    ep_rew_mean          | 2.04          |
| time/                   |               |
|    fps                  | 10688         |
|    iterations           | 455           |
|    time_elapsed         | 1220          |
|    total_timesteps      | 13045760      |
| train/                  |               |
|    approx_kl            | 0.00074610783 |
|    clip_fraction        | 0.00856       |
|    clip_range           | 0.2           |
|    entropy_loss         | -0.0545       |
|    explained_variance   | 0.507         |
|    learning_rate        | 0.000261      |
|    loss                 | -0.00733      |
|    n_updates            | 4540          |
|    policy_gradient_loss | -0.00144      |
|    value_loss           | 0.00041       |
-------------------------------------------
-------------------------------------------
| rollout/                |               |
|    ep_len_mean          | 4.33e+04      |
|    ep_rew_mean          | 2.04          |
| time/                   |               |
|    fps                  | 10695         |
|    iterations           | 456           |
|    time_elapsed         | 1222          |
|    total_timesteps      | 13074432      |
| train/                  |               |
|    approx_kl            | 0.00066916953 |
|    clip_fraction        | 0.00638       |
|    clip_range           | 0.2           |
|    entropy_loss         | -0.0454       |
|    explained_variance   | 0.522         |
|    learning_rate        | 0.000261      |
|    loss                 | -0.000849     |
|    n_updates            | 4550          |
|    policy_gradient_loss | -0.00116      |
|    value_loss           | 0.000226      |
-------------------------------------------
-------------------------------------------
| rollout/                |               |
|    ep_len_mean          | 4.33e+04      |
|    ep_rew_mean          | 2.04          |
| time/                   |               |
|    fps                  | 10702         |
|    iterations           | 457           |
|    time_elapsed         | 1224          |
|    total_timesteps      | 13103104      |
| train/                  |               |
|    approx_kl            | 0.00076465576 |
|    clip_fraction        | 0.00698       |
|    clip_range           | 0.2           |
|    entropy_loss         | -0.0519       |
|    explained_variance   | 0.51          |
|    learning_rate        | 0.000261      |
|    loss                 | -0.000865     |
|    n_updates            | 4560          |
|    policy_gradient_loss | -0.000749     |
|    value_loss           | 0.000211      |
-------------------------------------------
------------------------------------------
| rollout/                |              |
|    ep_len_mean          | 4.33e+04     |
|    ep_rew_mean          | 2.04         |
| time/                   |              |
|    fps                  | 10709        |
|    iterations           | 458          |
|    time_elapsed         | 1226         |
|    total_timesteps      | 13131776     |
| train/                  |              |
|    approx_kl            | 0.0013372151 |
|    clip_fraction        | 0.00937      |
|    clip_range           | 0.2          |
|    entropy_loss         | -0.0586      |
|    explained_variance   | 0.553        |
|    learning_rate        | 0.000261     |
|    loss                 | -0.00364     |
|    n_updates            | 4570         |
|    policy_gradient_loss | -0.00156     |
|    value_loss           | 0.000243     |
------------------------------------------
-----------------------------------------
| rollout/                |             |
|    ep_len_mean          | 4.33e+04    |
|    ep_rew_mean          | 2.04        |
| time/                   |             |
|    fps                  | 10715       |
|    iterations           | 459         |
|    time_elapsed         | 1228        |
|    total_timesteps      | 13160448    |
| train/                  |             |
|    approx_kl            | 0.000789282 |
|    clip_fraction        | 0.00921     |
|    clip_range           | 0.2         |
|    entropy_loss         | -0.0583     |
|    explained_variance   | 0.454       |
|    learning_rate        | 0.000261    |
|    loss                 | -0.0029     |
|    n_updates            | 4580        |
|    policy_gradient_loss | -0.00137    |
|    value_loss           | 0.000188    |
-----------------------------------------
------------------------------------------
| rollout/                |              |
|    ep_len_mean          | 4.33e+04     |
|    ep_rew_mean          | 2.04         |
| time/                   |              |
|    fps                  | 10722        |
|    iterations           | 460          |
|    time_elapsed         | 1230         |
|    total_timesteps      | 13189120     |
| train/                  |              |
|    approx_kl            | 0.0011119694 |
|    clip_fraction        | 0.00991      |
|    clip_range           | 0.2          |
|    entropy_loss         | -0.065       |
|    explained_variance   | 0.299        |
|    learning_rate        | 0.000261     |
|    loss                 | -0.00286     |
|    n_updates            | 4590         |
|    policy_gradient_loss | -0.00108     |
|    value_loss           | 0.000215     |
------------------------------------------
-----------------------------------------
| rollout/                |             |
|    ep_len_mean          | 4.33e+04    |
|    ep_rew_mean          | 2.04        |
| time/                   |             |
|    fps                  | 10729       |
|    iterations           | 461         |
|    time_elapsed         | 1231        |
|    total_timesteps      | 13217792    |
| train/                  |             |
|    approx_kl            | 0.001175112 |
|    clip_fraction        | 0.00956     |
|    clip_range           | 0.2         |
|    entropy_loss         | -0.0526     |
|    explained_variance   | 0.401       |
|    learning_rate        | 0.00026     |
|    loss                 | -0.00135    |
|    n_updates            | 4600        |
|    policy_gradient_loss | -0.000912   |
|    value_loss           | 0.000165    |
-----------------------------------------
------------------------------------------
| rollout/                |              |
|    ep_len_mean          | 4.33e+04     |
|    ep_rew_mean          | 2.04         |
| time/                   |              |
|    fps                  | 10735        |
|    iterations           | 462          |
|    time_elapsed         | 1233         |
|    total_timesteps      | 13246464     |
| train/                  |              |
|    approx_kl            | 0.0009390389 |
|    clip_fraction        | 0.0108       |
|    clip_range           | 0.2          |
|    entropy_loss         | -0.0588      |
|    explained_variance   | 0.447        |
|    learning_rate        | 0.00026      |
|    loss                 | -0.00461     |
|    n_updates            | 4610         |
|    policy_gradient_loss | -0.0015      |
|    value_loss           | 0.000158     |
------------------------------------------
-------------------------------------------
| rollout/                |               |
|    ep_len_mean          | 4.33e+04      |
|    ep_rew_mean          | 2.04          |
| time/                   |               |
|    fps                  | 10742         |
|    iterations           | 463           |
|    time_elapsed         | 1235          |
|    total_timesteps      | 13275136      |
| train/                  |               |
|    approx_kl            | 0.00091480993 |
|    clip_fraction        | 0.00929       |
|    clip_range           | 0.2           |
|    entropy_loss         | -0.0566       |
|    explained_variance   | 0.527         |
|    learning_rate        | 0.00026       |
|    loss                 | -0.003        |
|    n_updates            | 4620          |
|    policy_gradient_loss | -0.0011       |
|    value_loss           | 0.000127      |
-------------------------------------------
-------------------------------------------
| rollout/                |               |
|    ep_len_mean          | 4.33e+04      |
|    ep_rew_mean          | 2.04          |
| time/                   |               |
|    fps                  | 10749         |
|    iterations           | 464           |
|    time_elapsed         | 1237          |
|    total_timesteps      | 13303808      |
| train/                  |               |
|    approx_kl            | 0.00083894504 |
|    clip_fraction        | 0.00888       |
|    clip_range           | 0.2           |
|    entropy_loss         | -0.054        |
|    explained_variance   | 0.432         |
|    learning_rate        | 0.00026       |
|    loss                 | 0.00226       |
|    n_updates            | 4630          |
|    policy_gradient_loss | -0.00123      |
|    value_loss           | 0.000161      |
-------------------------------------------
------------------------------------------
| rollout/                |              |
|    ep_len_mean          | 4.33e+04     |
|    ep_rew_mean          | 1.99         |
| time/                   |              |
|    fps                  | 10755        |
|    iterations           | 465          |
|    time_elapsed         | 1239         |
|    total_timesteps      | 13332480     |
| train/                  |              |
|    approx_kl            | 0.0007502394 |
|    clip_fraction        | 0.00658      |
|    clip_range           | 0.2          |
|    entropy_loss         | -0.051       |
|    explained_variance   | 0.472        |
|    learning_rate        | 0.00026      |
|    loss                 | -0.00156     |
|    n_updates            | 4640         |
|    policy_gradient_loss | -0.00071     |
|    value_loss           | 0.000149     |
------------------------------------------
-------------------------------------------
| rollout/                |               |
|    ep_len_mean          | 4.33e+04      |
|    ep_rew_mean          | 1.98          |
| time/                   |               |
|    fps                  | 10762         |
|    iterations           | 466           |
|    time_elapsed         | 1241          |
|    total_timesteps      | 13361152      |
| train/                  |               |
|    approx_kl            | 0.00078376656 |
|    clip_fraction        | 0.00749       |
|    clip_range           | 0.2           |
|    entropy_loss         | -0.0425       |
|    explained_variance   | 0.492         |
|    learning_rate        | 0.00026       |
|    loss                 | -0.00279      |
|    n_updates            | 4650          |
|    policy_gradient_loss | -0.000882     |
|    value_loss           | 0.000134      |
-------------------------------------------
------------------------------------------
| rollout/                |              |
|    ep_len_mean          | 4.33e+04     |
|    ep_rew_mean          | 1.98         |
| time/                   |              |
|    fps                  | 10767        |
|    iterations           | 467          |
|    time_elapsed         | 1243         |
|    total_timesteps      | 13389824     |
| train/                  |              |
|    approx_kl            | 0.0006236233 |
|    clip_fraction        | 0.00751      |
|    clip_range           | 0.2          |
|    entropy_loss         | -0.05        |
|    explained_variance   | 0.457        |
|    learning_rate        | 0.00026      |
|    loss                 | -0.00272     |
|    n_updates            | 4660         |
|    policy_gradient_loss | -0.000675    |
|    value_loss           | 0.000127     |
------------------------------------------
-------------------------------------------
| rollout/                |               |
|    ep_len_mean          | 4.33e+04      |
|    ep_rew_mean          | 1.98          |
| time/                   |               |
|    fps                  | 10773         |
|    iterations           | 468           |
|    time_elapsed         | 1245          |
|    total_timesteps      | 13418496      |
| train/                  |               |
|    approx_kl            | 0.00090843317 |
|    clip_fraction        | 0.00798       |
|    clip_range           | 0.2           |
|    entropy_loss         | -0.0452       |
|    explained_variance   | 0.474         |
|    learning_rate        | 0.00026       |
|    loss                 | -0.00316      |
|    n_updates            | 4670          |
|    policy_gradient_loss | -0.000939     |
|    value_loss           | 0.000123      |
-------------------------------------------
------------------------------------------
| rollout/                |              |
|    ep_len_mean          | 4.33e+04     |
|    ep_rew_mean          | 1.98         |
| time/                   |              |
|    fps                  | 10779        |
|    iterations           | 469          |
|    time_elapsed         | 1247         |
|    total_timesteps      | 13447168     |
| train/                  |              |
|    approx_kl            | 0.0008644949 |
|    clip_fraction        | 0.00662      |
|    clip_range           | 0.2          |
|    entropy_loss         | -0.046       |
|    explained_variance   | 0.511        |
|    learning_rate        | 0.00026      |
|    loss                 | -0.00107     |
|    n_updates            | 4680         |
|    policy_gradient_loss | -0.000995    |
|    value_loss           | 0.00015      |
------------------------------------------
------------------------------------------
| rollout/                |              |
|    ep_len_mean          | 4.33e+04     |
|    ep_rew_mean          | 1.98         |
| time/                   |              |
|    fps                  | 10784        |
|    iterations           | 470          |
|    time_elapsed         | 1249         |
|    total_timesteps      | 13475840     |
| train/                  |              |
|    approx_kl            | 0.0005151144 |
|    clip_fraction        | 0.00569      |
|    clip_range           | 0.2          |
|    entropy_loss         | -0.0424      |
|    explained_variance   | 0.491        |
|    learning_rate        | 0.00026      |
|    loss                 | -0.00238     |
|    n_updates            | 4690         |
|    policy_gradient_loss | -0.000909    |
|    value_loss           | 0.00014      |
------------------------------------------
-----------------------------------------------------
| rollout/                           |              |
|    ep_len_mean                     | 4.33e+04     |
|    ep_rew_mean                     | 1.98         |
| time/                              |              |
|    fps                             | 10676        |
|    iterations                      | 471          |
|    time_elapsed                    | 1264         |
|    total_timesteps                 | 13504512     |
| train/                             |              |
|    approx_kl                       | 0.0009081572 |
|    clip_fraction                   | 0.00862      |
|    clip_range                      | 0.2          |
|    entropy_loss                    | -0.0474      |
|    explained_variance              | 0.407        |
|    learning_rate                   | 0.00026      |
|    loss                            | -0.00289     |
|    n_updates                       | 4700         |
|    policy_gradient_loss            | -0.000758    |
|    value_loss                      | 0.000172     |
| valid/                             |              |
|    BTC-USDT-SWAP/compound_mdd_pct  | 80.5         |
|    BTC-USDT-SWAP/compound_multiple | 14           |
|    BTC-USDT-SWAP/max_single_loss   | -30.7        |
|    BTC-USDT-SWAP/max_upnl          | 0.353        |
|    BTC-USDT-SWAP/near_liq_n        | 0            |
|    BTC-USDT-SWAP/near_liq_pct      | 0            |
|    BTC-USDT-SWAP/pnl_std           | 4.19         |
|    BTC-USDT-SWAP/sel_monthly_log   | -0.475       |
|    BTC-USDT-SWAP/total_pnl         | 521          |
|    BTC-USDT-SWAP/trades            | 2889         |
|    BTC-USDT-SWAP/trades_per_month  | 244          |
|    BTC-USDT-SWAP/v9_kpi            | -0.582       |
|    BTC-USDT-SWAP/v9_kpi_z_mdd      | -0.616       |
|    BTC-USDT-SWAP/v9_kpi_z_msl      | -0.0574      |
|    BTC-USDT-SWAP/v9_kpi_z_sel      | -0.951       |
|    BTC-USDT-SWAP/win_rate          | 0.546        |
|    ETH-USDT-SWAP/compound_mdd_pct  | 100          |
|    ETH-USDT-SWAP/compound_multiple | 0            |
|    ETH-USDT-SWAP/max_single_loss   | -100         |
|    ETH-USDT-SWAP/max_upnl          | 0.486        |
|    ETH-USDT-SWAP/near_liq_n        | 2            |
|    ETH-USDT-SWAP/near_liq_pct      | 0.000713     |
|    ETH-USDT-SWAP/pnl_std           | 6.38         |
|    ETH-USDT-SWAP/total_pnl         | 2.89e+03     |
|    ETH-USDT-SWAP/trades            | 2806         |
|    ETH-USDT-SWAP/trades_per_month  | 237          |
|    ETH-USDT-SWAP/win_rate          | 0.573        |
-----------------------------------------------------
-----------------------------------------
| rollout/                |             |
|    ep_len_mean          | 4.33e+04    |
|    ep_rew_mean          | 1.98        |
| time/                   |             |
|    fps                  | 10682       |
|    iterations           | 472         |
|    time_elapsed         | 1266        |
|    total_timesteps      | 13533184    |
| train/                  |             |
|    approx_kl            | 0.000890592 |
|    clip_fraction        | 0.0077      |
|    clip_range           | 0.2         |
|    entropy_loss         | -0.0441     |
|    explained_variance   | 0.478       |
|    learning_rate        | 0.000259    |
|    loss                 | -0.00304    |
|    n_updates            | 4710        |
|    policy_gradient_loss | -0.00089    |
|    value_loss           | 0.00014     |
-----------------------------------------
-----------------------------------------
| rollout/                |             |
|    ep_len_mean          | 4.33e+04    |
|    ep_rew_mean          | 1.98        |
| time/                   |             |
|    fps                  | 10687       |
|    iterations           | 473         |
|    time_elapsed         | 1268        |
|    total_timesteps      | 13561856    |
| train/                  |             |
|    approx_kl            | 0.000419792 |
|    clip_fraction        | 0.00462     |
|    clip_range           | 0.2         |
|    entropy_loss         | -0.0355     |
|    explained_variance   | 0.624       |
|    learning_rate        | 0.000259    |
|    loss                 | -0.00195    |
|    n_updates            | 4720        |
|    policy_gradient_loss | -0.000505   |
|    value_loss           | 9.24e-05    |
-----------------------------------------
-----------------------------------------
| rollout/                |             |
|    ep_len_mean          | 4.33e+04    |
|    ep_rew_mean          | 1.98        |
| time/                   |             |
|    fps                  | 10693       |
|    iterations           | 474         |
|    time_elapsed         | 1270        |
|    total_timesteps      | 13590528    |
| train/                  |             |
|    approx_kl            | 0.000831083 |
|    clip_fraction        | 0.00698     |
|    clip_range           | 0.2         |
|    entropy_loss         | -0.0427     |
|    explained_variance   | 0.457       |
|    learning_rate        | 0.000259    |
|    loss                 | -0.0046     |
|    n_updates            | 4730        |
|    policy_gradient_loss | -0.00105    |
|    value_loss           | 0.000143    |
-----------------------------------------
-------------------------------------------
| rollout/                |               |
|    ep_len_mean          | 4.33e+04      |
|    ep_rew_mean          | 1.98          |
| time/                   |               |
|    fps                  | 10700         |
|    iterations           | 475           |
|    time_elapsed         | 1272          |
|    total_timesteps      | 13619200      |
| train/                  |               |
|    approx_kl            | 0.00060889457 |
|    clip_fraction        | 0.00639       |
|    clip_range           | 0.2           |
|    entropy_loss         | -0.0372       |
|    explained_variance   | 0.574         |
|    learning_rate        | 0.000259      |
|    loss                 | -0.000269     |
|    n_updates            | 4740          |
|    policy_gradient_loss | -0.000819     |
|    value_loss           | 0.00011       |
-------------------------------------------
------------------------------------------
| rollout/                |              |
|    ep_len_mean          | 4.33e+04     |
|    ep_rew_mean          | 1.98         |
| time/                   |              |
|    fps                  | 10706        |
|    iterations           | 476          |
|    time_elapsed         | 1274         |
|    total_timesteps      | 13647872     |
| train/                  |              |
|    approx_kl            | 0.0005850135 |
|    clip_fraction        | 0.00592      |
|    clip_range           | 0.2          |
|    entropy_loss         | -0.0418      |
|    explained_variance   | 0.503        |
|    learning_rate        | 0.000259     |
|    loss                 | -7.43e-05    |
|    n_updates            | 4750         |
|    policy_gradient_loss | -0.000734    |
|    value_loss           | 0.000156     |
------------------------------------------
-------------------------------------------
| rollout/                |               |
|    ep_len_mean          | 4.33e+04      |
|    ep_rew_mean          | 1.98          |
| time/                   |               |
|    fps                  | 10712         |
|    iterations           | 477           |
|    time_elapsed         | 1276          |
|    total_timesteps      | 13676544      |
| train/                  |               |
|    approx_kl            | 0.00043595504 |
|    clip_fraction        | 0.0044        |
|    clip_range           | 0.2           |
|    entropy_loss         | -0.0353       |
|    explained_variance   | 0.551         |
|    learning_rate        | 0.000259      |
|    loss                 | -0.000895     |
|    n_updates            | 4760          |
|    policy_gradient_loss | -0.000746     |
|    value_loss           | 0.000139      |
-------------------------------------------
-------------------------------------------
| rollout/                |               |
|    ep_len_mean          | 4.33e+04      |
|    ep_rew_mean          | 1.98          |
| time/                   |               |
|    fps                  | 10718         |
|    iterations           | 478           |
|    time_elapsed         | 1278          |
|    total_timesteps      | 13705216      |
| train/                  |               |
|    approx_kl            | 0.00084075046 |
|    clip_fraction        | 0.00683       |
|    clip_range           | 0.2           |
|    entropy_loss         | -0.048        |
|    explained_variance   | 0.485         |
|    learning_rate        | 0.000259      |
|    loss                 | -0.000954     |
|    n_updates            | 4770          |
|    policy_gradient_loss | -0.000919     |
|    value_loss           | 0.000157      |
-------------------------------------------
------------------------------------------
| rollout/                |              |
|    ep_len_mean          | 4.33e+04     |
|    ep_rew_mean          | 1.98         |
| time/                   |              |
|    fps                  | 10723        |
|    iterations           | 479          |
|    time_elapsed         | 1280         |
|    total_timesteps      | 13733888     |
| train/                  |              |
|    approx_kl            | 0.0006247004 |
|    clip_fraction        | 0.0078       |
|    clip_range           | 0.2          |
|    entropy_loss         | -0.0521      |
|    explained_variance   | 0.51         |
|    learning_rate        | 0.000259     |
|    loss                 | -0.00298     |
|    n_updates            | 4780         |
|    policy_gradient_loss | -0.000736    |
|    value_loss           | 0.00017      |
------------------------------------------
------------------------------------------
| rollout/                |              |
|    ep_len_mean          | 4.33e+04     |
|    ep_rew_mean          | 1.98         |
| time/                   |              |
|    fps                  | 10729        |
|    iterations           | 480          |
|    time_elapsed         | 1282         |
|    total_timesteps      | 13762560     |
| train/                  |              |
|    approx_kl            | 0.0008825757 |
|    clip_fraction        | 0.0078       |
|    clip_range           | 0.2          |
|    entropy_loss         | -0.0496      |
|    explained_variance   | 0.471        |
|    learning_rate        | 0.000259     |
|    loss                 | -0.00326     |
|    n_updates            | 4790         |
|    policy_gradient_loss | -0.000517    |
|    value_loss           | 0.000148     |
------------------------------------------
-------------------------------------------
| rollout/                |               |
|    ep_len_mean          | 4.33e+04      |
|    ep_rew_mean          | 1.98          |
| time/                   |               |
|    fps                  | 10734         |
|    iterations           | 481           |
|    time_elapsed         | 1284          |
|    total_timesteps      | 13791232      |
| train/                  |               |
|    approx_kl            | 0.00053082587 |
|    clip_fraction        | 0.00577       |
|    clip_range           | 0.2           |
|    entropy_loss         | -0.0414       |
|    explained_variance   | 0.382         |
|    learning_rate        | 0.000259      |
|    loss                 | -0.000538     |
|    n_updates            | 4800          |
|    policy_gradient_loss | -0.000868     |
|    value_loss           | 0.000166      |
-------------------------------------------
---------------------------------------
| rollout/                |           |
|    ep_len_mean          | 4.33e+04  |
|    ep_rew_mean          | 1.98      |
| time/                   |           |
|    fps                  | 10740     |
|    iterations           | 482       |
|    time_elapsed         | 1286      |
|    total_timesteps      | 13819904  |
| train/                  |           |
|    approx_kl            | 0.0007445 |
|    clip_fraction        | 0.00867   |
|    clip_range           | 0.2       |
|    entropy_loss         | -0.0492   |
|    explained_variance   | 0.428     |
|    learning_rate        | 0.000259  |
|    loss                 | 0.00254   |
|    n_updates            | 4810      |
|    policy_gradient_loss | -0.000951 |
|    value_loss           | 0.000151  |
---------------------------------------
-------------------------------------------
| rollout/                |               |
|    ep_len_mean          | 4.33e+04      |
|    ep_rew_mean          | 1.98          |
| time/                   |               |
|    fps                  | 10746         |
|    iterations           | 483           |
|    time_elapsed         | 1288          |
|    total_timesteps      | 13848576      |
| train/                  |               |
|    approx_kl            | 0.00058931153 |
|    clip_fraction        | 0.00696       |
|    clip_range           | 0.2           |
|    entropy_loss         | -0.0499       |
|    explained_variance   | 0.405         |
|    learning_rate        | 0.000259      |
|    loss                 | -0.00175      |
|    n_updates            | 4820          |
|    policy_gradient_loss | -0.000828     |
|    value_loss           | 0.000153      |
-------------------------------------------
-------------------------------------------
| rollout/                |               |
|    ep_len_mean          | 4.33e+04      |
|    ep_rew_mean          | 1.98          |
| time/                   |               |
|    fps                  | 10752         |
|    iterations           | 484           |
|    time_elapsed         | 1290          |
|    total_timesteps      | 13877248      |
| train/                  |               |
|    approx_kl            | 0.00053186435 |
|    clip_fraction        | 0.00678       |
|    clip_range           | 0.2           |
|    entropy_loss         | -0.0487       |
|    explained_variance   | 0.36          |
|    learning_rate        | 0.000258      |
|    loss                 | -0.00118      |
|    n_updates            | 4830          |
|    policy_gradient_loss | -0.000504     |
|    value_loss           | 0.000169      |
-------------------------------------------
------------------------------------------
| rollout/                |              |
|    ep_len_mean          | 4.33e+04     |
|    ep_rew_mean          | 1.98         |
| time/                   |              |
|    fps                  | 10758        |
|    iterations           | 485          |
|    time_elapsed         | 1292         |
|    total_timesteps      | 13905920     |
| train/                  |              |
|    approx_kl            | 0.0010323584 |
|    clip_fraction        | 0.00992      |
|    clip_range           | 0.2          |
|    entropy_loss         | -0.0588      |
|    explained_variance   | 0.387        |
|    learning_rate        | 0.000258     |
|    loss                 | 0.000988     |
|    n_updates            | 4840         |
|    policy_gradient_loss | -0.00106     |
|    value_loss           | 0.000206     |
------------------------------------------
-------------------------------------------
| rollout/                |               |
|    ep_len_mean          | 4.33e+04      |
|    ep_rew_mean          | 1.97          |
| time/                   |               |
|    fps                  | 10764         |
|    iterations           | 486           |
|    time_elapsed         | 1294          |
|    total_timesteps      | 13934592      |
| train/                  |               |
|    approx_kl            | 0.00069119025 |
|    clip_fraction        | 0.00695       |
|    clip_range           | 0.2           |
|    entropy_loss         | -0.0438       |
|    explained_variance   | 0.493         |
|    learning_rate        | 0.000258      |
|    loss                 | -0.00222      |
|    n_updates            | 4850          |
|    policy_gradient_loss | -0.00093      |
|    value_loss           | 0.000124      |
-------------------------------------------
------------------------------------------
| rollout/                |              |
|    ep_len_mean          | 4.33e+04     |
|    ep_rew_mean          | 1.92         |
| time/                   |              |
|    fps                  | 10769        |
|    iterations           | 487          |
|    time_elapsed         | 1296         |
|    total_timesteps      | 13963264     |
| train/                  |              |
|    approx_kl            | 0.0007165267 |
|    clip_fraction        | 0.00712      |
|    clip_range           | 0.2          |
|    entropy_loss         | -0.0469      |
|    explained_variance   | 0.414        |
|    learning_rate        | 0.000258     |
|    loss                 | -0.0014      |
|    n_updates            | 4860         |
|    policy_gradient_loss | -0.000805    |
|    value_loss           | 0.000105     |
------------------------------------------
-------------------------------------------
| rollout/                |               |
|    ep_len_mean          | 4.33e+04      |
|    ep_rew_mean          | 1.92          |
| time/                   |               |
|    fps                  | 10775         |
|    iterations           | 488           |
|    time_elapsed         | 1298          |
|    total_timesteps      | 13991936      |
| train/                  |               |
|    approx_kl            | 0.00074033486 |
|    clip_fraction        | 0.0077        |
|    clip_range           | 0.2           |
|    entropy_loss         | -0.0629       |
|    explained_variance   | 0.345         |
|    learning_rate        | 0.000258      |
|    loss                 | -0.00209      |
|    n_updates            | 4870          |
|    policy_gradient_loss | -0.000692     |
|    value_loss           | 0.000151      |
-------------------------------------------
-----------------------------------------------------
| rollout/                           |              |
|    ep_len_mean                     | 4.33e+04     |
|    ep_rew_mean                     | 1.92         |
| time/                              |              |
|    fps                             | 10672        |
|    iterations                      | 489          |
|    time_elapsed                    | 1313         |
|    total_timesteps                 | 14020608     |
| train/                             |              |
|    approx_kl                       | 0.0007955882 |
|    clip_fraction                   | 0.00798      |
|    clip_range                      | 0.2          |
|    entropy_loss                    | -0.0562      |
|    explained_variance              | 0.285        |
|    learning_rate                   | 0.000258     |
|    loss                            | 5.61e-05     |
|    n_updates                       | 4880         |
|    policy_gradient_loss            | -0.000866    |
|    value_loss                      | 0.000179     |
| valid/                             |              |
|    BTC-USDT-SWAP/compound_mdd_pct  | 85.6         |
|    BTC-USDT-SWAP/compound_multiple | 6.82         |
|    BTC-USDT-SWAP/max_single_loss   | -26.6        |
|    BTC-USDT-SWAP/max_upnl          | 0.353        |
|    BTC-USDT-SWAP/near_liq_n        | 0            |
|    BTC-USDT-SWAP/near_liq_pct      | 0            |
|    BTC-USDT-SWAP/pnl_std           | 3.94         |
|    BTC-USDT-SWAP/sel_monthly_log   | -0.532       |
|    BTC-USDT-SWAP/total_pnl         | 474          |
|    BTC-USDT-SWAP/trades            | 3626         |
|    BTC-USDT-SWAP/trades_per_month  | 307          |
|    BTC-USDT-SWAP/v9_kpi            | -0.616       |
|    BTC-USDT-SWAP/v9_kpi_z_mdd      | -0.917       |
|    BTC-USDT-SWAP/v9_kpi_z_msl      | 0.282        |
|    BTC-USDT-SWAP/v9_kpi_z_sel      | -1.06        |
|    BTC-USDT-SWAP/win_rate          | 0.507        |
|    ETH-USDT-SWAP/compound_mdd_pct  | 100          |
|    ETH-USDT-SWAP/compound_multiple | 0            |
|    ETH-USDT-SWAP/max_single_loss   | -100         |
|    ETH-USDT-SWAP/max_upnl          | 0.466        |
|    ETH-USDT-SWAP/near_liq_n        | 1            |
|    ETH-USDT-SWAP/near_liq_pct      | 0.000234     |
|    ETH-USDT-SWAP/pnl_std           | 5.1          |
|    ETH-USDT-SWAP/total_pnl         | 2.53e+03     |
|    ETH-USDT-SWAP/trades            | 4269         |
|    ETH-USDT-SWAP/trades_per_month  | 361          |
|    ETH-USDT-SWAP/win_rate          | 0.484        |
-----------------------------------------------------
------------------------------------------
| rollout/                |              |
|    ep_len_mean          | 4.33e+04     |
|    ep_rew_mean          | 1.92         |
| time/                   |              |
|    fps                  | 10679        |
|    iterations           | 490          |
|    time_elapsed         | 1315         |
|    total_timesteps      | 14049280     |
| train/                  |              |
|    approx_kl            | 0.0017751761 |
|    clip_fraction        | 0.0092       |
|    clip_range           | 0.2          |
|    entropy_loss         | -0.0605      |
|    explained_variance   | 0.478        |
|    learning_rate        | 0.000258     |
|    loss                 | -0.00122     |
|    n_updates            | 4890         |
|    policy_gradient_loss | -0.000691    |
|    value_loss           | 0.00012      |
------------------------------------------
------------------------------------------
| rollout/                |              |
|    ep_len_mean          | 4.33e+04     |
|    ep_rew_mean          | 1.92         |
| time/                   |              |
|    fps                  | 10685        |
|    iterations           | 491          |
|    time_elapsed         | 1317         |
|    total_timesteps      | 14077952     |
| train/                  |              |
|    approx_kl            | 0.0011129167 |
|    clip_fraction        | 0.0123       |
|    clip_range           | 0.2          |
|    entropy_loss         | -0.0712      |
|    explained_variance   | 0.4          |
|    learning_rate        | 0.000258     |
|    loss                 | -0.00141     |
|    n_updates            | 4900         |
|    policy_gradient_loss | -0.00139     |
|    value_loss           | 0.000162     |
------------------------------------------
------------------------------------------
| rollout/                |              |
|    ep_len_mean          | 4.33e+04     |
|    ep_rew_mean          | 1.92         |
| time/                   |              |
|    fps                  | 10690        |
|    iterations           | 492          |
|    time_elapsed         | 1319         |
|    total_timesteps      | 14106624     |
| train/                  |              |
|    approx_kl            | 0.0012474738 |
|    clip_fraction        | 0.0095       |
|    clip_range           | 0.2          |
|    entropy_loss         | -0.0629      |
|    explained_variance   | 0.276        |
|    learning_rate        | 0.000258     |
|    loss                 | -0.0015      |
|    n_updates            | 4910         |
|    policy_gradient_loss | -0.001       |
|    value_loss           | 0.000198     |
------------------------------------------
------------------------------------------
| rollout/                |              |
|    ep_len_mean          | 4.33e+04     |
|    ep_rew_mean          | 1.92         |
| time/                   |              |
|    fps                  | 10697        |
|    iterations           | 493          |
|    time_elapsed         | 1321         |
|    total_timesteps      | 14135296     |
| train/                  |              |
|    approx_kl            | 0.0006611129 |
|    clip_fraction        | 0.00705      |
|    clip_range           | 0.2          |
|    entropy_loss         | -0.0541      |
|    explained_variance   | 0.448        |
|    learning_rate        | 0.000258     |
|    loss                 | -0.00227     |
|    n_updates            | 4920         |
|    policy_gradient_loss | -0.000954    |
|    value_loss           | 0.000153     |
------------------------------------------
------------------------------------------
| rollout/                |              |
|    ep_len_mean          | 4.33e+04     |
|    ep_rew_mean          | 1.92         |
| time/                   |              |
|    fps                  | 10703        |
|    iterations           | 494          |
|    time_elapsed         | 1323         |
|    total_timesteps      | 14163968     |
| train/                  |              |
|    approx_kl            | 0.0007662183 |
|    clip_fraction        | 0.00692      |
|    clip_range           | 0.2          |
|    entropy_loss         | -0.0503      |
|    explained_variance   | 0.574        |
|    learning_rate        | 0.000258     |
|    loss                 | -0.0013      |
|    n_updates            | 4930         |
|    policy_gradient_loss | -0.00101     |
|    value_loss           | 0.000188     |
------------------------------------------
------------------------------------------
| rollout/                |              |
|    ep_len_mean          | 4.33e+04     |
|    ep_rew_mean          | 1.92         |
| time/                   |              |
|    fps                  | 10708        |
|    iterations           | 495          |
|    time_elapsed         | 1325         |
|    total_timesteps      | 14192640     |
| train/                  |              |
|    approx_kl            | 0.0010209645 |
|    clip_fraction        | 0.01         |
|    clip_range           | 0.2          |
|    entropy_loss         | -0.0577      |
|    explained_variance   | 0.451        |
|    learning_rate        | 0.000258     |
|    loss                 | -0.00262     |
|    n_updates            | 4940         |
|    policy_gradient_loss | -0.000974    |
|    value_loss           | 0.000141     |
------------------------------------------
------------------------------------------
| rollout/                |              |
|    ep_len_mean          | 4.33e+04     |
|    ep_rew_mean          | 1.92         |
| time/                   |              |
|    fps                  | 10714        |
|    iterations           | 496          |
|    time_elapsed         | 1327         |
|    total_timesteps      | 14221312     |
| train/                  |              |
|    approx_kl            | 0.0011366626 |
|    clip_fraction        | 0.00985      |
|    clip_range           | 0.2          |
|    entropy_loss         | -0.0675      |
|    explained_variance   | 0.382        |
|    learning_rate        | 0.000257     |
|    loss                 | 0.000892     |
|    n_updates            | 4950         |
|    policy_gradient_loss | -0.00107     |
|    value_loss           | 0.000217     |
------------------------------------------
------------------------------------------
| rollout/                |              |
|    ep_len_mean          | 4.33e+04     |
|    ep_rew_mean          | 1.92         |
| time/                   |              |
|    fps                  | 10720        |
|    iterations           | 497          |
|    time_elapsed         | 1329         |
|    total_timesteps      | 14249984     |
| train/                  |              |
|    approx_kl            | 0.0009329756 |
|    clip_fraction        | 0.00979      |
|    clip_range           | 0.2          |
|    entropy_loss         | -0.0583      |
|    explained_variance   | 0.395        |
|    learning_rate        | 0.000257     |
|    loss                 | -0.00278     |
|    n_updates            | 4960         |
|    policy_gradient_loss | -0.00111     |
|    value_loss           | 0.000188     |
------------------------------------------
------------------------------------------
| rollout/                |              |
|    ep_len_mean          | 4.33e+04     |
|    ep_rew_mean          | 1.92         |
| time/                   |              |
|    fps                  | 10726        |
|    iterations           | 498          |
|    time_elapsed         | 1331         |
|    total_timesteps      | 14278656     |
| train/                  |              |
|    approx_kl            | 0.0008695607 |
|    clip_fraction        | 0.00732      |
|    clip_range           | 0.2          |
|    entropy_loss         | -0.0542      |
|    explained_variance   | 0.374        |
|    learning_rate        | 0.000257     |
|    loss                 | -0.00421     |
|    n_updates            | 4970         |
|    policy_gradient_loss | -0.000904    |
|    value_loss           | 0.000199     |
------------------------------------------
------------------------------------------
| rollout/                |              |
|    ep_len_mean          | 4.33e+04     |
|    ep_rew_mean          | 1.92         |
| time/                   |              |
|    fps                  | 10732        |
|    iterations           | 499          |
|    time_elapsed         | 1333         |
|    total_timesteps      | 14307328     |
| train/                  |              |
|    approx_kl            | 0.0009435317 |
|    clip_fraction        | 0.00978      |
|    clip_range           | 0.2          |
|    entropy_loss         | -0.0582      |
|    explained_variance   | 0.434        |
|    learning_rate        | 0.000257     |
|    loss                 | -0.00378     |
|    n_updates            | 4980         |
|    policy_gradient_loss | -0.000765    |
|    value_loss           | 0.000166     |
------------------------------------------
------------------------------------------
| rollout/                |              |
|    ep_len_mean          | 4.33e+04     |
|    ep_rew_mean          | 1.92         |
| time/                   |              |
|    fps                  | 10738        |
|    iterations           | 500          |
|    time_elapsed         | 1334         |
|    total_timesteps      | 14336000     |
| train/                  |              |
|    approx_kl            | 0.0011174551 |
|    clip_fraction        | 0.00981      |
|    clip_range           | 0.2          |
|    entropy_loss         | -0.0686      |
|    explained_variance   | 0.492        |
|    learning_rate        | 0.000257     |
|    loss                 | 0.001        |
|    n_updates            | 4990         |
|    policy_gradient_loss | -0.00102     |
|    value_loss           | 0.000246     |
------------------------------------------
------------------------------------------
| rollout/                |              |
|    ep_len_mean          | 4.33e+04     |
|    ep_rew_mean          | 1.92         |
| time/                   |              |
|    fps                  | 10744        |
|    iterations           | 501          |
|    time_elapsed         | 1336         |
|    total_timesteps      | 14364672     |
| train/                  |              |
|    approx_kl            | 0.0010047662 |
|    clip_fraction        | 0.0111       |
|    clip_range           | 0.2          |
|    entropy_loss         | -0.0717      |
|    explained_variance   | 0.454        |
|    learning_rate        | 0.000257     |
|    loss                 | -0.00353     |
|    n_updates            | 5000         |
|    policy_gradient_loss | -0.00122     |
|    value_loss           | 0.000291     |
------------------------------------------
------------------------------------------
| rollout/                |              |
|    ep_len_mean          | 4.33e+04     |
|    ep_rew_mean          | 1.92         |
| time/                   |              |
|    fps                  | 10748        |
|    iterations           | 502          |
|    time_elapsed         | 1339         |
|    total_timesteps      | 14393344     |
| train/                  |              |
|    approx_kl            | 0.0009468416 |
|    clip_fraction        | 0.00837      |
|    clip_range           | 0.2          |
|    entropy_loss         | -0.0619      |
|    explained_variance   | 0.575        |
|    learning_rate        | 0.000257     |
|    loss                 | -0.000678    |
|    n_updates            | 5010         |
|    policy_gradient_loss | -0.00105     |
|    value_loss           | 0.000315     |
------------------------------------------
-------------------------------------------
| rollout/                |               |
|    ep_len_mean          | 4.33e+04      |
|    ep_rew_mean          | 1.92          |
| time/                   |               |
|    fps                  | 10754         |
|    iterations           | 503           |
|    time_elapsed         | 1341          |
|    total_timesteps      | 14422016      |
| train/                  |               |
|    approx_kl            | 0.00093370245 |
|    clip_fraction        | 0.00899       |
|    clip_range           | 0.2           |
|    entropy_loss         | -0.0522       |
|    explained_variance   | 0.569         |
|    learning_rate        | 0.000257      |
|    loss                 | -0.00259      |
|    n_updates            | 5020          |
|    policy_gradient_loss | -0.0011       |
|    value_loss           | 0.000177      |
-------------------------------------------
------------------------------------------
| rollout/                |              |
|    ep_len_mean          | 4.33e+04     |
|    ep_rew_mean          | 1.92         |
| time/                   |              |
|    fps                  | 10760        |
|    iterations           | 504          |
|    time_elapsed         | 1342         |
|    total_timesteps      | 14450688     |
| train/                  |              |
|    approx_kl            | 0.0007331298 |
|    clip_fraction        | 0.00773      |
|    clip_range           | 0.2          |
|    entropy_loss         | -0.0489      |
|    explained_variance   | 0.559        |
|    learning_rate        | 0.000257     |
|    loss                 | -0.00225     |
|    n_updates            | 5030         |
|    policy_gradient_loss | -0.00146     |
|    value_loss           | 0.000179     |
------------------------------------------
-------------------------------------------
| rollout/                |               |
|    ep_len_mean          | 4.33e+04      |
|    ep_rew_mean          | 1.92          |
| time/                   |               |
|    fps                  | 10764         |
|    iterations           | 505           |
|    time_elapsed         | 1345          |
|    total_timesteps      | 14479360      |
| train/                  |               |
|    approx_kl            | 0.00070527423 |
|    clip_fraction        | 0.00729       |
|    clip_range           | 0.2           |
|    entropy_loss         | -0.0645       |
|    explained_variance   | 0.312         |
|    learning_rate        | 0.000257      |
|    loss                 | -0.00426      |
|    n_updates            | 5040          |
|    policy_gradient_loss | -0.000662     |
|    value_loss           | 0.000224      |
-------------------------------------------
------------------------------------------------------
| rollout/                           |               |
|    ep_len_mean                     | 4.33e+04      |
|    ep_rew_mean                     | 1.92          |
| time/                              |               |
|    fps                             | 10661         |
|    iterations                      | 506           |
|    time_elapsed                    | 1360          |
|    total_timesteps                 | 14508032      |
| train/                             |               |
|    approx_kl                       | 0.00091706857 |
|    clip_fraction                   | 0.00739       |
|    clip_range                      | 0.2           |
|    entropy_loss                    | -0.0594       |
|    explained_variance              | 0.347         |
|    learning_rate                   | 0.000257      |
|    loss                            | -0.00073      |
|    n_updates                       | 5050          |
|    policy_gradient_loss            | -0.000661     |
|    value_loss                      | 0.000252      |
| valid/                             |               |
|    BTC-USDT-SWAP/compound_mdd_pct  | 85.9          |
|    BTC-USDT-SWAP/compound_multiple | 26.8          |
|    BTC-USDT-SWAP/max_single_loss   | -23.6         |
|    BTC-USDT-SWAP/max_upnl          | 0.434         |
|    BTC-USDT-SWAP/near_liq_n        | 0             |
|    BTC-USDT-SWAP/near_liq_pct      | 0             |
|    BTC-USDT-SWAP/pnl_std           | 4.86          |
|    BTC-USDT-SWAP/sel_monthly_log   | -0.428        |
|    BTC-USDT-SWAP/total_pnl         | 604           |
|    BTC-USDT-SWAP/trades            | 2344          |
|    BTC-USDT-SWAP/trades_per_month  | 198           |
|    BTC-USDT-SWAP/v9_kpi            | -0.462        |
|    BTC-USDT-SWAP/v9_kpi_z_mdd      | -0.936        |
|    BTC-USDT-SWAP/v9_kpi_z_msl      | 0.535         |
|    BTC-USDT-SWAP/v9_kpi_z_sel      | -0.855        |
|    BTC-USDT-SWAP/win_rate          | 0.562         |
|    ETH-USDT-SWAP/compound_mdd_pct  | 100           |
|    ETH-USDT-SWAP/compound_multiple | 0             |
|    ETH-USDT-SWAP/max_single_loss   | -100          |
|    ETH-USDT-SWAP/max_upnl          | 0.885         |
|    ETH-USDT-SWAP/near_liq_n        | 2             |
|    ETH-USDT-SWAP/near_liq_pct      | 0.00077       |
|    ETH-USDT-SWAP/pnl_std           | 7.06          |
|    ETH-USDT-SWAP/total_pnl         | 3.04e+03      |
|    ETH-USDT-SWAP/trades            | 2597          |
|    ETH-USDT-SWAP/trades_per_month  | 220           |
|    ETH-USDT-SWAP/win_rate          | 0.559         |
------------------------------------------------------
-----------------------------------------
| rollout/                |             |
|    ep_len_mean          | 4.33e+04    |
|    ep_rew_mean          | 1.9         |
| time/                   |             |
|    fps                  | 10666       |
|    iterations           | 507         |
|    time_elapsed         | 1362        |
|    total_timesteps      | 14536704    |
| train/                  |             |
|    approx_kl            | 0.000601456 |
|    clip_fraction        | 0.00682     |
|    clip_range           | 0.2         |
|    entropy_loss         | -0.0577     |
|    explained_variance   | 0.586       |
|    learning_rate        | 0.000256    |
|    loss                 | 0.000426    |
|    n_updates            | 5060        |
|    policy_gradient_loss | -0.000753   |
|    value_loss           | 0.00025     |
-----------------------------------------
------------------------------------------
| rollout/                |              |
|    ep_len_mean          | 4.33e+04     |
|    ep_rew_mean          | 1.92         |
| time/                   |              |
|    fps                  | 10672        |
|    iterations           | 508          |
|    time_elapsed         | 1364         |
|    total_timesteps      | 14565376     |
| train/                  |              |
|    approx_kl            | 0.0020915768 |
|    clip_fraction        | 0.00827      |
|    clip_range           | 0.2          |
|    entropy_loss         | -0.0486      |
|    explained_variance   | 0.492        |
|    learning_rate        | 0.000256     |
|    loss                 | -0.00245     |
|    n_updates            | 5070         |
|    policy_gradient_loss | -0.000901    |
|    value_loss           | 0.000223     |
------------------------------------------
------------------------------------------
| rollout/                |              |
|    ep_len_mean          | 4.33e+04     |
|    ep_rew_mean          | 1.92         |
| time/                   |              |
|    fps                  | 10678        |
|    iterations           | 509          |
|    time_elapsed         | 1366         |
|    total_timesteps      | 14594048     |
| train/                  |              |
|    approx_kl            | 0.0006166552 |
|    clip_fraction        | 0.00572      |
|    clip_range           | 0.2          |
|    entropy_loss         | -0.0428      |
|    explained_variance   | 0.537        |
|    learning_rate        | 0.000256     |
|    loss                 | 0.00205      |
|    n_updates            | 5080         |
|    policy_gradient_loss | -0.000576    |
|    value_loss           | 0.000122     |
------------------------------------------
-------------------------------------------
| rollout/                |               |
|    ep_len_mean          | 4.33e+04      |
|    ep_rew_mean          | 1.92          |
| time/                   |               |
|    fps                  | 10683         |
|    iterations           | 510           |
|    time_elapsed         | 1368          |
|    total_timesteps      | 14622720      |
| train/                  |               |
|    approx_kl            | 0.00069694256 |
|    clip_fraction        | 0.00552       |
|    clip_range           | 0.2           |
|    entropy_loss         | -0.0363       |
|    explained_variance   | 0.551         |
|    learning_rate        | 0.000256      |
|    loss                 | 0.00131       |
|    n_updates            | 5090          |
|    policy_gradient_loss | -0.000704     |
|    value_loss           | 0.000111      |
-------------------------------------------
-------------------------------------------
| rollout/                |               |
|    ep_len_mean          | 4.33e+04      |
|    ep_rew_mean          | 1.92          |
| time/                   |               |
|    fps                  | 10689         |
|    iterations           | 511           |
|    time_elapsed         | 1370          |
|    total_timesteps      | 14651392      |
| train/                  |               |
|    approx_kl            | 0.00090756634 |
|    clip_fraction        | 0.00549       |
|    clip_range           | 0.2           |
|    entropy_loss         | -0.0359       |
|    explained_variance   | 0.489         |
|    learning_rate        | 0.000256      |
|    loss                 | -0.009        |
|    n_updates            | 5100          |
|    policy_gradient_loss | -0.000901     |
|    value_loss           | 0.000123      |
-------------------------------------------
------------------------------------------
| rollout/                |              |
|    ep_len_mean          | 4.33e+04     |
|    ep_rew_mean          | 1.92         |
| time/                   |              |
|    fps                  | 10694        |
|    iterations           | 512          |
|    time_elapsed         | 1372         |
|    total_timesteps      | 14680064     |
| train/                  |              |
|    approx_kl            | 0.0006356347 |
|    clip_fraction        | 0.00536      |
|    clip_range           | 0.2          |
|    entropy_loss         | -0.0409      |
|    explained_variance   | 0.473        |
|    learning_rate        | 0.000256     |
|    loss                 | -0.00109     |
|    n_updates            | 5110         |
|    policy_gradient_loss | -0.000513    |
|    value_loss           | 0.00011      |
------------------------------------------
------------------------------------------
| rollout/                |              |
|    ep_len_mean          | 4.33e+04     |
|    ep_rew_mean          | 1.92         |
| time/                   |              |
|    fps                  | 10700        |
|    iterations           | 513          |
|    time_elapsed         | 1374         |
|    total_timesteps      | 14708736     |
| train/                  |              |
|    approx_kl            | 0.0008087705 |
|    clip_fraction        | 0.00769      |
|    clip_range           | 0.2          |
|    entropy_loss         | -0.0453      |
|    explained_variance   | 0.47         |
|    learning_rate        | 0.000256     |
|    loss                 | -0.00147     |
|    n_updates            | 5120         |
|    policy_gradient_loss | -0.000734    |
|    value_loss           | 9.97e-05     |
------------------------------------------
------------------------------------------
| rollout/                |              |
|    ep_len_mean          | 4.33e+04     |
|    ep_rew_mean          | 1.92         |
| time/                   |              |
|    fps                  | 10705        |
|    iterations           | 514          |
|    time_elapsed         | 1376         |
|    total_timesteps      | 14737408     |
| train/                  |              |
|    approx_kl            | 0.0006117352 |
|    clip_fraction        | 0.00545      |
|    clip_range           | 0.2          |
|    entropy_loss         | -0.0327      |
|    explained_variance   | 0.535        |
|    learning_rate        | 0.000256     |
|    loss                 | 0.000337     |
|    n_updates            | 5130         |
|    policy_gradient_loss | -0.000652    |
|    value_loss           | 9.61e-05     |
------------------------------------------
-------------------------------------------
| rollout/                |               |
|    ep_len_mean          | 4.33e+04      |
|    ep_rew_mean          | 1.92          |
| time/                   |               |
|    fps                  | 10711         |
|    iterations           | 515           |
|    time_elapsed         | 1378          |
|    total_timesteps      | 14766080      |
| train/                  |               |
|    approx_kl            | 0.00044398228 |
|    clip_fraction        | 0.00476       |
|    clip_range           | 0.2           |
|    entropy_loss         | -0.0351       |
|    explained_variance   | 0.581         |
|    learning_rate        | 0.000256      |
|    loss                 | -0.00561      |
|    n_updates            | 5140          |
|    policy_gradient_loss | -0.000544     |
|    value_loss           | 0.000115      |
-------------------------------------------
------------------------------------------
| rollout/                |              |
|    ep_len_mean          | 4.33e+04     |
|    ep_rew_mean          | 1.92         |
| time/                   |              |
|    fps                  | 10717        |
|    iterations           | 516          |
|    time_elapsed         | 1380         |
|    total_timesteps      | 14794752     |
| train/                  |              |
|    approx_kl            | 0.0025612991 |
|    clip_fraction        | 0.00791      |
|    clip_range           | 0.2          |
|    entropy_loss         | -0.0379      |
|    explained_variance   | 0.543        |
|    learning_rate        | 0.000256     |
|    loss                 | -0.00417     |
|    n_updates            | 5150         |
|    policy_gradient_loss | -0.000972    |
|    value_loss           | 0.00012      |
------------------------------------------
-------------------------------------------
| rollout/                |               |
|    ep_len_mean          | 4.33e+04      |
|    ep_rew_mean          | 1.92          |
| time/                   |               |
|    fps                  | 10723         |
|    iterations           | 517           |
|    time_elapsed         | 1382          |
|    total_timesteps      | 14823424      |
| train/                  |               |
|    approx_kl            | 0.00096711237 |
|    clip_fraction        | 0.0107        |
|    clip_range           | 0.2           |
|    entropy_loss         | -0.0531       |
|    explained_variance   | 0.567         |
|    learning_rate        | 0.000256      |
|    loss                 | -0.00685      |
|    n_updates            | 5160          |
|    policy_gradient_loss | -0.00103      |
|    value_loss           | 9.12e-05      |
-------------------------------------------
------------------------------------------
| rollout/                |              |
|    ep_len_mean          | 4.33e+04     |
|    ep_rew_mean          | 1.92         |
| time/                   |              |
|    fps                  | 10728        |
|    iterations           | 518          |
|    time_elapsed         | 1384         |
|    total_timesteps      | 14852096     |
| train/                  |              |
|    approx_kl            | 0.0009782534 |
|    clip_fraction        | 0.00735      |
|    clip_range           | 0.2          |
|    entropy_loss         | -0.0497      |
|    explained_variance   | 0.514        |
|    learning_rate        | 0.000256     |
|    loss                 | -0.000119    |
|    n_updates            | 5170         |
|    policy_gradient_loss | -0.000718    |
|    value_loss           | 0.000129     |
------------------------------------------
------------------------------------------
| rollout/                |              |
|    ep_len_mean          | 4.33e+04     |
|    ep_rew_mean          | 1.92         |
| time/                   |              |
|    fps                  | 10734        |
|    iterations           | 519          |
|    time_elapsed         | 1386         |
|    total_timesteps      | 14880768     |
| train/                  |              |
|    approx_kl            | 0.0005056957 |
|    clip_fraction        | 0.00611      |
|    clip_range           | 0.2          |
|    entropy_loss         | -0.0421      |
|    explained_variance   | 0.52         |
|    learning_rate        | 0.000255     |
|    loss                 | -0.00174     |
|    n_updates            | 5180         |
|    policy_gradient_loss | -0.000756    |
|    value_loss           | 0.000136     |
------------------------------------------
------------------------------------------
| rollout/                |              |
|    ep_len_mean          | 4.33e+04     |
|    ep_rew_mean          | 1.92         |
| time/                   |              |
|    fps                  | 10740        |
|    iterations           | 520          |
|    time_elapsed         | 1388         |
|    total_timesteps      | 14909440     |
| train/                  |              |
|    approx_kl            | 0.0008895155 |
|    clip_fraction        | 0.00662      |
|    clip_range           | 0.2          |
|    entropy_loss         | -0.0392      |
|    explained_variance   | 0.564        |
|    learning_rate        | 0.000255     |
|    loss                 | -0.00547     |
|    n_updates            | 5190         |
|    policy_gradient_loss | -0.000748    |
|    value_loss           | 0.000128     |
------------------------------------------
-------------------------------------------
| rollout/                |               |
|    ep_len_mean          | 4.33e+04      |
|    ep_rew_mean          | 1.92          |
| time/                   |               |
|    fps                  | 10746         |
|    iterations           | 521           |
|    time_elapsed         | 1390          |
|    total_timesteps      | 14938112      |
| train/                  |               |
|    approx_kl            | 0.00049381424 |
|    clip_fraction        | 0.00459       |
|    clip_range           | 0.2           |
|    entropy_loss         | -0.0365       |
|    explained_variance   | 0.585         |
|    learning_rate        | 0.000255      |
|    loss                 | -0.000336     |
|    n_updates            | 5200          |
|    policy_gradient_loss | -0.000814     |
|    value_loss           | 0.000102      |
-------------------------------------------
-----------------------------------------
| rollout/                |             |
|    ep_len_mean          | 4.33e+04    |
|    ep_rew_mean          | 1.92        |
| time/                   |             |
|    fps                  | 10751       |
|    iterations           | 522         |
|    time_elapsed         | 1392        |
|    total_timesteps      | 14966784    |
| train/                  |             |
|    approx_kl            | 0.000724841 |
|    clip_fraction        | 0.0069      |
|    clip_range           | 0.2         |
|    entropy_loss         | -0.0413     |
|    explained_variance   | 0.521       |
|    learning_rate        | 0.000255    |
|    loss                 | 0.00106     |
|    n_updates            | 5210        |
|    policy_gradient_loss | -0.000793   |
|    value_loss           | 0.000112    |
-----------------------------------------
------------------------------------------
| rollout/                |              |
|    ep_len_mean          | 4.33e+04     |
|    ep_rew_mean          | 1.92         |
| time/                   |              |
|    fps                  | 10757        |
|    iterations           | 523          |
|    time_elapsed         | 1393         |
|    total_timesteps      | 14995456     |
| train/                  |              |
|    approx_kl            | 0.0011305275 |
|    clip_fraction        | 0.00723      |
|    clip_range           | 0.2          |
|    entropy_loss         | -0.0426      |
|    explained_variance   | 0.459        |
|    learning_rate        | 0.000255     |
|    loss                 | -0.00179     |
|    n_updates            | 5220         |
|    policy_gradient_loss | -0.00139     |
|    value_loss           | 0.000133     |
------------------------------------------
-----------------------------------------------------
| rollout/                           |              |
|    ep_len_mean                     | 4.33e+04     |
|    ep_rew_mean                     | 1.92         |
| time/                              |              |
|    fps                             | 10656        |
|    iterations                      | 524          |
|    time_elapsed                    | 1409         |
|    total_timesteps                 | 15024128     |
| train/                             |              |
|    approx_kl                       | 0.0009682815 |
|    clip_fraction                   | 0.008        |
|    clip_range                      | 0.2          |
|    entropy_loss                    | -0.0441      |
|    explained_variance              | 0.534        |
|    learning_rate                   | 0.000255     |
|    loss                            | -0.00114     |
|    n_updates                       | 5230         |
|    policy_gradient_loss            | -0.00118     |
|    value_loss                      | 0.000153     |
| valid/                             |              |
|    BTC-USDT-SWAP/compound_mdd_pct  | 82.4         |
|    BTC-USDT-SWAP/compound_multiple | 107          |
|    BTC-USDT-SWAP/max_single_loss   | -44.4        |
|    BTC-USDT-SWAP/max_upnl          | 0.434        |
|    BTC-USDT-SWAP/near_liq_n        | 0            |
|    BTC-USDT-SWAP/near_liq_pct      | 0            |
|    BTC-USDT-SWAP/pnl_std           | 5.27         |
|    BTC-USDT-SWAP/sel_monthly_log   | -0.481       |
|    BTC-USDT-SWAP/total_pnl         | 767          |
|    BTC-USDT-SWAP/trades            | 2119         |
|    BTC-USDT-SWAP/trades_per_month  | 179          |
|    BTC-USDT-SWAP/v9_kpi            | -0.964       |
|    BTC-USDT-SWAP/v9_kpi_z_mdd      | -0.727       |
|    BTC-USDT-SWAP/v9_kpi_z_msl      | -1.2         |
|    BTC-USDT-SWAP/v9_kpi_z_sel      | -0.963       |
|    BTC-USDT-SWAP/win_rate          | 0.611        |
|    ETH-USDT-SWAP/compound_mdd_pct  | 100          |
|    ETH-USDT-SWAP/compound_multiple | 0            |
|    ETH-USDT-SWAP/max_single_loss   | -100         |
|    ETH-USDT-SWAP/max_upnl          | 0.486        |
|    ETH-USDT-SWAP/near_liq_n        | 1            |
|    ETH-USDT-SWAP/near_liq_pct      | 0.000464     |
|    ETH-USDT-SWAP/pnl_std           | 7.64         |
|    ETH-USDT-SWAP/total_pnl         | 3.39e+03     |
|    ETH-USDT-SWAP/trades            | 2157         |
|    ETH-USDT-SWAP/trades_per_month  | 182          |
|    ETH-USDT-SWAP/win_rate          | 0.618        |
-----------------------------------------------------
------------------------------------------
| rollout/                |              |
|    ep_len_mean          | 4.33e+04     |
|    ep_rew_mean          | 1.92         |
| time/                   |              |
|    fps                  | 10662        |
|    iterations           | 525          |
|    time_elapsed         | 1411         |
|    total_timesteps      | 15052800     |
| train/                  |              |
|    approx_kl            | 0.0008087733 |
|    clip_fraction        | 0.0055       |
|    clip_range           | 0.2          |
|    entropy_loss         | -0.0367      |
|    explained_variance   | 0.523        |
|    learning_rate        | 0.000255     |
|    loss                 | -0.00139     |
|    n_updates            | 5240         |
|    policy_gradient_loss | -0.00103     |
|    value_loss           | 0.000109     |
------------------------------------------
------------------------------------------
| rollout/                |              |
|    ep_len_mean          | 4.33e+04     |
|    ep_rew_mean          | 1.92         |
| time/                   |              |
|    fps                  | 10668        |
|    iterations           | 526          |
|    time_elapsed         | 1413         |
|    total_timesteps      | 15081472     |
| train/                  |              |
|    approx_kl            | 0.0007215053 |
|    clip_fraction        | 0.00742      |
|    clip_range           | 0.2          |
|    entropy_loss         | -0.0433      |
|    explained_variance   | 0.482        |
|    learning_rate        | 0.000255     |
|    loss                 | -0.00374     |
|    n_updates            | 5250         |
|    policy_gradient_loss | -0.000767    |
|    value_loss           | 0.000115     |
------------------------------------------
------------------------------------------
| rollout/                |              |
|    ep_len_mean          | 4.33e+04     |
|    ep_rew_mean          | 1.92         |
| time/                   |              |
|    fps                  | 10674        |
|    iterations           | 527          |
|    time_elapsed         | 1415         |
|    total_timesteps      | 15110144     |
| train/                  |              |
|    approx_kl            | 0.0011841124 |
|    clip_fraction        | 0.0072       |
|    clip_range           | 0.2          |
|    entropy_loss         | -0.0358      |
|    explained_variance   | 0.458        |
|    learning_rate        | 0.000255     |
|    loss                 | -0.000143    |
|    n_updates            | 5260         |
|    policy_gradient_loss | -0.00112     |
|    value_loss           | 0.000134     |
------------------------------------------
------------------------------------------
| rollout/                |              |
|    ep_len_mean          | 4.33e+04     |
|    ep_rew_mean          | 1.95         |
| time/                   |              |
|    fps                  | 10679        |
|    iterations           | 528          |
|    time_elapsed         | 1417         |
|    total_timesteps      | 15138816     |
| train/                  |              |
|    approx_kl            | 0.0014396851 |
|    clip_fraction        | 0.00812      |
|    clip_range           | 0.2          |
|    entropy_loss         | -0.0441      |
|    explained_variance   | 0.462        |
|    learning_rate        | 0.000255     |
|    loss                 | 0.00176      |
|    n_updates            | 5270         |
|    policy_gradient_loss | -0.00101     |
|    value_loss           | 0.000133     |
------------------------------------------
------------------------------------------
| rollout/                |              |
|    ep_len_mean          | 4.33e+04     |
|    ep_rew_mean          | 1.95         |
| time/                   |              |
|    fps                  | 10684        |
|    iterations           | 529          |
|    time_elapsed         | 1419         |
|    total_timesteps      | 15167488     |
| train/                  |              |
|    approx_kl            | 0.0012825936 |
|    clip_fraction        | 0.00778      |
|    clip_range           | 0.2          |
|    entropy_loss         | -0.0339      |
|    explained_variance   | 0.513        |
|    learning_rate        | 0.000255     |
|    loss                 | -0.000886    |
|    n_updates            | 5280         |
|    policy_gradient_loss | -0.00151     |
|    value_loss           | 0.000116     |
------------------------------------------
------------------------------------------
| rollout/                |              |
|    ep_len_mean          | 4.33e+04     |
|    ep_rew_mean          | 1.95         |
| time/                   |              |
|    fps                  | 10689        |
|    iterations           | 530          |
|    time_elapsed         | 1421         |
|    total_timesteps      | 15196160     |
| train/                  |              |
|    approx_kl            | 0.0009132364 |
|    clip_fraction        | 0.00736      |
|    clip_range           | 0.2          |
|    entropy_loss         | -0.0479      |
|    explained_variance   | 0.524        |
|    learning_rate        | 0.000254     |
|    loss                 | -0.00237     |
|    n_updates            | 5290         |
|    policy_gradient_loss | -0.000768    |
|    value_loss           | 0.000142     |
------------------------------------------
------------------------------------------
| rollout/                |              |
|    ep_len_mean          | 4.33e+04     |
|    ep_rew_mean          | 1.95         |
| time/                   |              |
|    fps                  | 10694        |
|    iterations           | 531          |
|    time_elapsed         | 1423         |
|    total_timesteps      | 15224832     |
| train/                  |              |
|    approx_kl            | 0.0016221433 |
|    clip_fraction        | 0.0102       |
|    clip_range           | 0.2          |
|    entropy_loss         | -0.0578      |
|    explained_variance   | 0.413        |
|    learning_rate        | 0.000254     |
|    loss                 | -0.00237     |
|    n_updates            | 5300         |
|    policy_gradient_loss | -0.00124     |
|    value_loss           | 0.000181     |
------------------------------------------
------------------------------------------
| rollout/                |              |
|    ep_len_mean          | 4.33e+04     |
|    ep_rew_mean          | 1.95         |
| time/                   |              |
|    fps                  | 10700        |
|    iterations           | 532          |
|    time_elapsed         | 1425         |
|    total_timesteps      | 15253504     |
| train/                  |              |
|    approx_kl            | 0.0009298601 |
|    clip_fraction        | 0.00858      |
|    clip_range           | 0.2          |
|    entropy_loss         | -0.0555      |
|    explained_variance   | 0.321        |
|    learning_rate        | 0.000254     |
|    loss                 | -0.00319     |
|    n_updates            | 5310         |
|    policy_gradient_loss | -0.00112     |
|    value_loss           | 0.000215     |
------------------------------------------
------------------------------------------
| rollout/                |              |
|    ep_len_mean          | 4.33e+04     |
|    ep_rew_mean          | 1.95         |
| time/                   |              |
|    fps                  | 10705        |
|    iterations           | 533          |
|    time_elapsed         | 1427         |
|    total_timesteps      | 15282176     |
| train/                  |              |
|    approx_kl            | 0.0009863054 |
|    clip_fraction        | 0.00737      |
|    clip_range           | 0.2          |
|    entropy_loss         | -0.0548      |
|    explained_variance   | 0.31         |
|    learning_rate        | 0.000254     |
|    loss                 | -0.00405     |
|    n_updates            | 5320         |
|    policy_gradient_loss | -0.0012      |
|    value_loss           | 0.000199     |
------------------------------------------
-------------------------------------------
| rollout/                |               |
|    ep_len_mean          | 4.33e+04      |
|    ep_rew_mean          | 1.95          |
| time/                   |               |
|    fps                  | 10710         |
|    iterations           | 534           |
|    time_elapsed         | 1429          |
|    total_timesteps      | 15310848      |
| train/                  |               |
|    approx_kl            | 0.00068568246 |
|    clip_fraction        | 0.00663       |
|    clip_range           | 0.2           |
|    entropy_loss         | -0.0493       |
|    explained_variance   | 0.324         |
|    learning_rate        | 0.000254      |
|    loss                 | -0.00188      |
|    n_updates            | 5330          |
|    policy_gradient_loss | -0.000778     |
|    value_loss           | 0.000193      |
-------------------------------------------
------------------------------------------
| rollout/                |              |
|    ep_len_mean          | 4.33e+04     |
|    ep_rew_mean          | 1.95         |
| time/                   |              |
|    fps                  | 10716        |
|    iterations           | 535          |
|    time_elapsed         | 1431         |
|    total_timesteps      | 15339520     |
| train/                  |              |
|    approx_kl            | 0.0004417038 |
|    clip_fraction        | 0.00543      |
|    clip_range           | 0.2          |
|    entropy_loss         | -0.0406      |
|    explained_variance   | 0.399        |
|    learning_rate        | 0.000254     |
|    loss                 | -0.0021      |
|    n_updates            | 5340         |
|    policy_gradient_loss | -0.00105     |
|    value_loss           | 0.000213     |
------------------------------------------
-------------------------------------------
| rollout/                |               |
|    ep_len_mean          | 4.33e+04      |
|    ep_rew_mean          | 1.95          |
| time/                   |               |
|    fps                  | 10721         |
|    iterations           | 536           |
|    time_elapsed         | 1433          |
|    total_timesteps      | 15368192      |
| train/                  |               |
|    approx_kl            | 0.00079474173 |
|    clip_fraction        | 0.00741       |
|    clip_range           | 0.2           |
|    entropy_loss         | -0.0473       |
|    explained_variance   | 0.39          |
|    learning_rate        | 0.000254      |
|    loss                 | -0.00182      |
|    n_updates            | 5350          |
|    policy_gradient_loss | -0.00109      |
|    value_loss           | 0.00017       |
-------------------------------------------
------------------------------------------
| rollout/                |              |
|    ep_len_mean          | 4.33e+04     |
|    ep_rew_mean          | 1.95         |
| time/                   |              |
|    fps                  | 10726        |
|    iterations           | 537          |
|    time_elapsed         | 1435         |
|    total_timesteps      | 15396864     |
| train/                  |              |
|    approx_kl            | 0.0006458158 |
|    clip_fraction        | 0.00691      |
|    clip_range           | 0.2          |
|    entropy_loss         | -0.0461      |
|    explained_variance   | 0.305        |
|    learning_rate        | 0.000254     |
|    loss                 | -0.00183     |
|    n_updates            | 5360         |
|    policy_gradient_loss | -0.000763    |
|    value_loss           | 0.000214     |
------------------------------------------
------------------------------------------
| rollout/                |              |
|    ep_len_mean          | 4.33e+04     |
|    ep_rew_mean          | 1.95         |
| time/                   |              |
|    fps                  | 10732        |
|    iterations           | 538          |
|    time_elapsed         | 1437         |
|    total_timesteps      | 15425536     |
| train/                  |              |
|    approx_kl            | 0.0016677715 |
|    clip_fraction        | 0.00777      |
|    clip_range           | 0.2          |
|    entropy_loss         | -0.0497      |
|    explained_variance   | 0.269        |
|    learning_rate        | 0.000254     |
|    loss                 | -8.61e-05    |
|    n_updates            | 5370         |
|    policy_gradient_loss | -0.00069     |
|    value_loss           | 0.000227     |
------------------------------------------
------------------------------------------
| rollout/                |              |
|    ep_len_mean          | 4.33e+04     |
|    ep_rew_mean          | 1.95         |
| time/                   |              |
|    fps                  | 10737        |
|    iterations           | 539          |
|    time_elapsed         | 1439         |
|    total_timesteps      | 15454208     |
| train/                  |              |
|    approx_kl            | 0.0011270607 |
|    clip_fraction        | 0.00724      |
|    clip_range           | 0.2          |
|    entropy_loss         | -0.0462      |
|    explained_variance   | 0.332        |
|    learning_rate        | 0.000254     |
|    loss                 | 0.00154      |
|    n_updates            | 5380         |
|    policy_gradient_loss | -0.000989    |
|    value_loss           | 0.000212     |
------------------------------------------
------------------------------------------
| rollout/                |              |
|    ep_len_mean          | 4.33e+04     |
|    ep_rew_mean          | 1.95         |
| time/                   |              |
|    fps                  | 10742        |
|    iterations           | 540          |
|    time_elapsed         | 1441         |
|    total_timesteps      | 15482880     |
| train/                  |              |
|    approx_kl            | 0.0014607462 |
|    clip_fraction        | 0.009        |
|    clip_range           | 0.2          |
|    entropy_loss         | -0.0504      |
|    explained_variance   | 0.283        |
|    learning_rate        | 0.000254     |
|    loss                 | -0.00207     |
|    n_updates            | 5390         |
|    policy_gradient_loss | -0.00112     |
|    value_loss           | 0.000219     |
------------------------------------------
-----------------------------------------------------
| rollout/                           |              |
|    ep_len_mean                     | 4.33e+04     |
|    ep_rew_mean                     | 1.95         |
| time/                              |              |
|    fps                             | 10648        |
|    iterations                      | 541          |
|    time_elapsed                    | 1456         |
|    total_timesteps                 | 15511552     |
| train/                             |              |
|    approx_kl                       | 0.0011619804 |
|    clip_fraction                   | 0.00758      |
|    clip_range                      | 0.2          |
|    entropy_loss                    | -0.0489      |
|    explained_variance              | 0.34         |
|    learning_rate                   | 0.000254     |
|    loss                            | -0.00401     |
|    n_updates                       | 5400         |
|    policy_gradient_loss            | -0.000712    |
|    value_loss                      | 0.00016      |
| valid/                             |              |
|    BTC-USDT-SWAP/compound_mdd_pct  | 78.1         |
|    BTC-USDT-SWAP/compound_multiple | 110          |
|    BTC-USDT-SWAP/max_single_loss   | -33.8        |
|    BTC-USDT-SWAP/max_upnl          | 0.434        |
|    BTC-USDT-SWAP/near_liq_n        | 0            |
|    BTC-USDT-SWAP/near_liq_pct      | 0            |
|    BTC-USDT-SWAP/pnl_std           | 5.11         |
|    BTC-USDT-SWAP/sel_monthly_log   | -0.397       |
|    BTC-USDT-SWAP/total_pnl         | 752          |
|    BTC-USDT-SWAP/trades            | 2166         |
|    BTC-USDT-SWAP/trades_per_month  | 183          |
|    BTC-USDT-SWAP/v9_kpi            | -0.554       |
|    BTC-USDT-SWAP/v9_kpi_z_mdd      | -0.475       |
|    BTC-USDT-SWAP/v9_kpi_z_msl      | -0.314       |
|    BTC-USDT-SWAP/v9_kpi_z_sel      | -0.793       |
|    BTC-USDT-SWAP/win_rate          | 0.569        |
|    ETH-USDT-SWAP/compound_mdd_pct  | 87.8         |
|    ETH-USDT-SWAP/compound_multiple | 8.45e+08     |
|    ETH-USDT-SWAP/max_single_loss   | -59          |
|    ETH-USDT-SWAP/max_upnl          | 0.486        |
|    ETH-USDT-SWAP/near_liq_n        | 0            |
|    ETH-USDT-SWAP/near_liq_pct      | 0            |
|    ETH-USDT-SWAP/pnl_std           | 6.02         |
|    ETH-USDT-SWAP/total_pnl         | 2.65e+03     |
|    ETH-USDT-SWAP/trades            | 3282         |
|    ETH-USDT-SWAP/trades_per_month  | 278          |
|    ETH-USDT-SWAP/win_rate          | 0.504        |
-----------------------------------------------------
------------------------------------------
| rollout/                |              |
|    ep_len_mean          | 4.33e+04     |
|    ep_rew_mean          | 1.95         |
| time/                   |              |
|    fps                  | 10652        |
|    iterations           | 542          |
|    time_elapsed         | 1458         |
|    total_timesteps      | 15540224     |
| train/                  |              |
|    approx_kl            | 0.0009770589 |
|    clip_fraction        | 0.0098       |
|    clip_range           | 0.2          |
|    entropy_loss         | -0.057       |
|    explained_variance   | 0.243        |
|    learning_rate        | 0.000253     |
|    loss                 | 0.00161      |
|    n_updates            | 5410         |
|    policy_gradient_loss | -0.000766    |
|    value_loss           | 0.000186     |
------------------------------------------
-----------------------------------------
| rollout/                |             |
|    ep_len_mean          | 4.33e+04    |
|    ep_rew_mean          | 1.95        |
| time/                   |             |
|    fps                  | 10657       |
|    iterations           | 543         |
|    time_elapsed         | 1460        |
|    total_timesteps      | 15568896    |
| train/                  |             |
|    approx_kl            | 0.000823591 |
|    clip_fraction        | 0.00676     |
|    clip_range           | 0.2         |
|    entropy_loss         | -0.0507     |
|    explained_variance   | 0.429       |
|    learning_rate        | 0.000253    |
|    loss                 | -0.00117    |
|    n_updates            | 5420        |
|    policy_gradient_loss | -0.000881   |
|    value_loss           | 0.00014     |
-----------------------------------------
------------------------------------------
| rollout/                |              |
|    ep_len_mean          | 4.33e+04     |
|    ep_rew_mean          | 1.95         |
| time/                   |              |
|    fps                  | 10663        |
|    iterations           | 544          |
|    time_elapsed         | 1462         |
|    total_timesteps      | 15597568     |
| train/                  |              |
|    approx_kl            | 0.0012469587 |
|    clip_fraction        | 0.00898      |
|    clip_range           | 0.2          |
|    entropy_loss         | -0.0607      |
|    explained_variance   | 0.405        |
|    learning_rate        | 0.000253     |
|    loss                 | -0.000652    |
|    n_updates            | 5430         |
|    policy_gradient_loss | -0.00101     |
|    value_loss           | 0.000137     |
------------------------------------------
------------------------------------------
| rollout/                |              |
|    ep_len_mean          | 4.33e+04     |
|    ep_rew_mean          | 1.95         |
| time/                   |              |
|    fps                  | 10668        |
|    iterations           | 545          |
|    time_elapsed         | 1464         |
|    total_timesteps      | 15626240     |
| train/                  |              |
|    approx_kl            | 0.0007500321 |
|    clip_fraction        | 0.00813      |
|    clip_range           | 0.2          |
|    entropy_loss         | -0.0514      |
|    explained_variance   | 0.526        |
|    learning_rate        | 0.000253     |
|    loss                 | 0.000432     |
|    n_updates            | 5440         |
|    policy_gradient_loss | -0.00114     |
|    value_loss           | 0.000124     |
------------------------------------------
-------------------------------------------
| rollout/                |               |
|    ep_len_mean          | 4.33e+04      |
|    ep_rew_mean          | 1.95          |
| time/                   |               |
|    fps                  | 10674         |
|    iterations           | 546           |
|    time_elapsed         | 1466          |
|    total_timesteps      | 15654912      |
| train/                  |               |
|    approx_kl            | 0.00068737165 |
|    clip_fraction        | 0.0075        |
|    clip_range           | 0.2           |
|    entropy_loss         | -0.0547       |
|    explained_variance   | 0.496         |
|    learning_rate        | 0.000253      |
|    loss                 | -0.00259      |
|    n_updates            | 5450          |
|    policy_gradient_loss | -0.000774     |
|    value_loss           | 0.000126      |
-------------------------------------------
------------------------------------------
| rollout/                |              |
|    ep_len_mean          | 4.33e+04     |
|    ep_rew_mean          | 1.95         |
| time/                   |              |
|    fps                  | 10679        |
|    iterations           | 547          |
|    time_elapsed         | 1468         |
|    total_timesteps      | 15683584     |
| train/                  |              |
|    approx_kl            | 0.0006344905 |
|    clip_fraction        | 0.00704      |
|    clip_range           | 0.2          |
|    entropy_loss         | -0.0429      |
|    explained_variance   | 0.563        |
|    learning_rate        | 0.000253     |
|    loss                 | -1.78e-05    |
|    n_updates            | 5460         |
|    policy_gradient_loss | -0.000864    |
|    value_loss           | 0.000107     |
------------------------------------------
-------------------------------------------
| rollout/                |               |
|    ep_len_mean          | 4.33e+04      |
|    ep_rew_mean          | 1.95          |
| time/                   |               |
|    fps                  | 10684         |
|    iterations           | 548           |
|    time_elapsed         | 1470          |
|    total_timesteps      | 15712256      |
| train/                  |               |
|    approx_kl            | 0.00068075536 |
|    clip_fraction        | 0.00803       |
|    clip_range           | 0.2           |
|    entropy_loss         | -0.0489       |
|    explained_variance   | 0.523         |
|    learning_rate        | 0.000253      |
|    loss                 | -0.00445      |
|    n_updates            | 5470          |
|    policy_gradient_loss | -0.00106      |
|    value_loss           | 0.000121      |
-------------------------------------------
-----------------------------------------
| rollout/                |             |
|    ep_len_mean          | 4.33e+04    |
|    ep_rew_mean          | 1.95        |
| time/                   |             |
|    fps                  | 10690       |
|    iterations           | 549         |
|    time_elapsed         | 1472        |
|    total_timesteps      | 15740928    |
| train/                  |             |
|    approx_kl            | 0.001011082 |
|    clip_fraction        | 0.00825     |
|    clip_range           | 0.2         |
|    entropy_loss         | -0.043      |
|    explained_variance   | 0.368       |
|    learning_rate        | 0.000253    |
|    loss                 | -0.000762   |
|    n_updates            | 5480        |
|    policy_gradient_loss | -0.00114    |
|    value_loss           | 0.000143    |
-----------------------------------------
------------------------------------------
| rollout/                |              |
|    ep_len_mean          | 4.33e+04     |
|    ep_rew_mean          | 1.91         |
| time/                   |              |
|    fps                  | 10695        |
|    iterations           | 550          |
|    time_elapsed         | 1474         |
|    total_timesteps      | 15769600     |
| train/                  |              |
|    approx_kl            | 0.0008573045 |
|    clip_fraction        | 0.0065       |
|    clip_range           | 0.2          |
|    entropy_loss         | -0.0444      |
|    explained_variance   | 0.431        |
|    learning_rate        | 0.000253     |
|    loss                 | -0.000243    |
|    n_updates            | 5490         |
|    policy_gradient_loss | -0.000678    |
|    value_loss           | 0.000126     |
------------------------------------------
------------------------------------------
| rollout/                |              |
|    ep_len_mean          | 4.33e+04     |
|    ep_rew_mean          | 1.92         |
| time/                   |              |
|    fps                  | 10700        |
|    iterations           | 551          |
|    time_elapsed         | 1476         |
|    total_timesteps      | 15798272     |
| train/                  |              |
|    approx_kl            | 0.0006551164 |
|    clip_fraction        | 0.00571      |
|    clip_range           | 0.2          |
|    entropy_loss         | -0.039       |
|    explained_variance   | 0.417        |
|    learning_rate        | 0.000253     |
|    loss                 | -0.000884    |
|    n_updates            | 5500         |
|    policy_gradient_loss | -0.000838    |
|    value_loss           | 0.000129     |
------------------------------------------
------------------------------------------
| rollout/                |              |
|    ep_len_mean          | 4.33e+04     |
|    ep_rew_mean          | 1.92         |
| time/                   |              |
|    fps                  | 10706        |
|    iterations           | 552          |
|    time_elapsed         | 1478         |
|    total_timesteps      | 15826944     |
| train/                  |              |
|    approx_kl            | 0.0010222045 |
|    clip_fraction        | 0.00786      |
|    clip_range           | 0.2          |
|    entropy_loss         | -0.0503      |
|    explained_variance   | 0.467        |
|    learning_rate        | 0.000253     |
|    loss                 | 0.000583     |
|    n_updates            | 5510         |
|    policy_gradient_loss | -0.00103     |
|    value_loss           | 0.000152     |
------------------------------------------
------------------------------------------
| rollout/                |              |
|    ep_len_mean          | 4.33e+04     |
|    ep_rew_mean          | 1.92         |
| time/                   |              |
|    fps                  | 10711        |
|    iterations           | 553          |
|    time_elapsed         | 1480         |
|    total_timesteps      | 15855616     |
| train/                  |              |
|    approx_kl            | 0.0007228454 |
|    clip_fraction        | 0.00639      |
|    clip_range           | 0.2          |
|    entropy_loss         | -0.045       |
|    explained_variance   | 0.451        |
|    learning_rate        | 0.000253     |
|    loss                 | -0.000343    |
|    n_updates            | 5520         |
|    policy_gradient_loss | -0.000764    |
|    value_loss           | 0.000144     |
------------------------------------------
------------------------------------------
| rollout/                |              |
|    ep_len_mean          | 4.33e+04     |
|    ep_rew_mean          | 1.92         |
| time/                   |              |
|    fps                  | 10716        |
|    iterations           | 554          |
|    time_elapsed         | 1482         |
|    total_timesteps      | 15884288     |
| train/                  |              |
|    approx_kl            | 0.0006279382 |
|    clip_fraction        | 0.00524      |
|    clip_range           | 0.2          |
|    entropy_loss         | -0.0486      |
|    explained_variance   | 0.284        |
|    learning_rate        | 0.000252     |
|    loss                 | -0.00133     |
|    n_updates            | 5530         |
|    policy_gradient_loss | -0.000565    |
|    value_loss           | 0.000195     |
------------------------------------------
------------------------------------------
| rollout/                |              |
|    ep_len_mean          | 4.33e+04     |
|    ep_rew_mean          | 1.92         |
| time/                   |              |
|    fps                  | 10722        |
|    iterations           | 555          |
|    time_elapsed         | 1484         |
|    total_timesteps      | 15912960     |
| train/                  |              |
|    approx_kl            | 0.0009734355 |
|    clip_fraction        | 0.00817      |
|    clip_range           | 0.2          |
|    entropy_loss         | -0.0482      |
|    explained_variance   | 0.413        |
|    learning_rate        | 0.000252     |
|    loss                 | -0.00156     |
|    n_updates            | 5540         |
|    policy_gradient_loss | -0.00086     |
|    value_loss           | 0.000156     |
------------------------------------------
-------------------------------------------
| rollout/                |               |
|    ep_len_mean          | 4.33e+04      |
|    ep_rew_mean          | 1.92          |
| time/                   |               |
|    fps                  | 10727         |
|    iterations           | 556           |
|    time_elapsed         | 1486          |
|    total_timesteps      | 15941632      |
| train/                  |               |
|    approx_kl            | 0.00071136706 |
|    clip_fraction        | 0.00679       |
|    clip_range           | 0.2           |
|    entropy_loss         | -0.0412       |
|    explained_variance   | 0.37          |
|    learning_rate        | 0.000252      |
|    loss                 | -0.00121      |
|    n_updates            | 5550          |
|    policy_gradient_loss | -0.0009       |
|    value_loss           | 0.000129      |
-------------------------------------------
-----------------------------------------
| rollout/                |             |
|    ep_len_mean          | 4.33e+04    |
|    ep_rew_mean          | 1.92        |
| time/                   |             |
|    fps                  | 10722       |
|    iterations           | 557         |
|    time_elapsed         | 1489        |
|    total_timesteps      | 15970304    |
| train/                  |             |
|    approx_kl            | 0.000597463 |
|    clip_fraction        | 0.00515     |
|    clip_range           | 0.2         |
|    entropy_loss         | -0.0394     |
|    explained_variance   | 0.507       |
|    learning_rate        | 0.000252    |
|    loss                 | -0.00214    |
|    n_updates            | 5560        |
|    policy_gradient_loss | -0.000636   |
|    value_loss           | 0.000129    |
-----------------------------------------
------------------------------------------
| rollout/                |              |
|    ep_len_mean          | 4.33e+04     |
|    ep_rew_mean          | 1.92         |
| time/                   |              |
|    fps                  | 10711        |
|    iterations           | 558          |
|    time_elapsed         | 1493         |
|    total_timesteps      | 15998976     |
| train/                  |              |
|    approx_kl            | 0.0006008397 |
|    clip_fraction        | 0.00586      |
|    clip_range           | 0.2          |
|    entropy_loss         | -0.0373      |
|    explained_variance   | 0.433        |
|    learning_rate        | 0.000252     |
|    loss                 | -0.000402    |
|    n_updates            | 5570         |
|    policy_gradient_loss | -0.000704    |
|    value_loss           | 0.000134     |
------------------------------------------
-----------------------------------------------------
| rollout/                           |              |
|    ep_len_mean                     | 4.33e+04     |
|    ep_rew_mean                     | 1.92         |
| time/                              |              |
|    fps                             | 10595        |
|    iterations                      | 559          |
|    time_elapsed                    | 1512         |
|    total_timesteps                 | 16027648     |
| train/                             |              |
|    approx_kl                       | 0.0012718501 |
|    clip_fraction                   | 0.00766      |
|    clip_range                      | 0.2          |
|    entropy_loss                    | -0.0373      |
|    explained_variance              | 0.422        |
|    learning_rate                   | 0.000252     |
|    loss                            | -0.00566     |
|    n_updates                       | 5580         |
|    policy_gradient_loss            | -0.00143     |
|    value_loss                      | 0.000141     |
| valid/                             |              |
|    BTC-USDT-SWAP/compound_mdd_pct  | 78.2         |
|    BTC-USDT-SWAP/compound_multiple | 68.3         |
|    BTC-USDT-SWAP/max_single_loss   | -32          |
|    BTC-USDT-SWAP/max_upnl          | 0.434        |
|    BTC-USDT-SWAP/near_liq_n        | 0            |
|    BTC-USDT-SWAP/near_liq_pct      | 0            |
|    BTC-USDT-SWAP/pnl_std           | 4.75         |
|    BTC-USDT-SWAP/sel_monthly_log   | -0.369       |
|    BTC-USDT-SWAP/total_pnl         | 706          |
|    BTC-USDT-SWAP/trades            | 2511         |
|    BTC-USDT-SWAP/trades_per_month  | 212          |
|    BTC-USDT-SWAP/v9_kpi            | -0.49        |
|    BTC-USDT-SWAP/v9_kpi_z_mdd      | -0.483       |
|    BTC-USDT-SWAP/v9_kpi_z_msl      | -0.167       |
|    BTC-USDT-SWAP/v9_kpi_z_sel      | -0.738       |
|    BTC-USDT-SWAP/win_rate          | 0.555        |
|    ETH-USDT-SWAP/compound_mdd_pct  | 100          |
|    ETH-USDT-SWAP/compound_multiple | 0            |
|    ETH-USDT-SWAP/max_single_loss   | -100         |
|    ETH-USDT-SWAP/max_upnl          | 0.493        |
|    ETH-USDT-SWAP/near_liq_n        | 1            |
|    ETH-USDT-SWAP/near_liq_pct      | 0.000378     |
|    ETH-USDT-SWAP/pnl_std           | 6.97         |
|    ETH-USDT-SWAP/total_pnl         | 2.92e+03     |
|    ETH-USDT-SWAP/trades            | 2643         |
|    ETH-USDT-SWAP/trades_per_month  | 224          |
|    ETH-USDT-SWAP/win_rate          | 0.558        |
-----------------------------------------------------
------------------------------------------
| rollout/                |              |
|    ep_len_mean          | 4.33e+04     |
|    ep_rew_mean          | 1.92         |
| time/                   |              |
|    fps                  | 10600        |
|    iterations           | 560          |
|    time_elapsed         | 1514         |
|    total_timesteps      | 16056320     |
| train/                  |              |
|    approx_kl            | 0.0010755211 |
|    clip_fraction        | 0.00808      |
|    clip_range           | 0.2          |
|    entropy_loss         | -0.0449      |
|    explained_variance   | 0.428        |
|    learning_rate        | 0.000252     |
|    loss                 | -0.00267     |
|    n_updates            | 5590         |
|    policy_gradient_loss | -0.00133     |
|    value_loss           | 0.000141     |
------------------------------------------
------------------------------------------
| rollout/                |              |
|    ep_len_mean          | 4.33e+04     |
|    ep_rew_mean          | 1.92         |
| time/                   |              |
|    fps                  | 10606        |
|    iterations           | 561          |
|    time_elapsed         | 1516         |
|    total_timesteps      | 16084992     |
| train/                  |              |
|    approx_kl            | 0.0007981827 |
|    clip_fraction        | 0.00754      |
|    clip_range           | 0.2          |
|    entropy_loss         | -0.0434      |
|    explained_variance   | 0.428        |
|    learning_rate        | 0.000252     |
|    loss                 | -0.00271     |
|    n_updates            | 5600         |
|    policy_gradient_loss | -0.0013      |
|    value_loss           | 0.000143     |
------------------------------------------
------------------------------------------
| rollout/                |              |
|    ep_len_mean          | 4.33e+04     |
|    ep_rew_mean          | 1.92         |
| time/                   |              |
|    fps                  | 10610        |
|    iterations           | 562          |
|    time_elapsed         | 1518         |
|    total_timesteps      | 16113664     |
| train/                  |              |
|    approx_kl            | 0.0011444353 |
|    clip_fraction        | 0.00718      |
|    clip_range           | 0.2          |
|    entropy_loss         | -0.0404      |
|    explained_variance   | 0.548        |
|    learning_rate        | 0.000252     |
|    loss                 | -0.00462     |
|    n_updates            | 5610         |
|    policy_gradient_loss | -0.00141     |
|    value_loss           | 0.000151     |
------------------------------------------
-------------------------------------------
| rollout/                |               |
|    ep_len_mean          | 4.33e+04      |
|    ep_rew_mean          | 1.92          |
| time/                   |               |
|    fps                  | 10616         |
|    iterations           | 563           |
|    time_elapsed         | 1520          |
|    total_timesteps      | 16142336      |
| train/                  |               |
|    approx_kl            | 0.00063103053 |
|    clip_fraction        | 0.00678       |
|    clip_range           | 0.2           |
|    entropy_loss         | -0.0408       |
|    explained_variance   | 0.607         |
|    learning_rate        | 0.000252      |
|    loss                 | -0.00174      |
|    n_updates            | 5620          |
|    policy_gradient_loss | -0.000813     |
|    value_loss           | 0.000125      |
-------------------------------------------
-------------------------------------------
| rollout/                |               |
|    ep_len_mean          | 4.33e+04      |
|    ep_rew_mean          | 1.92          |
| time/                   |               |
|    fps                  | 10621         |
|    iterations           | 564           |
|    time_elapsed         | 1522          |
|    total_timesteps      | 16171008      |
| train/                  |               |
|    approx_kl            | 0.00052063377 |
|    clip_fraction        | 0.00382       |
|    clip_range           | 0.2           |
|    entropy_loss         | -0.0296       |
|    explained_variance   | 0.598         |
|    learning_rate        | 0.000252      |
|    loss                 | -0.00118      |
|    n_updates            | 5630          |
|    policy_gradient_loss | -0.000569     |
|    value_loss           | 0.000122      |
-------------------------------------------
------------------------------------------
| rollout/                |              |
|    ep_len_mean          | 4.33e+04     |
|    ep_rew_mean          | 1.92         |
| time/                   |              |
|    fps                  | 10626        |
|    iterations           | 565          |
|    time_elapsed         | 1524         |
|    total_timesteps      | 16199680     |
| train/                  |              |
|    approx_kl            | 0.0010890983 |
|    clip_fraction        | 0.00734      |
|    clip_range           | 0.2          |
|    entropy_loss         | -0.035       |
|    explained_variance   | 0.488        |
|    learning_rate        | 0.000251     |
|    loss                 | 0.000463     |
|    n_updates            | 5640         |
|    policy_gradient_loss | -0.00161     |
|    value_loss           | 0.000143     |
------------------------------------------
------------------------------------------
| rollout/                |              |
|    ep_len_mean          | 4.33e+04     |
|    ep_rew_mean          | 1.92         |
| time/                   |              |
|    fps                  | 10632        |
|    iterations           | 566          |
|    time_elapsed         | 1526         |
|    total_timesteps      | 16228352     |
| train/                  |              |
|    approx_kl            | 0.0006681267 |
|    clip_fraction        | 0.00638      |
|    clip_range           | 0.2          |
|    entropy_loss         | -0.0365      |
|    explained_variance   | 0.388        |
|    learning_rate        | 0.000251     |
|    loss                 | -0.00272     |
|    n_updates            | 5650         |
|    policy_gradient_loss | -0.000655    |
|    value_loss           | 0.000143     |
------------------------------------------
-------------------------------------------
| rollout/                |               |
|    ep_len_mean          | 4.33e+04      |
|    ep_rew_mean          | 1.92          |
| time/                   |               |
|    fps                  | 10637         |
|    iterations           | 567           |
|    time_elapsed         | 1528          |
|    total_timesteps      | 16257024      |
| train/                  |               |
|    approx_kl            | 0.00057601527 |
|    clip_fraction        | 0.00487       |
|    clip_range           | 0.2           |
|    entropy_loss         | -0.033        |
|    explained_variance   | 0.52          |
|    learning_rate        | 0.000251      |
|    loss                 | -0.00211      |
|    n_updates            | 5660          |
|    policy_gradient_loss | -0.000696     |
|    value_loss           | 0.000128      |
-------------------------------------------
------------------------------------------
| rollout/                |              |
|    ep_len_mean          | 4.33e+04     |
|    ep_rew_mean          | 1.92         |
| time/                   |              |
|    fps                  | 10642        |
|    iterations           | 568          |
|    time_elapsed         | 1530         |
|    total_timesteps      | 16285696     |
| train/                  |              |
|    approx_kl            | 0.0006411214 |
|    clip_fraction        | 0.0039       |
|    clip_range           | 0.2          |
|    entropy_loss         | -0.0331      |
|    explained_variance   | 0.511        |
|    learning_rate        | 0.000251     |
|    loss                 | 0.00226      |
|    n_updates            | 5670         |
|    policy_gradient_loss | -0.000436    |
|    value_loss           | 0.000138     |
------------------------------------------
------------------------------------------
| rollout/                |              |
|    ep_len_mean          | 4.33e+04     |
|    ep_rew_mean          | 1.92         |
| time/                   |              |
|    fps                  | 10647        |
|    iterations           | 569          |
|    time_elapsed         | 1532         |
|    total_timesteps      | 16314368     |
| train/                  |              |
|    approx_kl            | 0.0006153782 |
|    clip_fraction        | 0.00481      |
|    clip_range           | 0.2          |
|    entropy_loss         | -0.0259      |
|    explained_variance   | 0.541        |
|    learning_rate        | 0.000251     |
|    loss                 | 0.00126      |
|    n_updates            | 5680         |
|    policy_gradient_loss | -0.000794    |
|    value_loss           | 9.35e-05     |
------------------------------------------
-------------------------------------------
| rollout/                |               |
|    ep_len_mean          | 4.33e+04      |
|    ep_rew_mean          | 1.97          |
| time/                   |               |
|    fps                  | 10652         |
|    iterations           | 570           |
|    time_elapsed         | 1534          |
|    total_timesteps      | 16343040      |
| train/                  |               |
|    approx_kl            | 0.00040644399 |
|    clip_fraction        | 0.00366       |
|    clip_range           | 0.2           |
|    entropy_loss         | -0.0225       |
|    explained_variance   | 0.612         |
|    learning_rate        | 0.000251      |
|    loss                 | 0.00135       |
|    n_updates            | 5690          |
|    policy_gradient_loss | -0.000596     |
|    value_loss           | 9.33e-05      |
-------------------------------------------
-------------------------------------------
| rollout/                |               |
|    ep_len_mean          | 4.33e+04      |
|    ep_rew_mean          | 2.09          |
| time/                   |               |
|    fps                  | 10657         |
|    iterations           | 571           |
|    time_elapsed         | 1536          |
|    total_timesteps      | 16371712      |
| train/                  |               |
|    approx_kl            | 0.00059513806 |
|    clip_fraction        | 0.00492       |
|    clip_range           | 0.2           |
|    entropy_loss         | -0.0351       |
|    explained_variance   | 0.536         |
|    learning_rate        | 0.000251      |
|    loss                 | -0.00119      |
|    n_updates            | 5700          |
|    policy_gradient_loss | -0.000577     |
|    value_loss           | 0.000113      |
-------------------------------------------
-------------------------------------------
| rollout/                |               |
|    ep_len_mean          | 4.33e+04      |
|    ep_rew_mean          | 2.1           |
| time/                   |               |
|    fps                  | 10662         |
|    iterations           | 572           |
|    time_elapsed         | 1538          |
|    total_timesteps      | 16400384      |
| train/                  |               |
|    approx_kl            | 0.00041843372 |
|    clip_fraction        | 0.00346       |
|    clip_range           | 0.2           |
|    entropy_loss         | -0.0203       |
|    explained_variance   | 0.654         |
|    learning_rate        | 0.000251      |
|    loss                 | -0.00162      |
|    n_updates            | 5710          |
|    policy_gradient_loss | -0.000511     |
|    value_loss           | 9.53e-05      |
-------------------------------------------
------------------------------------------
| rollout/                |              |
|    ep_len_mean          | 4.33e+04     |
|    ep_rew_mean          | 2.1          |
| time/                   |              |
|    fps                  | 10667        |
|    iterations           | 573          |
|    time_elapsed         | 1540         |
|    total_timesteps      | 16429056     |
| train/                  |              |
|    approx_kl            | 0.0012293818 |
|    clip_fraction        | 0.00511      |
|    clip_range           | 0.2          |
|    entropy_loss         | -0.027       |
|    explained_variance   | 0.514        |
|    learning_rate        | 0.000251     |
|    loss                 | -0.000313    |
|    n_updates            | 5720         |
|    policy_gradient_loss | -0.000819    |
|    value_loss           | 0.0001       |
------------------------------------------
------------------------------------------
| rollout/                |              |
|    ep_len_mean          | 4.33e+04     |
|    ep_rew_mean          | 2.1          |
| time/                   |              |
|    fps                  | 10672        |
|    iterations           | 574          |
|    time_elapsed         | 1542         |
|    total_timesteps      | 16457728     |
| train/                  |              |
|    approx_kl            | 0.0017108972 |
|    clip_fraction        | 0.00678      |
|    clip_range           | 0.2          |
|    entropy_loss         | -0.0364      |
|    explained_variance   | 0.448        |
|    learning_rate        | 0.000251     |
|    loss                 | -0.00304     |
|    n_updates            | 5730         |
|    policy_gradient_loss | -0.000821    |
|    value_loss           | 0.000124     |
------------------------------------------
-------------------------------------------
| rollout/                |               |
|    ep_len_mean          | 4.33e+04      |
|    ep_rew_mean          | 2.1           |
| time/                   |               |
|    fps                  | 10678         |
|    iterations           | 575           |
|    time_elapsed         | 1543          |
|    total_timesteps      | 16486400      |
| train/                  |               |
|    approx_kl            | 0.00070615485 |
|    clip_fraction        | 0.00465       |
|    clip_range           | 0.2           |
|    entropy_loss         | -0.031        |
|    explained_variance   | 0.432         |
|    learning_rate        | 0.000251      |
|    loss                 | -0.00246      |
|    n_updates            | 5740          |
|    policy_gradient_loss | -0.000446     |
|    value_loss           | 0.000136      |
-------------------------------------------
------------------------------------------------------
| rollout/                           |               |
|    ep_len_mean                     | 4.33e+04      |
|    ep_rew_mean                     | 2.1           |
| time/                              |               |
|    fps                             | 10589         |
|    iterations                      | 576           |
|    time_elapsed                    | 1559          |
|    total_timesteps                 | 16515072      |
| train/                             |               |
|    approx_kl                       | 0.00072277756 |
|    clip_fraction                   | 0.0064        |
|    clip_range                      | 0.2           |
|    entropy_loss                    | -0.0364       |
|    explained_variance              | 0.541         |
|    learning_rate                   | 0.000251      |
|    loss                            | -0.00226      |
|    n_updates                       | 5750          |
|    policy_gradient_loss            | -0.00107      |
|    value_loss                      | 0.000121      |
| valid/                             |               |
|    BTC-USDT-SWAP/compound_mdd_pct  | 71.9          |
|    BTC-USDT-SWAP/compound_multiple | 340           |
|    BTC-USDT-SWAP/max_single_loss   | -36.9         |
|    BTC-USDT-SWAP/max_upnl          | 0.456         |
|    BTC-USDT-SWAP/near_liq_n        | 0             |
|    BTC-USDT-SWAP/near_liq_pct      | 0             |
|    BTC-USDT-SWAP/pnl_std           | 5.25          |
|    BTC-USDT-SWAP/sel_monthly_log   | -0.106        |
|    BTC-USDT-SWAP/total_pnl         | 864           |
|    BTC-USDT-SWAP/trades            | 2012          |
|    BTC-USDT-SWAP/trades_per_month  | 170           |
|    BTC-USDT-SWAP/v9_kpi            | -0.291        |
|    BTC-USDT-SWAP/v9_kpi_z_mdd      | -0.112        |
|    BTC-USDT-SWAP/v9_kpi_z_msl      | -0.577        |
|    BTC-USDT-SWAP/v9_kpi_z_sel      | -0.211        |
|    BTC-USDT-SWAP/win_rate          | 0.617         |
|    ETH-USDT-SWAP/compound_mdd_pct  | 88            |
|    ETH-USDT-SWAP/compound_multiple | 5.77e+10      |
|    ETH-USDT-SWAP/max_single_loss   | -59           |
|    ETH-USDT-SWAP/max_upnl          | 0.522         |
|    ETH-USDT-SWAP/near_liq_n        | 0             |
|    ETH-USDT-SWAP/near_liq_pct      | 0             |
|    ETH-USDT-SWAP/pnl_std           | 7.57          |
|    ETH-USDT-SWAP/total_pnl         | 3.14e+03      |
|    ETH-USDT-SWAP/trades            | 2208          |
|    ETH-USDT-SWAP/trades_per_month  | 187           |
|    ETH-USDT-SWAP/win_rate          | 0.598         |
------------------------------------------------------
-------------------------------------------
| rollout/                |               |
|    ep_len_mean          | 4.33e+04      |
|    ep_rew_mean          | 2.1           |
| time/                   |               |
|    fps                  | 10594         |
|    iterations           | 577           |
|    time_elapsed         | 1561          |
|    total_timesteps      | 16543744      |
| train/                  |               |
|    approx_kl            | 0.00060768117 |
|    clip_fraction        | 0.00454       |
|    clip_range           | 0.2           |
|    entropy_loss         | -0.0326       |
|    explained_variance   | 0.608         |
|    learning_rate        | 0.00025       |
|    loss                 | -0.000657     |
|    n_updates            | 5760          |
|    policy_gradient_loss | -0.000496     |
|    value_loss           | 9.98e-05      |
-------------------------------------------
-------------------------------------------
| rollout/                |               |
|    ep_len_mean          | 4.33e+04      |
|    ep_rew_mean          | 2.1           |
| time/                   |               |
|    fps                  | 10599         |
|    iterations           | 578           |
|    time_elapsed         | 1563          |
|    total_timesteps      | 16572416      |
| train/                  |               |
|    approx_kl            | 0.00066796184 |
|    clip_fraction        | 0.00545       |
|    clip_range           | 0.2           |
|    entropy_loss         | -0.0362       |
|    explained_variance   | 0.651         |
|    learning_rate        | 0.00025       |
|    loss                 | -0.00343      |
|    n_updates            | 5770          |
|    policy_gradient_loss | -0.000987     |
|    value_loss           | 0.000153      |
-------------------------------------------
------------------------------------------
| rollout/                |              |
|    ep_len_mean          | 4.33e+04     |
|    ep_rew_mean          | 2.1          |
| time/                   |              |
|    fps                  | 10604        |
|    iterations           | 579          |
|    time_elapsed         | 1565         |
|    total_timesteps      | 16601088     |
| train/                  |              |
|    approx_kl            | 0.0005620504 |
|    clip_fraction        | 0.00504      |
|    clip_range           | 0.2          |
|    entropy_loss         | -0.0349      |
|    explained_variance   | 0.618        |
|    learning_rate        | 0.00025      |
|    loss                 | -0.000973    |
|    n_updates            | 5780         |
|    policy_gradient_loss | -0.000769    |
|    value_loss           | 0.000118     |
------------------------------------------
-------------------------------------------
| rollout/                |               |
|    ep_len_mean          | 4.33e+04      |
|    ep_rew_mean          | 2.1           |
| time/                   |               |
|    fps                  | 10609         |
|    iterations           | 580           |
|    time_elapsed         | 1567          |
|    total_timesteps      | 16629760      |
| train/                  |               |
|    approx_kl            | 0.00061168213 |
|    clip_fraction        | 0.00543       |
|    clip_range           | 0.2           |
|    entropy_loss         | -0.0334       |
|    explained_variance   | 0.62          |
|    learning_rate        | 0.00025       |
|    loss                 | -0.0022       |
|    n_updates            | 5790          |
|    policy_gradient_loss | -0.000705     |
|    value_loss           | 0.000124      |
-------------------------------------------
-------------------------------------------
| rollout/                |               |
|    ep_len_mean          | 4.33e+04      |
|    ep_rew_mean          | 2.1           |
| time/                   |               |
|    fps                  | 10615         |
|    iterations           | 581           |
|    time_elapsed         | 1569          |
|    total_timesteps      | 16658432      |
| train/                  |               |
|    approx_kl            | 0.00065645674 |
|    clip_fraction        | 0.00556       |
|    clip_range           | 0.2           |
|    entropy_loss         | -0.0306       |
|    explained_variance   | 0.576         |
|    learning_rate        | 0.00025       |
|    loss                 | -0.000665     |
|    n_updates            | 5800          |
|    policy_gradient_loss | -0.000817     |
|    value_loss           | 0.00012       |
-------------------------------------------
------------------------------------------
| rollout/                |              |
|    ep_len_mean          | 4.33e+04     |
|    ep_rew_mean          | 2.1          |
| time/                   |              |
|    fps                  | 10620        |
|    iterations           | 582          |
|    time_elapsed         | 1571         |
|    total_timesteps      | 16687104     |
| train/                  |              |
|    approx_kl            | 0.0006871953 |
|    clip_fraction        | 0.00523      |
|    clip_range           | 0.2          |
|    entropy_loss         | -0.0291      |
|    explained_variance   | 0.649        |
|    learning_rate        | 0.00025      |
|    loss                 | -0.00392     |
|    n_updates            | 5810         |
|    policy_gradient_loss | -0.000729    |
|    value_loss           | 0.000116     |
------------------------------------------
------------------------------------------
| rollout/                |              |
|    ep_len_mean          | 4.33e+04     |
|    ep_rew_mean          | 2.1          |
| time/                   |              |
|    fps                  | 10625        |
|    iterations           | 583          |
|    time_elapsed         | 1573         |
|    total_timesteps      | 16715776     |
| train/                  |              |
|    approx_kl            | 0.0007288099 |
|    clip_fraction        | 0.00609      |
|    clip_range           | 0.2          |
|    entropy_loss         | -0.0313      |
|    explained_variance   | 0.695        |
|    learning_rate        | 0.00025      |
|    loss                 | -0.000416    |
|    n_updates            | 5820         |
|    policy_gradient_loss | -0.000739    |
|    value_loss           | 8.54e-05     |
------------------------------------------
------------------------------------------
| rollout/                |              |
|    ep_len_mean          | 4.33e+04     |
|    ep_rew_mean          | 2.1          |
| time/                   |              |
|    fps                  | 10630        |
|    iterations           | 584          |
|    time_elapsed         | 1575         |
|    total_timesteps      | 16744448     |
| train/                  |              |
|    approx_kl            | 0.0009323763 |
|    clip_fraction        | 0.00804      |
|    clip_range           | 0.2          |
|    entropy_loss         | -0.0421      |
|    explained_variance   | 0.529        |
|    learning_rate        | 0.00025      |
|    loss                 | -0.00279     |
|    n_updates            | 5830         |
|    policy_gradient_loss | -0.00095     |
|    value_loss           | 0.00016      |
------------------------------------------
-------------------------------------------
| rollout/                |               |
|    ep_len_mean          | 4.33e+04      |
|    ep_rew_mean          | 2.1           |
| time/                   |               |
|    fps                  | 10635         |
|    iterations           | 585           |
|    time_elapsed         | 1577          |
|    total_timesteps      | 16773120      |
| train/                  |               |
|    approx_kl            | 0.00051873265 |
|    clip_fraction        | 0.00447       |
|    clip_range           | 0.2           |
|    entropy_loss         | -0.0329       |
|    explained_variance   | 0.531         |
|    learning_rate        | 0.00025       |
|    loss                 | -0.000641     |
|    n_updates            | 5840          |
|    policy_gradient_loss | -0.000323     |
|    value_loss           | 0.000129      |
-------------------------------------------
-------------------------------------------
| rollout/                |               |
|    ep_len_mean          | 4.33e+04      |
|    ep_rew_mean          | 2.1           |
| time/                   |               |
|    fps                  | 10640         |
|    iterations           | 586           |
|    time_elapsed         | 1579          |
|    total_timesteps      | 16801792      |
| train/                  |               |
|    approx_kl            | 0.00047979475 |
|    clip_fraction        | 0.0054        |
|    clip_range           | 0.2           |
|    entropy_loss         | -0.032        |
|    explained_variance   | 0.573         |
|    learning_rate        | 0.00025       |
|    loss                 | 0.000468      |
|    n_updates            | 5850          |
|    policy_gradient_loss | -0.00073      |
|    value_loss           | 9.62e-05      |
-------------------------------------------
------------------------------------------
| rollout/                |              |
|    ep_len_mean          | 4.33e+04     |
|    ep_rew_mean          | 2.1          |
| time/                   |              |
|    fps                  | 10644        |
|    iterations           | 587          |
|    time_elapsed         | 1581         |
|    total_timesteps      | 16830464     |
| train/                  |              |
|    approx_kl            | 0.0006554917 |
|    clip_fraction        | 0.00481      |
|    clip_range           | 0.2          |
|    entropy_loss         | -0.027       |
|    explained_variance   | 0.647        |
|    learning_rate        | 0.00025      |
|    loss                 | -0.00303     |
|    n_updates            | 5860         |
|    policy_gradient_loss | -0.000705    |
|    value_loss           | 7.96e-05     |
------------------------------------------
-------------------------------------------
| rollout/                |               |
|    ep_len_mean          | 4.33e+04      |
|    ep_rew_mean          | 2.1           |
| time/                   |               |
|    fps                  | 10649         |
|    iterations           | 588           |
|    time_elapsed         | 1583          |
|    total_timesteps      | 16859136      |
| train/                  |               |
|    approx_kl            | 0.00086473784 |
|    clip_fraction        | 0.00613       |
|    clip_range           | 0.2           |
|    entropy_loss         | -0.0249       |
|    explained_variance   | 0.659         |
|    learning_rate        | 0.00025       |
|    loss                 | -0.00246      |
|    n_updates            | 5870          |
|    policy_gradient_loss | -0.000743     |
|    value_loss           | 8.09e-05      |
-------------------------------------------
-----------------------------------------
| rollout/                |             |
|    ep_len_mean          | 4.33e+04    |
|    ep_rew_mean          | 2.1         |
| time/                   |             |
|    fps                  | 10653       |
|    iterations           | 589         |
|    time_elapsed         | 1585        |
|    total_timesteps      | 16887808    |
| train/                  |             |
|    approx_kl            | 0.001173624 |
|    clip_fraction        | 0.007       |
|    clip_range           | 0.2         |
|    entropy_loss         | -0.0384     |
|    explained_variance   | 0.52        |
|    learning_rate        | 0.000249    |
|    loss                 | -0.000509   |
|    n_updates            | 5880        |
|    policy_gradient_loss | -0.000833   |
|    value_loss           | 0.000152    |
-----------------------------------------
------------------------------------------
| rollout/                |              |
|    ep_len_mean          | 4.33e+04     |
|    ep_rew_mean          | 2.1          |
| time/                   |              |
|    fps                  | 10658        |
|    iterations           | 590          |
|    time_elapsed         | 1587         |
|    total_timesteps      | 16916480     |
| train/                  |              |
|    approx_kl            | 0.0006499047 |
|    clip_fraction        | 0.00523      |
|    clip_range           | 0.2          |
|    entropy_loss         | -0.0322      |
|    explained_variance   | 0.569        |
|    learning_rate        | 0.000249     |
|    loss                 | -0.000477    |
|    n_updates            | 5890         |
|    policy_gradient_loss | -0.000781    |
|    value_loss           | 0.000135     |
------------------------------------------
------------------------------------------
| rollout/                |              |
|    ep_len_mean          | 4.33e+04     |
|    ep_rew_mean          | 2.1          |
| time/                   |              |
|    fps                  | 10662        |
|    iterations           | 591          |
|    time_elapsed         | 1589         |
|    total_timesteps      | 16945152     |
| train/                  |              |
|    approx_kl            | 0.0004894154 |
|    clip_fraction        | 0.00457      |
|    clip_range           | 0.2          |
|    entropy_loss         | -0.0306      |
|    explained_variance   | 0.569        |
|    learning_rate        | 0.000249     |
|    loss                 | 0.00161      |
|    n_updates            | 5900         |
|    policy_gradient_loss | -0.000822    |
|    value_loss           | 0.000107     |
------------------------------------------
------------------------------------------
| rollout/                |              |
|    ep_len_mean          | 4.33e+04     |
|    ep_rew_mean          | 2.13         |
| time/                   |              |
|    fps                  | 10667        |
|    iterations           | 592          |
|    time_elapsed         | 1591         |
|    total_timesteps      | 16973824     |
| train/                  |              |
|    approx_kl            | 0.0010493713 |
|    clip_fraction        | 0.00567      |
|    clip_range           | 0.2          |
|    entropy_loss         | -0.0351      |
|    explained_variance   | 0.558        |
|    learning_rate        | 0.000249     |
|    loss                 | -0.000854    |
|    n_updates            | 5910         |
|    policy_gradient_loss | -0.00117     |
|    value_loss           | 0.000216     |
------------------------------------------
-----------------------------------------------------
| rollout/                           |              |
|    ep_len_mean                     | 4.33e+04     |
|    ep_rew_mean                     | 2.14         |
| time/                              |              |
|    fps                             | 10579        |
|    iterations                      | 593          |
|    time_elapsed                    | 1607         |
|    total_timesteps                 | 17002496     |
| train/                             |              |
|    approx_kl                       | 0.0008190916 |
|    clip_fraction                   | 0.00633      |
|    clip_range                      | 0.2          |
|    entropy_loss                    | -0.0365      |
|    explained_variance              | 0.598        |
|    learning_rate                   | 0.000249     |
|    loss                            | -0.00319     |
|    n_updates                       | 5920         |
|    policy_gradient_loss            | -0.00111     |
|    value_loss                      | 0.000151     |
| valid/                             |              |
|    BTC-USDT-SWAP/compound_mdd_pct  | 82.7         |
|    BTC-USDT-SWAP/compound_multiple | 302          |
|    BTC-USDT-SWAP/max_single_loss   | -43.1        |
|    BTC-USDT-SWAP/max_upnl          | 0.434        |
|    BTC-USDT-SWAP/near_liq_n        | 0            |
|    BTC-USDT-SWAP/near_liq_pct      | 0            |
|    BTC-USDT-SWAP/pnl_std           | 5.08         |
|    BTC-USDT-SWAP/sel_monthly_log   | -0.238       |
|    BTC-USDT-SWAP/total_pnl         | 856          |
|    BTC-USDT-SWAP/trades            | 2182         |
|    BTC-USDT-SWAP/trades_per_month  | 185          |
|    BTC-USDT-SWAP/v9_kpi            | -0.741       |
|    BTC-USDT-SWAP/v9_kpi_z_mdd      | -0.747       |
|    BTC-USDT-SWAP/v9_kpi_z_msl      | -1.09        |
|    BTC-USDT-SWAP/v9_kpi_z_sel      | -0.476       |
|    BTC-USDT-SWAP/win_rate          | 0.563        |
|    ETH-USDT-SWAP/compound_mdd_pct  | 93.2         |
|    ETH-USDT-SWAP/compound_multiple | 3.83e+11     |
|    ETH-USDT-SWAP/max_single_loss   | -65          |
|    ETH-USDT-SWAP/max_upnl          | 0.575        |
|    ETH-USDT-SWAP/near_liq_n        | 0            |
|    ETH-USDT-SWAP/near_liq_pct      | 0            |
|    ETH-USDT-SWAP/pnl_std           | 7.29         |
|    ETH-USDT-SWAP/total_pnl         | 3.31e+03     |
|    ETH-USDT-SWAP/trades            | 2243         |
|    ETH-USDT-SWAP/trades_per_month  | 190          |
|    ETH-USDT-SWAP/win_rate          | 0.596        |
-----------------------------------------------------
-------------------------------------------
| rollout/                |               |
|    ep_len_mean          | 4.33e+04      |
|    ep_rew_mean          | 2.14          |
| time/                   |               |
|    fps                  | 10584         |
|    iterations           | 594           |
|    time_elapsed         | 1609          |
|    total_timesteps      | 17031168      |
| train/                  |               |
|    approx_kl            | 0.00075255707 |
|    clip_fraction        | 0.00572       |
|    clip_range           | 0.2           |
|    entropy_loss         | -0.0319       |
|    explained_variance   | 0.506         |
|    learning_rate        | 0.000249      |
|    loss                 | -0.00455      |
|    n_updates            | 5930          |
|    policy_gradient_loss | -0.000846     |
|    value_loss           | 0.000106      |
-------------------------------------------
-------------------------------------------
| rollout/                |               |
|    ep_len_mean          | 4.33e+04      |
|    ep_rew_mean          | 2.14          |
| time/                   |               |
|    fps                  | 10588         |
|    iterations           | 595           |
|    time_elapsed         | 1611          |
|    total_timesteps      | 17059840      |
| train/                  |               |
|    approx_kl            | 0.00048466166 |
|    clip_fraction        | 0.00444       |
|    clip_range           | 0.2           |
|    entropy_loss         | -0.036        |
|    explained_variance   | 0.604         |
|    learning_rate        | 0.000249      |
|    loss                 | -0.00157      |
|    n_updates            | 5940          |
|    policy_gradient_loss | -0.000526     |
|    value_loss           | 0.000135      |
-------------------------------------------
-------------------------------------------
| rollout/                |               |
|    ep_len_mean          | 4.33e+04      |
|    ep_rew_mean          | 2.14          |
| time/                   |               |
|    fps                  | 10593         |
|    iterations           | 596           |
|    time_elapsed         | 1613          |
|    total_timesteps      | 17088512      |
| train/                  |               |
|    approx_kl            | 0.00067613606 |
|    clip_fraction        | 0.00572       |
|    clip_range           | 0.2           |
|    entropy_loss         | -0.0344       |
|    explained_variance   | 0.611         |
|    learning_rate        | 0.000249      |
|    loss                 | -0.00279      |
|    n_updates            | 5950          |
|    policy_gradient_loss | -0.000927     |
|    value_loss           | 0.000108      |
-------------------------------------------
------------------------------------------
| rollout/                |              |
|    ep_len_mean          | 4.33e+04     |
|    ep_rew_mean          | 2.14         |
| time/                   |              |
|    fps                  | 10597        |
|    iterations           | 597          |
|    time_elapsed         | 1615         |
|    total_timesteps      | 17117184     |
| train/                  |              |
|    approx_kl            | 0.0009783106 |
|    clip_fraction        | 0.00732      |
|    clip_range           | 0.2          |
|    entropy_loss         | -0.0404      |
|    explained_variance   | 0.686        |
|    learning_rate        | 0.000249     |
|    loss                 | 0.002        |
|    n_updates            | 5960         |
|    policy_gradient_loss | -0.0012      |
|    value_loss           | 0.000172     |
------------------------------------------
-----------------------------------------
| rollout/                |             |
|    ep_len_mean          | 4.33e+04    |
|    ep_rew_mean          | 2.14        |
| time/                   |             |
|    fps                  | 10602       |
|    iterations           | 598         |
|    time_elapsed         | 1617        |
|    total_timesteps      | 17145856    |
| train/                  |             |
|    approx_kl            | 0.001238563 |
|    clip_fraction        | 0.00531     |
|    clip_range           | 0.2         |
|    entropy_loss         | -0.0362     |
|    explained_variance   | 0.507       |
|    learning_rate        | 0.000249    |
|    loss                 | -0.00307    |
|    n_updates            | 5970        |
|    policy_gradient_loss | -0.000752   |
|    value_loss           | 0.000205    |
-----------------------------------------
------------------------------------------
| rollout/                |              |
|    ep_len_mean          | 4.33e+04     |
|    ep_rew_mean          | 2.14         |
| time/                   |              |
|    fps                  | 10606        |
|    iterations           | 599          |
|    time_elapsed         | 1619         |
|    total_timesteps      | 17174528     |
| train/                  |              |
|    approx_kl            | 0.0011552713 |
|    clip_fraction        | 0.00825      |
|    clip_range           | 0.2          |
|    entropy_loss         | -0.04        |
|    explained_variance   | 0.449        |
|    learning_rate        | 0.000249     |
|    loss                 | -0.00447     |
|    n_updates            | 5980         |
|    policy_gradient_loss | -0.00147     |
|    value_loss           | 0.000254     |
------------------------------------------
-------------------------------------------
| rollout/                |               |
|    ep_len_mean          | 4.33e+04      |
|    ep_rew_mean          | 2.14          |
| time/                   |               |
|    fps                  | 10610         |
|    iterations           | 600           |
|    time_elapsed         | 1621          |
|    total_timesteps      | 17203200      |
| train/                  |               |
|    approx_kl            | 0.00049123034 |
|    clip_fraction        | 0.00571       |
|    clip_range           | 0.2           |
|    entropy_loss         | -0.0389       |
|    explained_variance   | 0.542         |
|    learning_rate        | 0.000248      |
|    loss                 | -0.00149      |
|    n_updates            | 5990          |
|    policy_gradient_loss | -0.000543     |
|    value_loss           | 0.000175      |
-------------------------------------------
------------------------------------------
| rollout/                |              |
|    ep_len_mean          | 4.33e+04     |
|    ep_rew_mean          | 2.14         |
| time/                   |              |
|    fps                  | 10614        |
|    iterations           | 601          |
|    time_elapsed         | 1623         |
|    total_timesteps      | 17231872     |
| train/                  |              |
|    approx_kl            | 0.0011375741 |
|    clip_fraction        | 0.00796      |
|    clip_range           | 0.2          |
|    entropy_loss         | -0.0422      |
|    explained_variance   | 0.565        |
|    learning_rate        | 0.000248     |
|    loss                 | -0.000106    |
|    n_updates            | 6000         |
|    policy_gradient_loss | -0.00108     |
|    value_loss           | 0.000178     |
------------------------------------------
------------------------------------------
| rollout/                |              |
|    ep_len_mean          | 4.33e+04     |
|    ep_rew_mean          | 2.14         |
| time/                   |              |
|    fps                  | 10619        |
|    iterations           | 602          |
|    time_elapsed         | 1625         |
|    total_timesteps      | 17260544     |
| train/                  |              |
|    approx_kl            | 0.0009249775 |
|    clip_fraction        | 0.00665      |
|    clip_range           | 0.2          |
|    entropy_loss         | -0.0381      |
|    explained_variance   | 0.586        |
|    learning_rate        | 0.000248     |
|    loss                 | -0.00185     |
|    n_updates            | 6010         |
|    policy_gradient_loss | -0.000847    |
|    value_loss           | 0.000137     |
------------------------------------------
-----------------------------------------
| rollout/                |             |
|    ep_len_mean          | 4.33e+04    |
|    ep_rew_mean          | 2.14        |
| time/                   |             |
|    fps                  | 10623       |
|    iterations           | 603         |
|    time_elapsed         | 1627        |
|    total_timesteps      | 17289216    |
| train/                  |             |
|    approx_kl            | 0.000499549 |
|    clip_fraction        | 0.00546     |
|    clip_range           | 0.2         |
|    entropy_loss         | -0.0335     |
|    explained_variance   | 0.628       |
|    learning_rate        | 0.000248    |
|    loss                 | 0.000696    |
|    n_updates            | 6020        |
|    policy_gradient_loss | -0.000969   |
|    value_loss           | 0.000112    |
-----------------------------------------
------------------------------------------
| rollout/                |              |
|    ep_len_mean          | 4.33e+04     |
|    ep_rew_mean          | 2.14         |
| time/                   |              |
|    fps                  | 10628        |
|    iterations           | 604          |
|    time_elapsed         | 1629         |
|    total_timesteps      | 17317888     |
| train/                  |              |
|    approx_kl            | 0.0010647603 |
|    clip_fraction        | 0.00713      |
|    clip_range           | 0.2          |
|    entropy_loss         | -0.0375      |
|    explained_variance   | 0.512        |
|    learning_rate        | 0.000248     |
|    loss                 | -0.00613     |
|    n_updates            | 6030         |
|    policy_gradient_loss | -0.00107     |
|    value_loss           | 0.000124     |
------------------------------------------
------------------------------------------
| rollout/                |              |
|    ep_len_mean          | 4.33e+04     |
|    ep_rew_mean          | 2.14         |
| time/                   |              |
|    fps                  | 10632        |
|    iterations           | 605          |
|    time_elapsed         | 1631         |
|    total_timesteps      | 17346560     |
| train/                  |              |
|    approx_kl            | 0.0010841304 |
|    clip_fraction        | 0.00761      |
|    clip_range           | 0.2          |
|    entropy_loss         | -0.0369      |
|    explained_variance   | 0.433        |
|    learning_rate        | 0.000248     |
|    loss                 | -0.00538     |
|    n_updates            | 6040         |
|    policy_gradient_loss | -0.00157     |
|    value_loss           | 0.000293     |
------------------------------------------
-------------------------------------------
| rollout/                |               |
|    ep_len_mean          | 4.33e+04      |
|    ep_rew_mean          | 2.14          |
| time/                   |               |
|    fps                  | 10636         |
|    iterations           | 606           |
|    time_elapsed         | 1633          |
|    total_timesteps      | 17375232      |
| train/                  |               |
|    approx_kl            | 0.00062321086 |
|    clip_fraction        | 0.00594       |
|    clip_range           | 0.2           |
|    entropy_loss         | -0.0341       |
|    explained_variance   | 0.582         |
|    learning_rate        | 0.000248      |
|    loss                 | 0.000718      |
|    n_updates            | 6050          |
|    policy_gradient_loss | -0.000764     |
|    value_loss           | 0.000144      |
-------------------------------------------
-----------------------------------------
| rollout/                |             |
|    ep_len_mean          | 4.33e+04    |
|    ep_rew_mean          | 2.14        |
| time/                   |             |
|    fps                  | 10640       |
|    iterations           | 607         |
|    time_elapsed         | 1635        |
|    total_timesteps      | 17403904    |
| train/                  |             |
|    approx_kl            | 0.000491124 |
|    clip_fraction        | 0.00511     |
|    clip_range           | 0.2         |
|    entropy_loss         | -0.0319     |
|    explained_variance   | 0.405       |
|    learning_rate        | 0.000248    |
|    loss                 | 0.00162     |
|    n_updates            | 6060        |
|    policy_gradient_loss | -0.00106    |
|    value_loss           | 0.000189    |
-----------------------------------------
------------------------------------------
| rollout/                |              |
|    ep_len_mean          | 4.33e+04     |
|    ep_rew_mean          | 2.14         |
| time/                   |              |
|    fps                  | 10644        |
|    iterations           | 608          |
|    time_elapsed         | 1637         |
|    total_timesteps      | 17432576     |
| train/                  |              |
|    approx_kl            | 0.0008914182 |
|    clip_fraction        | 0.00708      |
|    clip_range           | 0.2          |
|    entropy_loss         | -0.0296      |
|    explained_variance   | 0.533        |
|    learning_rate        | 0.000248     |
|    loss                 | -0.00341     |
|    n_updates            | 6070         |
|    policy_gradient_loss | -0.00131     |
|    value_loss           | 0.00017      |
------------------------------------------
-------------------------------------------
| rollout/                |               |
|    ep_len_mean          | 4.33e+04      |
|    ep_rew_mean          | 2.14          |
| time/                   |               |
|    fps                  | 10648         |
|    iterations           | 609           |
|    time_elapsed         | 1639          |
|    total_timesteps      | 17461248      |
| train/                  |               |
|    approx_kl            | 0.00068568334 |
|    clip_fraction        | 0.00616       |
|    clip_range           | 0.2           |
|    entropy_loss         | -0.0302       |
|    explained_variance   | 0.499         |
|    learning_rate        | 0.000248      |
|    loss                 | -0.000799     |
|    n_updates            | 6080          |
|    policy_gradient_loss | -0.000878     |
|    value_loss           | 0.000158      |
-------------------------------------------
-------------------------------------------
| rollout/                |               |
|    ep_len_mean          | 4.33e+04      |
|    ep_rew_mean          | 2.14          |
| time/                   |               |
|    fps                  | 10652         |
|    iterations           | 610           |
|    time_elapsed         | 1641          |
|    total_timesteps      | 17489920      |
| train/                  |               |
|    approx_kl            | 0.00065922976 |
|    clip_fraction        | 0.00455       |
|    clip_range           | 0.2           |
|    entropy_loss         | -0.0252       |
|    explained_variance   | 0.517         |
|    learning_rate        | 0.000248      |
|    loss                 | -0.00148      |
|    n_updates            | 6090          |
|    policy_gradient_loss | -0.000822     |
|    value_loss           | 0.000164      |
-------------------------------------------
-----------------------------------------------------
| rollout/                           |              |
|    ep_len_mean                     | 4.33e+04     |
|    ep_rew_mean                     | 2.14         |
| time/                              |              |
|    fps                             | 10564        |
|    iterations                      | 611          |
|    time_elapsed                    | 1658         |
|    total_timesteps                 | 17518592     |
| train/                             |              |
|    approx_kl                       | 0.0015867557 |
|    clip_fraction                   | 0.00788      |
|    clip_range                      | 0.2          |
|    entropy_loss                    | -0.0325      |
|    explained_variance              | 0.417        |
|    learning_rate                   | 0.000248     |
|    loss                            | -0.00222     |
|    n_updates                       | 6100         |
|    policy_gradient_loss            | -0.00111     |
|    value_loss                      | 0.000166     |
| valid/                             |              |
|    BTC-USDT-SWAP/compound_mdd_pct  | 86           |
|    BTC-USDT-SWAP/compound_multiple | 2.81         |
|    BTC-USDT-SWAP/max_single_loss   | -48.8        |
|    BTC-USDT-SWAP/max_upnl          | 0.516        |
|    BTC-USDT-SWAP/near_liq_n        | 0            |
|    BTC-USDT-SWAP/near_liq_pct      | 0            |
|    BTC-USDT-SWAP/pnl_std           | 5.14         |
|    BTC-USDT-SWAP/sel_monthly_log   | -0.65        |
|    BTC-USDT-SWAP/total_pnl         | 418          |
|    BTC-USDT-SWAP/trades            | 2343         |
|    BTC-USDT-SWAP/trades_per_month  | 198          |
|    BTC-USDT-SWAP/v9_kpi            | -1.27        |
|    BTC-USDT-SWAP/v9_kpi_z_mdd      | -0.939       |
|    BTC-USDT-SWAP/v9_kpi_z_msl      | -1.57        |
|    BTC-USDT-SWAP/v9_kpi_z_sel      | -1.3         |
|    BTC-USDT-SWAP/win_rate          | 0.505        |
|    ETH-USDT-SWAP/compound_mdd_pct  | 100          |
|    ETH-USDT-SWAP/compound_multiple | 0            |
|    ETH-USDT-SWAP/max_single_loss   | -100         |
|    ETH-USDT-SWAP/max_upnl          | 0.566        |
|    ETH-USDT-SWAP/near_liq_n        | 1            |
|    ETH-USDT-SWAP/near_liq_pct      | 0.000462     |
|    ETH-USDT-SWAP/pnl_std           | 7.86         |
|    ETH-USDT-SWAP/total_pnl         | 3.28e+03     |
|    ETH-USDT-SWAP/trades            | 2164         |
|    ETH-USDT-SWAP/trades_per_month  | 183          |
|    ETH-USDT-SWAP/win_rate          | 0.585        |
-----------------------------------------------------
-------------------------------------------
| rollout/                |               |
|    ep_len_mean          | 4.33e+04      |
|    ep_rew_mean          | 2.14          |
| time/                   |               |
|    fps                  | 10568         |
|    iterations           | 612           |
|    time_elapsed         | 1660          |
|    total_timesteps      | 17547264      |
| train/                  |               |
|    approx_kl            | 0.00043629805 |
|    clip_fraction        | 0.00447       |
|    clip_range           | 0.2           |
|    entropy_loss         | -0.0289       |
|    explained_variance   | 0.46          |
|    learning_rate        | 0.000247      |
|    loss                 | -0.00108      |
|    n_updates            | 6110          |
|    policy_gradient_loss | -0.000755     |
|    value_loss           | 0.000181      |
-------------------------------------------
------------------------------------------
| rollout/                |              |
|    ep_len_mean          | 4.33e+04     |
|    ep_rew_mean          | 2.12         |
| time/                   |              |
|    fps                  | 10572        |
|    iterations           | 613          |
|    time_elapsed         | 1662         |
|    total_timesteps      | 17575936     |
| train/                  |              |
|    approx_kl            | 0.0006935519 |
|    clip_fraction        | 0.00625      |
|    clip_range           | 0.2          |
|    entropy_loss         | -0.034       |
|    explained_variance   | 0.493        |
|    learning_rate        | 0.000247     |
|    loss                 | -0.00469     |
|    n_updates            | 6120         |
|    policy_gradient_loss | -0.000811    |
|    value_loss           | 0.000188     |
------------------------------------------
------------------------------------------
| rollout/                |              |
|    ep_len_mean          | 4.33e+04     |
|    ep_rew_mean          | 2.29         |
| time/                   |              |
|    fps                  | 10576        |
|    iterations           | 614          |
|    time_elapsed         | 1664         |
|    total_timesteps      | 17604608     |
| train/                  |              |
|    approx_kl            | 0.0009745477 |
|    clip_fraction        | 0.00715      |
|    clip_range           | 0.2          |
|    entropy_loss         | -0.0293      |
|    explained_variance   | 0.402        |
|    learning_rate        | 0.000247     |
|    loss                 | -0.00585     |
|    n_updates            | 6130         |
|    policy_gradient_loss | -0.00136     |
|    value_loss           | 0.000239     |
------------------------------------------
------------------------------------------
| rollout/                |              |
|    ep_len_mean          | 4.33e+04     |
|    ep_rew_mean          | 2.29         |
| time/                   |              |
|    fps                  | 10580        |
|    iterations           | 615          |
|    time_elapsed         | 1666         |
|    total_timesteps      | 17633280     |
| train/                  |              |
|    approx_kl            | 0.0013218251 |
|    clip_fraction        | 0.00637      |
|    clip_range           | 0.2          |
|    entropy_loss         | -0.0274      |
|    explained_variance   | 0.505        |
|    learning_rate        | 0.000247     |
|    loss                 | -0.000829    |
|    n_updates            | 6140         |
|    policy_gradient_loss | -0.000948    |
|    value_loss           | 0.000159     |
------------------------------------------
-------------------------------------------
| rollout/                |               |
|    ep_len_mean          | 4.33e+04      |
|    ep_rew_mean          | 2.29          |
| time/                   |               |
|    fps                  | 10581         |
|    iterations           | 616           |
|    time_elapsed         | 1669          |
|    total_timesteps      | 17661952      |
| train/                  |               |
|    approx_kl            | 0.00055743934 |
|    clip_fraction        | 0.00568       |
|    clip_range           | 0.2           |
|    entropy_loss         | -0.0321       |
|    explained_variance   | 0.522         |
|    learning_rate        | 0.000247      |
|    loss                 | -0.00229      |
|    n_updates            | 6150          |
|    policy_gradient_loss | -0.000905     |
|    value_loss           | 0.000136      |
-------------------------------------------
-------------------------------------------
| rollout/                |               |
|    ep_len_mean          | 4.33e+04      |
|    ep_rew_mean          | 2.29          |
| time/                   |               |
|    fps                  | 10584         |
|    iterations           | 617           |
|    time_elapsed         | 1671          |
|    total_timesteps      | 17690624      |
| train/                  |               |
|    approx_kl            | 0.00079968636 |
|    clip_fraction        | 0.00535       |
|    clip_range           | 0.2           |
|    entropy_loss         | -0.0281       |
|    explained_variance   | 0.549         |
|    learning_rate        | 0.000247      |
|    loss                 | -0.00238      |
|    n_updates            | 6160          |
|    policy_gradient_loss | -0.000922     |
|    value_loss           | 0.000102      |
-------------------------------------------
-------------------------------------------
| rollout/                |               |
|    ep_len_mean          | 4.33e+04      |
|    ep_rew_mean          | 2.29          |
| time/                   |               |
|    fps                  | 10588         |
|    iterations           | 618           |
|    time_elapsed         | 1673          |
|    total_timesteps      | 17719296      |
| train/                  |               |
|    approx_kl            | 0.00053194875 |
|    clip_fraction        | 0.00496       |
|    clip_range           | 0.2           |
|    entropy_loss         | -0.0249       |
|    explained_variance   | 0.525         |
|    learning_rate        | 0.000247      |
|    loss                 | -0.00476      |
|    n_updates            | 6170          |
|    policy_gradient_loss | -0.000826     |
|    value_loss           | 0.000126      |
-------------------------------------------
------------------------------------------
| rollout/                |              |
|    ep_len_mean          | 4.33e+04     |
|    ep_rew_mean          | 2.29         |
| time/                   |              |
|    fps                  | 10592        |
|    iterations           | 619          |
|    time_elapsed         | 1675         |
|    total_timesteps      | 17747968     |
| train/                  |              |
|    approx_kl            | 0.0015721518 |
|    clip_fraction        | 0.00581      |
|    clip_range           | 0.2          |
|    entropy_loss         | -0.0256      |
|    explained_variance   | 0.592        |
|    learning_rate        | 0.000247     |
|    loss                 | -0.00389     |
|    n_updates            | 6180         |
|    policy_gradient_loss | -0.00155     |
|    value_loss           | 0.000156     |
------------------------------------------
-----------------------------------------
| rollout/                |             |
|    ep_len_mean          | 4.33e+04    |
|    ep_rew_mean          | 2.29        |
| time/                   |             |
|    fps                  | 10597       |
|    iterations           | 620         |
|    time_elapsed         | 1677        |
|    total_timesteps      | 17776640    |
| train/                  |             |
|    approx_kl            | 0.000708945 |
|    clip_fraction        | 0.00522     |
|    clip_range           | 0.2         |
|    entropy_loss         | -0.0295     |
|    explained_variance   | 0.652       |
|    learning_rate        | 0.000247    |
|    loss                 | -0.000471   |
|    n_updates            | 6190        |
|    policy_gradient_loss | -0.000795   |
|    value_loss           | 9.84e-05    |
-----------------------------------------
------------------------------------------
| rollout/                |              |
|    ep_len_mean          | 4.33e+04     |
|    ep_rew_mean          | 2.29         |
| time/                   |              |
|    fps                  | 10601        |
|    iterations           | 621          |
|    time_elapsed         | 1679         |
|    total_timesteps      | 17805312     |
| train/                  |              |
|    approx_kl            | 0.0010112118 |
|    clip_fraction        | 0.0061       |
|    clip_range           | 0.2          |
|    entropy_loss         | -0.0321      |
|    explained_variance   | 0.487        |
|    learning_rate        | 0.000247     |
|    loss                 | -0.00128     |
|    n_updates            | 6200         |
|    policy_gradient_loss | -0.00106     |
|    value_loss           | 0.00012      |
------------------------------------------
------------------------------------------
| rollout/                |              |
|    ep_len_mean          | 4.33e+04     |
|    ep_rew_mean          | 2.29         |
| time/                   |              |
|    fps                  | 10606        |
|    iterations           | 622          |
|    time_elapsed         | 1681         |
|    total_timesteps      | 17833984     |
| train/                  |              |
|    approx_kl            | 0.0010062227 |
|    clip_fraction        | 0.00733      |
|    clip_range           | 0.2          |
|    entropy_loss         | -0.0375      |
|    explained_variance   | 0.518        |
|    learning_rate        | 0.000247     |
|    loss                 | -0.00792     |
|    n_updates            | 6210         |
|    policy_gradient_loss | -0.00188     |
|    value_loss           | 0.00013      |
------------------------------------------
------------------------------------------
| rollout/                |              |
|    ep_len_mean          | 4.33e+04     |
|    ep_rew_mean          | 2.29         |
| time/                   |              |
|    fps                  | 10611        |
|    iterations           | 623          |
|    time_elapsed         | 1683         |
|    total_timesteps      | 17862656     |
| train/                  |              |
|    approx_kl            | 0.0012926752 |
|    clip_fraction        | 0.00831      |
|    clip_range           | 0.2          |
|    entropy_loss         | -0.0342      |
|    explained_variance   | 0.488        |
|    learning_rate        | 0.000246     |
|    loss                 | -0.01        |
|    n_updates            | 6220         |
|    policy_gradient_loss | -0.00206     |
|    value_loss           | 9.99e-05     |
------------------------------------------
------------------------------------------
| rollout/                |              |
|    ep_len_mean          | 4.33e+04     |
|    ep_rew_mean          | 2.29         |
| time/                   |              |
|    fps                  | 10615        |
|    iterations           | 624          |
|    time_elapsed         | 1685         |
|    total_timesteps      | 17891328     |
| train/                  |              |
|    approx_kl            | 0.0007405068 |
|    clip_fraction        | 0.00614      |
|    clip_range           | 0.2          |
|    entropy_loss         | -0.0307      |
|    explained_variance   | 0.245        |
|    learning_rate        | 0.000246     |
|    loss                 | 0.0011       |
|    n_updates            | 6230         |
|    policy_gradient_loss | -0.00242     |
|    value_loss           | 0.000245     |
------------------------------------------
-------------------------------------------
| rollout/                |               |
|    ep_len_mean          | 4.33e+04      |
|    ep_rew_mean          | 2.29          |
| time/                   |               |
|    fps                  | 10619         |
|    iterations           | 625           |
|    time_elapsed         | 1687          |
|    total_timesteps      | 17920000      |
| train/                  |               |
|    approx_kl            | 0.00076780503 |
|    clip_fraction        | 0.006         |
|    clip_range           | 0.2           |
|    entropy_loss         | -0.034        |
|    explained_variance   | 0.528         |
|    learning_rate        | 0.000246      |
|    loss                 | -0.000943     |
|    n_updates            | 6240          |
|    policy_gradient_loss | -0.00173      |
|    value_loss           | 8.95e-05      |
-------------------------------------------
-------------------------------------------
| rollout/                |               |
|    ep_len_mean          | 4.33e+04      |
|    ep_rew_mean          | 2.29          |
| time/                   |               |
|    fps                  | 10623         |
|    iterations           | 626           |
|    time_elapsed         | 1689          |
|    total_timesteps      | 17948672      |
| train/                  |               |
|    approx_kl            | 0.00055369607 |
|    clip_fraction        | 0.00572       |
|    clip_range           | 0.2           |
|    entropy_loss         | -0.0415       |
|    explained_variance   | 0.582         |
|    learning_rate        | 0.000246      |
|    loss                 | 0.000162      |
|    n_updates            | 6250          |
|    policy_gradient_loss | -0.000946     |
|    value_loss           | 0.000108      |
-------------------------------------------
------------------------------------------
| rollout/                |              |
|    ep_len_mean          | 4.33e+04     |
|    ep_rew_mean          | 2.29         |
| time/                   |              |
|    fps                  | 10628        |
|    iterations           | 627          |
|    time_elapsed         | 1691         |
|    total_timesteps      | 17977344     |
| train/                  |              |
|    approx_kl            | 0.0010291354 |
|    clip_fraction        | 0.00799      |
|    clip_range           | 0.2          |
|    entropy_loss         | -0.0486      |
|    explained_variance   | 0.531        |
|    learning_rate        | 0.000246     |
|    loss                 | -0.00164     |
|    n_updates            | 6260         |
|    policy_gradient_loss | -0.00147     |
|    value_loss           | 0.000154     |
------------------------------------------
------------------------------------------------------
| rollout/                           |               |
|    ep_len_mean                     | 4.33e+04      |
|    ep_rew_mean                     | 2.29          |
| time/                              |               |
|    fps                             | 10546         |
|    iterations                      | 628           |
|    time_elapsed                    | 1707          |
|    total_timesteps                 | 18006016      |
| train/                             |               |
|    approx_kl                       | 0.00066879095 |
|    clip_fraction                   | 0.00631       |
|    clip_range                      | 0.2           |
|    entropy_loss                    | -0.0393       |
|    explained_variance              | 0.466         |
|    learning_rate                   | 0.000246      |
|    loss                            | -0.00381      |
|    n_updates                       | 6270          |
|    policy_gradient_loss            | -0.00124      |
|    value_loss                      | 9.87e-05      |
| valid/                             |               |
|    BTC-USDT-SWAP/compound_mdd_pct  | 94.8          |
|    BTC-USDT-SWAP/compound_multiple | 23.9          |
|    BTC-USDT-SWAP/max_single_loss   | -22.5         |
|    BTC-USDT-SWAP/max_upnl          | 0.318         |
|    BTC-USDT-SWAP/near_liq_n        | 0             |
|    BTC-USDT-SWAP/near_liq_pct      | 0             |
|    BTC-USDT-SWAP/pnl_std           | 4.1           |
|    BTC-USDT-SWAP/sel_monthly_log   | -0.457        |
|    BTC-USDT-SWAP/total_pnl         | 586           |
|    BTC-USDT-SWAP/trades            | 3202          |
|    BTC-USDT-SWAP/trades_per_month  | 271           |
|    BTC-USDT-SWAP/v9_kpi            | -0.615        |
|    BTC-USDT-SWAP/v9_kpi_z_mdd      | -1.46         |
|    BTC-USDT-SWAP/v9_kpi_z_msl      | 0.625         |
|    BTC-USDT-SWAP/v9_kpi_z_sel      | -0.914        |
|    BTC-USDT-SWAP/win_rate          | 0.552         |
|    ETH-USDT-SWAP/compound_mdd_pct  | 81.6          |
|    ETH-USDT-SWAP/compound_multiple | 5.16e+11      |
|    ETH-USDT-SWAP/max_single_loss   | -47.8         |
|    ETH-USDT-SWAP/max_upnl          | 0.466         |
|    ETH-USDT-SWAP/near_liq_n        | 0             |
|    ETH-USDT-SWAP/near_liq_pct      | 0             |
|    ETH-USDT-SWAP/pnl_std           | 5.3           |
|    ETH-USDT-SWAP/total_pnl         | 3.23e+03      |
|    ETH-USDT-SWAP/trades            | 3787          |
|    ETH-USDT-SWAP/trades_per_month  | 320           |
|    ETH-USDT-SWAP/win_rate          | 0.553         |
------------------------------------------------------
------------------------------------------
| rollout/                |              |
|    ep_len_mean          | 4.33e+04     |
|    ep_rew_mean          | 2.29         |
| time/                   |              |
|    fps                  | 10551        |
|    iterations           | 629          |
|    time_elapsed         | 1709         |
|    total_timesteps      | 18034688     |
| train/                  |              |
|    approx_kl            | 0.0010814205 |
|    clip_fraction        | 0.00915      |
|    clip_range           | 0.2          |
|    entropy_loss         | -0.0427      |
|    explained_variance   | 0.404        |
|    learning_rate        | 0.000246     |
|    loss                 | -0.00166     |
|    n_updates            | 6280         |
|    policy_gradient_loss | -0.00147     |
|    value_loss           | 0.000207     |
------------------------------------------
------------------------------------------
| rollout/                |              |
|    ep_len_mean          | 4.33e+04     |
|    ep_rew_mean          | 2.29         |
| time/                   |              |
|    fps                  | 10555        |
|    iterations           | 630          |
|    time_elapsed         | 1711         |
|    total_timesteps      | 18063360     |
| train/                  |              |
|    approx_kl            | 0.0011807494 |
|    clip_fraction        | 0.00886      |
|    clip_range           | 0.2          |
|    entropy_loss         | -0.0512      |
|    explained_variance   | 0.548        |
|    learning_rate        | 0.000246     |
|    loss                 | -0.00016     |
|    n_updates            | 6290         |
|    policy_gradient_loss | -0.00142     |
|    value_loss           | 0.000149     |
------------------------------------------
-------------------------------------------
| rollout/                |               |
|    ep_len_mean          | 4.33e+04      |
|    ep_rew_mean          | 2.29          |
| time/                   |               |
|    fps                  | 10560         |
|    iterations           | 631           |
|    time_elapsed         | 1713          |
|    total_timesteps      | 18092032      |
| train/                  |               |
|    approx_kl            | 0.00078944716 |
|    clip_fraction        | 0.00879       |
|    clip_range           | 0.2           |
|    entropy_loss         | -0.0495       |
|    explained_variance   | 0.311         |
|    learning_rate        | 0.000246      |
|    loss                 | -0.00599      |
|    n_updates            | 6300          |
|    policy_gradient_loss | -0.00139      |
|    value_loss           | 0.000159      |
-------------------------------------------
------------------------------------------
| rollout/                |              |
|    ep_len_mean          | 4.33e+04     |
|    ep_rew_mean          | 2.29         |
| time/                   |              |
|    fps                  | 10564        |
|    iterations           | 632          |
|    time_elapsed         | 1715         |
|    total_timesteps      | 18120704     |
| train/                  |              |
|    approx_kl            | 0.0008880821 |
|    clip_fraction        | 0.0079       |
|    clip_range           | 0.2          |
|    entropy_loss         | -0.0554      |
|    explained_variance   | 0.373        |
|    learning_rate        | 0.000246     |
|    loss                 | 0.000687     |
|    n_updates            | 6310         |
|    policy_gradient_loss | -0.0013      |
|    value_loss           | 0.00013      |
------------------------------------------
------------------------------------------
| rollout/                |              |
|    ep_len_mean          | 4.33e+04     |
|    ep_rew_mean          | 2.29         |
| time/                   |              |
|    fps                  | 10568        |
|    iterations           | 633          |
|    time_elapsed         | 1717         |
|    total_timesteps      | 18149376     |
| train/                  |              |
|    approx_kl            | 0.0010004834 |
|    clip_fraction        | 0.00762      |
|    clip_range           | 0.2          |
|    entropy_loss         | -0.0425      |
|    explained_variance   | 0.427        |
|    learning_rate        | 0.000246     |
|    loss                 | -0.000551    |
|    n_updates            | 6320         |
|    policy_gradient_loss | -0.00149     |
|    value_loss           | 0.000149     |
------------------------------------------
-------------------------------------------
| rollout/                |               |
|    ep_len_mean          | 4.33e+04      |
|    ep_rew_mean          | 2.16          |
| time/                   |               |
|    fps                  | 10573         |
|    iterations           | 634           |
|    time_elapsed         | 1719          |
|    total_timesteps      | 18178048      |
| train/                  |               |
|    approx_kl            | 0.00047763882 |
|    clip_fraction        | 0.005         |
|    clip_range           | 0.2           |
|    entropy_loss         | -0.0413       |
|    explained_variance   | 0.451         |
|    learning_rate        | 0.000246      |
|    loss                 | -0.0016       |
|    n_updates            | 6330          |
|    policy_gradient_loss | -0.00102      |
|    value_loss           | 0.000111      |
-------------------------------------------
-------------------------------------------
| rollout/                |               |
|    ep_len_mean          | 4.33e+04      |
|    ep_rew_mean          | 2.16          |
| time/                   |               |
|    fps                  | 10577         |
|    iterations           | 635           |
|    time_elapsed         | 1721          |
|    total_timesteps      | 18206720      |
| train/                  |               |
|    approx_kl            | 0.00067316025 |
|    clip_fraction        | 0.00581       |
|    clip_range           | 0.2           |
|    entropy_loss         | -0.0365       |
|    explained_variance   | 0.546         |
|    learning_rate        | 0.000245      |
|    loss                 | 0.00083       |
|    n_updates            | 6340          |
|    policy_gradient_loss | -0.000881     |
|    value_loss           | 9.54e-05      |
-------------------------------------------
-------------------------------------------
| rollout/                |               |
|    ep_len_mean          | 4.34e+04      |
|    ep_rew_mean          | 2.15          |
| time/                   |               |
|    fps                  | 10582         |
|    iterations           | 636           |
|    time_elapsed         | 1723          |
|    total_timesteps      | 18235392      |
| train/                  |               |
|    approx_kl            | 0.00046280187 |
|    clip_fraction        | 0.00501       |
|    clip_range           | 0.2           |
|    entropy_loss         | -0.0321       |
|    explained_variance   | 0.723         |
|    learning_rate        | 0.000245      |
|    loss                 | -0.00342      |
|    n_updates            | 6350          |
|    policy_gradient_loss | -0.000823     |
|    value_loss           | 9.69e-05      |
-------------------------------------------
------------------------------------------
| rollout/                |              |
|    ep_len_mean          | 4.34e+04     |
|    ep_rew_mean          | 2.15         |
| time/                   |              |
|    fps                  | 10586        |
|    iterations           | 637          |
|    time_elapsed         | 1725         |
|    total_timesteps      | 18264064     |
| train/                  |              |
|    approx_kl            | 0.0011573479 |
|    clip_fraction        | 0.00937      |
|    clip_range           | 0.2          |
|    entropy_loss         | -0.0404      |
|    explained_variance   | 0.673        |
|    learning_rate        | 0.000245     |
|    loss                 | -0.00366     |
|    n_updates            | 6360         |
|    policy_gradient_loss | -0.00162     |
|    value_loss           | 8.27e-05     |
------------------------------------------
-------------------------------------------
| rollout/                |               |
|    ep_len_mean          | 4.34e+04      |
|    ep_rew_mean          | 2.15          |
| time/                   |               |
|    fps                  | 10591         |
|    iterations           | 638           |
|    time_elapsed         | 1727          |
|    total_timesteps      | 18292736      |
| train/                  |               |
|    approx_kl            | 0.00074630685 |
|    clip_fraction        | 0.0055        |
|    clip_range           | 0.2           |
|    entropy_loss         | -0.0386       |
|    explained_variance   | 0.494         |
|    learning_rate        | 0.000245      |
|    loss                 | -0.00537      |
|    n_updates            | 6370          |
|    policy_gradient_loss | -0.00134      |
|    value_loss           | 0.00015       |
-------------------------------------------
-------------------------------------------
| rollout/                |               |
|    ep_len_mean          | 4.34e+04      |
|    ep_rew_mean          | 2.15          |
| time/                   |               |
|    fps                  | 10595         |
|    iterations           | 639           |
|    time_elapsed         | 1729          |
|    total_timesteps      | 18321408      |
| train/                  |               |
|    approx_kl            | 0.00054396637 |
|    clip_fraction        | 0.00555       |
|    clip_range           | 0.2           |
|    entropy_loss         | -0.0318       |
|    explained_variance   | 0.418         |
|    learning_rate        | 0.000245      |
|    loss                 | -0.00234      |
|    n_updates            | 6380          |
|    policy_gradient_loss | -0.00099      |
|    value_loss           | 0.000145      |
-------------------------------------------
-------------------------------------------
| rollout/                |               |
|    ep_len_mean          | 4.34e+04      |
|    ep_rew_mean          | 2.15          |
| time/                   |               |
|    fps                  | 10600         |
|    iterations           | 640           |
|    time_elapsed         | 1731          |
|    total_timesteps      | 18350080      |
| train/                  |               |
|    approx_kl            | 0.00082651764 |
|    clip_fraction        | 0.00536       |
|    clip_range           | 0.2           |
|    entropy_loss         | -0.0354       |
|    explained_variance   | 0.467         |
|    learning_rate        | 0.000245      |
|    loss                 | -0.000835     |
|    n_updates            | 6390          |
|    policy_gradient_loss | -0.000793     |
|    value_loss           | 0.000159      |
-------------------------------------------
------------------------------------------
| rollout/                |              |
|    ep_len_mean          | 4.34e+04     |
|    ep_rew_mean          | 2.15         |
| time/                   |              |
|    fps                  | 10604        |
|    iterations           | 641          |
|    time_elapsed         | 1733         |
|    total_timesteps      | 18378752     |
| train/                  |              |
|    approx_kl            | 0.0021988736 |
|    clip_fraction        | 0.0109       |
|    clip_range           | 0.2          |
|    entropy_loss         | -0.0487      |
|    explained_variance   | 0.453        |
|    learning_rate        | 0.000245     |
|    loss                 | 3.05e-05     |
|    n_updates            | 6400         |
|    policy_gradient_loss | -0.00243     |
|    value_loss           | 0.000155     |
------------------------------------------
-----------------------------------------
| rollout/                |             |
|    ep_len_mean          | 4.34e+04    |
|    ep_rew_mean          | 2.15        |
| time/                   |             |
|    fps                  | 10608       |
|    iterations           | 642         |
|    time_elapsed         | 1735        |
|    total_timesteps      | 18407424    |
| train/                  |             |
|    approx_kl            | 0.000978777 |
|    clip_fraction        | 0.0071      |
|    clip_range           | 0.2         |
|    entropy_loss         | -0.0424     |
|    explained_variance   | 0.481       |
|    learning_rate        | 0.000245    |
|    loss                 | -0.00214    |
|    n_updates            | 6410        |
|    policy_gradient_loss | -0.00143    |
|    value_loss           | 0.000122    |
-----------------------------------------
------------------------------------------
| rollout/                |              |
|    ep_len_mean          | 4.34e+04     |
|    ep_rew_mean          | 2.15         |
| time/                   |              |
|    fps                  | 10613        |
|    iterations           | 643          |
|    time_elapsed         | 1737         |
|    total_timesteps      | 18436096     |
| train/                  |              |
|    approx_kl            | 0.0008547242 |
|    clip_fraction        | 0.00927      |
|    clip_range           | 0.2          |
|    entropy_loss         | -0.0486      |
|    explained_variance   | 0.52         |
|    learning_rate        | 0.000245     |
|    loss                 | -0.0042      |
|    n_updates            | 6420         |
|    policy_gradient_loss | -0.00138     |
|    value_loss           | 0.00015      |
------------------------------------------
------------------------------------------
| rollout/                |              |
|    ep_len_mean          | 4.34e+04     |
|    ep_rew_mean          | 2.15         |
| time/                   |              |
|    fps                  | 10617        |
|    iterations           | 644          |
|    time_elapsed         | 1739         |
|    total_timesteps      | 18464768     |
| train/                  |              |
|    approx_kl            | 0.0008485662 |
|    clip_fraction        | 0.00737      |
|    clip_range           | 0.2          |
|    entropy_loss         | -0.0464      |
|    explained_variance   | 0.45         |
|    learning_rate        | 0.000245     |
|    loss                 | -0.00597     |
|    n_updates            | 6430         |
|    policy_gradient_loss | -0.000965    |
|    value_loss           | 0.000178     |
------------------------------------------
-------------------------------------------
| rollout/                |               |
|    ep_len_mean          | 4.34e+04      |
|    ep_rew_mean          | 2.15          |
| time/                   |               |
|    fps                  | 10621         |
|    iterations           | 645           |
|    time_elapsed         | 1741          |
|    total_timesteps      | 18493440      |
| train/                  |               |
|    approx_kl            | 0.00076987076 |
|    clip_fraction        | 0.00762       |
|    clip_range           | 0.2           |
|    entropy_loss         | -0.0488       |
|    explained_variance   | 0.489         |
|    learning_rate        | 0.000245      |
|    loss                 | -0.00385      |
|    n_updates            | 6440          |
|    policy_gradient_loss | -0.00114      |
|    value_loss           | 0.000114      |
-------------------------------------------
------------------------------------------------------
| rollout/                           |               |
|    ep_len_mean                     | 4.34e+04      |
|    ep_rew_mean                     | 2.15          |
| time/                              |               |
|    fps                             | 10541         |
|    iterations                      | 646           |
|    time_elapsed                    | 1757          |
|    total_timesteps                 | 18522112      |
| train/                             |               |
|    approx_kl                       | 0.00064682687 |
|    clip_fraction                   | 0.00629       |
|    clip_range                      | 0.2           |
|    entropy_loss                    | -0.0506       |
|    explained_variance              | 0.488         |
|    learning_rate                   | 0.000245      |
|    loss                            | -0.00283      |
|    n_updates                       | 6450          |
|    policy_gradient_loss            | -0.000639     |
|    value_loss                      | 0.000145      |
| valid/                             |               |
|    BTC-USDT-SWAP/compound_mdd_pct  | 93.1          |
|    BTC-USDT-SWAP/compound_multiple | 22.3          |
|    BTC-USDT-SWAP/max_single_loss   | -37.2         |
|    BTC-USDT-SWAP/max_upnl          | 0.308         |
|    BTC-USDT-SWAP/near_liq_n        | 0             |
|    BTC-USDT-SWAP/near_liq_pct      | 0             |
|    BTC-USDT-SWAP/pnl_std           | 4.69          |
|    BTC-USDT-SWAP/sel_monthly_log   | -0.507        |
|    BTC-USDT-SWAP/total_pnl         | 593           |
|    BTC-USDT-SWAP/trades            | 2531          |
|    BTC-USDT-SWAP/trades_per_month  | 214           |
|    BTC-USDT-SWAP/v9_kpi            | -0.994        |
|    BTC-USDT-SWAP/v9_kpi_z_mdd      | -1.36         |
|    BTC-USDT-SWAP/v9_kpi_z_msl      | -0.598        |
|    BTC-USDT-SWAP/v9_kpi_z_sel      | -1.01         |
|    BTC-USDT-SWAP/win_rate          | 0.58          |
|    ETH-USDT-SWAP/compound_mdd_pct  | 89.2          |
|    ETH-USDT-SWAP/compound_multiple | 2.62e+08      |
|    ETH-USDT-SWAP/max_single_loss   | -52.2         |
|    ETH-USDT-SWAP/max_upnl          | 0.482         |
|    ETH-USDT-SWAP/near_liq_n        | 0             |
|    ETH-USDT-SWAP/near_liq_pct      | 0             |
|    ETH-USDT-SWAP/pnl_std           | 5.69          |
|    ETH-USDT-SWAP/total_pnl         | 2.51e+03      |
|    ETH-USDT-SWAP/trades            | 3438          |
|    ETH-USDT-SWAP/trades_per_month  | 291           |
|    ETH-USDT-SWAP/win_rate          | 0.534         |
------------------------------------------------------
-------------------------------------------
| rollout/                |               |
|    ep_len_mean          | 4.34e+04      |
|    ep_rew_mean          | 2.15          |
| time/                   |               |
|    fps                  | 10545         |
|    iterations           | 647           |
|    time_elapsed         | 1759          |
|    total_timesteps      | 18550784      |
| train/                  |               |
|    approx_kl            | 0.00087561406 |
|    clip_fraction        | 0.00867       |
|    clip_range           | 0.2           |
|    entropy_loss         | -0.0519       |
|    explained_variance   | 0.448         |
|    learning_rate        | 0.000244      |
|    loss                 | -0.000568     |
|    n_updates            | 6460          |
|    policy_gradient_loss | -0.00165      |
|    value_loss           | 0.000173      |
-------------------------------------------
------------------------------------------
| rollout/                |              |
|    ep_len_mean          | 4.34e+04     |
|    ep_rew_mean          | 2.15         |
| time/                   |              |
|    fps                  | 10550        |
|    iterations           | 648          |
|    time_elapsed         | 1761         |
|    total_timesteps      | 18579456     |
| train/                  |              |
|    approx_kl            | 0.0007923888 |
|    clip_fraction        | 0.00829      |
|    clip_range           | 0.2          |
|    entropy_loss         | -0.0451      |
|    explained_variance   | 0.398        |
|    learning_rate        | 0.000244     |
|    loss                 | 0.00192      |
|    n_updates            | 6470         |
|    policy_gradient_loss | -0.0012      |
|    value_loss           | 0.000148     |
------------------------------------------
------------------------------------------
| rollout/                |              |
|    ep_len_mean          | 4.34e+04     |
|    ep_rew_mean          | 2.15         |
| time/                   |              |
|    fps                  | 10554        |
|    iterations           | 649          |
|    time_elapsed         | 1763         |
|    total_timesteps      | 18608128     |
| train/                  |              |
|    approx_kl            | 0.0018087687 |
|    clip_fraction        | 0.0118       |
|    clip_range           | 0.2          |
|    entropy_loss         | -0.0461      |
|    explained_variance   | 0.507        |
|    learning_rate        | 0.000244     |
|    loss                 | -0.00493     |
|    n_updates            | 6480         |
|    policy_gradient_loss | -0.002       |
|    value_loss           | 0.000154     |
------------------------------------------
-------------------------------------------
| rollout/                |               |
|    ep_len_mean          | 4.34e+04      |
|    ep_rew_mean          | 2.15          |
| time/                   |               |
|    fps                  | 10558         |
|    iterations           | 650           |
|    time_elapsed         | 1765          |
|    total_timesteps      | 18636800      |
| train/                  |               |
|    approx_kl            | 0.00080280803 |
|    clip_fraction        | 0.0083        |
|    clip_range           | 0.2           |
|    entropy_loss         | -0.0479       |
|    explained_variance   | 0.548         |
|    learning_rate        | 0.000244      |
|    loss                 | -0.000537     |
|    n_updates            | 6490          |
|    policy_gradient_loss | -0.0016       |
|    value_loss           | 0.000188      |
-------------------------------------------
------------------------------------------
| rollout/                |              |
|    ep_len_mean          | 4.34e+04     |
|    ep_rew_mean          | 2.15         |
| time/                   |              |
|    fps                  | 10562        |
|    iterations           | 651          |
|    time_elapsed         | 1767         |
|    total_timesteps      | 18665472     |
| train/                  |              |
|    approx_kl            | 0.0007478596 |
|    clip_fraction        | 0.00736      |
|    clip_range           | 0.2          |
|    entropy_loss         | -0.0503      |
|    explained_variance   | 0.658        |
|    learning_rate        | 0.000244     |
|    loss                 | -0.00596     |
|    n_updates            | 6500         |
|    policy_gradient_loss | -0.00155     |
|    value_loss           | 0.000164     |
------------------------------------------
------------------------------------------
| rollout/                |              |
|    ep_len_mean          | 4.34e+04     |
|    ep_rew_mean          | 2.15         |
| time/                   |              |
|    fps                  | 10567        |
|    iterations           | 652          |
|    time_elapsed         | 1769         |
|    total_timesteps      | 18694144     |
| train/                  |              |
|    approx_kl            | 0.0007265088 |
|    clip_fraction        | 0.00847      |
|    clip_range           | 0.2          |
|    entropy_loss         | -0.0535      |
|    explained_variance   | 0.313        |
|    learning_rate        | 0.000244     |
|    loss                 | -0.00131     |
|    n_updates            | 6510         |
|    policy_gradient_loss | -0.00144     |
|    value_loss           | 0.000252     |
------------------------------------------
------------------------------------------
| rollout/                |              |
|    ep_len_mean          | 4.34e+04     |
|    ep_rew_mean          | 2.15         |
| time/                   |              |
|    fps                  | 10571        |
|    iterations           | 653          |
|    time_elapsed         | 1771         |
|    total_timesteps      | 18722816     |
| train/                  |              |
|    approx_kl            | 0.0011207426 |
|    clip_fraction        | 0.01         |
|    clip_range           | 0.2          |
|    entropy_loss         | -0.0516      |
|    explained_variance   | 0.481        |
|    learning_rate        | 0.000244     |
|    loss                 | -0.00266     |
|    n_updates            | 6520         |
|    policy_gradient_loss | -0.00206     |
|    value_loss           | 0.000253     |
------------------------------------------
------------------------------------------
| rollout/                |              |
|    ep_len_mean          | 4.34e+04     |
|    ep_rew_mean          | 2.15         |
| time/                   |              |
|    fps                  | 10575        |
|    iterations           | 654          |
|    time_elapsed         | 1773         |
|    total_timesteps      | 18751488     |
| train/                  |              |
|    approx_kl            | 0.0011774016 |
|    clip_fraction        | 0.00838      |
|    clip_range           | 0.2          |
|    entropy_loss         | -0.0511      |
|    explained_variance   | 0.528        |
|    learning_rate        | 0.000244     |
|    loss                 | -0.00357     |
|    n_updates            | 6530         |
|    policy_gradient_loss | -0.00152     |
|    value_loss           | 0.000118     |
------------------------------------------
-------------------------------------------
| rollout/                |               |
|    ep_len_mean          | 4.34e+04      |
|    ep_rew_mean          | 2.08          |
| time/                   |               |
|    fps                  | 10579         |
|    iterations           | 655           |
|    time_elapsed         | 1775          |
|    total_timesteps      | 18780160      |
| train/                  |               |
|    approx_kl            | 0.00096163846 |
|    clip_fraction        | 0.00892       |
|    clip_range           | 0.2           |
|    entropy_loss         | -0.0503       |
|    explained_variance   | 0.455         |
|    learning_rate        | 0.000244      |
|    loss                 | -0.00369      |
|    n_updates            | 6540          |
|    policy_gradient_loss | -0.0022       |
|    value_loss           | 0.000214      |
-------------------------------------------
-------------------------------------------
| rollout/                |               |
|    ep_len_mean          | 4.34e+04      |
|    ep_rew_mean          | 2.07          |
| time/                   |               |
|    fps                  | 10583         |
|    iterations           | 656           |
|    time_elapsed         | 1777          |
|    total_timesteps      | 18808832      |
| train/                  |               |
|    approx_kl            | 0.00061875506 |
|    clip_fraction        | 0.00608       |
|    clip_range           | 0.2           |
|    entropy_loss         | -0.0376       |
|    explained_variance   | 0.48          |
|    learning_rate        | 0.000244      |
|    loss                 | -0.00763      |
|    n_updates            | 6550          |
|    policy_gradient_loss | -0.00153      |
|    value_loss           | 0.000218      |
-------------------------------------------
------------------------------------------
| rollout/                |              |
|    ep_len_mean          | 4.34e+04     |
|    ep_rew_mean          | 2.05         |
| time/                   |              |
|    fps                  | 10587        |
|    iterations           | 657          |
|    time_elapsed         | 1779         |
|    total_timesteps      | 18837504     |
| train/                  |              |
|    approx_kl            | 0.0016571331 |
|    clip_fraction        | 0.0108       |
|    clip_range           | 0.2          |
|    entropy_loss         | -0.0463      |
|    explained_variance   | 0.49         |
|    learning_rate        | 0.000244     |
|    loss                 | -0.00351     |
|    n_updates            | 6560         |
|    policy_gradient_loss | -0.0022      |
|    value_loss           | 0.000106     |
------------------------------------------
------------------------------------------
| rollout/                |              |
|    ep_len_mean          | 4.34e+04     |
|    ep_rew_mean          | 2.05         |
| time/                   |              |
|    fps                  | 10592        |
|    iterations           | 658          |
|    time_elapsed         | 1781         |
|    total_timesteps      | 18866176     |
| train/                  |              |
|    approx_kl            | 0.0014823518 |
|    clip_fraction        | 0.00927      |
|    clip_range           | 0.2          |
|    entropy_loss         | -0.0552      |
|    explained_variance   | 0.56         |
|    learning_rate        | 0.000243     |
|    loss                 | -0.0021      |
|    n_updates            | 6570         |
|    policy_gradient_loss | -0.00137     |
|    value_loss           | 0.000139     |
------------------------------------------
------------------------------------------
| rollout/                |              |
|    ep_len_mean          | 4.34e+04     |
|    ep_rew_mean          | 2.05         |
| time/                   |              |
|    fps                  | 10596        |
|    iterations           | 659          |
|    time_elapsed         | 1783         |
|    total_timesteps      | 18894848     |
| train/                  |              |
|    approx_kl            | 0.0006234912 |
|    clip_fraction        | 0.00728      |
|    clip_range           | 0.2          |
|    entropy_loss         | -0.0468      |
|    explained_variance   | 0.397        |
|    learning_rate        | 0.000243     |
|    loss                 | -0.00258     |
|    n_updates            | 6580         |
|    policy_gradient_loss | -0.000917    |
|    value_loss           | 0.000118     |
------------------------------------------
-------------------------------------------
| rollout/                |               |
|    ep_len_mean          | 4.34e+04      |
|    ep_rew_mean          | 2.05          |
| time/                   |               |
|    fps                  | 10600         |
|    iterations           | 660           |
|    time_elapsed         | 1785          |
|    total_timesteps      | 18923520      |
| train/                  |               |
|    approx_kl            | 0.00073026825 |
|    clip_fraction        | 0.00588       |
|    clip_range           | 0.2           |
|    entropy_loss         | -0.0343       |
|    explained_variance   | 0.492         |
|    learning_rate        | 0.000243      |
|    loss                 | -0.00433      |
|    n_updates            | 6590          |
|    policy_gradient_loss | -0.00144      |
|    value_loss           | 9.39e-05      |
-------------------------------------------
------------------------------------------
| rollout/                |              |
|    ep_len_mean          | 4.34e+04     |
|    ep_rew_mean          | 2.05         |
| time/                   |              |
|    fps                  | 10604        |
|    iterations           | 661          |
|    time_elapsed         | 1787         |
|    total_timesteps      | 18952192     |
| train/                  |              |
|    approx_kl            | 0.0004548209 |
|    clip_fraction        | 0.00512      |
|    clip_range           | 0.2          |
|    entropy_loss         | -0.0362      |
|    explained_variance   | 0.473        |
|    learning_rate        | 0.000243     |
|    loss                 | -0.00062     |
|    n_updates            | 6600         |
|    policy_gradient_loss | -0.000858    |
|    value_loss           | 9.02e-05     |
------------------------------------------
-------------------------------------------
| rollout/                |               |
|    ep_len_mean          | 4.34e+04      |
|    ep_rew_mean          | 2.05          |
| time/                   |               |
|    fps                  | 10608         |
|    iterations           | 662           |
|    time_elapsed         | 1789          |
|    total_timesteps      | 18980864      |
| train/                  |               |
|    approx_kl            | 0.00053231773 |
|    clip_fraction        | 0.00589       |
|    clip_range           | 0.2           |
|    entropy_loss         | -0.0389       |
|    explained_variance   | 0.352         |
|    learning_rate        | 0.000243      |
|    loss                 | -0.0018       |
|    n_updates            | 6610          |
|    policy_gradient_loss | -0.000789     |
|    value_loss           | 0.000105      |
-------------------------------------------
------------------------------------------------------
| rollout/                           |               |
|    ep_len_mean                     | 4.34e+04      |
|    ep_rew_mean                     | 2.05          |
| time/                              |               |
|    fps                             | 10527         |
|    iterations                      | 663           |
|    time_elapsed                    | 1805          |
|    total_timesteps                 | 19009536      |
| train/                             |               |
|    approx_kl                       | 0.00041756226 |
|    clip_fraction                   | 0.00539       |
|    clip_range                      | 0.2           |
|    entropy_loss                    | -0.0424       |
|    explained_variance              | 0.349         |
|    learning_rate                   | 0.000243      |
|    loss                            | -0.00362      |
|    n_updates                       | 6620          |
|    policy_gradient_loss            | -0.000766     |
|    value_loss                      | 0.000102      |
| valid/                             |               |
|    BTC-USDT-SWAP/compound_mdd_pct  | 97.9          |
|    BTC-USDT-SWAP/compound_multiple | 0.46          |
|    BTC-USDT-SWAP/max_single_loss   | -24.8         |
|    BTC-USDT-SWAP/max_upnl          | 0.394         |
|    BTC-USDT-SWAP/near_liq_n        | 0             |
|    BTC-USDT-SWAP/near_liq_pct      | 0             |
|    BTC-USDT-SWAP/pnl_std           | 4.62          |
|    BTC-USDT-SWAP/sel_monthly_log   | -0.704        |
|    BTC-USDT-SWAP/total_pnl         | 213           |
|    BTC-USDT-SWAP/trades            | 2717          |
|    BTC-USDT-SWAP/trades_per_month  | 230           |
|    BTC-USDT-SWAP/v9_kpi            | -0.925        |
|    BTC-USDT-SWAP/v9_kpi_z_mdd      | -1.64         |
|    BTC-USDT-SWAP/v9_kpi_z_msl      | 0.437         |
|    BTC-USDT-SWAP/v9_kpi_z_sel      | -1.41         |
|    BTC-USDT-SWAP/win_rate          | 0.555         |
|    ETH-USDT-SWAP/compound_mdd_pct  | 87.3          |
|    ETH-USDT-SWAP/compound_multiple | 8.84e+06      |
|    ETH-USDT-SWAP/max_single_loss   | -51.6         |
|    ETH-USDT-SWAP/max_upnl          | 0.474         |
|    ETH-USDT-SWAP/near_liq_n        | 0             |
|    ETH-USDT-SWAP/near_liq_pct      | 0             |
|    ETH-USDT-SWAP/pnl_std           | 5.38          |
|    ETH-USDT-SWAP/total_pnl         | 2.15e+03      |
|    ETH-USDT-SWAP/trades            | 3779          |
|    ETH-USDT-SWAP/trades_per_month  | 320           |
|    ETH-USDT-SWAP/win_rate          | 0.498         |
------------------------------------------------------
------------------------------------------
| rollout/                |              |
|    ep_len_mean          | 4.34e+04     |
|    ep_rew_mean          | 2.05         |
| time/                   |              |
|    fps                  | 10532        |
|    iterations           | 664          |
|    time_elapsed         | 1807         |
|    total_timesteps      | 19038208     |
| train/                  |              |
|    approx_kl            | 0.0025385818 |
|    clip_fraction        | 0.0119       |
|    clip_range           | 0.2          |
|    entropy_loss         | -0.056       |
|    explained_variance   | 0.34         |
|    learning_rate        | 0.000243     |
|    loss                 | -0.00553     |
|    n_updates            | 6630         |
|    policy_gradient_loss | -0.00179     |
|    value_loss           | 0.000126     |
------------------------------------------
------------------------------------------
| rollout/                |              |
|    ep_len_mean          | 4.34e+04     |
|    ep_rew_mean          | 2.05         |
| time/                   |              |
|    fps                  | 10536        |
|    iterations           | 665          |
|    time_elapsed         | 1809         |
|    total_timesteps      | 19066880     |
| train/                  |              |
|    approx_kl            | 0.0010646848 |
|    clip_fraction        | 0.00663      |
|    clip_range           | 0.2          |
|    entropy_loss         | -0.0371      |
|    explained_variance   | 0.426        |
|    learning_rate        | 0.000243     |
|    loss                 | -0.00332     |
|    n_updates            | 6640         |
|    policy_gradient_loss | -0.00132     |
|    value_loss           | 9.83e-05     |
------------------------------------------
-------------------------------------------
| rollout/                |               |
|    ep_len_mean          | 4.34e+04      |
|    ep_rew_mean          | 2.05          |
| time/                   |               |
|    fps                  | 10541         |
|    iterations           | 666           |
|    time_elapsed         | 1811          |
|    total_timesteps      | 19095552      |
| train/                  |               |
|    approx_kl            | 0.00077562593 |
|    clip_fraction        | 0.00811       |
|    clip_range           | 0.2           |
|    entropy_loss         | -0.0453       |
|    explained_variance   | 0.419         |
|    learning_rate        | 0.000243      |
|    loss                 | -0.00323      |
|    n_updates            | 6650          |
|    policy_gradient_loss | -0.00141      |
|    value_loss           | 0.000152      |
-------------------------------------------
------------------------------------------
| rollout/                |              |
|    ep_len_mean          | 4.34e+04     |
|    ep_rew_mean          | 2.05         |
| time/                   |              |
|    fps                  | 10546        |
|    iterations           | 667          |
|    time_elapsed         | 1813         |
|    total_timesteps      | 19124224     |
| train/                  |              |
|    approx_kl            | 0.0009228851 |
|    clip_fraction        | 0.00876      |
|    clip_range           | 0.2          |
|    entropy_loss         | -0.0504      |
|    explained_variance   | 0.383        |
|    learning_rate        | 0.000243     |
|    loss                 | -0.00407     |
|    n_updates            | 6660         |
|    policy_gradient_loss | -0.0021      |
|    value_loss           | 0.000134     |
------------------------------------------
------------------------------------------
| rollout/                |              |
|    ep_len_mean          | 4.34e+04     |
|    ep_rew_mean          | 2.05         |
| time/                   |              |
|    fps                  | 10550        |
|    iterations           | 668          |
|    time_elapsed         | 1815         |
|    total_timesteps      | 19152896     |
| train/                  |              |
|    approx_kl            | 0.0006740055 |
|    clip_fraction        | 0.00806      |
|    clip_range           | 0.2          |
|    entropy_loss         | -0.0574      |
|    explained_variance   | 0.456        |
|    learning_rate        | 0.000243     |
|    loss                 | -0.00365     |
|    n_updates            | 6670         |
|    policy_gradient_loss | -0.000943    |
|    value_loss           | 0.000186     |
------------------------------------------
------------------------------------------
| rollout/                |              |
|    ep_len_mean          | 4.34e+04     |
|    ep_rew_mean          | 2.05         |
| time/                   |              |
|    fps                  | 10555        |
|    iterations           | 669          |
|    time_elapsed         | 1817         |
|    total_timesteps      | 19181568     |
| train/                  |              |
|    approx_kl            | 0.0005821931 |
|    clip_fraction        | 0.00509      |
|    clip_range           | 0.2          |
|    entropy_loss         | -0.0404      |
|    explained_variance   | 0.485        |
|    learning_rate        | 0.000243     |
|    loss                 | -0.00158     |
|    n_updates            | 6680         |
|    policy_gradient_loss | -0.000681    |
|    value_loss           | 0.000138     |
------------------------------------------
-------------------------------------------
| rollout/                |               |
|    ep_len_mean          | 4.34e+04      |
|    ep_rew_mean          | 2.05          |
| time/                   |               |
|    fps                  | 10559         |
|    iterations           | 670           |
|    time_elapsed         | 1819          |
|    total_timesteps      | 19210240      |
| train/                  |               |
|    approx_kl            | 0.00047833542 |
|    clip_fraction        | 0.00492       |
|    clip_range           | 0.2           |
|    entropy_loss         | -0.0408       |
|    explained_variance   | 0.33          |
|    learning_rate        | 0.000242      |
|    loss                 | -0.00252      |
|    n_updates            | 6690          |
|    policy_gradient_loss | -0.000857     |
|    value_loss           | 0.000151      |
-------------------------------------------
------------------------------------------
| rollout/                |              |
|    ep_len_mean          | 4.34e+04     |
|    ep_rew_mean          | 2.05         |
| time/                   |              |
|    fps                  | 10564        |
|    iterations           | 671          |
|    time_elapsed         | 1821         |
|    total_timesteps      | 19238912     |
| train/                  |              |
|    approx_kl            | 0.0012191462 |
|    clip_fraction        | 0.00965      |
|    clip_range           | 0.2          |
|    entropy_loss         | -0.0547      |
|    explained_variance   | 0.421        |
|    learning_rate        | 0.000242     |
|    loss                 | -0.0016      |
|    n_updates            | 6700         |
|    policy_gradient_loss | -0.00127     |
|    value_loss           | 0.00015      |
------------------------------------------
------------------------------------------
| rollout/                |              |
|    ep_len_mean          | 4.34e+04     |
|    ep_rew_mean          | 2.05         |
| time/                   |              |
|    fps                  | 10568        |
|    iterations           | 672          |
|    time_elapsed         | 1823         |
|    total_timesteps      | 19267584     |
| train/                  |              |
|    approx_kl            | 0.0009951377 |
|    clip_fraction        | 0.00803      |
|    clip_range           | 0.2          |
|    entropy_loss         | -0.0549      |
|    explained_variance   | 0.349        |
|    learning_rate        | 0.000242     |
|    loss                 | -0.00158     |
|    n_updates            | 6710         |
|    policy_gradient_loss | -0.0014      |
|    value_loss           | 0.000191     |
------------------------------------------
-----------------------------------------
| rollout/                |             |
|    ep_len_mean          | 4.34e+04    |
|    ep_rew_mean          | 2.05        |
| time/                   |             |
|    fps                  | 10572       |
|    iterations           | 673         |
|    time_elapsed         | 1825        |
|    total_timesteps      | 19296256    |
| train/                  |             |
|    approx_kl            | 0.000661552 |
|    clip_fraction        | 0.00608     |
|    clip_range           | 0.2         |
|    entropy_loss         | -0.0408     |
|    explained_variance   | 0.503       |
|    learning_rate        | 0.000242    |
|    loss                 | 0.000551    |
|    n_updates            | 6720        |
|    policy_gradient_loss | -0.00096    |
|    value_loss           | 0.000121    |
-----------------------------------------
-------------------------------------------
| rollout/                |               |
|    ep_len_mean          | 4.34e+04      |
|    ep_rew_mean          | 2.05          |
| time/                   |               |
|    fps                  | 10577         |
|    iterations           | 674           |
|    time_elapsed         | 1827          |
|    total_timesteps      | 19324928      |
| train/                  |               |
|    approx_kl            | 0.00070685707 |
|    clip_fraction        | 0.00618       |
|    clip_range           | 0.2           |
|    entropy_loss         | -0.0369       |
|    explained_variance   | 0.483         |
|    learning_rate        | 0.000242      |
|    loss                 | -1.01e-05     |
|    n_updates            | 6730          |
|    policy_gradient_loss | -0.000948     |
|    value_loss           | 0.000115      |
-------------------------------------------
------------------------------------------
| rollout/                |              |
|    ep_len_mean          | 4.34e+04     |
|    ep_rew_mean          | 2.05         |
| time/                   |              |
|    fps                  | 10581        |
|    iterations           | 675          |
|    time_elapsed         | 1828         |
|    total_timesteps      | 19353600     |
| train/                  |              |
|    approx_kl            | 0.0016104014 |
|    clip_fraction        | 0.0108       |
|    clip_range           | 0.2          |
|    entropy_loss         | -0.046       |
|    explained_variance   | 0.524        |
|    learning_rate        | 0.000242     |
|    loss                 | -0.00145     |
|    n_updates            | 6740         |
|    policy_gradient_loss | -0.00247     |
|    value_loss           | 0.00012      |
------------------------------------------
-------------------------------------------
| rollout/                |               |
|    ep_len_mean          | 4.34e+04      |
|    ep_rew_mean          | 2.04          |
| time/                   |               |
|    fps                  | 10585         |
|    iterations           | 676           |
|    time_elapsed         | 1830          |
|    total_timesteps      | 19382272      |
| train/                  |               |
|    approx_kl            | 0.00097548595 |
|    clip_fraction        | 0.00768       |
|    clip_range           | 0.2           |
|    entropy_loss         | -0.0471       |
|    explained_variance   | 0.407         |
|    learning_rate        | 0.000242      |
|    loss                 | -0.00165      |
|    n_updates            | 6750          |
|    policy_gradient_loss | -0.00145      |
|    value_loss           | 0.000134      |
-------------------------------------------
------------------------------------------
| rollout/                |              |
|    ep_len_mean          | 4.34e+04     |
|    ep_rew_mean          | 1.97         |
| time/                   |              |
|    fps                  | 10590        |
|    iterations           | 677          |
|    time_elapsed         | 1832         |
|    total_timesteps      | 19410944     |
| train/                  |              |
|    approx_kl            | 0.0010129608 |
|    clip_fraction        | 0.00621      |
|    clip_range           | 0.2          |
|    entropy_loss         | -0.043       |
|    explained_variance   | 0.364        |
|    learning_rate        | 0.000242     |
|    loss                 | 0.00352      |
|    n_updates            | 6760         |
|    policy_gradient_loss | -0.00107     |
|    value_loss           | 0.00013      |
------------------------------------------
------------------------------------------
| rollout/                |              |
|    ep_len_mean          | 4.34e+04     |
|    ep_rew_mean          | 1.97         |
| time/                   |              |
|    fps                  | 10594        |
|    iterations           | 678          |
|    time_elapsed         | 1834         |
|    total_timesteps      | 19439616     |
| train/                  |              |
|    approx_kl            | 0.0005444411 |
|    clip_fraction        | 0.00565      |
|    clip_range           | 0.2          |
|    entropy_loss         | -0.0344      |
|    explained_variance   | 0.509        |
|    learning_rate        | 0.000242     |
|    loss                 | -0.0036      |
|    n_updates            | 6770         |
|    policy_gradient_loss | -0.00108     |
|    value_loss           | 0.000115     |
------------------------------------------
-------------------------------------------
| rollout/                |               |
|    ep_len_mean          | 4.34e+04      |
|    ep_rew_mean          | 1.97          |
| time/                   |               |
|    fps                  | 10599         |
|    iterations           | 679           |
|    time_elapsed         | 1836          |
|    total_timesteps      | 19468288      |
| train/                  |               |
|    approx_kl            | 0.00093254383 |
|    clip_fraction        | 0.00641       |
|    clip_range           | 0.2           |
|    entropy_loss         | -0.0333       |
|    explained_variance   | 0.57          |
|    learning_rate        | 0.000242      |
|    loss                 | -0.0059       |
|    n_updates            | 6780          |
|    policy_gradient_loss | -0.00149      |
|    value_loss           | 8.45e-05      |
-------------------------------------------
-------------------------------------------
| rollout/                |               |
|    ep_len_mean          | 4.34e+04      |
|    ep_rew_mean          | 1.97          |
| time/                   |               |
|    fps                  | 10603         |
|    iterations           | 680           |
|    time_elapsed         | 1838          |
|    total_timesteps      | 19496960      |
| train/                  |               |
|    approx_kl            | 0.00082934275 |
|    clip_fraction        | 0.00577       |
|    clip_range           | 0.2           |
|    entropy_loss         | -0.035        |
|    explained_variance   | 0.471         |
|    learning_rate        | 0.000242      |
|    loss                 | -0.000921     |
|    n_updates            | 6790          |
|    policy_gradient_loss | -0.00065      |
|    value_loss           | 0.00011       |
-------------------------------------------
------------------------------------------------------
| rollout/                           |               |
|    ep_len_mean                     | 4.34e+04      |
|    ep_rew_mean                     | 1.97          |
| time/                              |               |
|    fps                             | 10530         |
|    iterations                      | 681           |
|    time_elapsed                    | 1854          |
|    total_timesteps                 | 19525632      |
| train/                             |               |
|    approx_kl                       | 0.00081237283 |
|    clip_fraction                   | 0.00653       |
|    clip_range                      | 0.2           |
|    entropy_loss                    | -0.0414       |
|    explained_variance              | 0.431         |
|    learning_rate                   | 0.000242      |
|    loss                            | -0.0046       |
|    n_updates                       | 6800          |
|    policy_gradient_loss            | -0.00129      |
|    value_loss                      | 0.000103      |
| valid/                             |               |
|    BTC-USDT-SWAP/compound_mdd_pct  | 96.3          |
|    BTC-USDT-SWAP/compound_multiple | 0.637         |
|    BTC-USDT-SWAP/max_single_loss   | -38.8         |
|    BTC-USDT-SWAP/max_upnl          | 0.394         |
|    BTC-USDT-SWAP/near_liq_n        | 0             |
|    BTC-USDT-SWAP/near_liq_pct      | 0             |
|    BTC-USDT-SWAP/pnl_std           | 4.25          |
|    BTC-USDT-SWAP/sel_monthly_log   | -0.653        |
|    BTC-USDT-SWAP/total_pnl         | 250           |
|    BTC-USDT-SWAP/trades            | 3258          |
|    BTC-USDT-SWAP/trades_per_month  | 276           |
|    BTC-USDT-SWAP/v9_kpi            | -1.21         |
|    BTC-USDT-SWAP/v9_kpi_z_mdd      | -1.55         |
|    BTC-USDT-SWAP/v9_kpi_z_msl      | -0.735        |
|    BTC-USDT-SWAP/v9_kpi_z_sel      | -1.31         |
|    BTC-USDT-SWAP/win_rate          | 0.498         |
|    ETH-USDT-SWAP/compound_mdd_pct  | 87.3          |
|    ETH-USDT-SWAP/compound_multiple | 4.74e+09      |
|    ETH-USDT-SWAP/max_single_loss   | -59           |
|    ETH-USDT-SWAP/max_upnl          | 0.519         |
|    ETH-USDT-SWAP/near_liq_n        | 0             |
|    ETH-USDT-SWAP/near_liq_pct      | 0             |
|    ETH-USDT-SWAP/pnl_std           | 5.66          |
|    ETH-USDT-SWAP/total_pnl         | 2.79e+03      |
|    ETH-USDT-SWAP/trades            | 3520          |
|    ETH-USDT-SWAP/trades_per_month  | 298           |
|    ETH-USDT-SWAP/win_rate          | 0.518         |
------------------------------------------------------
------------------------------------------
| rollout/                |              |
|    ep_len_mean          | 4.34e+04     |
|    ep_rew_mean          | 1.97         |
| time/                   |              |
|    fps                  | 10534        |
|    iterations           | 682          |
|    time_elapsed         | 1856         |
|    total_timesteps      | 19554304     |
| train/                  |              |
|    approx_kl            | 0.0008930363 |
|    clip_fraction        | 0.00776      |
|    clip_range           | 0.2          |
|    entropy_loss         | -0.0372      |
|    explained_variance   | 0.489        |
|    learning_rate        | 0.000241     |
|    loss                 | -0.000591    |
|    n_updates            | 6810         |
|    policy_gradient_loss | -0.00123     |
|    value_loss           | 7.74e-05     |
------------------------------------------
------------------------------------------
| rollout/                |              |
|    ep_len_mean          | 4.34e+04     |
|    ep_rew_mean          | 1.97         |
| time/                   |              |
|    fps                  | 10539        |
|    iterations           | 683          |
|    time_elapsed         | 1858         |
|    total_timesteps      | 19582976     |
| train/                  |              |
|    approx_kl            | 0.0011691564 |
|    clip_fraction        | 0.00949      |
|    clip_range           | 0.2          |
|    entropy_loss         | -0.0507      |
|    explained_variance   | 0.35         |
|    learning_rate        | 0.000241     |
|    loss                 | -0.0055      |
|    n_updates            | 6820         |
|    policy_gradient_loss | -0.00145     |
|    value_loss           | 0.000132     |
------------------------------------------
------------------------------------------
| rollout/                |              |
|    ep_len_mean          | 4.34e+04     |
|    ep_rew_mean          | 1.97         |
| time/                   |              |
|    fps                  | 10543        |
|    iterations           | 684          |
|    time_elapsed         | 1860         |
|    total_timesteps      | 19611648     |
| train/                  |              |
|    approx_kl            | 0.0008259086 |
|    clip_fraction        | 0.00686      |
|    clip_range           | 0.2          |
|    entropy_loss         | -0.0413      |
|    explained_variance   | 0.273        |
|    learning_rate        | 0.000241     |
|    loss                 | -0.00292     |
|    n_updates            | 6830         |
|    policy_gradient_loss | -0.000992    |
|    value_loss           | 0.000145     |
------------------------------------------
------------------------------------------
| rollout/                |              |
|    ep_len_mean          | 4.34e+04     |
|    ep_rew_mean          | 1.97         |
| time/                   |              |
|    fps                  | 10548        |
|    iterations           | 685          |
|    time_elapsed         | 1861         |
|    total_timesteps      | 19640320     |
| train/                  |              |
|    approx_kl            | 0.0007352048 |
|    clip_fraction        | 0.0063       |
|    clip_range           | 0.2          |
|    entropy_loss         | -0.0379      |
|    explained_variance   | 0.463        |
|    learning_rate        | 0.000241     |
|    loss                 | -0.00193     |
|    n_updates            | 6840         |
|    policy_gradient_loss | -0.00103     |
|    value_loss           | 9.1e-05      |
------------------------------------------
-------------------------------------------
| rollout/                |               |
|    ep_len_mean          | 4.34e+04      |
|    ep_rew_mean          | 1.97          |
| time/                   |               |
|    fps                  | 10552         |
|    iterations           | 686           |
|    time_elapsed         | 1863          |
|    total_timesteps      | 19668992      |
| train/                  |               |
|    approx_kl            | 0.00069853786 |
|    clip_fraction        | 0.00767       |
|    clip_range           | 0.2           |
|    entropy_loss         | -0.0497       |
|    explained_variance   | 0.452         |
|    learning_rate        | 0.000241      |
|    loss                 | -0.00268      |
|    n_updates            | 6850          |
|    policy_gradient_loss | -0.00108      |
|    value_loss           | 9.32e-05      |
-------------------------------------------
-------------------------------------------
| rollout/                |               |
|    ep_len_mean          | 4.34e+04      |
|    ep_rew_mean          | 1.97          |
| time/                   |               |
|    fps                  | 10556         |
|    iterations           | 687           |
|    time_elapsed         | 1865          |
|    total_timesteps      | 19697664      |
| train/                  |               |
|    approx_kl            | 0.00075461186 |
|    clip_fraction        | 0.00723       |
|    clip_range           | 0.2           |
|    entropy_loss         | -0.0463       |
|    explained_variance   | 0.389         |
|    learning_rate        | 0.000241      |
|    loss                 | -0.00111      |
|    n_updates            | 6860          |
|    policy_gradient_loss | -0.00107      |
|    value_loss           | 0.000113      |
-------------------------------------------
------------------------------------------
| rollout/                |              |
|    ep_len_mean          | 4.34e+04     |
|    ep_rew_mean          | 1.97         |
| time/                   |              |
|    fps                  | 10560        |
|    iterations           | 688          |
|    time_elapsed         | 1867         |
|    total_timesteps      | 19726336     |
| train/                  |              |
|    approx_kl            | 0.0014739103 |
|    clip_fraction        | 0.0079       |
|    clip_range           | 0.2          |
|    entropy_loss         | -0.0366      |
|    explained_variance   | 0.324        |
|    learning_rate        | 0.000241     |
|    loss                 | -0.00428     |
|    n_updates            | 6870         |
|    policy_gradient_loss | -0.00146     |
|    value_loss           | 0.000135     |
------------------------------------------
------------------------------------------
| rollout/                |              |
|    ep_len_mean          | 4.34e+04     |
|    ep_rew_mean          | 1.97         |
| time/                   |              |
|    fps                  | 10564        |
|    iterations           | 689          |
|    time_elapsed         | 1869         |
|    total_timesteps      | 19755008     |
| train/                  |              |
|    approx_kl            | 0.0006850819 |
|    clip_fraction        | 0.00471      |
|    clip_range           | 0.2          |
|    entropy_loss         | -0.0293      |
|    explained_variance   | 0.65         |
|    learning_rate        | 0.000241     |
|    loss                 | 0.000997     |
|    n_updates            | 6880         |
|    policy_gradient_loss | -0.000838    |
|    value_loss           | 6.84e-05     |
------------------------------------------
-------------------------------------------
| rollout/                |               |
|    ep_len_mean          | 4.34e+04      |
|    ep_rew_mean          | 1.97          |
| time/                   |               |
|    fps                  | 10569         |
|    iterations           | 690           |
|    time_elapsed         | 1871          |
|    total_timesteps      | 19783680      |
| train/                  |               |
|    approx_kl            | 0.00063846674 |
|    clip_fraction        | 0.00636       |
|    clip_range           | 0.2           |
|    entropy_loss         | -0.0327       |
|    explained_variance   | 0.374         |
|    learning_rate        | 0.000241      |
|    loss                 | -0.002        |
|    n_updates            | 6890          |
|    policy_gradient_loss | -0.00132      |
|    value_loss           | 0.000151      |
-------------------------------------------
-----------------------------------------
| rollout/                |             |
|    ep_len_mean          | 4.34e+04    |
|    ep_rew_mean          | 1.97        |
| time/                   |             |
|    fps                  | 10573       |
|    iterations           | 691         |
|    time_elapsed         | 1873        |
|    total_timesteps      | 19812352    |
| train/                  |             |
|    approx_kl            | 0.000928277 |
|    clip_fraction        | 0.0068      |
|    clip_range           | 0.2         |
|    entropy_loss         | -0.0381     |
|    explained_variance   | 0.5         |
|    learning_rate        | 0.000241    |
|    loss                 | -8.55e-05   |
|    n_updates            | 6900        |
|    policy_gradient_loss | -0.00115    |
|    value_loss           | 0.000125    |
-----------------------------------------
------------------------------------------
| rollout/                |              |
|    ep_len_mean          | 4.34e+04     |
|    ep_rew_mean          | 1.97         |
| time/                   |              |
|    fps                  | 10577        |
|    iterations           | 692          |
|    time_elapsed         | 1875         |
|    total_timesteps      | 19841024     |
| train/                  |              |
|    approx_kl            | 0.0007734809 |
|    clip_fraction        | 0.00705      |
|    clip_range           | 0.2          |
|    entropy_loss         | -0.0396      |
|    explained_variance   | 0.591        |
|    learning_rate        | 0.000241     |
|    loss                 | -0.00457     |
|    n_updates            | 6910         |
|    policy_gradient_loss | -0.00137     |
|    value_loss           | 0.000124     |
------------------------------------------
------------------------------------------
| rollout/                |              |
|    ep_len_mean          | 4.34e+04     |
|    ep_rew_mean          | 1.97         |
| time/                   |              |
|    fps                  | 10580        |
|    iterations           | 693          |
|    time_elapsed         | 1877         |
|    total_timesteps      | 19869696     |
| train/                  |              |
|    approx_kl            | 0.0005201393 |
|    clip_fraction        | 0.00495      |
|    clip_range           | 0.2          |
|    entropy_loss         | -0.033       |
|    explained_variance   | 0.498        |
|    learning_rate        | 0.00024      |
|    loss                 | -0.00105     |
|    n_updates            | 6920         |
|    policy_gradient_loss | -0.000654    |
|    value_loss           | 0.000163     |
------------------------------------------
------------------------------------------
| rollout/                |              |
|    ep_len_mean          | 4.34e+04     |
|    ep_rew_mean          | 1.97         |
| time/                   |              |
|    fps                  | 10584        |
|    iterations           | 694          |
|    time_elapsed         | 1879         |
|    total_timesteps      | 19898368     |
| train/                  |              |
|    approx_kl            | 0.0006033336 |
|    clip_fraction        | 0.00506      |
|    clip_range           | 0.2          |
|    entropy_loss         | -0.0354      |
|    explained_variance   | 0.562        |
|    learning_rate        | 0.00024      |
|    loss                 | -0.0026      |
|    n_updates            | 6930         |
|    policy_gradient_loss | -0.000726    |
|    value_loss           | 0.000121     |
------------------------------------------
------------------------------------------
| rollout/                |              |
|    ep_len_mean          | 4.34e+04     |
|    ep_rew_mean          | 1.97         |
| time/                   |              |
|    fps                  | 10588        |
|    iterations           | 695          |
|    time_elapsed         | 1881         |
|    total_timesteps      | 19927040     |
| train/                  |              |
|    approx_kl            | 0.0009127307 |
|    clip_fraction        | 0.00701      |
|    clip_range           | 0.2          |
|    entropy_loss         | -0.0397      |
|    explained_variance   | 0.348        |
|    learning_rate        | 0.00024      |
|    loss                 | -0.00551     |
|    n_updates            | 6940         |
|    policy_gradient_loss | -0.00127     |
|    value_loss           | 0.000177     |
------------------------------------------
-------------------------------------------
| rollout/                |               |
|    ep_len_mean          | 4.34e+04      |
|    ep_rew_mean          | 1.97          |
| time/                   |               |
|    fps                  | 10592         |
|    iterations           | 696           |
|    time_elapsed         | 1883          |
|    total_timesteps      | 19955712      |
| train/                  |               |
|    approx_kl            | 0.00097116875 |
|    clip_fraction        | 0.00817       |
|    clip_range           | 0.2           |
|    entropy_loss         | -0.0374       |
|    explained_variance   | 0.472         |
|    learning_rate        | 0.00024       |
|    loss                 | 3.11e-05      |
|    n_updates            | 6950          |
|    policy_gradient_loss | -0.0011       |
|    value_loss           | 0.000133      |
-------------------------------------------
------------------------------------------
| rollout/                |              |
|    ep_len_mean          | 4.34e+04     |
|    ep_rew_mean          | 1.97         |
| time/                   |              |
|    fps                  | 10596        |
|    iterations           | 697          |
|    time_elapsed         | 1885         |
|    total_timesteps      | 19984384     |
| train/                  |              |
|    approx_kl            | 0.0004484563 |
|    clip_fraction        | 0.00503      |
|    clip_range           | 0.2          |
|    entropy_loss         | -0.0286      |
|    explained_variance   | 0.543        |
|    learning_rate        | 0.00024      |
|    loss                 | -0.00102     |
|    n_updates            | 6960         |
|    policy_gradient_loss | -0.000994    |
|    value_loss           | 8.92e-05     |
------------------------------------------
------------------------------------------------------
| rollout/                           |               |
|    ep_len_mean                     | 4.34e+04      |
|    ep_rew_mean                     | 1.96          |
| time/                              |               |
|    fps                             | 10523         |
|    iterations                      | 698           |
|    time_elapsed                    | 1901          |
|    total_timesteps                 | 20013056      |
| train/                             |               |
|    approx_kl                       | 0.00092912384 |
|    clip_fraction                   | 0.007         |
|    clip_range                      | 0.2           |
|    entropy_loss                    | -0.0399       |
|    explained_variance              | 0.461         |
|    learning_rate                   | 0.00024       |
|    loss                            | -0.00224      |
|    n_updates                       | 6970          |
|    policy_gradient_loss            | -0.0013       |
|    value_loss                      | 0.000107      |
| valid/                             |               |
|    BTC-USDT-SWAP/compound_mdd_pct  | 99.2          |
|    BTC-USDT-SWAP/compound_multiple | 0.0242        |
|    BTC-USDT-SWAP/max_single_loss   | -34.3         |
|    BTC-USDT-SWAP/max_upnl          | 0.333         |
|    BTC-USDT-SWAP/near_liq_n        | 0             |
|    BTC-USDT-SWAP/near_liq_pct      | 0             |
|    BTC-USDT-SWAP/pnl_std           | 3.78          |
|    BTC-USDT-SWAP/sel_monthly_log   | -0.761        |
|    BTC-USDT-SWAP/total_pnl         | -91.5         |
|    BTC-USDT-SWAP/trades            | 3936          |
|    BTC-USDT-SWAP/trades_per_month  | 333           |
|    BTC-USDT-SWAP/v9_kpi            | -1.23         |
|    BTC-USDT-SWAP/v9_kpi_z_mdd      | -1.72         |
|    BTC-USDT-SWAP/v9_kpi_z_msl      | -0.36         |
|    BTC-USDT-SWAP/v9_kpi_z_sel      | -1.52         |
|    BTC-USDT-SWAP/win_rate          | 0.471         |
|    ETH-USDT-SWAP/compound_mdd_pct  | 88.4          |
|    ETH-USDT-SWAP/compound_multiple | 2.63e+07      |
|    ETH-USDT-SWAP/max_single_loss   | -75.5         |
|    ETH-USDT-SWAP/max_upnl          | 0.393         |
|    ETH-USDT-SWAP/near_liq_n        | 0             |
|    ETH-USDT-SWAP/near_liq_pct      | 0             |
|    ETH-USDT-SWAP/pnl_std           | 5.21          |
|    ETH-USDT-SWAP/total_pnl         | 2.28e+03      |
|    ETH-USDT-SWAP/trades            | 3900          |
|    ETH-USDT-SWAP/trades_per_month  | 330           |
|    ETH-USDT-SWAP/win_rate          | 0.505         |
------------------------------------------------------
------------------------------------------
| rollout/                |              |
|    ep_len_mean          | 4.34e+04     |
|    ep_rew_mean          | 1.95         |
| time/                   |              |
|    fps                  | 10527        |
|    iterations           | 699          |
|    time_elapsed         | 1903         |
|    total_timesteps      | 20041728     |
| train/                  |              |
|    approx_kl            | 0.0017444054 |
|    clip_fraction        | 0.0116       |
|    clip_range           | 0.2          |
|    entropy_loss         | -0.0507      |
|    explained_variance   | 0.281        |
|    learning_rate        | 0.00024      |
|    loss                 | 0.000164     |
|    n_updates            | 6980         |
|    policy_gradient_loss | -0.00211     |
|    value_loss           | 0.000282     |
------------------------------------------
-------------------------------------------
| rollout/                |               |
|    ep_len_mean          | 4.34e+04      |
|    ep_rew_mean          | 1.96          |
| time/                   |               |
|    fps                  | 10531         |
|    iterations           | 700           |
|    time_elapsed         | 1905          |
|    total_timesteps      | 20070400      |
| train/                  |               |
|    approx_kl            | 0.00080063223 |
|    clip_fraction        | 0.0057        |
|    clip_range           | 0.2           |
|    entropy_loss         | -0.0357       |
|    explained_variance   | 0.415         |
|    learning_rate        | 0.00024       |
|    loss                 | -0.00225      |
|    n_updates            | 6990          |
|    policy_gradient_loss | -0.00125      |
|    value_loss           | 0.000125      |
-------------------------------------------
------------------------------------------
| rollout/                |              |
|    ep_len_mean          | 4.34e+04     |
|    ep_rew_mean          | 1.96         |
| time/                   |              |
|    fps                  | 10536        |
|    iterations           | 701          |
|    time_elapsed         | 1907         |
|    total_timesteps      | 20099072     |
| train/                  |              |
|    approx_kl            | 0.0009474596 |
|    clip_fraction        | 0.00779      |
|    clip_range           | 0.2          |
|    entropy_loss         | -0.047       |
|    explained_variance   | 0.329        |
|    learning_rate        | 0.00024      |
|    loss                 | -0.00147     |
|    n_updates            | 7000         |
|    policy_gradient_loss | -0.00124     |
|    value_loss           | 0.000164     |
------------------------------------------
------------------------------------------
| rollout/                |              |
|    ep_len_mean          | 4.34e+04     |
|    ep_rew_mean          | 1.96         |
| time/                   |              |
|    fps                  | 10540        |
|    iterations           | 702          |
|    time_elapsed         | 1909         |
|    total_timesteps      | 20127744     |
| train/                  |              |
|    approx_kl            | 0.0006152442 |
|    clip_fraction        | 0.00616      |
|    clip_range           | 0.2          |
|    entropy_loss         | -0.042       |
|    explained_variance   | 0.249        |
|    learning_rate        | 0.00024      |
|    loss                 | -0.00206     |
|    n_updates            | 7010         |
|    policy_gradient_loss | -0.00099     |
|    value_loss           | 0.000164     |
------------------------------------------
------------------------------------------
| rollout/                |              |
|    ep_len_mean          | 4.34e+04     |
|    ep_rew_mean          | 1.96         |
| time/                   |              |
|    fps                  | 10544        |
|    iterations           | 703          |
|    time_elapsed         | 1911         |
|    total_timesteps      | 20156416     |
| train/                  |              |
|    approx_kl            | 0.0010094137 |
|    clip_fraction        | 0.00887      |
|    clip_range           | 0.2          |
|    entropy_loss         | -0.049       |
|    explained_variance   | 0.309        |
|    learning_rate        | 0.00024      |
|    loss                 | 0.0019       |
|    n_updates            | 7020         |
|    policy_gradient_loss | -0.0016      |
|    value_loss           | 0.00016      |
------------------------------------------
------------------------------------------
| rollout/                |              |
|    ep_len_mean          | 4.34e+04     |
|    ep_rew_mean          | 1.96         |
| time/                   |              |
|    fps                  | 10547        |
|    iterations           | 704          |
|    time_elapsed         | 1913         |
|    total_timesteps      | 20185088     |
| train/                  |              |
|    approx_kl            | 0.0010233244 |
|    clip_fraction        | 0.0102       |
|    clip_range           | 0.2          |
|    entropy_loss         | -0.0512      |
|    explained_variance   | 0.203        |
|    learning_rate        | 0.00024      |
|    loss                 | -0.000239    |
|    n_updates            | 7030         |
|    policy_gradient_loss | -0.00145     |
|    value_loss           | 0.000273     |
------------------------------------------
------------------------------------------
| rollout/                |              |
|    ep_len_mean          | 4.34e+04     |
|    ep_rew_mean          | 1.96         |
| time/                   |              |
|    fps                  | 10551        |
|    iterations           | 705          |
|    time_elapsed         | 1915         |
|    total_timesteps      | 20213760     |
| train/                  |              |
|    approx_kl            | 0.0010794096 |
|    clip_fraction        | 0.00876      |
|    clip_range           | 0.2          |
|    entropy_loss         | -0.0519      |
|    explained_variance   | 0.422        |
|    learning_rate        | 0.000239     |
|    loss                 | -0.00427     |
|    n_updates            | 7040         |
|    policy_gradient_loss | -0.00173     |
|    value_loss           | 0.00043      |
------------------------------------------
-------------------------------------------
| rollout/                |               |
|    ep_len_mean          | 4.34e+04      |
|    ep_rew_mean          | 1.96          |
| time/                   |               |
|    fps                  | 10555         |
|    iterations           | 706           |
|    time_elapsed         | 1917          |
|    total_timesteps      | 20242432      |
| train/                  |               |
|    approx_kl            | 0.00074925116 |
|    clip_fraction        | 0.00605       |
|    clip_range           | 0.2           |
|    entropy_loss         | -0.0437       |
|    explained_variance   | 0.426         |
|    learning_rate        | 0.000239      |
|    loss                 | -0.00218      |
|    n_updates            | 7050          |
|    policy_gradient_loss | -0.0013       |
|    value_loss           | 0.000202      |
-------------------------------------------
------------------------------------------
| rollout/                |              |
|    ep_len_mean          | 4.34e+04     |
|    ep_rew_mean          | 1.96         |
| time/                   |              |
|    fps                  | 10559        |
|    iterations           | 707          |
|    time_elapsed         | 1919         |
|    total_timesteps      | 20271104     |
| train/                  |              |
|    approx_kl            | 0.0007830011 |
|    clip_fraction        | 0.00635      |
|    clip_range           | 0.2          |
|    entropy_loss         | -0.0388      |
|    explained_variance   | 0.36         |
|    learning_rate        | 0.000239     |
|    loss                 | -0.000297    |
|    n_updates            | 7060         |
|    policy_gradient_loss | -0.00131     |
|    value_loss           | 0.000179     |
------------------------------------------
-------------------------------------------
| rollout/                |               |
|    ep_len_mean          | 4.34e+04      |
|    ep_rew_mean          | 1.96          |
| time/                   |               |
|    fps                  | 10563         |
|    iterations           | 708           |
|    time_elapsed         | 1921          |
|    total_timesteps      | 20299776      |
| train/                  |               |
|    approx_kl            | 0.00088410673 |
|    clip_fraction        | 0.00823       |
|    clip_range           | 0.2           |
|    entropy_loss         | -0.0396       |
|    explained_variance   | 0.436         |
|    learning_rate        | 0.000239      |
|    loss                 | -0.00122      |
|    n_updates            | 7070          |
|    policy_gradient_loss | -0.0013       |
|    value_loss           | 0.000182      |
-------------------------------------------
------------------------------------------
| rollout/                |              |
|    ep_len_mean          | 4.34e+04     |
|    ep_rew_mean          | 1.96         |
| time/                   |              |
|    fps                  | 10567        |
|    iterations           | 709          |
|    time_elapsed         | 1923         |
|    total_timesteps      | 20328448     |
| train/                  |              |
|    approx_kl            | 0.0013363159 |
|    clip_fraction        | 0.0112       |
|    clip_range           | 0.2          |
|    entropy_loss         | -0.0549      |
|    explained_variance   | 0.263        |
|    learning_rate        | 0.000239     |
|    loss                 | -0.00585     |
|    n_updates            | 7080         |
|    policy_gradient_loss | -0.0018      |
|    value_loss           | 0.000278     |
------------------------------------------
------------------------------------------
| rollout/                |              |
|    ep_len_mean          | 4.34e+04     |
|    ep_rew_mean          | 1.96         |
| time/                   |              |
|    fps                  | 10571        |
|    iterations           | 710          |
|    time_elapsed         | 1925         |
|    total_timesteps      | 20357120     |
| train/                  |              |
|    approx_kl            | 0.0010547991 |
|    clip_fraction        | 0.0097       |
|    clip_range           | 0.2          |
|    entropy_loss         | -0.0469      |
|    explained_variance   | 0.356        |
|    learning_rate        | 0.000239     |
|    loss                 | -0.000698    |
|    n_updates            | 7090         |
|    policy_gradient_loss | -0.00212     |
|    value_loss           | 0.000211     |
------------------------------------------
------------------------------------------
| rollout/                |              |
|    ep_len_mean          | 4.34e+04     |
|    ep_rew_mean          | 1.96         |
| time/                   |              |
|    fps                  | 10574        |
|    iterations           | 711          |
|    time_elapsed         | 1927         |
|    total_timesteps      | 20385792     |
| train/                  |              |
|    approx_kl            | 0.0009048569 |
|    clip_fraction        | 0.00843      |
|    clip_range           | 0.2          |
|    entropy_loss         | -0.0437      |
|    explained_variance   | 0.485        |
|    learning_rate        | 0.000239     |
|    loss                 | -0.00167     |
|    n_updates            | 7100         |
|    policy_gradient_loss | -0.00136     |
|    value_loss           | 0.000177     |
------------------------------------------
------------------------------------------
| rollout/                |              |
|    ep_len_mean          | 4.34e+04     |
|    ep_rew_mean          | 1.96         |
| time/                   |              |
|    fps                  | 10578        |
|    iterations           | 712          |
|    time_elapsed         | 1929         |
|    total_timesteps      | 20414464     |
| train/                  |              |
|    approx_kl            | 0.0009381569 |
|    clip_fraction        | 0.00796      |
|    clip_range           | 0.2          |
|    entropy_loss         | -0.0426      |
|    explained_variance   | 0.317        |
|    learning_rate        | 0.000239     |
|    loss                 | -0.00149     |
|    n_updates            | 7110         |
|    policy_gradient_loss | -0.00158     |
|    value_loss           | 0.000233     |
------------------------------------------
------------------------------------------
| rollout/                |              |
|    ep_len_mean          | 4.34e+04     |
|    ep_rew_mean          | 1.96         |
| time/                   |              |
|    fps                  | 10582        |
|    iterations           | 713          |
|    time_elapsed         | 1931         |
|    total_timesteps      | 20443136     |
| train/                  |              |
|    approx_kl            | 0.0015625091 |
|    clip_fraction        | 0.0114       |
|    clip_range           | 0.2          |
|    entropy_loss         | -0.054       |
|    explained_variance   | 0.31         |
|    learning_rate        | 0.000239     |
|    loss                 | -0.0037      |
|    n_updates            | 7120         |
|    policy_gradient_loss | -0.00164     |
|    value_loss           | 0.00025      |
------------------------------------------
------------------------------------------
| rollout/                |              |
|    ep_len_mean          | 4.34e+04     |
|    ep_rew_mean          | 1.96         |
| time/                   |              |
|    fps                  | 10586        |
|    iterations           | 714          |
|    time_elapsed         | 1933         |
|    total_timesteps      | 20471808     |
| train/                  |              |
|    approx_kl            | 0.0014292273 |
|    clip_fraction        | 0.00766      |
|    clip_range           | 0.2          |
|    entropy_loss         | -0.0519      |
|    explained_variance   | 0.327        |
|    learning_rate        | 0.000239     |
|    loss                 | -0.00395     |
|    n_updates            | 7130         |
|    policy_gradient_loss | -0.00121     |
|    value_loss           | 0.000193     |
------------------------------------------
------------------------------------------------------
| rollout/                           |               |
|    ep_len_mean                     | 4.34e+04      |
|    ep_rew_mean                     | 1.96          |
| time/                              |               |
|    fps                             | 10516         |
|    iterations                      | 715           |
|    time_elapsed                    | 1949          |
|    total_timesteps                 | 20500480      |
| train/                             |               |
|    approx_kl                       | 0.00086551654 |
|    clip_fraction                   | 0.00876       |
|    clip_range                      | 0.2           |
|    entropy_loss                    | -0.048        |
|    explained_variance              | 0.325         |
|    learning_rate                   | 0.000239      |
|    loss                            | -7.73e-05     |
|    n_updates                       | 7140          |
|    policy_gradient_loss            | -0.00114      |
|    value_loss                      | 0.000193      |
| valid/                             |               |
|    BTC-USDT-SWAP/compound_mdd_pct  | 85.5          |
|    BTC-USDT-SWAP/compound_multiple | 29            |
|    BTC-USDT-SWAP/max_single_loss   | -48.5         |
|    BTC-USDT-SWAP/max_upnl          | 0.309         |
|    BTC-USDT-SWAP/near_liq_n        | 0             |
|    BTC-USDT-SWAP/near_liq_pct      | 0             |
|    BTC-USDT-SWAP/pnl_std           | 3.96          |
|    BTC-USDT-SWAP/sel_monthly_log   | -0.359        |
|    BTC-USDT-SWAP/total_pnl         | 621           |
|    BTC-USDT-SWAP/trades            | 3593          |
|    BTC-USDT-SWAP/trades_per_month  | 304           |
|    BTC-USDT-SWAP/v9_kpi            | -1.02         |
|    BTC-USDT-SWAP/v9_kpi_z_mdd      | -0.911        |
|    BTC-USDT-SWAP/v9_kpi_z_msl      | -1.54         |
|    BTC-USDT-SWAP/v9_kpi_z_sel      | -0.718        |
|    BTC-USDT-SWAP/win_rate          | 0.499         |
|    ETH-USDT-SWAP/compound_mdd_pct  | 86.6          |
|    ETH-USDT-SWAP/compound_multiple | 1.2e+11       |
|    ETH-USDT-SWAP/max_single_loss   | -75.5         |
|    ETH-USDT-SWAP/max_upnl          | 0.504         |
|    ETH-USDT-SWAP/near_liq_n        | 0             |
|    ETH-USDT-SWAP/near_liq_pct      | 0             |
|    ETH-USDT-SWAP/pnl_std           | 5.59          |
|    ETH-USDT-SWAP/total_pnl         | 3.12e+03      |
|    ETH-USDT-SWAP/trades            | 3420          |
|    ETH-USDT-SWAP/trades_per_month  | 289           |
|    ETH-USDT-SWAP/win_rate          | 0.542         |
------------------------------------------------------
------------------------------------------
| rollout/                |              |
|    ep_len_mean          | 4.34e+04     |
|    ep_rew_mean          | 1.96         |
| time/                   |              |
|    fps                  | 10519        |
|    iterations           | 716          |
|    time_elapsed         | 1951         |
|    total_timesteps      | 20529152     |
| train/                  |              |
|    approx_kl            | 0.0009948118 |
|    clip_fraction        | 0.00802      |
|    clip_range           | 0.2          |
|    entropy_loss         | -0.0534      |
|    explained_variance   | 0.278        |
|    learning_rate        | 0.000238     |
|    loss                 | -0.000494    |
|    n_updates            | 7150         |
|    policy_gradient_loss | -0.00127     |
|    value_loss           | 0.000196     |
------------------------------------------
------------------------------------------
| rollout/                |              |
|    ep_len_mean          | 4.34e+04     |
|    ep_rew_mean          | 1.96         |
| time/                   |              |
|    fps                  | 10523        |
|    iterations           | 717          |
|    time_elapsed         | 1953         |
|    total_timesteps      | 20557824     |
| train/                  |              |
|    approx_kl            | 0.0010243236 |
|    clip_fraction        | 0.0082       |
|    clip_range           | 0.2          |
|    entropy_loss         | -0.0519      |
|    explained_variance   | 0.342        |
|    learning_rate        | 0.000238     |
|    loss                 | -0.00049     |
|    n_updates            | 7160         |
|    policy_gradient_loss | -0.0012      |
|    value_loss           | 0.00016      |
------------------------------------------
------------------------------------------
| rollout/                |              |
|    ep_len_mean          | 4.34e+04     |
|    ep_rew_mean          | 1.96         |
| time/                   |              |
|    fps                  | 10527        |
|    iterations           | 718          |
|    time_elapsed         | 1955         |
|    total_timesteps      | 20586496     |
| train/                  |              |
|    approx_kl            | 0.0008710567 |
|    clip_fraction        | 0.00864      |
|    clip_range           | 0.2          |
|    entropy_loss         | -0.0573      |
|    explained_variance   | 0.391        |
|    learning_rate        | 0.000238     |
|    loss                 | -0.00104     |
|    n_updates            | 7170         |
|    policy_gradient_loss | -0.000904    |
|    value_loss           | 0.000181     |
------------------------------------------
-----------------------------------------
| rollout/                |             |
|    ep_len_mean          | 4.34e+04    |
|    ep_rew_mean          | 1.91        |
| time/                   |             |
|    fps                  | 10531       |
|    iterations           | 719         |
|    time_elapsed         | 1957        |
|    total_timesteps      | 20615168    |
| train/                  |             |
|    approx_kl            | 0.001193596 |
|    clip_fraction        | 0.00852     |
|    clip_range           | 0.2         |
|    entropy_loss         | -0.0452     |
|    explained_variance   | 0.382       |
|    learning_rate        | 0.000238    |
|    loss                 | -0.00283    |
|    n_updates            | 7180        |
|    policy_gradient_loss | -0.00126    |
|    value_loss           | 0.00016     |
-----------------------------------------
-------------------------------------------
| rollout/                |               |
|    ep_len_mean          | 4.34e+04      |
|    ep_rew_mean          | 1.87          |
| time/                   |               |
|    fps                  | 10535         |
|    iterations           | 720           |
|    time_elapsed         | 1959          |
|    total_timesteps      | 20643840      |
| train/                  |               |
|    approx_kl            | 0.00069162995 |
|    clip_fraction        | 0.00652       |
|    clip_range           | 0.2           |
|    entropy_loss         | -0.037        |
|    explained_variance   | 0.513         |
|    learning_rate        | 0.000238      |
|    loss                 | -0.00223      |
|    n_updates            | 7190          |
|    policy_gradient_loss | -0.000941     |
|    value_loss           | 0.000107      |
-------------------------------------------
-------------------------------------------
| rollout/                |               |
|    ep_len_mean          | 4.34e+04      |
|    ep_rew_mean          | 1.88          |
| time/                   |               |
|    fps                  | 10539         |
|    iterations           | 721           |
|    time_elapsed         | 1961          |
|    total_timesteps      | 20672512      |
| train/                  |               |
|    approx_kl            | 0.00076091476 |
|    clip_fraction        | 0.00819       |
|    clip_range           | 0.2           |
|    entropy_loss         | -0.0404       |
|    explained_variance   | 0.495         |
|    learning_rate        | 0.000238      |
|    loss                 | -0.00202      |
|    n_updates            | 7200          |
|    policy_gradient_loss | -0.00121      |
|    value_loss           | 0.000122      |
-------------------------------------------
------------------------------------------
| rollout/                |              |
|    ep_len_mean          | 4.34e+04     |
|    ep_rew_mean          | 1.88         |
| time/                   |              |
|    fps                  | 10543        |
|    iterations           | 722          |
|    time_elapsed         | 1963         |
|    total_timesteps      | 20701184     |
| train/                  |              |
|    approx_kl            | 0.0006993428 |
|    clip_fraction        | 0.0079       |
|    clip_range           | 0.2          |
|    entropy_loss         | -0.0358      |
|    explained_variance   | 0.52         |
|    learning_rate        | 0.000238     |
|    loss                 | -0.00348     |
|    n_updates            | 7210         |
|    policy_gradient_loss | -0.00147     |
|    value_loss           | 0.000132     |
------------------------------------------
------------------------------------------
| rollout/                |              |
|    ep_len_mean          | 4.34e+04     |
|    ep_rew_mean          | 1.88         |
| time/                   |              |
|    fps                  | 10547        |
|    iterations           | 723          |
|    time_elapsed         | 1965         |
|    total_timesteps      | 20729856     |
| train/                  |              |
|    approx_kl            | 0.0008140598 |
|    clip_fraction        | 0.00695      |
|    clip_range           | 0.2          |
|    entropy_loss         | -0.0358      |
|    explained_variance   | 0.546        |
|    learning_rate        | 0.000238     |
|    loss                 | -0.00197     |
|    n_updates            | 7220         |
|    policy_gradient_loss | -0.00114     |
|    value_loss           | 0.000126     |
------------------------------------------
-------------------------------------------
| rollout/                |               |
|    ep_len_mean          | 4.34e+04      |
|    ep_rew_mean          | 1.88          |
| time/                   |               |
|    fps                  | 10551         |
|    iterations           | 724           |
|    time_elapsed         | 1967          |
|    total_timesteps      | 20758528      |
| train/                  |               |
|    approx_kl            | 0.00086325634 |
|    clip_fraction        | 0.00743       |
|    clip_range           | 0.2           |
|    entropy_loss         | -0.0439       |
|    explained_variance   | 0.457         |
|    learning_rate        | 0.000238      |
|    loss                 | 0.000152      |
|    n_updates            | 7230          |
|    policy_gradient_loss | -0.000923     |
|    value_loss           | 0.000222      |
-------------------------------------------
------------------------------------------
| rollout/                |              |
|    ep_len_mean          | 4.34e+04     |
|    ep_rew_mean          | 1.88         |
| time/                   |              |
|    fps                  | 10554        |
|    iterations           | 725          |
|    time_elapsed         | 1969         |
|    total_timesteps      | 20787200     |
| train/                  |              |
|    approx_kl            | 0.0007889363 |
|    clip_fraction        | 0.00725      |
|    clip_range           | 0.2          |
|    entropy_loss         | -0.0419      |
|    explained_variance   | 0.348        |
|    learning_rate        | 0.000238     |
|    loss                 | -0.00421     |
|    n_updates            | 7240         |
|    policy_gradient_loss | -0.00125     |
|    value_loss           | 0.000231     |
------------------------------------------
------------------------------------------
| rollout/                |              |
|    ep_len_mean          | 4.34e+04     |
|    ep_rew_mean          | 1.88         |
| time/                   |              |
|    fps                  | 10558        |
|    iterations           | 726          |
|    time_elapsed         | 1971         |
|    total_timesteps      | 20815872     |
| train/                  |              |
|    approx_kl            | 0.0007634594 |
|    clip_fraction        | 0.00672      |
|    clip_range           | 0.2          |
|    entropy_loss         | -0.0383      |
|    explained_variance   | 0.491        |
|    learning_rate        | 0.000238     |
|    loss                 | -0.00364     |
|    n_updates            | 7250         |
|    policy_gradient_loss | -0.00124     |
|    value_loss           | 0.000168     |
------------------------------------------
-------------------------------------------
| rollout/                |               |
|    ep_len_mean          | 4.34e+04      |
|    ep_rew_mean          | 1.88          |
| time/                   |               |
|    fps                  | 10562         |
|    iterations           | 727           |
|    time_elapsed         | 1973          |
|    total_timesteps      | 20844544      |
| train/                  |               |
|    approx_kl            | 0.00073327037 |
|    clip_fraction        | 0.00627       |
|    clip_range           | 0.2           |
|    entropy_loss         | -0.035        |
|    explained_variance   | 0.434         |
|    learning_rate        | 0.000238      |
|    loss                 | -0.00496      |
|    n_updates            | 7260          |
|    policy_gradient_loss | -0.00132      |
|    value_loss           | 0.000179      |
-------------------------------------------
-----------------------------------------
| rollout/                |             |
|    ep_len_mean          | 4.34e+04    |
|    ep_rew_mean          | 1.88        |
| time/                   |             |
|    fps                  | 10566       |
|    iterations           | 728         |
|    time_elapsed         | 1975        |
|    total_timesteps      | 20873216    |
| train/                  |             |
|    approx_kl            | 0.001368259 |
|    clip_fraction        | 0.00662     |
|    clip_range           | 0.2         |
|    entropy_loss         | -0.036      |
|    explained_variance   | 0.484       |
|    learning_rate        | 0.000237    |
|    loss                 | -0.00075    |
|    n_updates            | 7270        |
|    policy_gradient_loss | -0.000947   |
|    value_loss           | 0.000168    |
-----------------------------------------
------------------------------------------
| rollout/                |              |
|    ep_len_mean          | 4.34e+04     |
|    ep_rew_mean          | 1.88         |
| time/                   |              |
|    fps                  | 10569        |
|    iterations           | 729          |
|    time_elapsed         | 1977         |
|    total_timesteps      | 20901888     |
| train/                  |              |
|    approx_kl            | 0.0008775398 |
|    clip_fraction        | 0.00663      |
|    clip_range           | 0.2          |
|    entropy_loss         | -0.0323      |
|    explained_variance   | 0.461        |
|    learning_rate        | 0.000237     |
|    loss                 | -0.00429     |
|    n_updates            | 7280         |
|    policy_gradient_loss | -0.00107     |
|    value_loss           | 0.000135     |
------------------------------------------
-------------------------------------------
| rollout/                |               |
|    ep_len_mean          | 4.34e+04      |
|    ep_rew_mean          | 1.88          |
| time/                   |               |
|    fps                  | 10573         |
|    iterations           | 730           |
|    time_elapsed         | 1979          |
|    total_timesteps      | 20930560      |
| train/                  |               |
|    approx_kl            | 0.00036816442 |
|    clip_fraction        | 0.00365       |
|    clip_range           | 0.2           |
|    entropy_loss         | -0.0311       |
|    explained_variance   | 0.498         |
|    learning_rate        | 0.000237      |
|    loss                 | -0.00197      |
|    n_updates            | 7290          |
|    policy_gradient_loss | -0.000502     |
|    value_loss           | 0.000103      |
-------------------------------------------
------------------------------------------
| rollout/                |              |
|    ep_len_mean          | 4.34e+04     |
|    ep_rew_mean          | 1.88         |
| time/                   |              |
|    fps                  | 10577        |
|    iterations           | 731          |
|    time_elapsed         | 1981         |
|    total_timesteps      | 20959232     |
| train/                  |              |
|    approx_kl            | 0.0010137854 |
|    clip_fraction        | 0.00675      |
|    clip_range           | 0.2          |
|    entropy_loss         | -0.028       |
|    explained_variance   | 0.551        |
|    learning_rate        | 0.000237     |
|    loss                 | -0.00361     |
|    n_updates            | 7300         |
|    policy_gradient_loss | -0.00162     |
|    value_loss           | 0.000129     |
------------------------------------------
------------------------------------------
| rollout/                |              |
|    ep_len_mean          | 4.34e+04     |
|    ep_rew_mean          | 1.88         |
| time/                   |              |
|    fps                  | 10581        |
|    iterations           | 732          |
|    time_elapsed         | 1983         |
|    total_timesteps      | 20987904     |
| train/                  |              |
|    approx_kl            | 0.0008090216 |
|    clip_fraction        | 0.00581      |
|    clip_range           | 0.2          |
|    entropy_loss         | -0.0362      |
|    explained_variance   | 0.431        |
|    learning_rate        | 0.000237     |
|    loss                 | -0.00104     |
|    n_updates            | 7310         |
|    policy_gradient_loss | -0.001       |
|    value_loss           | 0.000125     |
------------------------------------------
-----------------------------------------------------
| rollout/                           |              |
|    ep_len_mean                     | 4.34e+04     |
|    ep_rew_mean                     | 1.88         |
| time/                              |              |
|    fps                             | 10512        |
|    iterations                      | 733          |
|    time_elapsed                    | 1999         |
|    total_timesteps                 | 21016576     |
| train/                             |              |
|    approx_kl                       | 0.0011650322 |
|    clip_fraction                   | 0.00932      |
|    clip_range                      | 0.2          |
|    entropy_loss                    | -0.0417      |
|    explained_variance              | 0.456        |
|    learning_rate                   | 0.000237     |
|    loss                            | -0.00142     |
|    n_updates                       | 7320         |
|    policy_gradient_loss            | -0.00126     |
|    value_loss                      | 0.000112     |
| valid/                             |              |
|    BTC-USDT-SWAP/compound_mdd_pct  | 92.6         |
|    BTC-USDT-SWAP/compound_multiple | 5.45         |
|    BTC-USDT-SWAP/max_single_loss   | -48.5        |
|    BTC-USDT-SWAP/max_upnl          | 0.489        |
|    BTC-USDT-SWAP/near_liq_n        | 0            |
|    BTC-USDT-SWAP/near_liq_pct      | 0            |
|    BTC-USDT-SWAP/pnl_std           | 4.1          |
|    BTC-USDT-SWAP/sel_monthly_log   | -0.7         |
|    BTC-USDT-SWAP/total_pnl         | 464          |
|    BTC-USDT-SWAP/trades            | 3485         |
|    BTC-USDT-SWAP/trades_per_month  | 295          |
|    BTC-USDT-SWAP/v9_kpi            | -1.42        |
|    BTC-USDT-SWAP/v9_kpi_z_mdd      | -1.33        |
|    BTC-USDT-SWAP/v9_kpi_z_msl      | -1.54        |
|    BTC-USDT-SWAP/v9_kpi_z_sel      | -1.4         |
|    BTC-USDT-SWAP/win_rate          | 0.484        |
|    ETH-USDT-SWAP/compound_mdd_pct  | 100          |
|    ETH-USDT-SWAP/compound_multiple | 0            |
|    ETH-USDT-SWAP/max_single_loss   | -100         |
|    ETH-USDT-SWAP/max_upnl          | 0.431        |
|    ETH-USDT-SWAP/near_liq_n        | 1            |
|    ETH-USDT-SWAP/near_liq_pct      | 0.000309     |
|    ETH-USDT-SWAP/pnl_std           | 5.73         |
|    ETH-USDT-SWAP/total_pnl         | 3.17e+03     |
|    ETH-USDT-SWAP/trades            | 3233         |
|    ETH-USDT-SWAP/trades_per_month  | 273          |
|    ETH-USDT-SWAP/win_rate          | 0.549        |
-----------------------------------------------------
-------------------------------------------
| rollout/                |               |
|    ep_len_mean          | 4.34e+04      |
|    ep_rew_mean          | 1.88          |
| time/                   |               |
|    fps                  | 10516         |
|    iterations           | 734           |
|    time_elapsed         | 2001          |
|    total_timesteps      | 21045248      |
| train/                  |               |
|    approx_kl            | 0.00089136296 |
|    clip_fraction        | 0.00753       |
|    clip_range           | 0.2           |
|    entropy_loss         | -0.0391       |
|    explained_variance   | 0.465         |
|    learning_rate        | 0.000237      |
|    loss                 | -0.000648     |
|    n_updates            | 7330          |
|    policy_gradient_loss | -0.00106      |
|    value_loss           | 0.000171      |
-------------------------------------------
------------------------------------------
| rollout/                |              |
|    ep_len_mean          | 4.34e+04     |
|    ep_rew_mean          | 1.88         |
| time/                   |              |
|    fps                  | 10520        |
|    iterations           | 735          |
|    time_elapsed         | 2003         |
|    total_timesteps      | 21073920     |
| train/                  |              |
|    approx_kl            | 0.0007543898 |
|    clip_fraction        | 0.00504      |
|    clip_range           | 0.2          |
|    entropy_loss         | -0.0325      |
|    explained_variance   | 0.427        |
|    learning_rate        | 0.000237     |
|    loss                 | -0.00345     |
|    n_updates            | 7340         |
|    policy_gradient_loss | -0.00108     |
|    value_loss           | 0.000132     |
------------------------------------------
------------------------------------------
| rollout/                |              |
|    ep_len_mean          | 4.34e+04     |
|    ep_rew_mean          | 1.88         |
| time/                   |              |
|    fps                  | 10524        |
|    iterations           | 736          |
|    time_elapsed         | 2005         |
|    total_timesteps      | 21102592     |
| train/                  |              |
|    approx_kl            | 0.0008663765 |
|    clip_fraction        | 0.00654      |
|    clip_range           | 0.2          |
|    entropy_loss         | -0.0309      |
|    explained_variance   | 0.546        |
|    learning_rate        | 0.000237     |
|    loss                 | -0.00597     |
|    n_updates            | 7350         |
|    policy_gradient_loss | -0.0016      |
|    value_loss           | 0.000115     |
------------------------------------------
-------------------------------------------
| rollout/                |               |
|    ep_len_mean          | 4.34e+04      |
|    ep_rew_mean          | 1.88          |
| time/                   |               |
|    fps                  | 10528         |
|    iterations           | 737           |
|    time_elapsed         | 2007          |
|    total_timesteps      | 21131264      |
| train/                  |               |
|    approx_kl            | 0.00087331433 |
|    clip_fraction        | 0.00679       |
|    clip_range           | 0.2           |
|    entropy_loss         | -0.0365       |
|    explained_variance   | 0.647         |
|    learning_rate        | 0.000237      |
|    loss                 | -0.00189      |
|    n_updates            | 7360          |
|    policy_gradient_loss | -0.000853     |
|    value_loss           | 9.11e-05      |
-------------------------------------------
-------------------------------------------
| rollout/                |               |
|    ep_len_mean          | 4.34e+04      |
|    ep_rew_mean          | 1.88          |
| time/                   |               |
|    fps                  | 10532         |
|    iterations           | 738           |
|    time_elapsed         | 2009          |
|    total_timesteps      | 21159936      |
| train/                  |               |
|    approx_kl            | 0.00091985153 |
|    clip_fraction        | 0.0082        |
|    clip_range           | 0.2           |
|    entropy_loss         | -0.0446       |
|    explained_variance   | 0.512         |
|    learning_rate        | 0.000237      |
|    loss                 | -0.000783     |
|    n_updates            | 7370          |
|    policy_gradient_loss | -0.0013       |
|    value_loss           | 0.000123      |
-------------------------------------------
------------------------------------------
| rollout/                |              |
|    ep_len_mean          | 4.34e+04     |
|    ep_rew_mean          | 1.88         |
| time/                   |              |
|    fps                  | 10536        |
|    iterations           | 739          |
|    time_elapsed         | 2010         |
|    total_timesteps      | 21188608     |
| train/                  |              |
|    approx_kl            | 0.0007559565 |
|    clip_fraction        | 0.0079       |
|    clip_range           | 0.2          |
|    entropy_loss         | -0.0525      |
|    explained_variance   | 0.467        |
|    learning_rate        | 0.000237     |
|    loss                 | 0.00155      |
|    n_updates            | 7380         |
|    policy_gradient_loss | -0.0011      |
|    value_loss           | 0.000156     |
------------------------------------------
------------------------------------------
| rollout/                |              |
|    ep_len_mean          | 4.34e+04     |
|    ep_rew_mean          | 1.93         |
| time/                   |              |
|    fps                  | 10540        |
|    iterations           | 740          |
|    time_elapsed         | 2012         |
|    total_timesteps      | 21217280     |
| train/                  |              |
|    approx_kl            | 0.0005272066 |
|    clip_fraction        | 0.00514      |
|    clip_range           | 0.2          |
|    entropy_loss         | -0.0347      |
|    explained_variance   | 0.541        |
|    learning_rate        | 0.000236     |
|    loss                 | -4.43e-05    |
|    n_updates            | 7390         |
|    policy_gradient_loss | -0.00105     |
|    value_loss           | 0.000114     |
------------------------------------------
------------------------------------------
| rollout/                |              |
|    ep_len_mean          | 4.34e+04     |
|    ep_rew_mean          | 1.91         |
| time/                   |              |
|    fps                  | 10544        |
|    iterations           | 741          |
|    time_elapsed         | 2014         |
|    total_timesteps      | 21245952     |
| train/                  |              |
|    approx_kl            | 0.0006947399 |
|    clip_fraction        | 0.00525      |
|    clip_range           | 0.2          |
|    entropy_loss         | -0.0263      |
|    explained_variance   | 0.599        |
|    learning_rate        | 0.000236     |
|    loss                 | -0.00293     |
|    n_updates            | 7400         |
|    policy_gradient_loss | -0.00113     |
|    value_loss           | 9.33e-05     |
------------------------------------------
-----------------------------------------
| rollout/                |             |
|    ep_len_mean          | 4.34e+04    |
|    ep_rew_mean          | 1.93        |
| time/                   |             |
|    fps                  | 10548       |
|    iterations           | 742         |
|    time_elapsed         | 2016        |
|    total_timesteps      | 21274624    |
| train/                  |             |
|    approx_kl            | 0.001527085 |
|    clip_fraction        | 0.00891     |
|    clip_range           | 0.2         |
|    entropy_loss         | -0.0348     |
|    explained_variance   | 0.557       |
|    learning_rate        | 0.000236    |
|    loss                 | -0.00055    |
|    n_updates            | 7410        |
|    policy_gradient_loss | -0.00151    |
|    value_loss           | 0.000117    |
-----------------------------------------
------------------------------------------
| rollout/                |              |
|    ep_len_mean          | 4.34e+04     |
|    ep_rew_mean          | 1.93         |
| time/                   |              |
|    fps                  | 10551        |
|    iterations           | 743          |
|    time_elapsed         | 2018         |
|    total_timesteps      | 21303296     |
| train/                  |              |
|    approx_kl            | 0.0012337278 |
|    clip_fraction        | 0.00731      |
|    clip_range           | 0.2          |
|    entropy_loss         | -0.0398      |
|    explained_variance   | 0.515        |
|    learning_rate        | 0.000236     |
|    loss                 | -0.00247     |
|    n_updates            | 7420         |
|    policy_gradient_loss | -0.0012      |
|    value_loss           | 9.91e-05     |
------------------------------------------
------------------------------------------
| rollout/                |              |
|    ep_len_mean          | 4.34e+04     |
|    ep_rew_mean          | 1.93         |
| time/                   |              |
|    fps                  | 10555        |
|    iterations           | 744          |
|    time_elapsed         | 2020         |
|    total_timesteps      | 21331968     |
| train/                  |              |
|    approx_kl            | 0.0009323987 |
|    clip_fraction        | 0.00721      |
|    clip_range           | 0.2          |
|    entropy_loss         | -0.0398      |
|    explained_variance   | 0.388        |
|    learning_rate        | 0.000236     |
|    loss                 | -0.00327     |
|    n_updates            | 7430         |
|    policy_gradient_loss | -0.00102     |
|    value_loss           | 0.000185     |
------------------------------------------
------------------------------------------
| rollout/                |              |
|    ep_len_mean          | 4.34e+04     |
|    ep_rew_mean          | 1.93         |
| time/                   |              |
|    fps                  | 10559        |
|    iterations           | 745          |
|    time_elapsed         | 2022         |
|    total_timesteps      | 21360640     |
| train/                  |              |
|    approx_kl            | 0.0006895252 |
|    clip_fraction        | 0.0062       |
|    clip_range           | 0.2          |
|    entropy_loss         | -0.0341      |
|    explained_variance   | 0.558        |
|    learning_rate        | 0.000236     |
|    loss                 | -0.0049      |
|    n_updates            | 7440         |
|    policy_gradient_loss | -0.00082     |
|    value_loss           | 9.11e-05     |
------------------------------------------
-------------------------------------------
| rollout/                |               |
|    ep_len_mean          | 4.34e+04      |
|    ep_rew_mean          | 1.93          |
| time/                   |               |
|    fps                  | 10562         |
|    iterations           | 746           |
|    time_elapsed         | 2024          |
|    total_timesteps      | 21389312      |
| train/                  |               |
|    approx_kl            | 0.00084897276 |
|    clip_fraction        | 0.00611       |
|    clip_range           | 0.2           |
|    entropy_loss         | -0.0277       |
|    explained_variance   | 0.533         |
|    learning_rate        | 0.000236      |
|    loss                 | -0.00331      |
|    n_updates            | 7450          |
|    policy_gradient_loss | -0.00122      |
|    value_loss           | 7.48e-05      |
-------------------------------------------
-------------------------------------------
| rollout/                |               |
|    ep_len_mean          | 4.34e+04      |
|    ep_rew_mean          | 1.93          |
| time/                   |               |
|    fps                  | 10566         |
|    iterations           | 747           |
|    time_elapsed         | 2026          |
|    total_timesteps      | 21417984      |
| train/                  |               |
|    approx_kl            | 0.00092571706 |
|    clip_fraction        | 0.00725       |
|    clip_range           | 0.2           |
|    entropy_loss         | -0.0321       |
|    explained_variance   | 0.563         |
|    learning_rate        | 0.000236      |
|    loss                 | -0.00518      |
|    n_updates            | 7460          |
|    policy_gradient_loss | -0.00188      |
|    value_loss           | 0.000124      |
-------------------------------------------
-------------------------------------------
| rollout/                |               |
|    ep_len_mean          | 4.34e+04      |
|    ep_rew_mean          | 1.93          |
| time/                   |               |
|    fps                  | 10570         |
|    iterations           | 748           |
|    time_elapsed         | 2028          |
|    total_timesteps      | 21446656      |
| train/                  |               |
|    approx_kl            | 0.00084234384 |
|    clip_fraction        | 0.00635       |
|    clip_range           | 0.2           |
|    entropy_loss         | -0.0294       |
|    explained_variance   | 0.454         |
|    learning_rate        | 0.000236      |
|    loss                 | -0.00409      |
|    n_updates            | 7470          |
|    policy_gradient_loss | -0.00128      |
|    value_loss           | 0.000125      |
-------------------------------------------
-----------------------------------------
| rollout/                |             |
|    ep_len_mean          | 4.34e+04    |
|    ep_rew_mean          | 1.93        |
| time/                   |             |
|    fps                  | 10574       |
|    iterations           | 749         |
|    time_elapsed         | 2030        |
|    total_timesteps      | 21475328    |
| train/                  |             |
|    approx_kl            | 0.000982088 |
|    clip_fraction        | 0.00686     |
|    clip_range           | 0.2         |
|    entropy_loss         | -0.0356     |
|    explained_variance   | 0.493       |
|    learning_rate        | 0.000236    |
|    loss                 | -0.00592    |
|    n_updates            | 7480        |
|    policy_gradient_loss | -0.00118    |
|    value_loss           | 0.00012     |
-----------------------------------------
-----------------------------------------------------
| rollout/                           |              |
|    ep_len_mean                     | 4.34e+04     |
|    ep_rew_mean                     | 1.93         |
| time/                              |              |
|    fps                             | 10509        |
|    iterations                      | 750          |
|    time_elapsed                    | 2046         |
|    total_timesteps                 | 21504000     |
| train/                             |              |
|    approx_kl                       | 0.0010708628 |
|    clip_fraction                   | 0.0067       |
|    clip_range                      | 0.2          |
|    entropy_loss                    | -0.0321      |
|    explained_variance              | 0.457        |
|    learning_rate                   | 0.000236     |
|    loss                            | -0.0045      |
|    n_updates                       | 7490         |
|    policy_gradient_loss            | -0.00127     |
|    value_loss                      | 8.71e-05     |
| valid/                             |              |
|    BTC-USDT-SWAP/compound_mdd_pct  | 91.9         |
|    BTC-USDT-SWAP/compound_multiple | 1.11         |
|    BTC-USDT-SWAP/max_single_loss   | -48.5        |
|    BTC-USDT-SWAP/max_upnl          | 0.309        |
|    BTC-USDT-SWAP/near_liq_n        | 0            |
|    BTC-USDT-SWAP/near_liq_pct      | 0            |
|    BTC-USDT-SWAP/pnl_std           | 4.18         |
|    BTC-USDT-SWAP/sel_monthly_log   | -0.713       |
|    BTC-USDT-SWAP/total_pnl         | 309          |
|    BTC-USDT-SWAP/trades            | 3379         |
|    BTC-USDT-SWAP/trades_per_month  | 286          |
|    BTC-USDT-SWAP/v9_kpi            | -1.42        |
|    BTC-USDT-SWAP/v9_kpi_z_mdd      | -1.29        |
|    BTC-USDT-SWAP/v9_kpi_z_msl      | -1.54        |
|    BTC-USDT-SWAP/v9_kpi_z_sel      | -1.43        |
|    BTC-USDT-SWAP/win_rate          | 0.482        |
|    ETH-USDT-SWAP/compound_mdd_pct  | 93.3         |
|    ETH-USDT-SWAP/compound_multiple | 7.84e+08     |
|    ETH-USDT-SWAP/max_single_loss   | -81.5        |
|    ETH-USDT-SWAP/max_upnl          | 0.363        |
|    ETH-USDT-SWAP/near_liq_n        | 0            |
|    ETH-USDT-SWAP/near_liq_pct      | 0            |
|    ETH-USDT-SWAP/pnl_std           | 5.51         |
|    ETH-USDT-SWAP/total_pnl         | 2.66e+03     |
|    ETH-USDT-SWAP/trades            | 3575         |
|    ETH-USDT-SWAP/trades_per_month  | 302          |
|    ETH-USDT-SWAP/win_rate          | 0.534        |
-----------------------------------------------------
-------------------------------------------
| rollout/                |               |
|    ep_len_mean          | 4.34e+04      |
|    ep_rew_mean          | 1.93          |
| time/                   |               |
|    fps                  | 10513         |
|    iterations           | 751           |
|    time_elapsed         | 2048          |
|    total_timesteps      | 21532672      |
| train/                  |               |
|    approx_kl            | 0.00065877446 |
|    clip_fraction        | 0.00588       |
|    clip_range           | 0.2           |
|    entropy_loss         | -0.0276       |
|    explained_variance   | 0.673         |
|    learning_rate        | 0.000235      |
|    loss                 | -0.003        |
|    n_updates            | 7500          |
|    policy_gradient_loss | -0.00126      |
|    value_loss           | 7.68e-05      |
-------------------------------------------
------------------------------------------
| rollout/                |              |
|    ep_len_mean          | 4.34e+04     |
|    ep_rew_mean          | 1.93         |
| time/                   |              |
|    fps                  | 10517        |
|    iterations           | 752          |
|    time_elapsed         | 2050         |
|    total_timesteps      | 21561344     |
| train/                  |              |
|    approx_kl            | 0.0008647744 |
|    clip_fraction        | 0.0054       |
|    clip_range           | 0.2          |
|    entropy_loss         | -0.0329      |
|    explained_variance   | 0.559        |
|    learning_rate        | 0.000235     |
|    loss                 | -0.00344     |
|    n_updates            | 7510         |
|    policy_gradient_loss | -0.00111     |
|    value_loss           | 9.99e-05     |
------------------------------------------
-----------------------------------------
| rollout/                |             |
|    ep_len_mean          | 4.34e+04    |
|    ep_rew_mean          | 1.93        |
| time/                   |             |
|    fps                  | 10520       |
|    iterations           | 753         |
|    time_elapsed         | 2052        |
|    total_timesteps      | 21590016    |
| train/                  |             |
|    approx_kl            | 0.001047271 |
|    clip_fraction        | 0.00923     |
|    clip_range           | 0.2         |
|    entropy_loss         | -0.0462     |
|    explained_variance   | 0.42        |
|    learning_rate        | 0.000235    |
|    loss                 | -0.0037     |
|    n_updates            | 7520        |
|    policy_gradient_loss | -0.00168    |
|    value_loss           | 0.000122    |
-----------------------------------------
------------------------------------------
| rollout/                |              |
|    ep_len_mean          | 4.34e+04     |
|    ep_rew_mean          | 1.93         |
| time/                   |              |
|    fps                  | 10524        |
|    iterations           | 754          |
|    time_elapsed         | 2054         |
|    total_timesteps      | 21618688     |
| train/                  |              |
|    approx_kl            | 0.0007230726 |
|    clip_fraction        | 0.00783      |
|    clip_range           | 0.2          |
|    entropy_loss         | -0.0517      |
|    explained_variance   | 0.33         |
|    learning_rate        | 0.000235     |
|    loss                 | -0.00613     |
|    n_updates            | 7530         |
|    policy_gradient_loss | -0.00132     |
|    value_loss           | 0.000174     |
------------------------------------------
------------------------------------------
| rollout/                |              |
|    ep_len_mean          | 4.34e+04     |
|    ep_rew_mean          | 1.93         |
| time/                   |              |
|    fps                  | 10528        |
|    iterations           | 755          |
|    time_elapsed         | 2056         |
|    total_timesteps      | 21647360     |
| train/                  |              |
|    approx_kl            | 0.0010217594 |
|    clip_fraction        | 0.00813      |
|    clip_range           | 0.2          |
|    entropy_loss         | -0.0504      |
|    explained_variance   | 0.353        |
|    learning_rate        | 0.000235     |
|    loss                 | -0.00202     |
|    n_updates            | 7540         |
|    policy_gradient_loss | -0.00181     |
|    value_loss           | 0.000171     |
------------------------------------------
------------------------------------------
| rollout/                |              |
|    ep_len_mean          | 4.34e+04     |
|    ep_rew_mean          | 1.93         |
| time/                   |              |
|    fps                  | 10532        |
|    iterations           | 756          |
|    time_elapsed         | 2058         |
|    total_timesteps      | 21676032     |
| train/                  |              |
|    approx_kl            | 0.0004926541 |
|    clip_fraction        | 0.00537      |
|    clip_range           | 0.2          |
|    entropy_loss         | -0.0356      |
|    explained_variance   | 0.563        |
|    learning_rate        | 0.000235     |
|    loss                 | -0.0014      |
|    n_updates            | 7550         |
|    policy_gradient_loss | -0.00084     |
|    value_loss           | 0.000146     |
------------------------------------------
-------------------------------------------
| rollout/                |               |
|    ep_len_mean          | 4.34e+04      |
|    ep_rew_mean          | 1.93          |
| time/                   |               |
|    fps                  | 10535         |
|    iterations           | 757           |
|    time_elapsed         | 2060          |
|    total_timesteps      | 21704704      |
| train/                  |               |
|    approx_kl            | 0.00085827056 |
|    clip_fraction        | 0.00881       |
|    clip_range           | 0.2           |
|    entropy_loss         | -0.051        |
|    explained_variance   | 0.42          |
|    learning_rate        | 0.000235      |
|    loss                 | -0.00274      |
|    n_updates            | 7560          |
|    policy_gradient_loss | -0.00108      |
|    value_loss           | 0.000173      |
-------------------------------------------
-------------------------------------------
| rollout/                |               |
|    ep_len_mean          | 4.34e+04      |
|    ep_rew_mean          | 1.93          |
| time/                   |               |
|    fps                  | 10539         |
|    iterations           | 758           |
|    time_elapsed         | 2062          |
|    total_timesteps      | 21733376      |
| train/                  |               |
|    approx_kl            | 0.00065600086 |
|    clip_fraction        | 0.00741       |
|    clip_range           | 0.2           |
|    entropy_loss         | -0.053        |
|    explained_variance   | 0.442         |
|    learning_rate        | 0.000235      |
|    loss                 | -0.00429      |
|    n_updates            | 7570          |
|    policy_gradient_loss | -0.00116      |
|    value_loss           | 0.000177      |
-------------------------------------------
-------------------------------------------
| rollout/                |               |
|    ep_len_mean          | 4.34e+04      |
|    ep_rew_mean          | 1.93          |
| time/                   |               |
|    fps                  | 10543         |
|    iterations           | 759           |
|    time_elapsed         | 2064          |
|    total_timesteps      | 21762048      |
| train/                  |               |
|    approx_kl            | 0.00069200766 |
|    clip_fraction        | 0.00745       |
|    clip_range           | 0.2           |
|    entropy_loss         | -0.0556       |
|    explained_variance   | 0.462         |
|    learning_rate        | 0.000235      |
|    loss                 | 0.000919      |
|    n_updates            | 7580          |
|    policy_gradient_loss | -0.000984     |
|    value_loss           | 0.000178      |
-------------------------------------------
------------------------------------------
| rollout/                |              |
|    ep_len_mean          | 4.34e+04     |
|    ep_rew_mean          | 1.93         |
| time/                   |              |
|    fps                  | 10547        |
|    iterations           | 760          |
|    time_elapsed         | 2066         |
|    total_timesteps      | 21790720     |
| train/                  |              |
|    approx_kl            | 0.0008763093 |
|    clip_fraction        | 0.00848      |
|    clip_range           | 0.2          |
|    entropy_loss         | -0.0469      |
|    explained_variance   | 0.506        |
|    learning_rate        | 0.000235     |
|    loss                 | -0.00345     |
|    n_updates            | 7590         |
|    policy_gradient_loss | -0.00133     |
|    value_loss           | 0.000155     |
------------------------------------------
------------------------------------------
| rollout/                |              |
|    ep_len_mean          | 4.33e+04     |
|    ep_rew_mean          | 1.93         |
| time/                   |              |
|    fps                  | 10551        |
|    iterations           | 761          |
|    time_elapsed         | 2067         |
|    total_timesteps      | 21819392     |
| train/                  |              |
|    approx_kl            | 0.0009834282 |
|    clip_fraction        | 0.0077       |
|    clip_range           | 0.2          |
|    entropy_loss         | -0.0457      |
|    explained_variance   | 0.554        |
|    learning_rate        | 0.000235     |
|    loss                 | -0.00445     |
|    n_updates            | 7600         |
|    policy_gradient_loss | -0.00156     |
|    value_loss           | 0.000185     |
------------------------------------------
------------------------------------------
| rollout/                |              |
|    ep_len_mean          | 4.33e+04     |
|    ep_rew_mean          | 1.83         |
| time/                   |              |
|    fps                  | 10555        |
|    iterations           | 762          |
|    time_elapsed         | 2069         |
|    total_timesteps      | 21848064     |
| train/                  |              |
|    approx_kl            | 0.0005500282 |
|    clip_fraction        | 0.00645      |
|    clip_range           | 0.2          |
|    entropy_loss         | -0.0458      |
|    explained_variance   | 0.583        |
|    learning_rate        | 0.000235     |
|    loss                 | -0.00641     |
|    n_updates            | 7610         |
|    policy_gradient_loss | -0.000844    |
|    value_loss           | 0.000151     |
------------------------------------------
------------------------------------------
| rollout/                |              |
|    ep_len_mean          | 4.33e+04     |
|    ep_rew_mean          | 1.82         |
| time/                   |              |
|    fps                  | 10559        |
|    iterations           | 763          |
|    time_elapsed         | 2071         |
|    total_timesteps      | 21876736     |
| train/                  |              |
|    approx_kl            | 0.0008935494 |
|    clip_fraction        | 0.00712      |
|    clip_range           | 0.2          |
|    entropy_loss         | -0.0437      |
|    explained_variance   | 0.476        |
|    learning_rate        | 0.000234     |
|    loss                 | -0.00602     |
|    n_updates            | 7620         |
|    policy_gradient_loss | -0.00124     |
|    value_loss           | 0.00011      |
------------------------------------------
------------------------------------------
| rollout/                |              |
|    ep_len_mean          | 4.33e+04     |
|    ep_rew_mean          | 1.82         |
| time/                   |              |
|    fps                  | 10563        |
|    iterations           | 764          |
|    time_elapsed         | 2073         |
|    total_timesteps      | 21905408     |
| train/                  |              |
|    approx_kl            | 0.0007163362 |
|    clip_fraction        | 0.00685      |
|    clip_range           | 0.2          |
|    entropy_loss         | -0.042       |
|    explained_variance   | 0.417        |
|    learning_rate        | 0.000234     |
|    loss                 | -0.000818    |
|    n_updates            | 7630         |
|    policy_gradient_loss | -0.00125     |
|    value_loss           | 0.000224     |
------------------------------------------
-------------------------------------------
| rollout/                |               |
|    ep_len_mean          | 4.33e+04      |
|    ep_rew_mean          | 1.82          |
| time/                   |               |
|    fps                  | 10567         |
|    iterations           | 765           |
|    time_elapsed         | 2075          |
|    total_timesteps      | 21934080      |
| train/                  |               |
|    approx_kl            | 0.00096684525 |
|    clip_fraction        | 0.00866       |
|    clip_range           | 0.2           |
|    entropy_loss         | -0.0389       |
|    explained_variance   | 0.338         |
|    learning_rate        | 0.000234      |
|    loss                 | -0.00468      |
|    n_updates            | 7640          |
|    policy_gradient_loss | -0.00197      |
|    value_loss           | 0.000235      |
-------------------------------------------
------------------------------------------
| rollout/                |              |
|    ep_len_mean          | 4.33e+04     |
|    ep_rew_mean          | 1.82         |
| time/                   |              |
|    fps                  | 10571        |
|    iterations           | 766          |
|    time_elapsed         | 2077         |
|    total_timesteps      | 21962752     |
| train/                  |              |
|    approx_kl            | 0.0008813058 |
|    clip_fraction        | 0.0092       |
|    clip_range           | 0.2          |
|    entropy_loss         | -0.0535      |
|    explained_variance   | 0.293        |
|    learning_rate        | 0.000234     |
|    loss                 | -0.00182     |
|    n_updates            | 7650         |
|    policy_gradient_loss | -0.0013      |
|    value_loss           | 0.000198     |
------------------------------------------
-------------------------------------------
| rollout/                |               |
|    ep_len_mean          | 4.33e+04      |
|    ep_rew_mean          | 1.82          |
| time/                   |               |
|    fps                  | 10575         |
|    iterations           | 767           |
|    time_elapsed         | 2079          |
|    total_timesteps      | 21991424      |
| train/                  |               |
|    approx_kl            | 0.00073695515 |
|    clip_fraction        | 0.00687       |
|    clip_range           | 0.2           |
|    entropy_loss         | -0.05         |
|    explained_variance   | 0.389         |
|    learning_rate        | 0.000234      |
|    loss                 | -0.00216      |
|    n_updates            | 7660          |
|    policy_gradient_loss | -0.00118      |
|    value_loss           | 0.0002        |
-------------------------------------------
------------------------------------------------------
| rollout/                           |               |
|    ep_len_mean                     | 4.33e+04      |
|    ep_rew_mean                     | 1.82          |
| time/                              |               |
|    fps                             | 10511         |
|    iterations                      | 768           |
|    time_elapsed                    | 2094          |
|    total_timesteps                 | 22020096      |
| train/                             |               |
|    approx_kl                       | 0.00088921003 |
|    clip_fraction                   | 0.00608       |
|    clip_range                      | 0.2           |
|    entropy_loss                    | -0.0429       |
|    explained_variance              | 0.41          |
|    learning_rate                   | 0.000234      |
|    loss                            | -0.00273      |
|    n_updates                       | 7670          |
|    policy_gradient_loss            | -0.00107      |
|    value_loss                      | 0.000159      |
| valid/                             |               |
|    BTC-USDT-SWAP/compound_mdd_pct  | 83.4          |
|    BTC-USDT-SWAP/compound_multiple | 9.37          |
|    BTC-USDT-SWAP/max_single_loss   | -34.2         |
|    BTC-USDT-SWAP/max_upnl          | 0.378         |
|    BTC-USDT-SWAP/near_liq_n        | 0             |
|    BTC-USDT-SWAP/near_liq_pct      | 0             |
|    BTC-USDT-SWAP/pnl_std           | 4.6           |
|    BTC-USDT-SWAP/sel_monthly_log   | -0.459        |
|    BTC-USDT-SWAP/total_pnl         | 527           |
|    BTC-USDT-SWAP/trades            | 2868          |
|    BTC-USDT-SWAP/trades_per_month  | 243           |
|    BTC-USDT-SWAP/v9_kpi            | -0.709        |
|    BTC-USDT-SWAP/v9_kpi_z_mdd      | -0.788        |
|    BTC-USDT-SWAP/v9_kpi_z_msl      | -0.351        |
|    BTC-USDT-SWAP/v9_kpi_z_sel      | -0.918        |
|    BTC-USDT-SWAP/win_rate          | 0.531         |
|    ETH-USDT-SWAP/compound_mdd_pct  | 93.6          |
|    ETH-USDT-SWAP/compound_multiple | 6.22e+09      |
|    ETH-USDT-SWAP/max_single_loss   | -81.5         |
|    ETH-USDT-SWAP/max_upnl          | 0.431         |
|    ETH-USDT-SWAP/near_liq_n        | 0             |
|    ETH-USDT-SWAP/near_liq_pct      | 0             |
|    ETH-USDT-SWAP/pnl_std           | 5.86          |
|    ETH-USDT-SWAP/total_pnl         | 2.86e+03      |
|    ETH-USDT-SWAP/trades            | 3229          |
|    ETH-USDT-SWAP/trades_per_month  | 273           |
|    ETH-USDT-SWAP/win_rate          | 0.54          |
------------------------------------------------------
------------------------------------------
| rollout/                |              |
|    ep_len_mean          | 4.33e+04     |
|    ep_rew_mean          | 1.82         |
| time/                   |              |
|    fps                  | 10515        |
|    iterations           | 769          |
|    time_elapsed         | 2096         |
|    total_timesteps      | 22048768     |
| train/                  |              |
|    approx_kl            | 0.0006886986 |
|    clip_fraction        | 0.00608      |
|    clip_range           | 0.2          |
|    entropy_loss         | -0.037       |
|    explained_variance   | 0.331        |
|    learning_rate        | 0.000234     |
|    loss                 | -0.00655     |
|    n_updates            | 7680         |
|    policy_gradient_loss | -0.00158     |
|    value_loss           | 0.000189     |
------------------------------------------
------------------------------------------
| rollout/                |              |
|    ep_len_mean          | 4.33e+04     |
|    ep_rew_mean          | 1.82         |
| time/                   |              |
|    fps                  | 10519        |
|    iterations           | 770          |
|    time_elapsed         | 2098         |
|    total_timesteps      | 22077440     |
| train/                  |              |
|    approx_kl            | 0.0006490472 |
|    clip_fraction        | 0.00558      |
|    clip_range           | 0.2          |
|    entropy_loss         | -0.0316      |
|    explained_variance   | 0.549        |
|    learning_rate        | 0.000234     |
|    loss                 | 8.56e-05     |
|    n_updates            | 7690         |
|    policy_gradient_loss | -0.00102     |
|    value_loss           | 0.000104     |
------------------------------------------
------------------------------------------
| rollout/                |              |
|    ep_len_mean          | 4.33e+04     |
|    ep_rew_mean          | 1.82         |
| time/                   |              |
|    fps                  | 10523        |
|    iterations           | 771          |
|    time_elapsed         | 2100         |
|    total_timesteps      | 22106112     |
| train/                  |              |
|    approx_kl            | 0.0012109309 |
|    clip_fraction        | 0.00908      |
|    clip_range           | 0.2          |
|    entropy_loss         | -0.041       |
|    explained_variance   | 0.528        |
|    learning_rate        | 0.000234     |
|    loss                 | -0.00174     |
|    n_updates            | 7700         |
|    policy_gradient_loss | -0.00131     |
|    value_loss           | 0.000133     |
------------------------------------------
------------------------------------------
| rollout/                |              |
|    ep_len_mean          | 4.33e+04     |
|    ep_rew_mean          | 1.82         |
| time/                   |              |
|    fps                  | 10527        |
|    iterations           | 772          |
|    time_elapsed         | 2102         |
|    total_timesteps      | 22134784     |
| train/                  |              |
|    approx_kl            | 0.0009926428 |
|    clip_fraction        | 0.00889      |
|    clip_range           | 0.2          |
|    entropy_loss         | -0.0446      |
|    explained_variance   | 0.63         |
|    learning_rate        | 0.000234     |
|    loss                 | -0.000153    |
|    n_updates            | 7710         |
|    policy_gradient_loss | -0.00123     |
|    value_loss           | 0.000116     |
------------------------------------------
------------------------------------------
| rollout/                |              |
|    ep_len_mean          | 4.33e+04     |
|    ep_rew_mean          | 1.82         |
| time/                   |              |
|    fps                  | 10531        |
|    iterations           | 773          |
|    time_elapsed         | 2104         |
|    total_timesteps      | 22163456     |
| train/                  |              |
|    approx_kl            | 0.0012467972 |
|    clip_fraction        | 0.00753      |
|    clip_range           | 0.2          |
|    entropy_loss         | -0.0386      |
|    explained_variance   | 0.582        |
|    learning_rate        | 0.000234     |
|    loss                 | -0.00208     |
|    n_updates            | 7720         |
|    policy_gradient_loss | -0.00126     |
|    value_loss           | 0.00014      |
------------------------------------------
------------------------------------------
| rollout/                |              |
|    ep_len_mean          | 4.33e+04     |
|    ep_rew_mean          | 1.82         |
| time/                   |              |
|    fps                  | 10535        |
|    iterations           | 774          |
|    time_elapsed         | 2106         |
|    total_timesteps      | 22192128     |
| train/                  |              |
|    approx_kl            | 0.0008879698 |
|    clip_fraction        | 0.0073       |
|    clip_range           | 0.2          |
|    entropy_loss         | -0.0402      |
|    explained_variance   | 0.43         |
|    learning_rate        | 0.000234     |
|    loss                 | -0.000644    |
|    n_updates            | 7730         |
|    policy_gradient_loss | -0.00129     |
|    value_loss           | 0.000141     |
------------------------------------------
------------------------------------------
| rollout/                |              |
|    ep_len_mean          | 4.33e+04     |
|    ep_rew_mean          | 1.82         |
| time/                   |              |
|    fps                  | 10539        |
|    iterations           | 775          |
|    time_elapsed         | 2108         |
|    total_timesteps      | 22220800     |
| train/                  |              |
|    approx_kl            | 0.0010239487 |
|    clip_fraction        | 0.00858      |
|    clip_range           | 0.2          |
|    entropy_loss         | -0.0421      |
|    explained_variance   | 0.545        |
|    learning_rate        | 0.000233     |
|    loss                 | -0.00198     |
|    n_updates            | 7740         |
|    policy_gradient_loss | -0.00115     |
|    value_loss           | 0.000137     |
------------------------------------------
------------------------------------------
| rollout/                |              |
|    ep_len_mean          | 4.33e+04     |
|    ep_rew_mean          | 1.82         |
| time/                   |              |
|    fps                  | 10543        |
|    iterations           | 776          |
|    time_elapsed         | 2110         |
|    total_timesteps      | 22249472     |
| train/                  |              |
|    approx_kl            | 0.0011990827 |
|    clip_fraction        | 0.00679      |
|    clip_range           | 0.2          |
|    entropy_loss         | -0.0347      |
|    explained_variance   | 0.551        |
|    learning_rate        | 0.000233     |
|    loss                 | -0.0012      |
|    n_updates            | 7750         |
|    policy_gradient_loss | -0.00129     |
|    value_loss           | 0.000107     |
------------------------------------------
------------------------------------------
| rollout/                |              |
|    ep_len_mean          | 4.33e+04     |
|    ep_rew_mean          | 1.82         |
| time/                   |              |
|    fps                  | 10547        |
|    iterations           | 777          |
|    time_elapsed         | 2112         |
|    total_timesteps      | 22278144     |
| train/                  |              |
|    approx_kl            | 0.0005458125 |
|    clip_fraction        | 0.00549      |
|    clip_range           | 0.2          |
|    entropy_loss         | -0.0338      |
|    explained_variance   | 0.51         |
|    learning_rate        | 0.000233     |
|    loss                 | 0.00146      |
|    n_updates            | 7760         |
|    policy_gradient_loss | -0.000597    |
|    value_loss           | 0.000123     |
------------------------------------------
------------------------------------------
| rollout/                |              |
|    ep_len_mean          | 4.33e+04     |
|    ep_rew_mean          | 1.82         |
| time/                   |              |
|    fps                  | 10551        |
|    iterations           | 778          |
|    time_elapsed         | 2114         |
|    total_timesteps      | 22306816     |
| train/                  |              |
|    approx_kl            | 0.0018199392 |
|    clip_fraction        | 0.0121       |
|    clip_range           | 0.2          |
|    entropy_loss         | -0.0598      |
|    explained_variance   | 0.449        |
|    learning_rate        | 0.000233     |
|    loss                 | -0.00583     |
|    n_updates            | 7770         |
|    policy_gradient_loss | -0.00209     |
|    value_loss           | 0.000206     |
------------------------------------------
------------------------------------------
| rollout/                |              |
|    ep_len_mean          | 4.33e+04     |
|    ep_rew_mean          | 1.82         |
| time/                   |              |
|    fps                  | 10555        |
|    iterations           | 779          |
|    time_elapsed         | 2115         |
|    total_timesteps      | 22335488     |
| train/                  |              |
|    approx_kl            | 0.0017179505 |
|    clip_fraction        | 0.0113       |
|    clip_range           | 0.2          |
|    entropy_loss         | -0.0538      |
|    explained_variance   | 0.465        |
|    learning_rate        | 0.000233     |
|    loss                 | -0.00543     |
|    n_updates            | 7780         |
|    policy_gradient_loss | -0.00147     |
|    value_loss           | 0.000229     |
------------------------------------------
-------------------------------------------
| rollout/                |               |
|    ep_len_mean          | 4.33e+04      |
|    ep_rew_mean          | 1.82          |
| time/                   |               |
|    fps                  | 10559         |
|    iterations           | 780           |
|    time_elapsed         | 2117          |
|    total_timesteps      | 22364160      |
| train/                  |               |
|    approx_kl            | 0.00065861724 |
|    clip_fraction        | 0.00658       |
|    clip_range           | 0.2           |
|    entropy_loss         | -0.0478       |
|    explained_variance   | 0.573         |
|    learning_rate        | 0.000233      |
|    loss                 | -0.00554      |
|    n_updates            | 7790          |
|    policy_gradient_loss | -0.00104      |
|    value_loss           | 0.00014       |
-------------------------------------------
------------------------------------------
| rollout/                |              |
|    ep_len_mean          | 4.33e+04     |
|    ep_rew_mean          | 1.82         |
| time/                   |              |
|    fps                  | 10562        |
|    iterations           | 781          |
|    time_elapsed         | 2120         |
|    total_timesteps      | 22392832     |
| train/                  |              |
|    approx_kl            | 0.0016125884 |
|    clip_fraction        | 0.0122       |
|    clip_range           | 0.2          |
|    entropy_loss         | -0.065       |
|    explained_variance   | 0.443        |
|    learning_rate        | 0.000233     |
|    loss                 | -0.00412     |
|    n_updates            | 7800         |
|    policy_gradient_loss | -0.00182     |
|    value_loss           | 0.000174     |
------------------------------------------
------------------------------------------
| rollout/                |              |
|    ep_len_mean          | 4.33e+04     |
|    ep_rew_mean          | 1.78         |
| time/                   |              |
|    fps                  | 10565        |
|    iterations           | 782          |
|    time_elapsed         | 2122         |
|    total_timesteps      | 22421504     |
| train/                  |              |
|    approx_kl            | 0.0008150302 |
|    clip_fraction        | 0.00747      |
|    clip_range           | 0.2          |
|    entropy_loss         | -0.0526      |
|    explained_variance   | 0.562        |
|    learning_rate        | 0.000233     |
|    loss                 | -0.00251     |
|    n_updates            | 7810         |
|    policy_gradient_loss | -0.00126     |
|    value_loss           | 0.00013      |
------------------------------------------
------------------------------------------
| rollout/                |              |
|    ep_len_mean          | 4.33e+04     |
|    ep_rew_mean          | 1.77         |
| time/                   |              |
|    fps                  | 10569        |
|    iterations           | 783          |
|    time_elapsed         | 2124         |
|    total_timesteps      | 22450176     |
| train/                  |              |
|    approx_kl            | 0.0010085313 |
|    clip_fraction        | 0.00988      |
|    clip_range           | 0.2          |
|    entropy_loss         | -0.0527      |
|    explained_variance   | 0.566        |
|    learning_rate        | 0.000233     |
|    loss                 | -0.00138     |
|    n_updates            | 7820         |
|    policy_gradient_loss | -0.00144     |
|    value_loss           | 0.000137     |
------------------------------------------
-------------------------------------------
| rollout/                |               |
|    ep_len_mean          | 4.33e+04      |
|    ep_rew_mean          | 1.77          |
| time/                   |               |
|    fps                  | 10573         |
|    iterations           | 784           |
|    time_elapsed         | 2125          |
|    total_timesteps      | 22478848      |
| train/                  |               |
|    approx_kl            | 0.00068611244 |
|    clip_fraction        | 0.00739       |
|    clip_range           | 0.2           |
|    entropy_loss         | -0.0341       |
|    explained_variance   | 0.573         |
|    learning_rate        | 0.000233      |
|    loss                 | 0.000709      |
|    n_updates            | 7830          |
|    policy_gradient_loss | -0.00158      |
|    value_loss           | 0.000118      |
-------------------------------------------
-----------------------------------------------------
| rollout/                           |              |
|    ep_len_mean                     | 4.33e+04     |
|    ep_rew_mean                     | 1.77         |
| time/                              |              |
|    fps                             | 10509        |
|    iterations                      | 785          |
|    time_elapsed                    | 2141         |
|    total_timesteps                 | 22507520     |
| train/                             |              |
|    approx_kl                       | 0.0007646017 |
|    clip_fraction                   | 0.0067       |
|    clip_range                      | 0.2          |
|    entropy_loss                    | -0.0401      |
|    explained_variance              | 0.63         |
|    learning_rate                   | 0.000233     |
|    loss                            | -0.00546     |
|    n_updates                       | 7840         |
|    policy_gradient_loss            | -0.00133     |
|    value_loss                      | 0.000123     |
| valid/                             |              |
|    BTC-USDT-SWAP/compound_mdd_pct  | 83.8         |
|    BTC-USDT-SWAP/compound_multiple | 5.09         |
|    BTC-USDT-SWAP/max_single_loss   | -49.6        |
|    BTC-USDT-SWAP/max_upnl          | 0.377        |
|    BTC-USDT-SWAP/near_liq_n        | 0            |
|    BTC-USDT-SWAP/near_liq_pct      | 0            |
|    BTC-USDT-SWAP/pnl_std           | 4.35         |
|    BTC-USDT-SWAP/sel_monthly_log   | -0.527       |
|    BTC-USDT-SWAP/total_pnl         | 468          |
|    BTC-USDT-SWAP/trades            | 3167         |
|    BTC-USDT-SWAP/trades_per_month  | 268          |
|    BTC-USDT-SWAP/v9_kpi            | -1.15        |
|    BTC-USDT-SWAP/v9_kpi_z_mdd      | -0.81        |
|    BTC-USDT-SWAP/v9_kpi_z_msl      | -1.63        |
|    BTC-USDT-SWAP/v9_kpi_z_sel      | -1.05        |
|    BTC-USDT-SWAP/win_rate          | 0.544        |
|    ETH-USDT-SWAP/compound_mdd_pct  | 100          |
|    ETH-USDT-SWAP/compound_multiple | 0            |
|    ETH-USDT-SWAP/max_single_loss   | -100         |
|    ETH-USDT-SWAP/max_upnl          | 0.536        |
|    ETH-USDT-SWAP/near_liq_n        | 1            |
|    ETH-USDT-SWAP/near_liq_pct      | 0.000285     |
|    ETH-USDT-SWAP/pnl_std           | 5.84         |
|    ETH-USDT-SWAP/total_pnl         | 2.83e+03     |
|    ETH-USDT-SWAP/trades            | 3511         |
|    ETH-USDT-SWAP/trades_per_month  | 297          |
|    ETH-USDT-SWAP/win_rate          | 0.545        |
-----------------------------------------------------
-------------------------------------------
| rollout/                |               |
|    ep_len_mean          | 4.33e+04      |
|    ep_rew_mean          | 1.77          |
| time/                   |               |
|    fps                  | 10513         |
|    iterations           | 786           |
|    time_elapsed         | 2143          |
|    total_timesteps      | 22536192      |
| train/                  |               |
|    approx_kl            | 0.00080510706 |
|    clip_fraction        | 0.00688       |
|    clip_range           | 0.2           |
|    entropy_loss         | -0.0345       |
|    explained_variance   | 0.604         |
|    learning_rate        | 0.000232      |
|    loss                 | -0.000524     |
|    n_updates            | 7850          |
|    policy_gradient_loss | -0.00118      |
|    value_loss           | 0.000127      |
-------------------------------------------
-------------------------------------------
| rollout/                |               |
|    ep_len_mean          | 4.33e+04      |
|    ep_rew_mean          | 1.77          |
| time/                   |               |
|    fps                  | 10517         |
|    iterations           | 787           |
|    time_elapsed         | 2145          |
|    total_timesteps      | 22564864      |
| train/                  |               |
|    approx_kl            | 0.00082970376 |
|    clip_fraction        | 0.00638       |
|    clip_range           | 0.2           |
|    entropy_loss         | -0.0375       |
|    explained_variance   | 0.571         |
|    learning_rate        | 0.000232      |
|    loss                 | -0.00188      |
|    n_updates            | 7860          |
|    policy_gradient_loss | -0.00107      |
|    value_loss           | 0.000114      |
-------------------------------------------
-------------------------------------------
| rollout/                |               |
|    ep_len_mean          | 4.33e+04      |
|    ep_rew_mean          | 1.77          |
| time/                   |               |
|    fps                  | 10521         |
|    iterations           | 788           |
|    time_elapsed         | 2147          |
|    total_timesteps      | 22593536      |
| train/                  |               |
|    approx_kl            | 0.00096916273 |
|    clip_fraction        | 0.00838       |
|    clip_range           | 0.2           |
|    entropy_loss         | -0.0434       |
|    explained_variance   | 0.461         |
|    learning_rate        | 0.000232      |
|    loss                 | 0.00073       |
|    n_updates            | 7870          |
|    policy_gradient_loss | -0.00169      |
|    value_loss           | 0.000172      |
-------------------------------------------
------------------------------------------
| rollout/                |              |
|    ep_len_mean          | 4.33e+04     |
|    ep_rew_mean          | 1.77         |
| time/                   |              |
|    fps                  | 10525        |
|    iterations           | 789          |
|    time_elapsed         | 2149         |
|    total_timesteps      | 22622208     |
| train/                  |              |
|    approx_kl            | 0.0009244074 |
|    clip_fraction        | 0.00789      |
|    clip_range           | 0.2          |
|    entropy_loss         | -0.0372      |
|    explained_variance   | 0.65         |
|    learning_rate        | 0.000232     |
|    loss                 | -0.00404     |
|    n_updates            | 7880         |
|    policy_gradient_loss | -0.0017      |
|    value_loss           | 0.000138     |
------------------------------------------
-------------------------------------------
| rollout/                |               |
|    ep_len_mean          | 4.33e+04      |
|    ep_rew_mean          | 1.77          |
| time/                   |               |
|    fps                  | 10529         |
|    iterations           | 790           |
|    time_elapsed         | 2151          |
|    total_timesteps      | 22650880      |
| train/                  |               |
|    approx_kl            | 0.00071203755 |
|    clip_fraction        | 0.00779       |
|    clip_range           | 0.2           |
|    entropy_loss         | -0.0384       |
|    explained_variance   | 0.575         |
|    learning_rate        | 0.000232      |
|    loss                 | -0.00112      |
|    n_updates            | 7890          |
|    policy_gradient_loss | -0.00144      |
|    value_loss           | 0.000112      |
-------------------------------------------
-------------------------------------------
| rollout/                |               |
|    ep_len_mean          | 4.33e+04      |
|    ep_rew_mean          | 1.77          |
| time/                   |               |
|    fps                  | 10533         |
|    iterations           | 791           |
|    time_elapsed         | 2153          |
|    total_timesteps      | 22679552      |
| train/                  |               |
|    approx_kl            | 0.00090899726 |
|    clip_fraction        | 0.00922       |
|    clip_range           | 0.2           |
|    entropy_loss         | -0.0448       |
|    explained_variance   | 0.45          |
|    learning_rate        | 0.000232      |
|    loss                 | -0.00317      |
|    n_updates            | 7900          |
|    policy_gradient_loss | -0.00149      |
|    value_loss           | 0.000154      |
-------------------------------------------
------------------------------------------
| rollout/                |              |
|    ep_len_mean          | 4.33e+04     |
|    ep_rew_mean          | 1.77         |
| time/                   |              |
|    fps                  | 10536        |
|    iterations           | 792          |
|    time_elapsed         | 2155         |
|    total_timesteps      | 22708224     |
| train/                  |              |
|    approx_kl            | 0.0009152953 |
|    clip_fraction        | 0.00779      |
|    clip_range           | 0.2          |
|    entropy_loss         | -0.0384      |
|    explained_variance   | 0.544        |
|    learning_rate        | 0.000232     |
|    loss                 | -0.00146     |
|    n_updates            | 7910         |
|    policy_gradient_loss | -0.00159     |
|    value_loss           | 0.000132     |
------------------------------------------
------------------------------------------
| rollout/                |              |
|    ep_len_mean          | 4.33e+04     |
|    ep_rew_mean          | 1.77         |
| time/                   |              |
|    fps                  | 10540        |
|    iterations           | 793          |
|    time_elapsed         | 2157         |
|    total_timesteps      | 22736896     |
| train/                  |              |
|    approx_kl            | 0.0005256055 |
|    clip_fraction        | 0.00646      |
|    clip_range           | 0.2          |
|    entropy_loss         | -0.038       |
|    explained_variance   | 0.537        |
|    learning_rate        | 0.000232     |
|    loss                 | -0.00443     |
|    n_updates            | 7920         |
|    policy_gradient_loss | -0.00113     |
|    value_loss           | 0.000123     |
------------------------------------------
-------------------------------------------
| rollout/                |               |
|    ep_len_mean          | 4.33e+04      |
|    ep_rew_mean          | 1.77          |
| time/                   |               |
|    fps                  | 10544         |
|    iterations           | 794           |
|    time_elapsed         | 2159          |
|    total_timesteps      | 22765568      |
| train/                  |               |
|    approx_kl            | 0.00077515363 |
|    clip_fraction        | 0.00687       |
|    clip_range           | 0.2           |
|    entropy_loss         | -0.0361       |
|    explained_variance   | 0.463         |
|    learning_rate        | 0.000232      |
|    loss                 | -0.00345      |
|    n_updates            | 7930          |
|    policy_gradient_loss | -0.00152      |
|    value_loss           | 0.000122      |
-------------------------------------------
------------------------------------------
| rollout/                |              |
|    ep_len_mean          | 4.33e+04     |
|    ep_rew_mean          | 1.77         |
| time/                   |              |
|    fps                  | 10548        |
|    iterations           | 795          |
|    time_elapsed         | 2160         |
|    total_timesteps      | 22794240     |
| train/                  |              |
|    approx_kl            | 0.0010475279 |
|    clip_fraction        | 0.00746      |
|    clip_range           | 0.2          |
|    entropy_loss         | -0.0393      |
|    explained_variance   | 0.524        |
|    learning_rate        | 0.000232     |
|    loss                 | -0.00299     |
|    n_updates            | 7940         |
|    policy_gradient_loss | -0.00128     |
|    value_loss           | 0.000122     |
------------------------------------------
------------------------------------------
| rollout/                |              |
|    ep_len_mean          | 4.33e+04     |
|    ep_rew_mean          | 1.77         |
| time/                   |              |
|    fps                  | 10551        |
|    iterations           | 796          |
|    time_elapsed         | 2162         |
|    total_timesteps      | 22822912     |
| train/                  |              |
|    approx_kl            | 0.0011101353 |
|    clip_fraction        | 0.00802      |
|    clip_range           | 0.2          |
|    entropy_loss         | -0.0474      |
|    explained_variance   | 0.346        |
|    learning_rate        | 0.000232     |
|    loss                 | -0.00291     |
|    n_updates            | 7950         |
|    policy_gradient_loss | -0.00142     |
|    value_loss           | 0.000159     |
------------------------------------------
------------------------------------------
| rollout/                |              |
|    ep_len_mean          | 4.33e+04     |
|    ep_rew_mean          | 1.77         |
| time/                   |              |
|    fps                  | 10555        |
|    iterations           | 797          |
|    time_elapsed         | 2164         |
|    total_timesteps      | 22851584     |
| train/                  |              |
|    approx_kl            | 0.0012798185 |
|    clip_fraction        | 0.00877      |
|    clip_range           | 0.2          |
|    entropy_loss         | -0.0404      |
|    explained_variance   | 0.494        |
|    learning_rate        | 0.000232     |
|    loss                 | -0.000509    |
|    n_updates            | 7960         |
|    policy_gradient_loss | -0.00169     |
|    value_loss           | 0.000136     |
------------------------------------------
------------------------------------------
| rollout/                |              |
|    ep_len_mean          | 4.33e+04     |
|    ep_rew_mean          | 1.77         |
| time/                   |              |
|    fps                  | 10559        |
|    iterations           | 798          |
|    time_elapsed         | 2166         |
|    total_timesteps      | 22880256     |
| train/                  |              |
|    approx_kl            | 0.0005390084 |
|    clip_fraction        | 0.00451      |
|    clip_range           | 0.2          |
|    entropy_loss         | -0.0305      |
|    explained_variance   | 0.566        |
|    learning_rate        | 0.000231     |
|    loss                 | 0.00117      |
|    n_updates            | 7970         |
|    policy_gradient_loss | -0.000853    |
|    value_loss           | 0.000134     |
------------------------------------------
------------------------------------------
| rollout/                |              |
|    ep_len_mean          | 4.33e+04     |
|    ep_rew_mean          | 1.77         |
| time/                   |              |
|    fps                  | 10562        |
|    iterations           | 799          |
|    time_elapsed         | 2168         |
|    total_timesteps      | 22908928     |
| train/                  |              |
|    approx_kl            | 0.0008908775 |
|    clip_fraction        | 0.00682      |
|    clip_range           | 0.2          |
|    entropy_loss         | -0.0368      |
|    explained_variance   | 0.321        |
|    learning_rate        | 0.000231     |
|    loss                 | -0.00148     |
|    n_updates            | 7980         |
|    policy_gradient_loss | -0.00188     |
|    value_loss           | 0.000486     |
------------------------------------------
-----------------------------------------
| rollout/                |             |
|    ep_len_mean          | 4.33e+04    |
|    ep_rew_mean          | 1.77        |
| time/                   |             |
|    fps                  | 10566       |
|    iterations           | 800         |
|    time_elapsed         | 2170        |
|    total_timesteps      | 22937600    |
| train/                  |             |
|    approx_kl            | 0.001420278 |
|    clip_fraction        | 0.0103      |
|    clip_range           | 0.2         |
|    entropy_loss         | -0.043      |
|    explained_variance   | 0.458       |
|    learning_rate        | 0.000231    |
|    loss                 | -0.00171    |
|    n_updates            | 7990        |
|    policy_gradient_loss | -0.00191    |
|    value_loss           | 0.000173    |
-----------------------------------------
------------------------------------------
| rollout/                |              |
|    ep_len_mean          | 4.33e+04     |
|    ep_rew_mean          | 1.77         |
| time/                   |              |
|    fps                  | 10570        |
|    iterations           | 801          |
|    time_elapsed         | 2172         |
|    total_timesteps      | 22966272     |
| train/                  |              |
|    approx_kl            | 0.0006641067 |
|    clip_fraction        | 0.00668      |
|    clip_range           | 0.2          |
|    entropy_loss         | -0.0386      |
|    explained_variance   | 0.447        |
|    learning_rate        | 0.000231     |
|    loss                 | -0.00107     |
|    n_updates            | 8000         |
|    policy_gradient_loss | -0.00113     |
|    value_loss           | 0.000159     |
------------------------------------------
------------------------------------------
| rollout/                |              |
|    ep_len_mean          | 4.33e+04     |
|    ep_rew_mean          | 1.77         |
| time/                   |              |
|    fps                  | 10573        |
|    iterations           | 802          |
|    time_elapsed         | 2174         |
|    total_timesteps      | 22994944     |
| train/                  |              |
|    approx_kl            | 0.0015001271 |
|    clip_fraction        | 0.00871      |
|    clip_range           | 0.2          |
|    entropy_loss         | -0.0386      |
|    explained_variance   | 0.487        |
|    learning_rate        | 0.000231     |
|    loss                 | -0.00109     |
|    n_updates            | 8010         |
|    policy_gradient_loss | -0.00267     |
|    value_loss           | 0.000209     |
------------------------------------------
-----------------------------------------------------
| rollout/                           |              |
|    ep_len_mean                     | 4.33e+04     |
|    ep_rew_mean                     | 1.82         |
| time/                              |              |
|    fps                             | 10511        |
|    iterations                      | 803          |
|    time_elapsed                    | 2190         |
|    total_timesteps                 | 23023616     |
| train/                             |              |
|    approx_kl                       | 0.0005796921 |
|    clip_fraction                   | 0.00523      |
|    clip_range                      | 0.2          |
|    entropy_loss                    | -0.0363      |
|    explained_variance              | 0.592        |
|    learning_rate                   | 0.000231     |
|    loss                            | -0.00141     |
|    n_updates                       | 8020         |
|    policy_gradient_loss            | -0.00121     |
|    value_loss                      | 0.000166     |
| valid/                             |              |
|    BTC-USDT-SWAP/compound_mdd_pct  | 81           |
|    BTC-USDT-SWAP/compound_multiple | 20.4         |
|    BTC-USDT-SWAP/max_single_loss   | -48.5        |
|    BTC-USDT-SWAP/max_upnl          | 0.378        |
|    BTC-USDT-SWAP/near_liq_n        | 0            |
|    BTC-USDT-SWAP/near_liq_pct      | 0            |
|    BTC-USDT-SWAP/pnl_std           | 4.7          |
|    BTC-USDT-SWAP/sel_monthly_log   | -0.442       |
|    BTC-USDT-SWAP/total_pnl         | 602          |
|    BTC-USDT-SWAP/trades            | 2687         |
|    BTC-USDT-SWAP/trades_per_month  | 227          |
|    BTC-USDT-SWAP/v9_kpi            | -1.01        |
|    BTC-USDT-SWAP/v9_kpi_z_mdd      | -0.647       |
|    BTC-USDT-SWAP/v9_kpi_z_msl      | -1.54        |
|    BTC-USDT-SWAP/v9_kpi_z_sel      | -0.883       |
|    BTC-USDT-SWAP/win_rate          | 0.547        |
|    ETH-USDT-SWAP/compound_mdd_pct  | 100          |
|    ETH-USDT-SWAP/compound_multiple | 0            |
|    ETH-USDT-SWAP/max_single_loss   | -100         |
|    ETH-USDT-SWAP/max_upnl          | 0.636        |
|    ETH-USDT-SWAP/near_liq_n        | 1            |
|    ETH-USDT-SWAP/near_liq_pct      | 0.00033      |
|    ETH-USDT-SWAP/pnl_std           | 6.28         |
|    ETH-USDT-SWAP/total_pnl         | 2.95e+03     |
|    ETH-USDT-SWAP/trades            | 3033         |
|    ETH-USDT-SWAP/trades_per_month  | 257          |
|    ETH-USDT-SWAP/win_rate          | 0.57         |
-----------------------------------------------------
----------------------------------------
| rollout/                |            |
|    ep_len_mean          | 4.33e+04   |
|    ep_rew_mean          | 1.8        |
| time/                   |            |
|    fps                  | 10515      |
|    iterations           | 804        |
|    time_elapsed         | 2192       |
|    total_timesteps      | 23052288   |
| train/                  |            |
|    approx_kl            | 0.00163131 |
|    clip_fraction        | 0.0104     |
|    clip_range           | 0.2        |
|    entropy_loss         | -0.0483    |
|    explained_variance   | 0.534      |
|    learning_rate        | 0.000231   |
|    loss                 | 0.00179    |
|    n_updates            | 8030       |
|    policy_gradient_loss | -0.00216   |
|    value_loss           | 0.000189   |
----------------------------------------
-----------------------------------------
| rollout/                |             |
|    ep_len_mean          | 4.33e+04    |
|    ep_rew_mean          | 1.77        |
| time/                   |             |
|    fps                  | 10518       |
|    iterations           | 805         |
|    time_elapsed         | 2194        |
|    total_timesteps      | 23080960    |
| train/                  |             |
|    approx_kl            | 0.001523116 |
|    clip_fraction        | 0.0123      |
|    clip_range           | 0.2         |
|    entropy_loss         | -0.0564     |
|    explained_variance   | 0.532       |
|    learning_rate        | 0.000231    |
|    loss                 | -0.00433    |
|    n_updates            | 8040        |
|    policy_gradient_loss | -0.00212    |
|    value_loss           | 0.00017     |
-----------------------------------------
-------------------------------------------
| rollout/                |               |
|    ep_len_mean          | 4.33e+04      |
|    ep_rew_mean          | 1.76          |
| time/                   |               |
|    fps                  | 10522         |
|    iterations           | 806           |
|    time_elapsed         | 2196          |
|    total_timesteps      | 23109632      |
| train/                  |               |
|    approx_kl            | 0.00081504125 |
|    clip_fraction        | 0.00882       |
|    clip_range           | 0.2           |
|    entropy_loss         | -0.0503       |
|    explained_variance   | 0.623         |
|    learning_rate        | 0.000231      |
|    loss                 | -0.0057       |
|    n_updates            | 8050          |
|    policy_gradient_loss | -0.0014       |
|    value_loss           | 0.000167      |
-------------------------------------------
------------------------------------------
| rollout/                |              |
|    ep_len_mean          | 4.33e+04     |
|    ep_rew_mean          | 1.76         |
| time/                   |              |
|    fps                  | 10526        |
|    iterations           | 807          |
|    time_elapsed         | 2198         |
|    total_timesteps      | 23138304     |
| train/                  |              |
|    approx_kl            | 0.0009104128 |
|    clip_fraction        | 0.00871      |
|    clip_range           | 0.2          |
|    entropy_loss         | -0.0495      |
|    explained_variance   | 0.39         |
|    learning_rate        | 0.000231     |
|    loss                 | -0.00574     |
|    n_updates            | 8060         |
|    policy_gradient_loss | -0.00159     |
|    value_loss           | 0.000151     |
------------------------------------------
------------------------------------------
| rollout/                |              |
|    ep_len_mean          | 4.33e+04     |
|    ep_rew_mean          | 1.76         |
| time/                   |              |
|    fps                  | 10530        |
|    iterations           | 808          |
|    time_elapsed         | 2200         |
|    total_timesteps      | 23166976     |
| train/                  |              |
|    approx_kl            | 0.0007724042 |
|    clip_fraction        | 0.00831      |
|    clip_range           | 0.2          |
|    entropy_loss         | -0.05        |
|    explained_variance   | 0.427        |
|    learning_rate        | 0.000231     |
|    loss                 | -0.00338     |
|    n_updates            | 8070         |
|    policy_gradient_loss | -0.00131     |
|    value_loss           | 0.000191     |
------------------------------------------
-------------------------------------------
| rollout/                |               |
|    ep_len_mean          | 4.33e+04      |
|    ep_rew_mean          | 1.76          |
| time/                   |               |
|    fps                  | 10534         |
|    iterations           | 809           |
|    time_elapsed         | 2201          |
|    total_timesteps      | 23195648      |
| train/                  |               |
|    approx_kl            | 0.00093179115 |
|    clip_fraction        | 0.00694       |
|    clip_range           | 0.2           |
|    entropy_loss         | -0.04         |
|    explained_variance   | 0.517         |
|    learning_rate        | 0.00023       |
|    loss                 | -0.000677     |
|    n_updates            | 8080          |
|    policy_gradient_loss | -0.000987     |
|    value_loss           | 0.000128      |
-------------------------------------------
-------------------------------------------
| rollout/                |               |
|    ep_len_mean          | 4.33e+04      |
|    ep_rew_mean          | 1.76          |
| time/                   |               |
|    fps                  | 10537         |
|    iterations           | 810           |
|    time_elapsed         | 2203          |
|    total_timesteps      | 23224320      |
| train/                  |               |
|    approx_kl            | 0.00096517976 |
|    clip_fraction        | 0.00821       |
|    clip_range           | 0.2           |
|    entropy_loss         | -0.0485       |
|    explained_variance   | 0.427         |
|    learning_rate        | 0.00023       |
|    loss                 | -0.00373      |
|    n_updates            | 8090          |
|    policy_gradient_loss | -0.0019       |
|    value_loss           | 0.00019       |
-------------------------------------------
------------------------------------------
| rollout/                |              |
|    ep_len_mean          | 4.33e+04     |
|    ep_rew_mean          | 1.76         |
| time/                   |              |
|    fps                  | 10541        |
|    iterations           | 811          |
|    time_elapsed         | 2205         |
|    total_timesteps      | 23252992     |
| train/                  |              |
|    approx_kl            | 0.0009933261 |
|    clip_fraction        | 0.00828      |
|    clip_range           | 0.2          |
|    entropy_loss         | -0.0439      |
|    explained_variance   | 0.644        |
|    learning_rate        | 0.00023      |
|    loss                 | -0.00297     |
|    n_updates            | 8100         |
|    policy_gradient_loss | -0.00135     |
|    value_loss           | 0.000115     |
------------------------------------------
------------------------------------------
| rollout/                |              |
|    ep_len_mean          | 4.33e+04     |
|    ep_rew_mean          | 1.76         |
| time/                   |              |
|    fps                  | 10545        |
|    iterations           | 812          |
|    time_elapsed         | 2207         |
|    total_timesteps      | 23281664     |
| train/                  |              |
|    approx_kl            | 0.0014400051 |
|    clip_fraction        | 0.00979      |
|    clip_range           | 0.2          |
|    entropy_loss         | -0.0487      |
|    explained_variance   | 0.462        |
|    learning_rate        | 0.00023      |
|    loss                 | -0.000755    |
|    n_updates            | 8110         |
|    policy_gradient_loss | -0.00138     |
|    value_loss           | 0.00013      |
------------------------------------------
------------------------------------------
| rollout/                |              |
|    ep_len_mean          | 4.33e+04     |
|    ep_rew_mean          | 1.76         |
| time/                   |              |
|    fps                  | 10549        |
|    iterations           | 813          |
|    time_elapsed         | 2209         |
|    total_timesteps      | 23310336     |
| train/                  |              |
|    approx_kl            | 0.0006343471 |
|    clip_fraction        | 0.00638      |
|    clip_range           | 0.2          |
|    entropy_loss         | -0.0428      |
|    explained_variance   | 0.574        |
|    learning_rate        | 0.00023      |
|    loss                 | 0.00106      |
|    n_updates            | 8120         |
|    policy_gradient_loss | -0.000881    |
|    value_loss           | 0.000106     |
------------------------------------------
------------------------------------------
| rollout/                |              |
|    ep_len_mean          | 4.33e+04     |
|    ep_rew_mean          | 1.76         |
| time/                   |              |
|    fps                  | 10553        |
|    iterations           | 814          |
|    time_elapsed         | 2211         |
|    total_timesteps      | 23339008     |
| train/                  |              |
|    approx_kl            | 0.0009441273 |
|    clip_fraction        | 0.00824      |
|    clip_range           | 0.2          |
|    entropy_loss         | -0.0426      |
|    explained_variance   | 0.608        |
|    learning_rate        | 0.00023      |
|    loss                 | -0.00127     |
|    n_updates            | 8130         |
|    policy_gradient_loss | -0.00152     |
|    value_loss           | 0.000112     |
------------------------------------------
------------------------------------------
| rollout/                |              |
|    ep_len_mean          | 4.33e+04     |
|    ep_rew_mean          | 1.76         |
| time/                   |              |
|    fps                  | 10556        |
|    iterations           | 815          |
|    time_elapsed         | 2213         |
|    total_timesteps      | 23367680     |
| train/                  |              |
|    approx_kl            | 0.0010343645 |
|    clip_fraction        | 0.00707      |
|    clip_range           | 0.2          |
|    entropy_loss         | -0.0422      |
|    explained_variance   | 0.399        |
|    learning_rate        | 0.00023      |
|    loss                 | -0.0056      |
|    n_updates            | 8140         |
|    policy_gradient_loss | -0.00132     |
|    value_loss           | 0.000107     |
------------------------------------------
-------------------------------------------
| rollout/                |               |
|    ep_len_mean          | 4.33e+04      |
|    ep_rew_mean          | 1.76          |
| time/                   |               |
|    fps                  | 10560         |
|    iterations           | 816           |
|    time_elapsed         | 2215          |
|    total_timesteps      | 23396352      |
| train/                  |               |
|    approx_kl            | 0.00082838227 |
|    clip_fraction        | 0.00813       |
|    clip_range           | 0.2           |
|    entropy_loss         | -0.0396       |
|    explained_variance   | 0.643         |
|    learning_rate        | 0.00023       |
|    loss                 | -0.0033       |
|    n_updates            | 8150          |
|    policy_gradient_loss | -0.00147      |
|    value_loss           | 0.00012       |
-------------------------------------------
------------------------------------------
| rollout/                |              |
|    ep_len_mean          | 4.33e+04     |
|    ep_rew_mean          | 1.76         |
| time/                   |              |
|    fps                  | 10564        |
|    iterations           | 817          |
|    time_elapsed         | 2217         |
|    total_timesteps      | 23425024     |
| train/                  |              |
|    approx_kl            | 0.0011096229 |
|    clip_fraction        | 0.00784      |
|    clip_range           | 0.2          |
|    entropy_loss         | -0.0408      |
|    explained_variance   | 0.493        |
|    learning_rate        | 0.00023      |
|    loss                 | -0.00407     |
|    n_updates            | 8160         |
|    policy_gradient_loss | -0.0013      |
|    value_loss           | 0.000105     |
------------------------------------------
------------------------------------------
| rollout/                |              |
|    ep_len_mean          | 4.33e+04     |
|    ep_rew_mean          | 1.76         |
| time/                   |              |
|    fps                  | 10567        |
|    iterations           | 818          |
|    time_elapsed         | 2219         |
|    total_timesteps      | 23453696     |
| train/                  |              |
|    approx_kl            | 0.0013934594 |
|    clip_fraction        | 0.0105       |
|    clip_range           | 0.2          |
|    entropy_loss         | -0.0458      |
|    explained_variance   | 0.379        |
|    learning_rate        | 0.00023      |
|    loss                 | 0.00605      |
|    n_updates            | 8170         |
|    policy_gradient_loss | -0.00197     |
|    value_loss           | 0.000147     |
------------------------------------------
------------------------------------------
| rollout/                |              |
|    ep_len_mean          | 4.33e+04     |
|    ep_rew_mean          | 1.76         |
| time/                   |              |
|    fps                  | 10571        |
|    iterations           | 819          |
|    time_elapsed         | 2221         |
|    total_timesteps      | 23482368     |
| train/                  |              |
|    approx_kl            | 0.0022708413 |
|    clip_fraction        | 0.0145       |
|    clip_range           | 0.2          |
|    entropy_loss         | -0.0568      |
|    explained_variance   | 0.156        |
|    learning_rate        | 0.00023      |
|    loss                 | -0.00791     |
|    n_updates            | 8180         |
|    policy_gradient_loss | -0.00351     |
|    value_loss           | 0.00046      |
------------------------------------------
------------------------------------------------------
| rollout/                           |               |
|    ep_len_mean                     | 4.33e+04      |
|    ep_rew_mean                     | 1.76          |
| time/                              |               |
|    fps                             | 10512         |
|    iterations                      | 820           |
|    time_elapsed                    | 2236          |
|    total_timesteps                 | 23511040      |
| train/                             |               |
|    approx_kl                       | 0.00096012466 |
|    clip_fraction                   | 0.00959       |
|    clip_range                      | 0.2           |
|    entropy_loss                    | -0.0561       |
|    explained_variance              | 0.375         |
|    learning_rate                   | 0.00023       |
|    loss                            | -0.00557      |
|    n_updates                       | 8190          |
|    policy_gradient_loss            | -0.00217      |
|    value_loss                      | 0.00028       |
| valid/                             |               |
|    BTC-USDT-SWAP/compound_mdd_pct  | 97            |
|    BTC-USDT-SWAP/compound_multiple | 0.3           |
|    BTC-USDT-SWAP/max_single_loss   | -23.9         |
|    BTC-USDT-SWAP/max_upnl          | 0.456         |
|    BTC-USDT-SWAP/near_liq_n        | 0             |
|    BTC-USDT-SWAP/near_liq_pct      | 0             |
|    BTC-USDT-SWAP/pnl_std           | 4.02          |
|    BTC-USDT-SWAP/sel_monthly_log   | -0.848        |
|    BTC-USDT-SWAP/total_pnl         | 151           |
|    BTC-USDT-SWAP/trades            | 3366          |
|    BTC-USDT-SWAP/trades_per_month  | 285           |
|    BTC-USDT-SWAP/v9_kpi            | -1            |
|    BTC-USDT-SWAP/v9_kpi_z_mdd      | -1.59         |
|    BTC-USDT-SWAP/v9_kpi_z_msl      | 0.505         |
|    BTC-USDT-SWAP/v9_kpi_z_sel      | -1.7          |
|    BTC-USDT-SWAP/win_rate          | 0.499         |
|    ETH-USDT-SWAP/compound_mdd_pct  | 100           |
|    ETH-USDT-SWAP/compound_multiple | 0             |
|    ETH-USDT-SWAP/max_single_loss   | -100          |
|    ETH-USDT-SWAP/max_upnl          | 0.493         |
|    ETH-USDT-SWAP/near_liq_n        | 1             |
|    ETH-USDT-SWAP/near_liq_pct      | 0.000295      |
|    ETH-USDT-SWAP/pnl_std           | 5.7           |
|    ETH-USDT-SWAP/total_pnl         | 2.56e+03      |
|    ETH-USDT-SWAP/trades            | 3392          |
|    ETH-USDT-SWAP/trades_per_month  | 287           |
|    ETH-USDT-SWAP/win_rate          | 0.528         |
------------------------------------------------------
------------------------------------------
| rollout/                |              |
|    ep_len_mean          | 4.33e+04     |
|    ep_rew_mean          | 1.76         |
| time/                   |              |
|    fps                  | 10515        |
|    iterations           | 821          |
|    time_elapsed         | 2238         |
|    total_timesteps      | 23539712     |
| train/                  |              |
|    approx_kl            | 0.0007321305 |
|    clip_fraction        | 0.00836      |
|    clip_range           | 0.2          |
|    entropy_loss         | -0.0467      |
|    explained_variance   | 0.419        |
|    learning_rate        | 0.000229     |
|    loss                 | -0.000109    |
|    n_updates            | 8200         |
|    policy_gradient_loss | -0.00182     |
|    value_loss           | 0.000161     |
------------------------------------------
------------------------------------------
| rollout/                |              |
|    ep_len_mean          | 4.33e+04     |
|    ep_rew_mean          | 1.76         |
| time/                   |              |
|    fps                  | 10519        |
|    iterations           | 822          |
|    time_elapsed         | 2240         |
|    total_timesteps      | 23568384     |
| train/                  |              |
|    approx_kl            | 0.0014515063 |
|    clip_fraction        | 0.0123       |
|    clip_range           | 0.2          |
|    entropy_loss         | -0.0453      |
|    explained_variance   | 0.417        |
|    learning_rate        | 0.000229     |
|    loss                 | -0.00426     |
|    n_updates            | 8210         |
|    policy_gradient_loss | -0.00209     |
|    value_loss           | 0.000123     |
------------------------------------------
------------------------------------------
| rollout/                |              |
|    ep_len_mean          | 4.33e+04     |
|    ep_rew_mean          | 1.76         |
| time/                   |              |
|    fps                  | 10523        |
|    iterations           | 823          |
|    time_elapsed         | 2242         |
|    total_timesteps      | 23597056     |
| train/                  |              |
|    approx_kl            | 0.0010922414 |
|    clip_fraction        | 0.0104       |
|    clip_range           | 0.2          |
|    entropy_loss         | -0.063       |
|    explained_variance   | 0.289        |
|    learning_rate        | 0.000229     |
|    loss                 | -0.00318     |
|    n_updates            | 8220         |
|    policy_gradient_loss | -0.00135     |
|    value_loss           | 0.000179     |
------------------------------------------
------------------------------------------
| rollout/                |              |
|    ep_len_mean          | 4.33e+04     |
|    ep_rew_mean          | 1.74         |
| time/                   |              |
|    fps                  | 10527        |
|    iterations           | 824          |
|    time_elapsed         | 2244         |
|    total_timesteps      | 23625728     |
| train/                  |              |
|    approx_kl            | 0.0012177309 |
|    clip_fraction        | 0.00976      |
|    clip_range           | 0.2          |
|    entropy_loss         | -0.054       |
|    explained_variance   | 0.245        |
|    learning_rate        | 0.000229     |
|    loss                 | -0.00407     |
|    n_updates            | 8230         |
|    policy_gradient_loss | -0.00145     |
|    value_loss           | 0.000241     |
------------------------------------------
------------------------------------------
| rollout/                |              |
|    ep_len_mean          | 4.33e+04     |
|    ep_rew_mean          | 1.76         |
| time/                   |              |
|    fps                  | 10530        |
|    iterations           | 825          |
|    time_elapsed         | 2246         |
|    total_timesteps      | 23654400     |
| train/                  |              |
|    approx_kl            | 0.0010748253 |
|    clip_fraction        | 0.00973      |
|    clip_range           | 0.2          |
|    entropy_loss         | -0.0539      |
|    explained_variance   | 0.37         |
|    learning_rate        | 0.000229     |
|    loss                 | -0.000367    |
|    n_updates            | 8240         |
|    policy_gradient_loss | -0.00217     |
|    value_loss           | 0.000236     |
------------------------------------------
-------------------------------------------
| rollout/                |               |
|    ep_len_mean          | 4.33e+04      |
|    ep_rew_mean          | 1.73          |
| time/                   |               |
|    fps                  | 10534         |
|    iterations           | 826           |
|    time_elapsed         | 2248          |
|    total_timesteps      | 23683072      |
| train/                  |               |
|    approx_kl            | 0.00096207147 |
|    clip_fraction        | 0.00887       |
|    clip_range           | 0.2           |
|    entropy_loss         | -0.0506       |
|    explained_variance   | 0.399         |
|    learning_rate        | 0.000229      |
|    loss                 | -0.00604      |
|    n_updates            | 8250          |
|    policy_gradient_loss | -0.00201      |
|    value_loss           | 0.000187      |
-------------------------------------------
-------------------------------------------
| rollout/                |               |
|    ep_len_mean          | 4.33e+04      |
|    ep_rew_mean          | 1.74          |
| time/                   |               |
|    fps                  | 10538         |
|    iterations           | 827           |
|    time_elapsed         | 2250          |
|    total_timesteps      | 23711744      |
| train/                  |               |
|    approx_kl            | 0.00076917856 |
|    clip_fraction        | 0.00626       |
|    clip_range           | 0.2           |
|    entropy_loss         | -0.0343       |
|    explained_variance   | 0.559         |
|    learning_rate        | 0.000229      |
|    loss                 | -0.00176      |
|    n_updates            | 8260          |
|    policy_gradient_loss | -0.0012       |
|    value_loss           | 0.000126      |
-------------------------------------------
------------------------------------------
| rollout/                |              |
|    ep_len_mean          | 4.33e+04     |
|    ep_rew_mean          | 1.74         |
| time/                   |              |
|    fps                  | 10541        |
|    iterations           | 828          |
|    time_elapsed         | 2252         |
|    total_timesteps      | 23740416     |
| train/                  |              |
|    approx_kl            | 0.0009509058 |
|    clip_fraction        | 0.00822      |
|    clip_range           | 0.2          |
|    entropy_loss         | -0.0469      |
|    explained_variance   | 0.41         |
|    learning_rate        | 0.000229     |
|    loss                 | 0.00122      |
|    n_updates            | 8270         |
|    policy_gradient_loss | -0.00201     |
|    value_loss           | 0.000203     |
------------------------------------------
------------------------------------------
| rollout/                |              |
|    ep_len_mean          | 4.33e+04     |
|    ep_rew_mean          | 1.74         |
| time/                   |              |
|    fps                  | 10545        |
|    iterations           | 829          |
|    time_elapsed         | 2253         |
|    total_timesteps      | 23769088     |
| train/                  |              |
|    approx_kl            | 0.0010666028 |
|    clip_fraction        | 0.0102       |
|    clip_range           | 0.2          |
|    entropy_loss         | -0.0491      |
|    explained_variance   | 0.317        |
|    learning_rate        | 0.000229     |
|    loss                 | 0.00069      |
|    n_updates            | 8280         |
|    policy_gradient_loss | -0.00169     |
|    value_loss           | 0.000333     |
------------------------------------------
------------------------------------------
| rollout/                |              |
|    ep_len_mean          | 4.33e+04     |
|    ep_rew_mean          | 1.74         |
| time/                   |              |
|    fps                  | 10549        |
|    iterations           | 830          |
|    time_elapsed         | 2255         |
|    total_timesteps      | 23797760     |
| train/                  |              |
|    approx_kl            | 0.0008699329 |
|    clip_fraction        | 0.0082       |
|    clip_range           | 0.2          |
|    entropy_loss         | -0.0409      |
|    explained_variance   | 0.506        |
|    learning_rate        | 0.000229     |
|    loss                 | -0.002       |
|    n_updates            | 8290         |
|    policy_gradient_loss | -0.00132     |
|    value_loss           | 0.000175     |
------------------------------------------
-------------------------------------------
| rollout/                |               |
|    ep_len_mean          | 4.33e+04      |
|    ep_rew_mean          | 1.74          |
| time/                   |               |
|    fps                  | 10552         |
|    iterations           | 831           |
|    time_elapsed         | 2257          |
|    total_timesteps      | 23826432      |
| train/                  |               |
|    approx_kl            | 0.00079358584 |
|    clip_fraction        | 0.00697       |
|    clip_range           | 0.2           |
|    entropy_loss         | -0.0397       |
|    explained_variance   | 0.513         |
|    learning_rate        | 0.000229      |
|    loss                 | -0.0013       |
|    n_updates            | 8300          |
|    policy_gradient_loss | -0.00124      |
|    value_loss           | 0.00023       |
-------------------------------------------
------------------------------------------
| rollout/                |              |
|    ep_len_mean          | 4.33e+04     |
|    ep_rew_mean          | 1.74         |
| time/                   |              |
|    fps                  | 10556        |
|    iterations           | 832          |
|    time_elapsed         | 2259         |
|    total_timesteps      | 23855104     |
| train/                  |              |
|    approx_kl            | 0.0007028965 |
|    clip_fraction        | 0.00574      |
|    clip_range           | 0.2          |
|    entropy_loss         | -0.0308      |
|    explained_variance   | 0.502        |
|    learning_rate        | 0.000229     |
|    loss                 | -0.00124     |
|    n_updates            | 8310         |
|    policy_gradient_loss | -0.00101     |
|    value_loss           | 0.00015      |
------------------------------------------
------------------------------------------
| rollout/                |              |
|    ep_len_mean          | 4.33e+04     |
|    ep_rew_mean          | 1.74         |
| time/                   |              |
|    fps                  | 10560        |
|    iterations           | 833          |
|    time_elapsed         | 2261         |
|    total_timesteps      | 23883776     |
| train/                  |              |
|    approx_kl            | 0.0010063668 |
|    clip_fraction        | 0.00864      |
|    clip_range           | 0.2          |
|    entropy_loss         | -0.0399      |
|    explained_variance   | 0.389        |
|    learning_rate        | 0.000228     |
|    loss                 | -0.00524     |
|    n_updates            | 8320         |
|    policy_gradient_loss | -0.00127     |
|    value_loss           | 0.000182     |
------------------------------------------
-------------------------------------------
| rollout/                |               |
|    ep_len_mean          | 4.33e+04      |
|    ep_rew_mean          | 1.74          |
| time/                   |               |
|    fps                  | 10564         |
|    iterations           | 834           |
|    time_elapsed         | 2263          |
|    total_timesteps      | 23912448      |
| train/                  |               |
|    approx_kl            | 0.00065435487 |
|    clip_fraction        | 0.00525       |
|    clip_range           | 0.2           |
|    entropy_loss         | -0.0352       |
|    explained_variance   | 0.476         |
|    learning_rate        | 0.000228      |
|    loss                 | -0.00104      |
|    n_updates            | 8330          |
|    policy_gradient_loss | -0.000721     |
|    value_loss           | 0.000151      |
-------------------------------------------
------------------------------------------
| rollout/                |              |
|    ep_len_mean          | 4.33e+04     |
|    ep_rew_mean          | 1.74         |
| time/                   |              |
|    fps                  | 10567        |
|    iterations           | 835          |
|    time_elapsed         | 2265         |
|    total_timesteps      | 23941120     |
| train/                  |              |
|    approx_kl            | 0.0009350494 |
|    clip_fraction        | 0.00713      |
|    clip_range           | 0.2          |
|    entropy_loss         | -0.037       |
|    explained_variance   | 0.419        |
|    learning_rate        | 0.000228     |
|    loss                 | -0.00744     |
|    n_updates            | 8340         |
|    policy_gradient_loss | -0.00118     |
|    value_loss           | 0.000179     |
------------------------------------------
------------------------------------------
| rollout/                |              |
|    ep_len_mean          | 4.33e+04     |
|    ep_rew_mean          | 1.74         |
| time/                   |              |
|    fps                  | 10571        |
|    iterations           | 836          |
|    time_elapsed         | 2267         |
|    total_timesteps      | 23969792     |
| train/                  |              |
|    approx_kl            | 0.0006605652 |
|    clip_fraction        | 0.00586      |
|    clip_range           | 0.2          |
|    entropy_loss         | -0.0338      |
|    explained_variance   | 0.531        |
|    learning_rate        | 0.000228     |
|    loss                 | -0.000853    |
|    n_updates            | 8350         |
|    policy_gradient_loss | -0.00102     |
|    value_loss           | 0.000143     |
------------------------------------------
-------------------------------------------
| rollout/                |               |
|    ep_len_mean          | 4.33e+04      |
|    ep_rew_mean          | 1.74          |
| time/                   |               |
|    fps                  | 10575         |
|    iterations           | 837           |
|    time_elapsed         | 2269          |
|    total_timesteps      | 23998464      |
| train/                  |               |
|    approx_kl            | 0.00051987846 |
|    clip_fraction        | 0.00429       |
|    clip_range           | 0.2           |
|    entropy_loss         | -0.0292       |
|    explained_variance   | 0.551         |
|    learning_rate        | 0.000228      |
|    loss                 | -0.000442     |
|    n_updates            | 8360          |
|    policy_gradient_loss | -0.000734     |
|    value_loss           | 0.000152      |
-------------------------------------------
